formula,T(K),k(W/mK),composition,MagpieData minimum Number,MagpieData maximum Number,MagpieData range Number,MagpieData mean Number,MagpieData avg_dev Number,MagpieData mode Number,MagpieData minimum MendeleevNumber,MagpieData maximum MendeleevNumber,MagpieData range MendeleevNumber,MagpieData mean MendeleevNumber,MagpieData avg_dev MendeleevNumber,MagpieData mode MendeleevNumber,MagpieData minimum AtomicWeight,MagpieData maximum AtomicWeight,MagpieData range AtomicWeight,MagpieData mean AtomicWeight,MagpieData avg_dev AtomicWeight,MagpieData mode AtomicWeight,MagpieData minimum MeltingT,MagpieData maximum MeltingT,MagpieData range MeltingT,MagpieData mean MeltingT,MagpieData avg_dev MeltingT,MagpieData mode MeltingT,MagpieData minimum Column,MagpieData maximum Column,MagpieData range Column,MagpieData mean Column,MagpieData avg_dev Column,MagpieData mode Column,MagpieData minimum Row,MagpieData maximum Row,MagpieData range Row,MagpieData mean Row,MagpieData avg_dev Row,MagpieData mode Row,MagpieData minimum CovalentRadius,MagpieData maximum CovalentRadius,MagpieData range CovalentRadius,MagpieData mean CovalentRadius,MagpieData avg_dev CovalentRadius,MagpieData mode CovalentRadius,MagpieData minimum Electronegativity,MagpieData maximum Electronegativity,MagpieData range Electronegativity,MagpieData mean Electronegativity,MagpieData avg_dev Electronegativity,MagpieData mode Electronegativity,MagpieData minimum NsValence,MagpieData maximum NsValence,MagpieData range NsValence,MagpieData mean NsValence,MagpieData avg_dev NsValence,MagpieData mode NsValence,MagpieData minimum NpValence,MagpieData maximum NpValence,MagpieData range NpValence,MagpieData mean NpValence,MagpieData avg_dev NpValence,MagpieData mode NpValence,MagpieData minimum NdValence,MagpieData maximum NdValence,MagpieData range NdValence,MagpieData mean NdValence,MagpieData avg_dev NdValence,MagpieData mode NdValence,MagpieData minimum NfValence,MagpieData maximum NfValence,MagpieData range NfValence,MagpieData mean NfValence,MagpieData avg_dev NfValence,MagpieData mode NfValence,MagpieData minimum NValence,MagpieData maximum NValence,MagpieData range NValence,MagpieData mean NValence,MagpieData avg_dev NValence,MagpieData mode NValence,MagpieData minimum NsUnfilled,MagpieData maximum NsUnfilled,MagpieData range NsUnfilled,MagpieData mean NsUnfilled,MagpieData avg_dev NsUnfilled,MagpieData mode NsUnfilled,MagpieData minimum NpUnfilled,MagpieData maximum NpUnfilled,MagpieData range NpUnfilled,MagpieData mean NpUnfilled,MagpieData avg_dev NpUnfilled,MagpieData mode NpUnfilled,MagpieData minimum NdUnfilled,MagpieData maximum NdUnfilled,MagpieData range NdUnfilled,MagpieData mean NdUnfilled,MagpieData avg_dev NdUnfilled,MagpieData mode NdUnfilled,MagpieData minimum NfUnfilled,MagpieData maximum NfUnfilled,MagpieData range NfUnfilled,MagpieData mean NfUnfilled,MagpieData avg_dev NfUnfilled,MagpieData mode NfUnfilled,MagpieData minimum NUnfilled,MagpieData maximum NUnfilled,MagpieData range NUnfilled,MagpieData mean NUnfilled,MagpieData avg_dev NUnfilled,MagpieData mode NUnfilled,MagpieData minimum GSvolume_pa,MagpieData maximum GSvolume_pa,MagpieData range GSvolume_pa,MagpieData mean GSvolume_pa,MagpieData avg_dev GSvolume_pa,MagpieData mode GSvolume_pa,MagpieData minimum GSbandgap,MagpieData maximum GSbandgap,MagpieData range GSbandgap,MagpieData mean GSbandgap,MagpieData avg_dev GSbandgap,MagpieData mode GSbandgap,MagpieData minimum GSmagmom,MagpieData maximum GSmagmom,MagpieData range GSmagmom,MagpieData mean GSmagmom,MagpieData avg_dev GSmagmom,MagpieData mode GSmagmom,MagpieData minimum SpaceGroupNumber,MagpieData maximum SpaceGroupNumber,MagpieData range SpaceGroupNumber,MagpieData mean SpaceGroupNumber,MagpieData avg_dev SpaceGroupNumber,MagpieData mode SpaceGroupNumber
Ti0.99Nb0.01NiSn,400,5.862,Ti0.99 Nb0.01 Ni1 Sn1,22,50,28,33.39666667,11.11957778,28,43,80,37,61.34666667,12.43555556,61,47.867,118.71,70.843,75.2402646,29.0975977,58.6934,505.08,2750,2244.92,1394.056667,592.6511111,505.08,4,14,10,9.336666667,3.551111111,10,4,5,1,4.336666667,0.446644444,4,124,164,40,141.0133333,12.68444444,124,1.54,1.96,0.42,1.803533333,0.175288889,1.91,1,2,1,1.996666667,0.006644444,2,0,2,2,0.666666667,0.888888889,0,2,10,8,6.673333333,3.102222222,8,0,0,0,0,0,0,4,14,10,9.336666667,3.551111111,10,0,1,1,0.003333333,0.006644444,0,0,4,4,1.333333333,1.777777778,0,0,8,8,3.326666667,3.102222222,0,0,0,0,0,0,0,2,8,6,4.663333333,2.217777778,2,10.32,33.285,22.965,20.1033,8.7878,10.32,0,0,0,0,0,0,0,0.5953947,0.5953947,0.198472336,0.264614909,0,141,229,88,186.7833333,30.52222222,141
Cu1.98Se,1000,1.015,Cu1.98 Se1,29,34,5,30.67785235,2.229629296,29,64,89,25,72.38926174,11.14814648,64,63.546,78.96,15.414,68.71848322,6.873501194,63.546,494,1357.77,863.77,1067.914295,385.1773794,1357.77,11,16,5,12.67785235,2.229629296,11,4,4,0,4,0,4,120,132,12,127.9731544,5.35111031,132,1.9,2.55,0.65,2.118120805,0.289851808,1.9,1,2,1,1.33557047,0.445925859,1,0,4,4,1.342281879,1.783703437,0,10,10,0,10,0,10,0,0,0,0,0,0,11,16,5,12.67785235,2.229629296,11,0,1,1,0.66442953,0.445925859,1,0,2,2,0.67114094,0.891851718,0,0,0,0,0,0,0,0,0,0,0,0,0,1,2,1,1.33557047,0.445925859,1,11.07,25.92,14.85,16.05322148,6.621999009,11.07,0,0.799,0.799,0.268120805,0.356294761,0,0,0,0,0,0,0,14,225,211,154.1946309,94.09035629,225
Bi2Te3,300,4.017,Bi2 Te3,52,83,31,64.4,14.88,52,86,90,4,88.4,1.92,90,127.6,208.9804,81.3804,160.15216,39.062592,127.6,544.4,722.66,178.26,651.356,85.5648,722.66,15,16,1,15.6,0.48,16,5,6,1,5.4,0.48,5,138,148,10,142,4.8,138,2.02,2.1,0.08,2.068,0.0384,2.1,2,2,0,2,0,2,3,4,1,3.6,0.48,4,10,10,0,10,0,10,0,14,14,5.6,6.72,0,16,29,13,21.2,6.24,16,0,0,0,0,0,0,2,3,1,2.4,0.48,2,0,0,0,0,0,0,0,0,0,0,0,0,2,3,1,2.4,0.48,2,32.95,34.76333333,1.813333333,34.038,0.8704,34.76333333,0,0.464,0.464,0.2784,0.22272,0.464,0,0,0,0,0,0,12,152,140,96,67.2,152
Cr1.3Mo6S8,700,2.691,Cr1.3 Mo6 S8,16,42,26,26.87581699,11.86210432,16,49,88,39,69.78431373,19.04908369,88,32.065,95.96,63.895,58.8153549,29.13305498,32.065,388.36,2896,2507.64,1523.979085,1187.575514,388.36,6,16,10,11.22875817,4.98953394,16,3,5,2,3.869281046,0.909052074,3,105,154,49,127.1045752,23.1158956,105,1.66,2.58,0.92,2.337124183,0.253987782,2.58,1,2,1,1.522875817,0.498953394,2,0,4,4,2.091503268,1.995813576,4,0,5,5,2.385620915,2.49476697,0,0,0,0,0,0,0,6,6,0,6,8.88E-16,6,0,1,1,0.477124183,0.498953394,0,0,2,2,1.045751634,0.997906788,2,0,5,5,2.385620915,2.49476697,0,0,0,0,0,0,0,2,6,4,3.908496732,1.995813576,2,11.19,25.786875,14.596875,20.58705882,5.437716263,25.786875,0,2.202,2.202,1.151372549,1.098695374,2.202,0,0,0,0,0,0,70,229,159,145.8627451,79.33358965,70
Bi1.2S1.2Ti2S4,300,2.94,Bi1.2 S5.2 Ti2,16,83,67,27,16,16,43,88,45,77,16.19047619,88,32.065,208.9804,176.9154,61.10100952,42.25125442,32.065,388.36,1941,1552.64,780.327619,552.7011338,388.36,4,16,12,13,4.285714286,16,3,6,3,3.666666667,0.825396825,3,105,160,55,124.2380952,23.8185941,105,1.54,2.58,1.04,2.252380952,0.405623583,2.58,2,2,0,2,0,2,0,4,4,2.904761905,1.383219955,4,0,10,10,1.904761905,2.358276644,0,0,14,14,2,3.428571429,0,4,29,25,8.80952381,5.768707483,6,0,0,0,0,0,0,0,3,3,1.666666667,0.793650794,2,0,8,8,1.904761905,2.902494331,0,0,0,0,0,0,0,2,8,6,3.571428571,2.108843537,2,16.69,32.95,16.26,24.64425595,3.78774093,25.786875,0,2.202,2.202,1.363142857,1.038585034,2.202,0,2.25E-05,2.25E-05,5.37E-06,8.18E-06,0,12,194,182,91.23809524,48.93424036,70
Ba0.4Sr0.6PbO3,300,2.295,Ba0.4 Sr0.6 Pb1 O3,8,82,74,30.24,26.688,8,8,87,79,70.08,24.672,87,15.9994,207.2,191.2006,72.5402,67.84896,15.9994,54.8,1050,995.2,359.002,365.0424,54.8,2,16,14,12.8,4.32,16,2,6,4,3.48,1.776,2,66,215,149,109.4,52.08,66,0.89,3.44,2.55,2.7152,0.86976,3.44,2,2,0,2,0,2,0,4,4,2.8,1.44,4,0,10,10,2,3.2,0,0,14,14,2.8,4.48,0,2,28,26,9.6,7.36,6,0,0,0,0,0,0,0,4,4,2,0.8,2,0,0,0,0,0,0,0,0,0,0,0,0,0,4,4,2,0.8,2,9.105,63.59,54.485,22.6798,16.28976,9.105,0,0,0,0,0,0,0,0,0,0,0,0,12,229,217,97.52,102.624,12
SrTi0.8Nb0.2O3,400,8.62,Sr1 Ti0.8 Nb0.2 O3,8,41,33,17.56,11.472,8,8,87,79,62.56,29.328,87,15.9994,92.90638,76.90698,38.4986152,26.99905824,15.9994,54.8,2750,2695.2,663.44,730.368,54.8,2,16,14,10.84,6.192,16,2,5,3,3.04,1.248,2,66,195,129,110.76,53.712,66,0.95,3.44,2.49,2.5644,1.05072,3.44,1,2,1,1.96,0.0768,2,0,4,4,2.4,1.92,4,0,4,4,0.48,0.768,0,0,0,0,0,0,0,2,6,4,4.84,1.4048,6,0,1,1,0.04,0.0768,0,0,2,2,1.2,0.96,2,0,8,8,1.52,2.432,0,0,0,0,0,0,0,0,8,8,2.76,2.016,2,9.105,54.23,45.125,19.7066,13.80936,9.105,0,0,0,0,0,0,0,2.25E-05,2.25E-05,3.61E-06,6.06E-06,0,12,229,217,92.4,96.48,12
Mg2Si0.997Bi0.003,300,6.16,Mg2 Si0.997 Bi0.003,12,83,71,12.73566667,0.980888889,12,68,86,18,71.34133333,4.455111111,68,24.305,208.9804,184.6754,25.74606157,1.921415422,24.305,544.4,1687,1142.6,1176.524067,339.296337,923,2,15,13,6.001,5.334666667,2,3,6,3,3.003,0.005994,3,111,148,37,131.037,13.317926,141,1.31,2.02,0.71,1.506786667,0.262382222,1.31,2,2,0,2,0,2,0,3,3,0.667666667,0.890222222,0,0,10,10,0.01,0.01998,0,0,14,14,0.014,0.027972,0,2,29,27,2.691666667,0.922222222,2,0,0,0,0,0,0,0,4,4,1.332333333,1.776444444,0,0,0,0,0,0,0,0,0,0,0,0,0,0,4,4,1.332333333,1.776444444,0,20.44,32.95,12.51,22.08584333,1.093937202,22.89,0,0.773,0.773,0.256893667,0.343038676,0,0,0,0,0,0,0,12,227,215,204.785,14.76557,194
Zn4Sb3,400,0.75,Zn4 Sb3,30,51,21,39,10.28571429,30,69,85,16,75.85714286,7.836734694,69,65.38,121.76,56.38,89.54285714,27.61469388,65.38,692.68,903.78,211.1,783.1514286,103.3959184,692.68,12,15,3,13.28571429,1.469387755,12,4,5,1,4.428571429,0.489795918,4,122,139,17,129.2857143,8.326530612,122,1.65,2.05,0.4,1.821428571,0.195918367,1.65,2,2,0,2,0,2,0,3,3,1.285714286,1.469387755,0,10,10,0,10,0,10,0,0,0,0,0,0,12,15,3,13.28571429,1.469387755,12,0,0,0,0,0,0,0,3,3,1.285714286,1.469387755,0,0,0,0,0,0,0,0,0,0,0,0,0,0,3,3,1.285714286,1.469387755,0,13.96,31.56,17.6,21.50285714,8.620408163,13.96,0,0,0,0,0,0,0,0,0,0,0,0,166,194,28,182,13.71428571,194
Tl0.01Pb0.99Te,400,1.552,Tl0.01 Pb0.99 Te1,52,82,30,66.995,14.995,52,76,90,14,85.475,4.525,90,127.6,207.2,79.6,167.3859165,39.7859165,127.6,577,722.66,145.66,661.51695,61.14305,722.66,13,16,3,14.995,1.005,16,5,6,1,5.5,0.5,5,138,146,8,141.995,3.995,138,1.62,2.33,0.71,2.21145,0.1173645,2.1,2,2,0,2,0,2,1,4,3,2.995,1.005,4,10,10,0,10,0,10,0,14,14,7,7,0,16,28,12,21.995,5.995,16,0,0,0,0,0,0,2,5,3,3.005,1.005,2,0,0,0,0,0,0,0,0,0,0,0,0,2,5,3,3.005,1.005,2,26.91,34.76333333,7.853333333,31.43066667,3.332666667,34.76333333,0,0.464,0.464,0.232,0.232,0.464,0,0,0,0,0,0,152,225,73,188.345,36.345,152
KBi6.33S10,300,1.3,K1 Bi6.33 S10,16,83,67,40.6457011,30.94087848,16,3,88,85,82.36468552,9.159225103,88,32.065,208.9804,176.9154,97.09141558,81.73771164,32.065,336.53,544.4,207.87,442.3648009,74.53927411,388.36,1,16,15,14.76918638,1.589057863,16,3,6,3,4.153491056,1.348921133,3,105,203,98,126.3612233,24.65230619,105,0.82,2.58,1.76,2.27389498,0.353266036,2.58,1,2,1,1.942296595,0.108747443,2,0,4,4,3.403923832,0.687912485,4,0,10,10,3.652625505,4.636916394,0,0,14,14,5.113675707,6.491682952,0,1,29,28,14.11252164,10.87567663,6,0,1,1,0.057703405,0.108747443,0,0,3,3,2.249855741,0.54799921,2,0,0,0,0,0,0,0,0,0,0,0,0,1,3,2,2.307559146,0.505845425,2,25.786875,73.10666667,47.31979167,31.13380939,6.170726355,25.786875,0,2.202,2.202,1.270628967,1.074865589,2.202,0,0,0,0,0,0,12,229,217,57.98961339,33.59656696,70
Pb1.8S1.8Ti2S4,400,2.51,Pb1.8 S5.8 Ti2,16,82,66,29.625,19.640625,16,43,88,45,77.3125,14.296875,88,32.065,207.2,175.135,68.19489583,52.12691406,32.065,388.36,1941,1552.64,751.6235417,495.5735243,388.36,4,16,12,13.125,3.802083333,16,3,6,3,3.770833333,0.931423611,3,105,160,55,124.1458333,23.13454861,105,1.54,2.58,1.04,2.316458333,0.323524306,2.58,2,2,0,2,0,2,0,4,4,2.791666667,1.460069444,4,0,10,10,2.291666667,2.890625,0,0,14,14,2.625,4.265625,0,4,28,24,9.708333333,6.859375,6,0,0,0,0,0,0,0,4,4,1.958333333,0.815972222,2,0,8,8,1.666666667,2.638888889,0,0,0,0,0,0,0,2,8,6,3.625,1.963541667,2,16.69,28.11,11.42,24.32727865,3.182199436,25.786875,0,2.202,2.202,1.330375,1.053213542,2.202,0,2.25E-05,2.25E-05,4.69E-06,7.43E-06,0,70,225,155,124.8958333,66.33246528,70
La2.74Te4,700,1,La2.74 Te4,52,57,5,54.03264095,2.412630207,52,13,90,77,58.69732938,37.15450519,90,127.6,138.90547,11.30547,132.1959923,5.455183686,127.6,722.66,1193,470.34,913.8664688,226.9512983,722.66,3,16,13,10.71513353,6.272838539,16,5,6,1,5.40652819,0.482526041,5,138,207,69,166.0504451,33.29429686,138,1.1,2.1,1,1.69347181,0.482526041,2.1,2,2,0,2,0,2,0,4,4,2.37388724,1.930104166,4,1,10,9,6.341246291,4.342734373,10,0,0,0,0,0,0,3,16,13,10.71513353,6.272838539,16,0,0,0,0,0,0,0,2,2,1.18694362,0.965052083,2,0,9,9,3.658753709,4.342734373,0,0,0,0,0,0,0,2,9,7,4.845697329,3.37768229,2,34.76333333,36.8975,2.134166667,35.63093225,1.029790993,34.76333333,0,0.464,0.464,0.27537092,0.223892083,0.464,0,0,0,0,0,0,152,194,42,169.074184,20.26609374,152
In0.2Co4Sb12,300,2.476,In0.2 Co4 Sb12,27,51,24,45.04938272,8.913275415,51,58,85,27,78.20987654,10.05944216,85,58.933195,121.76,62.826805,106.1615049,23.32262219,121.76,429.75,1768,1338.25,1111.315432,324.2886755,903.78,9,15,6,13.49382716,2.23136717,15,4,5,1,4.75308642,0.371894528,5,126,142,16,135.8271605,4.852918762,139,1.78,2.05,0.27,2.004691358,0.067123914,2.05,2,2,0,2,0,2,0,3,3,2.234567901,1.13397348,3,7,10,3,9.259259259,1.115683585,10,0,0,0,0,0,0,9,15,6,13.49382716,2.23136717,15,0,0,0,0,0,0,0,5,5,2.283950617,1.127876848,3,0,3,3,0.740740741,1.115683585,0,0,0,0,0,0,0,3,5,2,3.024691358,0.048773053,3,10.245,31.56,21.315,26.20691358,7.9304984,31.56,0,0,0,0,0,0,0,1.5484712,1.5484712,0.382338568,0.575867966,0,139,194,55,172.5802469,10.57765585,166
Ba7SrAl16Si30,700,2.46,Ba7 Sr1 Al16 Si30,13,56,43,19.59259259,10.12071331,14,8,78,70,66.27777778,17.00823045,78,26.9815386,137.327,110.3454614,43.02182625,26.1012737,28.0855,933.47,1687,753.53,1362.88,360.1333333,1687,2,14,12,11.92592593,2.941015089,14,3,6,3,3.425925926,0.725651578,3,111,215,104,129,24.74074074,111,0.89,1.9,1.01,1.665555556,0.260493827,1.9,2,2,0,2,0,2,0,2,2,1.407407407,0.658436214,2,0,0,0,0,0,0,0,0,0,0,0,0,2,4,2,3.407407407,0.658436214,4,0,0,0,0,0,0,0,5,5,3.703703704,1.09739369,4,0,0,0,0,0,0,0,0,0,0,0,0,0,5,5,3.703703704,1.09739369,4,16.48,63.59,47.11,25.48592593,10.94342936,20.44,0,0.773,0.773,0.429444444,0.381728395,0.773,0,0,0,0,0,0,225,229,4,226.6296296,1.0260631,227
CuCr0.96Mg0.04O2,1000,6.854,Cu1 Cr0.96 Mg0.04 O2,8,29,21,17.13,9.2326,8,49,87,38,71.94,15.06,87,15.9994,63.546,47.5466,36.608314,20.85498028,15.9994,54.8,2180,2125.2,899.2725,844.4725,54.8,2,16,14,12.21,3.79,16,2,4,2,2.99,0.99,2,66,141,75,100.77,34.77,66,1.31,3.44,2.13,2.6065,0.8335,3.44,1,2,1,1.51,0.4998,2,0,4,4,2,2,4,0,10,10,3.7,3.774,0,0,0,0,0,0,0,2,11,9,7.21,1.895,6,0,1,1,0.49,0.4998,0,0,2,2,1,1,2,0,5,5,1.2,1.824,0,0,0,0,0,0,0,0,6,6,2.69,1.5888,2,9.105,22.89,13.785,10.2345,1.1295,9.105,0,0,0,0,0,0,0,0,0,0,0,0,12,229,217,119.15,107.15,12
Tl2GeTe5,300,9.07,Tl2 Ge1 Te5,32,81,49,56.75,12.125,52,76,90,14,85.125,6.09375,90,72.64,204.3833,131.7433,139.925825,32.2287375,127.6,577,1211.4,634.4,747.3375,116.015625,722.66,13,16,3,15,1.25,16,4,6,2,5.125,0.4375,5,120,145,25,137.5,4.375,138,1.62,2.1,0.48,1.96875,0.174375,2.1,2,2,0,2,0,2,1,4,3,3,1.25,4,10,10,0,10,0,10,0,14,14,3.5,5.25,0,14,27,13,18.5,4.25,16,0,0,0,0,0,0,2,5,3,3,1.25,2,0,0,0,0,0,0,0,0,0,0,0,0,2,5,3,3,1.25,2,23.005,34.76333333,11.75833333,31.33020833,4.29140625,34.76333333,0,0.464,0.464,0.337875,0.1689375,0.464,0,0,0,0,0,0,152,225,73,171.625,24.53125,152
Zn0.9975Al0.0025O,1000,1.909,Zn0.9975 Al0.0025 O1,8,30,22,18.97875,10.99369688,8,69,87,18,78.005,8.995,87,15.9994,65.38,49.3806,40.64170192,24.67645233,15.9994,54.8,933.47,878.67,374.0409875,319.2409875,54.8,12,16,4,14.00125,1.99875,16,2,4,2,2.99875,0.99875,2,66,122,56,93.99875,27.99875,66,1.61,3.44,1.83,2.54495,0.89505,3.44,2,2,0,2,0,2,0,4,4,2.00125,1.99875,4,0,10,10,4.9875,4.99996875,0,0,0,0,0,0,0,3,12,9,8.98875,3.003721875,6,0,0,0,0,0,0,0,5,5,1.00625,1.003734375,2,0,0,0,0,0,0,0,0,0,0,0,0,0,5,5,1.00625,1.003734375,2,9.105,16.48,7.375,11.53565,2.43065,9.105,0,0,0,0,0,0,0,0,0,0,0,0,12,225,213,103.03875,91.03875,12
Mo3Te4,300,3.812,Mo3 Te4,42,52,10,47.71428571,4.897959184,52,50,90,40,72.85714286,19.59183673,90,95.96,127.6,31.64,114.04,15.49714286,127.6,722.66,2896,2173.34,1654.091429,1064.493061,722.66,6,16,10,11.71428571,4.897959184,16,5,5,0,5,0,5,138,154,16,144.8571429,7.836734694,138,2.1,2.16,0.06,2.125714286,0.029387755,2.1,1,2,1,1.571428571,0.489795918,2,0,4,4,2.285714286,1.959183673,4,5,10,5,7.857142857,2.448979592,10,0,0,0,0,0,0,6,16,10,11.71428571,4.897959184,16,0,1,1,0.428571429,0.489795918,0,0,2,2,1.142857143,0.979591837,2,0,5,5,2.142857143,2.448979592,0,0,0,0,0,0,0,2,6,4,3.714285714,1.959183673,2,15.69,34.76333333,19.07333333,26.58904762,9.342040816,34.76333333,0,0.464,0.464,0.265142857,0.227265306,0.464,0,0,0,0,0,0,152,229,77,185,37.71428571,152
SrDy0.08Ti0.92O3,300,4.195,Sr1 Dy0.08 Ti0.92 O3,8,66,58,17.504,11.4048,8,8,87,79,62.208,29.7504,87,15.9994,162.5,146.5006,38.531168,27.0381216,15.9994,54.8,1941,1886.2,626.984,686.6208,54.8,2,16,14,10.784,6.2592,16,2,6,4,3.032,1.2384,2,66,195,129,111.112,54.1344,66,0.95,3.44,2.49,2.55688,1.059744,3.44,2,2,0,2,0,2,0,4,4,2.4,1.92,4,0,2,2,0.368,0.600576,0,0,10,10,0.16,0.31488,0,2,12,10,4.928,1.512704,6,0,0,0,0,0,0,0,2,2,1.2,0.96,2,0,8,8,1.472,2.402304,0,0,4,4,0.064,0.125952,0,0,8,8,2.736,1.9776,2,9.105,54.23,45.125,19.8798,14.1036064,9.105,0,0,0,0,0,0,0,2.25E-05,2.25E-05,4.15E-06,6.77E-06,0,12,225,213,91,94.8,12
Ca0.9Ho0.1MnO3,700,1.518,Ca0.9 Ho0.1 Mn1 O3,8,67,59,14.74,8.088,8,7,87,80,64.52,26.976,87,15.9994,164.93032,148.93092,31.0998954,18.12059448,15.9994,54.8,1747,1692.2,572.32,621.024,54.8,2,16,14,11.42,5.496,16,2,6,4,2.84,1.008,2,66,192,126,102.92,44.304,66,1,3.44,2.44,2.5786,1.03368,3.44,2,2,0,2,0,2,0,4,4,2.4,1.92,4,0,5,5,1,1.6,0,0,11,11,0.22,0.4312,0,2,13,11,5.62,1.3032,6,0,0,0,0,0,0,0,2,2,1.2,0.96,2,0,5,5,1,1.6,0,0,3,3,0.06,0.1176,0,0,5,5,2.26,1.1256,2,9.105,37.77,28.665,14.97378391,8.83701977,9.105,0,0,0,0,0,0,0,0.000310121,0.000310121,6.20E-05,9.92E-05,0,12,225,213,94.98,99.576,12
Zn0.98Al0.02O,400,27.2,Zn0.98 Al0.02 O1,8,30,22,18.83,10.9466,8,69,87,18,78.04,8.96,87,15.9994,65.38,49.3806,40.30571539,24.57279892,15.9994,54.8,933.47,878.67,376.1479,321.3479,54.8,12,16,4,14.01,1.99,16,2,4,2,2.99,0.99,2,66,122,56,93.99,27.99,66,1.61,3.44,1.83,2.5446,0.8954,3.44,2,2,0,2,0,2,0,4,4,2.01,1.99,4,0,10,10,4.9,4.998,0,0,0,0,0,0,0,3,12,9,8.91,3.0282,6,0,0,0,0,0,0,0,5,5,1.05,1.029,2,0,0,0,0,0,0,0,0,0,0,0,0,0,5,5,1.05,1.029,2,9.105,16.48,7.375,11.5577,2.4527,9.105,0,0,0,0,0,0,0,0,0,0,0,0,12,225,213,103.31,91.31,12
Ni2.0Mo6S8,700,4.237,Ni2 Mo6 S8,16,42,26,27.25,11.25,16,50,88,38,70.375,17.625,88,32.065,95.96,63.895,59.354175,27.45436875,32.065,388.36,2896,2507.64,1496.18,1107.82,388.36,6,16,10,11.5,4.5,16,3,5,2,3.875,0.875,3,105,154,49,125.75,21.1875,105,1.91,2.58,0.67,2.33875,0.24125,2.58,1,2,1,1.625,0.46875,2,0,4,4,2,2,4,0,8,8,2.875,2.875,0,0,0,0,0,0,0,6,10,4,6.5,0.875,6,0,1,1,0.375,0.46875,0,0,2,2,1,1,2,0,5,5,2.125,2.15625,0,0,0,0,0,0,0,2,6,4,3.5,1.875,2,10.32,25.786875,15.466875,20.0671875,5.7196875,25.786875,0,2.202,2.202,1.101,1.101,2.202,0,0.5953947,0.5953947,0.074424338,0.130242591,0,70,229,159,149,79,70
In1.994Ge0.006O3,300,9.715,In1.994 Ge0.006 O3,8,49,41,24.3796,19.65552,8,75,87,12,82.2048,5.75424,87,15.9994,114.818,98.8186,55.4762264,47.37219168,15.9994,54.8,1211.4,1156.6,205.71798,181.101576,54.8,13,16,3,14.8012,1.43856,16,2,5,3,3.1988,1.43856,2,66,142,76,96.3736,36.44832,66,1.78,3.44,1.66,2.776276,0.7964688,3.44,2,2,0,2,0,2,1,4,3,2.8012,1.43856,4,0,10,10,4,4.8,0,0,0,0,0,0,0,6,14,8,8.8012,3.36144,6,0,0,0,0,0,0,2,5,3,3.1988,1.43856,2,0,0,0,0,0,0,0,0,0,0,0,0,2,5,3,3.1988,1.43856,2,9.105,24.26,15.155,15.165494,7.2725928,9.105,0,0.383,0.383,0.0004596,0.000918097,0,0,0,0,0,0,0,12,225,213,62.9032,61.08384,12
Sr3Ti1.6Nb0.4O7,1000,2.14,Sr3 Ti1.6 Nb0.4 O7,8,41,33,18.46666667,12.21111111,8,8,87,79,60.05,31.44166667,87,15.9994,92.90638,76.90698,40.71712933,28.83735089,15.9994,54.8,2750,2695.2,644.9333333,688.4888889,54.8,2,16,14,10.53333333,6.377777778,16,2,5,3,3.116666667,1.302777778,2,66,195,129,114.05,56.05833333,66,0.95,3.44,2.49,2.502833333,1.093361111,3.44,1,2,1,1.966666667,0.064444444,2,0,4,4,2.333333333,1.944444444,4,0,4,4,0.4,0.666666667,0,0,0,0,0,0,0,2,6,4,4.7,1.536666667,6,0,1,1,0.033333333,0.064444444,0,0,2,2,1.166666667,0.972222222,2,0,8,8,1.266666667,2.111111111,0,0,0,0,0,0,0,0,8,8,2.466666667,1.777777778,2,9.105,54.23,45.125,21.70008333,16.26495833,9.105,0,0,0,0,0,0,0,2.25E-05,2.25E-05,3.00E-06,5.21E-06,0,12,229,217,96.75,98.875,12
La3Te3.35Bi0.65,700,1.56,La3 Te3.35 Bi0.65,52,83,31,57.02142857,4.824591837,52,13,90,77,56.62857143,37.39591837,90,127.6,208.9804,81.3804,140.0019529,12.81028304,127.6,544.4,1193,648.6,907.6815714,244.5586531,722.66,3,16,13,10.33571429,6.287755102,16,5,6,1,5.521428571,0.499081633,5,138,207,69,168.5,33,138,1.1,2.1,1,1.664,0.483428571,2.1,2,2,0,2,0,2,0,4,4,2.192857143,1.879591837,4,1,10,9,6.142857143,4.408163265,10,0,14,14,1.3,2.358571429,0,3,29,26,11.63571429,7.402040816,16,0,0,0,0,0,0,0,3,3,1.235714286,1.059183673,2,0,9,9,3.857142857,4.408163265,0,0,0,0,0,0,0,2,9,7,5.092857143,3.348979592,2,32.95,36.8975,3.9475,35.50959524,1.189632653,34.76333333,0,0.464,0.464,0.222057143,0.231573878,0.464,0,0,0,0,0,0,12,194,182,157,31.71428571,152
Zn0.9975Al0.0025O,700,2.283,Zn0.9975 Al0.0025 O1,8,30,22,18.97875,10.99369688,8,69,87,18,78.005,8.995,87,15.9994,65.38,49.3806,40.64170192,24.67645233,15.9994,54.8,933.47,878.67,374.0409875,319.2409875,54.8,12,16,4,14.00125,1.99875,16,2,4,2,2.99875,0.99875,2,66,122,56,93.99875,27.99875,66,1.61,3.44,1.83,2.54495,0.89505,3.44,2,2,0,2,0,2,0,4,4,2.00125,1.99875,4,0,10,10,4.9875,4.99996875,0,0,0,0,0,0,0,3,12,9,8.98875,3.003721875,6,0,0,0,0,0,0,0,5,5,1.00625,1.003734375,2,0,0,0,0,0,0,0,0,0,0,0,0,0,5,5,1.00625,1.003734375,2,9.105,16.48,7.375,11.53565,2.43065,9.105,0,0,0,0,0,0,0,0,0,0,0,0,12,225,213,103.03875,91.03875,12
Ca3AlSb3,1000,0.692,Ca3 Al1 Sb3,13,51,38,32.28571429,16.04081633,20,7,85,78,49.85714286,36.73469388,7,26.9815386,121.76,94.7784614,73.21364837,41.61115854,40.078,903.78,1115,211.22,998.5442857,99.81918367,903.78,2,15,13,9.142857143,6.12244898,2,3,5,2,4.285714286,0.612244898,4,121,176,55,152.2857143,20.32653061,139,1,2.05,1.05,1.537142857,0.460408163,1,2,2,0,2,0,2,0,3,3,1.428571429,1.346938776,0,0,10,10,4.285714286,4.897959184,0,0,0,0,0,0,0,2,15,13,7.714285714,6.244897959,2,0,0,0,0,0,0,0,5,5,2,1.714285714,0,0,0,0,0,0,0,0,0,0,0,0,0,0,5,5,2,1.714285714,0,16.48,37.77,21.29,32.06714286,4.888163265,31.56,0,0,0,0,0,0,0,0,0,0,0,0,166,225,59,199.7142857,28.89795918,166
La2.99Te4,700,2.84,La2.99 Te4,52,57,5,54.13876967,2.44780506,52,13,90,77,57.06294707,37.69619792,90,127.6,138.90547,11.30547,132.4359593,5.534717334,127.6,722.66,1193,470.34,923.8497854,230.2601264,722.66,3,16,13,10.43919886,6.364293155,16,5,6,1,5.427753934,0.489561012,5,138,207,69,167.5150215,33.77970982,138,1.1,2.1,1,1.672246066,0.489561012,2.1,2,2,0,2,0,2,0,4,4,2.288984263,1.958244048,4,1,10,9,6.150214592,4.406049108,10,0,0,0,0,0,0,3,16,13,10.43919886,6.364293155,16,0,0,0,0,0,0,0,2,2,1.144492132,0.979122024,2,0,9,9,3.849785408,4.406049108,0,0,0,0,0,0,0,2,9,7,4.994277539,3.426927084,2,34.76333333,36.8975,2.134166667,35.67623152,1.044804793,34.76333333,0,0.464,0.464,0.265522175,0.22715631,0.464,0,0,0,0,0,0,152,194,42,169.9656652,20.5615625,152
WO2.9,300,3.083,W1 O2.9,8,74,66,24.92307692,25.16765286,8,51,87,36,77.76923077,13.72781065,87,15.9994,183.84,167.8406,59.03545128,64.00233268,15.9994,54.8,3695,3640.2,988.1846154,1388.110454,54.8,6,16,10,13.43589744,3.813280736,16,2,6,4,3.025641026,1.525312295,2,66,162,96,90.61538462,36.60749507,66,2.36,3.44,1.08,3.163076923,0.41183432,3.44,2,2,0,2,0,2,0,4,4,2.974358974,1.525312295,4,0,4,4,1.025641026,1.525312295,0,0,14,14,3.58974359,5.338593031,0,6,20,14,9.58974359,5.338593031,6,0,0,0,0,0,0,0,2,2,1.487179487,0.762656147,2,0,6,6,1.538461538,2.287968442,0,0,0,0,0,0,0,2,6,4,3.025641026,1.525312295,2,9.105,16.05,6.945,10.88576923,2.648323471,9.105,0,0,0,0,0,0,0,0,0,0,0,0,12,229,217,67.64102564,82.74819198,12
SrNd0.2Ti0.8O3,300,5.53,Sr1 Nd0.2 Ti0.8 O3,8,60,52,18.32,12.384,8,8,87,79,61.44,30.672,87,15.9994,144.242,128.2426,40.55204,29.463168,15.9994,54.8,1941,1886.2,605.2,660.48,54.8,2,16,14,10.76,6.288,16,2,6,4,3.08,1.296,2,66,201,135,112.24,55.488,66,0.95,3.44,2.49,2.546,1.0728,3.44,2,2,0,2,0,2,0,4,4,2.4,1.92,4,0,2,2,0.32,0.5376,0,0,4,4,0.16,0.3072,0,2,6,4,4.88,1.4336,6,0,0,0,0,0,0,0,2,2,1.2,0.96,2,0,8,8,1.28,2.1504,0,0,10,10,0.4,0.768,0,0,10,10,2.88,2.208,2,9.105,54.23,45.125,20.3718,14.698336,9.105,0,0,0,0,0,0,0,2.25E-05,2.25E-05,3.61E-06,6.06E-06,0,12,225,213,91,94.8,12
La3Te3.8Sb0.2,400,2.58,La3 Te3.8 Sb0.2,51,57,6,54.11428571,2.473469388,52,13,90,77,56.85714286,37.59183673,90,121.76,138.90547,17.14547,132.2783443,5.680393469,127.6,722.66,1193,470.34,929.4091429,225.9350204,722.66,3,16,13,10.4,6.342857143,16,5,6,1,5.428571429,0.489795918,5,138,207,69,167.6,33.77142857,138,1.1,2.1,1,1.67,0.488571429,2.1,2,2,0,2,0,2,0,4,4,2.257142857,1.934693878,4,1,10,9,6.142857143,4.408163265,10,0,0,0,0,0,0,3,16,13,10.4,6.342857143,16,0,0,0,0,0,0,0,3,3,1.171428571,1.004081633,2,0,9,9,3.857142857,4.408163265,0,0,0,0,0,0,0,2,9,7,5.028571429,3.404081633,2,31.56,36.8975,5.3375,35.58645238,1.123755102,34.76333333,0,0.464,0.464,0.251885714,0.23029551,0.464,0,0,0,0,0,0,152,194,42,170.4,20.22857143,152
Mg2Si0.993Bi0.007,400,5.68,Mg2 Si0.993 Bi0.007,12,83,71,12.82766667,1.103555556,12,68,86,18,71.352,4.469333333,68,24.305,208.9804,184.6754,25.98725477,2.243006356,24.305,544.4,1687,1142.6,1175.0006,338.9436028,923,2,15,13,6.002333333,5.336444444,2,3,6,3,3.007,0.013967333,3,111,148,37,131.0863333,13.29715267,141,1.31,2.02,0.71,1.506946667,0.262595556,1.31,2,2,0,2,0,2,0,3,3,0.669,0.892,0,0,10,10,0.023333333,0.046557778,0,0,14,14,0.032666667,0.065180889,0,2,29,27,2.725,0.966666667,2,0,0,0,0,0,0,0,4,4,1.331,1.774666667,0,0,0,0,0,0,0,0,0,0,0,0,0,0,4,4,1.331,1.774666667,0,20.44,32.95,12.51,22.10252333,1.100590447,22.89,0,0.773,0.773,0.255863,0.342344694,0,0,0,0,0,0,0,12,227,215,204.4983333,14.89610333,194
Sr0.61Ba0.39Nb2O6,400,2.021,Sr0.61 Ba0.39 Nb2 O6,8,56,48,19.44666667,15.26222222,8,8,87,79,69.37666667,23.49777778,87,15.9994,137.327,121.3276,43.20165444,36.26967259,15.9994,54.8,2750,2695.2,762.1444444,943.1259259,54.8,2,16,14,12,5.333333333,16,2,6,4,3.043333333,1.391111111,2,66,215,149,102.9777778,49.3037037,66,0.89,3.44,2.55,2.751844444,0.917540741,3.44,1,2,1,1.777777778,0.345679012,2,0,4,4,2.666666667,1.777777778,4,0,4,4,0.888888889,1.382716049,0,0,0,0,0,0,0,2,6,4,5.333333333,0.888888889,6,0,1,1,0.222222222,0.345679012,0,0,2,2,1.333333333,0.888888889,2,0,6,6,1.333333333,2.074074074,0,0,0,0,0,0,0,0,7,7,2.888888889,1.827160494,2,9.105,63.59,54.485,16.54115556,9.914874074,9.105,0,0,0,0,0,0,0,0,0,0,0,0,12,229,217,84.06222222,96.08296296,12
TiNiSn,300,6.076,Ti1 Ni1 Sn1,22,50,28,33.33333333,11.11111111,22,43,80,37,61.33333333,12.44444444,43,47.867,118.71,70.843,75.09013333,29.07991111,47.867,505.08,1941,1435.92,1391.36,590.8533333,505.08,4,14,10,9.333333333,3.555555556,4,4,5,1,4.333333333,0.444444444,4,124,160,36,141,12.66666667,124,1.54,1.96,0.42,1.803333333,0.175555556,1.54,2,2,0,2,0,2,0,2,2,0.666666667,0.888888889,0,2,10,8,6.666666667,3.111111111,2,0,0,0,0,0,0,4,14,10,9.333333333,3.555555556,4,0,0,0,0,0,0,0,4,4,1.333333333,1.777777778,0,0,8,8,3.333333333,3.111111111,0,0,0,0,0,0,0,2,8,6,4.666666667,2.222222222,2,10.32,33.285,22.965,20.09833333,8.791111111,10.32,0,0,0,0,0,0,0,0.5953947,0.5953947,0.198472411,0.264614859,0,141,225,84,186.6666667,30.44444444,141
In1.8Ge0.2O3,400,2.611,In1.8 Ge0.2 O3,8,49,41,23.72,18.864,8,75,87,12,82.36,5.568,87,15.9994,114.818,98.8186,53.83972,45.408384,15.9994,54.8,1211.4,1156.6,236.046,217.4952,54.8,13,16,3,14.84,1.392,16,2,5,3,3.16,1.392,2,66,142,76,95.52,35.424,66,1.78,3.44,1.66,2.7852,0.78576,3.44,2,2,0,2,0,2,1,4,3,2.84,1.392,4,0,10,10,4,4.8,0,0,0,0,0,0,0,6,14,8,8.84,3.408,6,0,0,0,0,0,0,2,5,3,3.16,1.392,2,0,0,0,0,0,0,0,0,0,0,0,0,2,5,3,3.16,1.392,2,9.105,24.26,15.155,15.1168,7.21416,9.105,0,0.383,0.383,0.01532,0.0294144,0,0,0,0,0,0,0,12,225,213,66.24,65.088,12
Fe1.96Ti0.04O3,300,7.82,Fe1.96 Ti0.04 O3,8,26,18,15.168,8.6016,8,43,87,44,74.104,15.4752,87,15.9994,55.845,39.8456,31.873816,19.0492992,15.9994,54.8,1941,1886.2,758.32,844.224,54.8,4,16,12,12.768,3.8784,16,2,4,2,2.8,0.96,2,66,160,94,92.624,31.9488,66,1.54,3.44,1.9,2.79368,0.775584,3.44,2,2,0,2,0,2,0,4,4,2.4,1.92,4,0,6,6,2.368,2.847488,0,0,0,0,0,0,0,4,8,4,6.768,0.965888,6,0,0,0,0,0,0,0,2,2,1.2,0.96,2,0,8,8,1.632,1.9584,0,0,0,0,0,0,0,2,8,6,2.832,0.9984,2,9.105,16.69,7.585,9.80268,0.837216,9.105,0,0,0,0,0,0,0,2.1106628,2.1106628,0.827379998,1.006093717,0,12,229,217,98.52,103.824,12
Mg2Si0.999Bi0.001,700,3.66,Mg2 Si0.999 Bi0.001,12,83,71,12.68966667,0.919555556,12,68,86,18,71.336,4.448,68,24.305,208.9804,184.6754,25.62546497,1.760619956,24.305,544.4,1687,1142.6,1177.2858,339.4696572,923,2,15,13,6.000333333,5.333777778,2,3,6,3,3.001,0.001999333,3,111,148,37,131.0123333,13.328214,141,1.31,2.02,0.71,1.506706667,0.262275556,1.31,2,2,0,2,0,2,0,3,3,0.667,0.889333333,0,0,10,10,0.003333333,0.006664444,0,0,14,14,0.004666667,0.009330222,0,2,29,27,2.675,0.9,2,0,0,0,0,0,0,0,4,4,1.333,1.777333333,0,0,0,0,0,0,0,0,0,0,0,0,0,0,4,4,1.333,1.777333333,0,20.44,32.95,12.51,22.07750333,1.09057722,22.89,0,0.773,0.773,0.257409,0.343383606,0,0,0,0,0,0,0,12,227,215,204.9283333,14.69973,194
Ti0.99Nb0.01NiSn,300,6.893,Ti0.99 Nb0.01 Ni1 Sn1,22,50,28,33.39666667,11.11957778,28,43,80,37,61.34666667,12.43555556,61,47.867,118.71,70.843,75.2402646,29.0975977,58.6934,505.08,2750,2244.92,1394.056667,592.6511111,505.08,4,14,10,9.336666667,3.551111111,10,4,5,1,4.336666667,0.446644444,4,124,164,40,141.0133333,12.68444444,124,1.54,1.96,0.42,1.803533333,0.175288889,1.91,1,2,1,1.996666667,0.006644444,2,0,2,2,0.666666667,0.888888889,0,2,10,8,6.673333333,3.102222222,8,0,0,0,0,0,0,4,14,10,9.336666667,3.551111111,10,0,1,1,0.003333333,0.006644444,0,0,4,4,1.333333333,1.777777778,0,0,8,8,3.326666667,3.102222222,0,0,0,0,0,0,0,2,8,6,4.663333333,2.217777778,2,10.32,33.285,22.965,20.1033,8.7878,10.32,0,0,0,0,0,0,0,0.5953947,0.5953947,0.198472336,0.264614909,0,141,229,88,186.7833333,30.52222222,141
Ni2.0Mo6S8,1000,5.975,Ni2 Mo6 S8,16,42,26,27.25,11.25,16,50,88,38,70.375,17.625,88,32.065,95.96,63.895,59.354175,27.45436875,32.065,388.36,2896,2507.64,1496.18,1107.82,388.36,6,16,10,11.5,4.5,16,3,5,2,3.875,0.875,3,105,154,49,125.75,21.1875,105,1.91,2.58,0.67,2.33875,0.24125,2.58,1,2,1,1.625,0.46875,2,0,4,4,2,2,4,0,8,8,2.875,2.875,0,0,0,0,0,0,0,6,10,4,6.5,0.875,6,0,1,1,0.375,0.46875,0,0,2,2,1,1,2,0,5,5,2.125,2.15625,0,0,0,0,0,0,0,2,6,4,3.5,1.875,2,10.32,25.786875,15.466875,20.0671875,5.7196875,25.786875,0,2.202,2.202,1.101,1.101,2.202,0,0.5953947,0.5953947,0.074424338,0.130242591,0,70,229,159,149,79,70
In1.998Ge0.002O3,400,6.853,In1.998 Ge0.002 O3,8,49,41,24.3932,19.67184,8,75,87,12,82.2016,5.75808,87,15.9994,114.818,98.8186,55.5099688,47.41268256,15.9994,54.8,1211.4,1156.6,205.09266,180.351192,54.8,13,16,3,14.8004,1.43952,16,2,5,3,3.1996,1.43952,2,66,142,76,96.3912,36.46944,66,1.78,3.44,1.66,2.776092,0.7966896,3.44,2,2,0,2,0,2,1,4,3,2.8004,1.43952,4,0,10,10,4,4.8,0,0,0,0,0,0,0,6,14,8,8.8004,3.36048,6,0,0,0,0,0,0,2,5,3,3.1996,1.43952,2,0,0,0,0,0,0,0,0,0,0,0,0,2,5,3,3.1996,1.43952,2,9.105,24.26,15.155,15.166498,7.2737976,9.105,0,0.383,0.383,0.0001532,0.000306277,0,0,0,0,0,0,0,12,225,213,62.8344,61.00128,12
Zr0.5Hf0.5NiSn1.994Sb0.006,700,2.964,Zr0.5 Hf0.5 Ni1 Sn1.994 Sb0.006,28,72,44,46.0015,10.501125,50,44,85,41,66.3825,13.6325,80,58.6934,178.49,119.7966,107.747175,28.65768125,118.71,505.08,2506,2000.92,1264.38805,758.11195,505.08,4,15,11,10.5015,3.5015,14,4,6,2,4.875,0.4375,5,124,175,51,144.25,15.375,139,1.3,2.05,0.75,1.786385,0.2356925,1.96,2,2,0,2,0,2,0,3,3,1.0015,1.0015,2,2,10,8,7.5,2.75,10,0,14,14,1.75,3.0625,0,4,18,14,12.2515,3.188625,14,0,0,0,0,0,0,0,4,4,1.9985,1.9985,4,0,8,8,2.5,2.75,0,0,0,0,0,0,0,2,8,6,4.4985,1.75075,4,10.32,33.285,22.965,24.8942875,8.3855375,33.285,0,0,0,0,0,0,0,0.5953947,0.5953947,0.148848675,0.223273013,0,141,225,84,175.2875,34.2125,141
CeFe3CoSb12,300,1.91,Ce1 Fe3 Co1 Sb12,26,58,32,45.58823529,9.100346021,51,15,85,70,74,15.52941176,85,55.845,140.116,84.271,107.5120115,23.95057069,121.76,903.78,1811,907.22,1124.550588,317.9761938,903.78,3,15,12,12.70588235,3.238754325,15,4,6,2,4.823529412,0.387543253,5,126,204,78,140.8235294,7.432525952,139,1.12,2.05,0.93,1.946470588,0.14615917,2.05,2,2,0,2,0,2,0,3,3,2.117647059,1.24567474,3,1,10,9,8.588235294,1.993079585,10,0,1,1,0.058823529,0.110726644,0,4,15,11,12.76470588,3.155709343,15,0,0,0,0,0,0,0,3,3,2.117647059,1.24567474,3,0,9,9,1.411764706,1.993079585,0,0,13,13,0.764705882,1.439446367,0,3,22,19,4.294117647,2.083044983,3,10.245,37.24,26.995,26.96441176,7.696782007,31.56,0,0,0,0,0,0,0,2.1106628,2.1106628,0.463556447,0.708968684,0,166,229,63,180.4117647,20.34602076,166
Ca0.96Bi0.04Mn0.96Nb0.04O3,400,2.16,Ca0.96 Bi0.04 Mn0.96 Nb0.04 O3,8,83,75,14.432,7.7184,8,7,87,80,64.592,27.232128,87,15.9994,208.9804,192.981,30.25781488,17.11009786,15.9994,54.8,2750,2695.2,564.9632,612.5248512,54.8,2,16,14,11.488,5.470592,16,2,6,4,2.824,0.9888,2,66,176,110,102.576,43.8912,66,1,3.44,2.44,2.58256,1.028928,3.44,1,2,1,1.992,0.015872,2,0,4,4,2.424,1.900416,4,0,10,10,1.072,1.698048,0,0,14,14,0.112,0.222208,0,2,29,27,5.6,1.392,6,0,1,1,0.008,0.015872,0,0,3,3,1.224,0.959616,2,0,6,6,1.008,1.6128,0,0,0,0,0,0,0,0,7,7,2.24,1.14816,2,9.105,37.77,28.665,15.13749655,9.024561434,9.105,0,0,0,0,0,0,0,0.000310121,0.000310121,5.95E-05,9.62E-05,0,12,229,217,93.992,99.702272,12
Mg2Si0.994Bi0.006,300,6.55,Mg2 Si0.994 Bi0.006,12,83,71,12.80466667,1.072888889,12,68,86,18,71.34933333,4.465777778,68,24.305,208.9804,184.6754,25.92695647,2.162608622,24.305,544.4,1687,1142.6,1175.381467,339.0325481,923,2,15,13,6.002,5.336,2,3,6,3,3.006,0.011976,3,111,148,37,131.074,13.30237067,141,1.31,2.02,0.71,1.506906667,0.262542222,1.31,2,2,0,2,0,2,0,3,3,0.668666667,0.891555556,0,0,10,10,0.02,0.03992,0,0,14,14,0.028,0.055888,0,2,29,27,2.716666667,0.955555556,2,0,0,0,0,0,0,0,4,4,1.331333333,1.775111111,0,0,0,0,0,0,0,0,0,0,0,0,0,0,4,4,1.331333333,1.775111111,0,20.44,32.95,12.51,22.09835333,1.098935476,22.89,0,0.773,0.773,0.256120667,0.342518705,0,0,0,0,0,0,0,12,227,215,204.57,14.86361333,194
Zn0.98Al0.02O,1000,7.92,Zn0.98 Al0.02 O1,8,30,22,18.83,10.9466,8,69,87,18,78.04,8.96,87,15.9994,65.38,49.3806,40.30571539,24.57279892,15.9994,54.8,933.47,878.67,376.1479,321.3479,54.8,12,16,4,14.01,1.99,16,2,4,2,2.99,0.99,2,66,122,56,93.99,27.99,66,1.61,3.44,1.83,2.5446,0.8954,3.44,2,2,0,2,0,2,0,4,4,2.01,1.99,4,0,10,10,4.9,4.998,0,0,0,0,0,0,0,3,12,9,8.91,3.0282,6,0,0,0,0,0,0,0,5,5,1.05,1.029,2,0,0,0,0,0,0,0,0,0,0,0,0,0,5,5,1.05,1.029,2,9.105,16.48,7.375,11.5577,2.4527,9.105,0,0,0,0,0,0,0,0,0,0,0,0,12,225,213,103.31,91.31,12
CuRh0.9Mg0.1O2,400,9.767,Cu1 Rh0.9 Mg0.1 O2,8,45,37,21.675,14.15875,8,59,87,28,74.475,12.525,87,15.9994,102.9055,86.9061,47.6475625,32.81529063,15.9994,54.8,2237,2182.2,893.2425,838.4425,54.8,2,16,14,12.825,3.175,16,2,5,3,3.2,1.21,2,66,142,76,101.475,35.475,66,1.31,3.44,2.13,2.74075,0.69925,3.44,1,2,1,1.525,0.49875,2,0,4,4,2,2,4,0,10,10,4.3,4.515,0,0,0,0,0,0,0,2,11,9,7.825,2.11625,6,0,1,1,0.475,0.49875,0,0,2,2,1,1,2,0,2,2,0.45,0.6975,0,0,0,0,0,0,0,0,3,3,1.925,0.55875,2,9.105,22.89,13.785,10.96125,1.85625,9.105,0,0,0,0,0,0,0,0,0,0,0,0,12,225,213,117.725,105.725,12
SrNb0.15Ti0.85O3,700,3.49,Sr1 Nb0.15 Ti0.85 O3,8,41,33,17.37,11.244,8,8,87,79,62.52,29.376,87,15.9994,92.90638,76.90698,38.0482214,26.45858568,15.9994,54.8,2750,2695.2,655.35,720.66,54.8,2,16,14,10.83,6.204,16,2,5,3,3.03,1.236,2,66,195,129,110.72,53.664,66,0.95,3.44,2.49,2.5638,1.05144,3.44,1,2,1,1.97,0.0582,2,0,4,4,2.4,1.92,4,0,4,4,0.46,0.736,0,0,0,0,0,0,0,2,6,4,4.83,1.4142,6,0,1,1,0.03,0.0582,0,0,2,2,1.2,0.96,2,0,8,8,1.54,2.464,0,0,0,0,0,0,0,0,8,8,2.77,2.032,2,9.105,54.23,45.125,19.6917,13.81532,9.105,0,0,0,0,0,0,0,2.25E-05,2.25E-05,3.83E-06,6.36E-06,0,12,229,217,92.05,96.06,12
Li0.0066Ni0.9944O,400,8.328,Li0.0066 Ni0.9944 O1,3,28,25,17.92253873,10.01601948,8,1,87,86,73.7956022,13.1977989,87,6.941,58.6934,51.7524,37.18637059,21.37590209,15.9994,54.8,1728,1673.2,887.6149695,835.2612437,54.8,1,16,15,12.96881559,3.029669573,16,2,4,2,2.993903048,0.999962827,2,66,128,62,95.02768616,29.01317957,66,0.98,3.44,2.46,2.671550225,0.768065742,3.44,1,2,1,1.996701649,0.006574943,2,0,4,4,1.9990005,1.9999995,4,0,8,8,3.975612194,3.999851309,0,0,0,0,0,0,0,1,10,9,7.971314343,2.016316859,6,0,1,1,0.003298351,0.006574943,0,0,2,2,0.99950025,0.99999975,2,0,2,2,0.993903048,0.999962827,0,0,0,0,0,0,0,1,2,1,1.996701649,0.006574943,2,9.105,16.59333333,7.488333333,9.733495252,0.628181162,9.105,0,0,0,0,0,0,0,0.5953947,0.5953947,0.295882304,0.297686284,0,12,229,217,118.5664168,106.5131602,12
Ca5Al2Sb6,400,1.23,Ca5 Al2 Sb6,13,51,38,33.23076923,16.40236686,51,7,85,78,53.15384615,35.50295858,85,26.9815386,121.76,94.7784614,75.7625444,42.45918978,121.76,903.78,1115,211.22,989.5861538,96.47218935,903.78,2,15,13,9.692307692,5.917159763,15,3,5,2,4.307692308,0.639053254,5,121,176,55,150.4615385,19.64497041,139,1,2.05,1.05,1.578461538,0.444970414,2.05,2,2,0,2,0,2,0,3,3,1.538461538,1.349112426,3,0,10,10,4.615384615,4.970414201,10,0,0,0,0,0,0,2,15,13,8.153846154,6.319526627,15,0,0,0,0,0,0,0,5,5,2.153846154,1.656804734,3,0,0,0,0,0,0,0,0,0,0,0,0,0,5,5,2.153846154,1.656804734,3,16.48,37.77,21.29,31.62846154,4.724260355,31.56,0,0,0,0,0,0,0,0,0,0,0,0,166,225,59,197.7692308,29.32544379,166
BaPbO3,400,4.156,Ba1 Pb1 O3,8,82,74,32.4,29.28,8,9,87,78,70.2,24.48,87,15.9994,207.2,191.2006,78.50504,75.006768,15.9994,54.8,1000,945.2,353.002,357.8424,54.8,2,16,14,12.8,4.32,16,2,6,4,3.6,1.92,2,66,215,149,111.8,54.96,66,0.89,3.44,2.55,2.708,0.8784,3.44,2,2,0,2,0,2,0,4,4,2.8,1.44,4,0,10,10,2,3.2,0,0,14,14,2.8,4.48,0,2,28,26,9.6,7.36,6,0,0,0,0,0,0,0,4,4,2,0.8,2,0,0,0,0,0,0,0,0,0,0,0,0,0,4,4,2,0.8,2,9.105,63.59,54.485,23.803,17.6376,9.105,0,0,0,0,0,0,0,0,0,0,0,0,12,229,217,98,103.2,12
CaGd0.94Mn0.06O3,700,2.139,Ca1 Gd0.94 Mn0.06 O3,8,64,56,21.132,16.2112,8,7,87,80,59.3,33.24,87,15.9994,157.25,141.2506,47.83749654,41.30951446,15.9994,54.8,1586,1531.2,572.276,620.9712,54.8,2,16,14,10.648,6.4224,16,2,6,4,3.176,1.4112,2,66,196,130,113.316,56.7792,66,1,3.44,2.44,2.5082,1.11816,3.44,2,2,0,2,0,2,0,4,4,2.4,1.92,4,0,5,5,0.248,0.3968,0,0,7,7,1.316,2.137184,0,2,10,8,5.964,1.5856,6,0,0,0,0,0,0,0,2,2,1.2,0.96,2,0,9,9,1.752,2.8032,0,0,7,7,1.316,2.137184,0,0,16,16,4.268,4.4288,2,9.105,37.77,28.665,19.16825103,12.2842372,9.105,0,0,0,0,0,0,0,0.000310121,0.000310121,3.72E-06,7.35E-06,0,12,225,213,91.276,95.1312,12
Pb1.8S1.8Ti2S4,700,1.95,Pb1.8 S5.8 Ti2,16,82,66,29.625,19.640625,16,43,88,45,77.3125,14.296875,88,32.065,207.2,175.135,68.19489583,52.12691406,32.065,388.36,1941,1552.64,751.6235417,495.5735243,388.36,4,16,12,13.125,3.802083333,16,3,6,3,3.770833333,0.931423611,3,105,160,55,124.1458333,23.13454861,105,1.54,2.58,1.04,2.316458333,0.323524306,2.58,2,2,0,2,0,2,0,4,4,2.791666667,1.460069444,4,0,10,10,2.291666667,2.890625,0,0,14,14,2.625,4.265625,0,4,28,24,9.708333333,6.859375,6,0,0,0,0,0,0,0,4,4,1.958333333,0.815972222,2,0,8,8,1.666666667,2.638888889,0,0,0,0,0,0,0,2,8,6,3.625,1.963541667,2,16.69,28.11,11.42,24.32727865,3.182199436,25.786875,0,2.202,2.202,1.330375,1.053213542,2.202,0,2.25E-05,2.25E-05,4.69E-06,7.43E-06,0,70,225,155,124.8958333,66.33246528,70
Ba8Au5.14Si39.51,700,2.45,Ba8 Au5.14 Si39.51,14,79,65,26.72744539,19.10204625,14,9,78,69,66.34415954,17.49372294,78,28.0855,196.966569,168.881069,61.17155308,49.6573583,28.0855,1000,1687,687,1548.475711,207.9048299,1687,2,14,12,11.88376068,3.176167726,14,3,6,3,3.748717949,1.123716853,3,111,215,104,129.2431149,27.38026477,111,0.89,2.54,1.65,1.809014245,0.279282582,1.9,1,2,1,1.902374169,0.176190056,2,0,2,2,1.500854701,0.749144569,2,0,10,10,0.97625831,1.761900562,0,0,14,14,1.366761633,2.466660786,0,2,25,23,5.746248813,3.759326917,4,0,1,1,0.097625831,0.176190056,0,0,4,4,3.001709402,1.498289137,4,0,0,0,0,0,0,0,0,0,0,0,0,0,4,4,3.099335233,1.35176695,4,16.7,63.59,46.89,26.63138462,11.23148806,20.44,0,0.773,0.773,0.580080342,0.289544376,0.773,0,0,0,0,0,0,225,229,4,227.108642,0.574771669,227
Sr3Ti1.6Nb0.4O7,400,3.89,Sr3 Ti1.6 Nb0.4 O7,8,41,33,18.46666667,12.21111111,8,8,87,79,60.05,31.44166667,87,15.9994,92.90638,76.90698,40.71712933,28.83735089,15.9994,54.8,2750,2695.2,644.9333333,688.4888889,54.8,2,16,14,10.53333333,6.377777778,16,2,5,3,3.116666667,1.302777778,2,66,195,129,114.05,56.05833333,66,0.95,3.44,2.49,2.502833333,1.093361111,3.44,1,2,1,1.966666667,0.064444444,2,0,4,4,2.333333333,1.944444444,4,0,4,4,0.4,0.666666667,0,0,0,0,0,0,0,2,6,4,4.7,1.536666667,6,0,1,1,0.033333333,0.064444444,0,0,2,2,1.166666667,0.972222222,2,0,8,8,1.266666667,2.111111111,0,0,0,0,0,0,0,0,8,8,2.466666667,1.777777778,2,9.105,54.23,45.125,21.70008333,16.26495833,9.105,0,0,0,0,0,0,0,2.25E-05,2.25E-05,3.00E-06,5.21E-06,0,12,229,217,96.75,98.875,12
Ca2.97Na0.03AlSb3,1000,0.67,Ca2.97 Na0.03 Al1 Sb3,11,51,40,32.24714286,16.07387755,51,2,85,83,49.83571429,36.75918367,85,22.98976928,121.76,98.77023072,73.1404131,41.67393163,121.76,370.87,1115,744.13,995.3551571,101.5271952,903.78,1,15,14,9.138571429,6.127346939,15,3,5,2,4.281428571,0.615918367,5,121,176,55,152.2428571,20.27755102,139,0.93,2.05,1.12,1.536842857,0.46075102,2.05,1,2,1,1.995714286,0.008534694,2,0,3,3,1.428571429,1.346938776,3,0,10,10,4.285714286,4.897959184,10,0,0,0,0,0,0,1,15,14,7.71,6.248571429,15,0,1,1,0.004285714,0.008534694,0,0,5,5,2,1.714285714,3,0,0,0,0,0,0,0,0,0,0,0,0,0,5,5,2.004285714,1.709387755,3,16.48,37.77,21.29,32.0306,4.870290857,31.56,0,0,0,0,0,0,0,0,0,0,0,0,166,229,63,199.7314286,28.91265306,166
Ca3AlSb3,700,0.745,Ca3 Al1 Sb3,13,51,38,32.28571429,16.04081633,20,7,85,78,49.85714286,36.73469388,7,26.9815386,121.76,94.7784614,73.21364837,41.61115854,40.078,903.78,1115,211.22,998.5442857,99.81918367,903.78,2,15,13,9.142857143,6.12244898,2,3,5,2,4.285714286,0.612244898,4,121,176,55,152.2857143,20.32653061,139,1,2.05,1.05,1.537142857,0.460408163,1,2,2,0,2,0,2,0,3,3,1.428571429,1.346938776,0,0,10,10,4.285714286,4.897959184,0,0,0,0,0,0,0,2,15,13,7.714285714,6.244897959,2,0,0,0,0,0,0,0,5,5,2,1.714285714,0,0,0,0,0,0,0,0,0,0,0,0,0,0,5,5,2,1.714285714,0,16.48,37.77,21.29,32.06714286,4.888163265,31.56,0,0,0,0,0,0,0,0,0,0,0,0,166,225,59,199.7142857,28.89795918,166
Mg2Si0.6Ge0.4Ag0.02,400,3.09,Mg2 Si0.6 Ge0.4 Ag0.02,12,47,35,15.2781457,4.84978729,12,65,79,14,71.42384106,4.619972808,68,24.305,107.8682,83.5632,32.01147815,11.76724714,24.305,923,1687,764,1115.052517,254.3741941,923,2,14,12,6.033112583,5.341870971,2,3,5,2,3.145695364,0.25086619,3,111,145,34,132.2847682,11.71176703,141,1.31,2.01,0.7,1.524039735,0.283496338,1.31,1,2,1,1.993377483,0.013157318,2,0,2,2,0.662251656,0.885926056,0,0,10,10,1.390728477,2.394631814,0,0,0,0,0,0,0,2,14,12,4.046357616,2.728827683,2,0,1,1,0.006622517,0.013157318,0,0,4,4,1.324503311,1.771852112,0,0,0,0,0,0,0,0,0,0,0,0,0,0,4,4,1.331125828,1.767466339,0,16.33,23.005,6.675,22.37503311,0.848953993,22.89,0,0.773,0.773,0.204304636,0.273308188,0,0,0,0,0,0,0,194,227,33,204.8675497,14.39410552,194
LaFe3CoSb12,400,1.6,La1 Fe3 Co1 Sb12,26,57,31,45.52941176,9.07266436,51,13,85,72,73.88235294,15.69550173,85,55.845,138.90547,83.06047,107.4408038,23.91706121,121.76,903.78,1811,907.22,1131.727059,321.8076125,903.78,3,15,12,12.70588235,3.238754325,15,4,6,2,4.823529412,0.387543253,5,126,207,81,141,7.764705882,139,1.1,2.05,0.95,1.945294118,0.147820069,2.05,2,2,0,2,0,2,0,3,3,2.117647059,1.24567474,3,1,10,9,8.588235294,1.993079585,10,0,0,0,0,0,0,3,15,12,12.70588235,3.238754325,15,0,0,0,0,0,0,0,3,3,2.117647059,1.24567474,3,0,9,9,1.411764706,1.993079585,0,0,0,0,0,0,0,3,9,6,3.529411765,0.809688581,3,10.245,36.8975,26.6525,26.94426471,7.687301038,31.56,0,0,0,0,0,0,0,2.1106628,2.1106628,0.463556447,0.708968684,0,166,229,63,180.4117647,20.34602076,166
Mg2Si0.98Bi0.02,1000,2.75,Mg2 Si0.98 Bi0.02,12,83,71,13.12666667,1.502222222,12,68,86,18,71.38666667,4.515555556,68,24.305,208.9804,184.6754,26.77113267,3.288176889,24.305,544.4,1687,1142.6,1170.049333,337.7411022,923,2,15,13,6.006666667,5.342222222,2,3,6,3,3.02,0.039733333,3,111,148,37,131.2466667,13.22782222,141,1.31,2.02,0.71,1.507466667,0.263288889,1.31,2,2,0,2,0,2,0,3,3,0.673333333,0.897777778,0,0,10,10,0.066666667,0.132444444,0,0,14,14,0.093333333,0.185422222,0,2,29,27,2.833333333,1.111111111,2,0,0,0,0,0,0,0,4,4,1.326666667,1.768888889,0,0,0,0,0,0,0,0,0,0,0,0,0,0,4,4,1.326666667,1.768888889,0,20.44,32.95,12.51,22.15673333,1.121599111,22.89,0,0.773,0.773,0.252513333,0.340051289,0,0,0,0,0,0,0,12,227,215,203.5666667,15.30977778,194
Mg2Si,400,4,Mg2 Si1,12,14,2,12.66666667,0.888888889,12,68,78,10,71.33333333,4.444444444,68,24.305,28.0855,3.7805,25.56516667,1.680222222,24.305,923,1687,764,1177.666667,339.5555556,923,2,14,12,6,5.333333333,2,3,3,0,3,0,3,111,141,30,131,13.33333333,141,1.31,1.9,0.59,1.506666667,0.262222222,1.31,2,2,0,2,0,2,0,2,2,0.666666667,0.888888889,0,0,0,0,0,0,0,0,0,0,0,0,0,2,4,2,2.666666667,0.888888889,2,0,0,0,0,0,0,0,4,4,1.333333333,1.777777778,0,0,0,0,0,0,0,0,0,0,0,0,0,0,4,4,1.333333333,1.777777778,0,20.44,22.89,2.45,22.07333333,1.088888889,22.89,0,0.773,0.773,0.257666667,0.343555556,0,0,0,0,0,0,0,194,227,33,205,14.66666667,194
Sr0.9La0.1TiO3,400,5.28,Sr0.9 La0.1 Ti1 O3,8,57,49,17.18,11.016,8,8,87,79,62.5,29.4,87,15.9994,138.90547,122.90607,37.7227494,26.06801928,15.9994,54.8,1941,1886.2,633.94,694.968,54.8,2,16,14,10.82,6.216,16,2,6,4,3.02,1.224,2,66,207,141,110.84,53.808,66,0.95,3.44,2.49,2.565,1.05,3.44,2,2,0,2,0,2,0,4,4,2.4,1.92,4,0,2,2,0.42,0.6552,0,0,0,0,0,0,0,2,6,4,4.82,1.416,6,0,0,0,0,0,0,0,2,2,1.2,0.96,2,0,9,9,1.78,2.7768,0,0,0,0,0,0,0,0,9,9,2.98,2.2488,2,9.105,54.23,45.125,19.30035,13.27856,9.105,0,0,0,0,0,0,0,2.25E-05,2.25E-05,4.51E-06,7.21E-06,0,12,225,213,90.38,94.056,12
Ba7SrAl16Si30,400,2.33,Ba7 Sr1 Al16 Si30,13,56,43,19.59259259,10.12071331,14,8,78,70,66.27777778,17.00823045,78,26.9815386,137.327,110.3454614,43.02182625,26.1012737,28.0855,933.47,1687,753.53,1362.88,360.1333333,1687,2,14,12,11.92592593,2.941015089,14,3,6,3,3.425925926,0.725651578,3,111,215,104,129,24.74074074,111,0.89,1.9,1.01,1.665555556,0.260493827,1.9,2,2,0,2,0,2,0,2,2,1.407407407,0.658436214,2,0,0,0,0,0,0,0,0,0,0,0,0,2,4,2,3.407407407,0.658436214,4,0,0,0,0,0,0,0,5,5,3.703703704,1.09739369,4,0,0,0,0,0,0,0,0,0,0,0,0,0,5,5,3.703703704,1.09739369,4,16.48,63.59,47.11,25.48592593,10.94342936,20.44,0,0.773,0.773,0.429444444,0.381728395,0.773,0,0,0,0,0,0,225,229,4,226.6296296,1.0260631,227
Ca0.9Bi0.1MnO3,400,3.147,Ca0.9 Bi0.1 Mn1 O3,8,83,75,15.06,8.472,8,7,87,80,65.58,26.5208,87,15.9994,208.9804,192.981,31.980897,19.1777964,15.9994,54.8,1519,1464.2,548.268,592.31632,54.8,2,16,14,11.66,5.3416,16,2,6,4,2.84,1.008,2,66,176,110,102.04,43.248,66,1,3.44,2.44,2.5944,1.01472,3.44,2,2,0,2,0,2,0,4,4,2.46,1.8696,4,0,10,10,1.2,1.872,0,0,14,14,0.28,0.5488,0,2,29,27,5.94,1.4184,6,0,0,0,0,0,0,0,3,3,1.26,0.9576,2,0,5,5,1,1.6,0,0,0,0,0,0,0,0,5,5,2.26,1.1256,2,9.105,37.77,28.665,15.01811724,8.907953103,9.105,0,0,0,0,0,0,0,0.000310121,0.000310121,6.20E-05,9.92E-05,0,12,225,213,91.34,98.3816,12
WO2.722,300,8.177,W1 O2.722,8,74,66,25.73240193,25.93637725,8,51,87,36,77.32778076,14.14711486,87,15.9994,183.84,167.8406,61.09359667,65.95722909,15.9994,54.8,3695,3640.2,1032.822569,1430.509098,54.8,6,16,10,13.31327243,3.929754129,16,2,6,4,3.074691026,1.571901652,2,66,162,96,91.79258463,37.72563964,66,2.36,3.44,1.08,3.149833423,0.424413446,3.44,2,2,0,2,0,2,0,4,4,2.925308974,1.571901652,4,0,4,4,1.074691026,1.571901652,0,0,14,14,3.761418592,5.501655781,0,6,20,14,9.761418592,5.501655781,6,0,0,0,0,0,0,0,2,2,1.462654487,0.785950826,2,0,6,6,1.612036539,2.357852477,0,0,0,0,0,0,0,2,6,4,3.074691026,1.571901652,2,9.105,16.05,6.945,10.97093229,2.729214243,9.105,0,0,0,0,0,0,0,0,0,0,0,0,12,229,217,70.30198818,85.2756646,12
SrTi0.8Nb0.2O3,700,6.14,Sr1 Ti0.8 Nb0.2 O3,8,41,33,17.56,11.472,8,8,87,79,62.56,29.328,87,15.9994,92.90638,76.90698,38.4986152,26.99905824,15.9994,54.8,2750,2695.2,663.44,730.368,54.8,2,16,14,10.84,6.192,16,2,5,3,3.04,1.248,2,66,195,129,110.76,53.712,66,0.95,3.44,2.49,2.5644,1.05072,3.44,1,2,1,1.96,0.0768,2,0,4,4,2.4,1.92,4,0,4,4,0.48,0.768,0,0,0,0,0,0,0,2,6,4,4.84,1.4048,6,0,1,1,0.04,0.0768,0,0,2,2,1.2,0.96,2,0,8,8,1.52,2.432,0,0,0,0,0,0,0,0,8,8,2.76,2.016,2,9.105,54.23,45.125,19.7066,13.80936,9.105,0,0,0,0,0,0,0,2.25E-05,2.25E-05,3.61E-06,6.06E-06,0,12,229,217,92.4,96.48,12
NaCo2O4,1000,4.764,Na1 Co2 O4,8,27,19,13.85714286,7.510204082,8,2,87,85,66.57142857,23.34693878,87,15.9994,58.933195,42.933795,29.26482275,16.95335557,15.9994,54.8,1768,1713.2,589.4385714,673.4636735,54.8,1,16,15,11.85714286,4.734693878,16,2,4,2,2.714285714,0.816326531,2,66,166,100,97.42857143,35.91836735,66,0.93,3.44,2.51,2.635714286,0.919183673,3.44,1,2,1,1.857142857,0.244897959,2,0,4,4,2.285714286,1.959183673,4,0,7,7,2,2.857142857,0,0,0,0,0,0,0,1,9,8,6.142857143,1.632653061,6,0,1,1,0.142857143,0.244897959,0,0,2,2,1.142857143,0.979591837,2,0,3,3,0.857142857,1.224489796,0,0,0,0,0,0,0,1,3,2,2.142857143,0.489795918,2,9.105,29.24333333,20.13833333,12.30761905,4.83877551,9.105,0,0,0,0,0,0,0,1.5484712,1.5484712,0.442420343,0.632029061,0,12,229,217,95,94.85714286,12
Tl9BiTe6,300,0.481,Tl9 Bi1 Te6,52,83,31,70.25,13.6875,81,76,90,14,81.875,6.609375,76,127.6,208.9804,81.3804,175.8768813,36.20766094,204.3833,544.4,722.66,178.26,629.585,69.80625,577,13,16,3,14.25,1.40625,13,5,6,1,5.625,0.46875,6,138,148,10,142.5625,3.421875,145,1.62,2.1,0.48,1.825,0.230625,1.62,2,2,0,2,0,2,1,4,3,2.25,1.40625,1,10,10,0,10,0,10,0,14,14,8.75,6.5625,14,16,29,13,23,5.25,27,0,0,0,0,0,0,2,5,3,3.75,1.40625,5,0,0,0,0,0,0,0,0,0,0,0,0,2,5,3,3.75,1.40625,5,26.91,34.76333333,7.853333333,30.2325,3.7378125,26.91,0,0.464,0.464,0.174,0.2175,0,0,0,0,0,0,0,12,194,182,166.875,30.515625,194
Sr0.9Y0.1TiO3,400,6,Sr0.9 Y0.1 Ti1 O3,8,39,31,16.82,10.584,8,8,87,79,62.48,29.424,87,15.9994,88.90585,72.90645,36.722757,24.8680284,15.9994,54.8,1941,1886.2,646.06,709.512,54.8,2,16,14,10.82,6.216,16,2,5,3,3,1.2,2,66,195,129,110.5,53.4,66,0.95,3.44,2.49,2.5674,1.04712,3.44,2,2,0,2,0,2,0,4,4,2.4,1.92,4,0,2,2,0.42,0.6552,0,0,0,0,0,0,0,2,6,4,4.82,1.416,6,0,0,0,0,0,0,0,2,2,1.2,0.96,2,0,9,9,1.78,2.7768,0,0,0,0,0,0,0,0,9,9,2.98,2.2488,2,9.105,54.23,45.125,19.2097,13.13352,9.105,0,0,0,0,0,0,0,2.25E-05,2.25E-05,4.51E-06,7.21E-06,0,12,225,213,90.38,94.056,12
Mo6Te6S2,700,2.931,Mo6 Te6 S2,16,52,36,42.57142857,8.081632653,42,50,90,40,72.57142857,19.34693878,50,32.065,127.6,95.535,100.3921429,23.32102041,95.96,388.36,2896,2507.64,1606.334286,1105.427755,722.66,6,16,10,11.71428571,4.897959184,6,3,5,2,4.714285714,0.489795918,5,105,154,49,140.1428571,11.87755102,138,2.1,2.58,0.48,2.194285714,0.110204082,2.1,1,2,1,1.571428571,0.489795918,1,0,4,4,2.285714286,1.959183673,0,0,10,10,6.428571429,3.06122449,5,0,0,0,0,0,0,6,16,10,10.28571429,4.897959184,6,0,1,1,0.428571429,0.489795918,0,0,2,2,1.142857143,0.979591837,0,0,5,5,2.142857143,2.448979592,0,0,0,0,0,0,0,2,6,4,3.714285714,1.959183673,2,15.69,34.76333333,19.07333333,25.30669643,8.242882653,15.69,0,2.202,2.202,0.513428571,0.48244898,0,0,0,0,0,0,0,70,229,159,173.2857143,47.75510204,152
Si0.8Ge0.2,400,2.52,Si0.8 Ge0.2,14,32,18,17.6,5.76,14,78,79,1,78.2,0.32,78,28.0855,72.64,44.5545,36.9964,14.25744,28.0855,1211.4,1687,475.6,1591.88,152.192,1687,14,14,0,14,1.78E-15,14,3,4,1,3.2,0.32,3,111,120,9,112.8,2.88,111,1.9,2.01,0.11,1.922,0.0352,1.9,2,2,0,2,0,2,2,2,0,2,0,2,0,10,10,2,3.2,0,0,0,0,0,0,0,4,14,10,6,3.2,4,0,0,0,0,0,0,4,4,0,4,0,4,0,0,0,0,0,0,0,0,0,0,0,0,4,4,0,4,0,4,20.44,23.005,2.565,20.953,0.8208,20.44,0.383,0.773,0.39,0.695,0.1248,0.773,0,0,0,0,0,0,225,227,2,226.6,0.64,227
ZrNi1.98Cu0.02Sn,400,6.795,Zr1 Ni1.98 Cu0.02 Sn1,28,50,22,36.505,8.495,28,44,80,36,61.515,9.26735,61,58.6934,118.71,60.0166,81.854463,23.112537,58.6934,505.08,2128,1622.92,1520.41885,509.2959135,1728,4,14,10,9.505,2.7525,10,4,5,1,4.5,0.5,4,124,175,51,140.54,17.23,124,1.33,1.96,0.63,1.77745,0.223725,1.91,1,2,1,1.995,0.00995,2,0,2,2,0.5,0.75,0,2,10,8,7.01,2.505,8,0,0,0,0,0,0,4,14,10,9.505,2.7525,10,0,1,1,0.005,0.00995,0,0,4,4,1,1.5,0,0,8,8,2.99,2.505,2,0,0,0,0,0,0,1,8,7,3.995,2.005,2,10.32,33.285,22.965,19.28375,8.95625,10.32,0,0,0,0,0,0,0,0.5953947,0.5953947,0.294720377,0.29766758,0.5953947,141,225,84,196.25,28.75,225
Ca4.95Na0.05Al2Sb6,700,0.833,Ca4.95 Na0.05 Al2 Sb6,11,51,40,33.19615385,16.43431953,51,2,85,83,53.13461538,35.52662722,85,22.98976928,121.76,98.77023072,75.69682044,42.51985806,121.76,370.87,1115,744.13,986.7241154,97.68701982,903.78,1,15,14,9.688461538,5.921893491,15,3,5,2,4.303846154,0.64260355,5,121,176,55,150.4230769,19.59763314,139,0.93,2.05,1.12,1.578192308,0.445301775,2.05,1,2,1,1.996153846,0.007662722,2,0,3,3,1.538461538,1.349112426,3,0,10,10,4.615384615,4.970414201,10,0,0,0,0,0,0,1,15,14,8.15,6.323076923,15,0,1,1,0.003846154,0.007662722,0,0,5,5,2.153846154,1.656804734,3,0,0,0,0,0,0,0,0,0,0,0,0,0,5,5,2.157692308,1.652071006,3,16.48,37.77,21.29,31.59566667,4.701992308,31.56,0,0,0,0,0,0,0,0,0,0,0,0,166,229,63,197.7846154,29.33964497,166
Si0.7956Ge0.1989P0.0055,700,3.723,Si0.7956 Ge0.1989 P0.0055,14,32,18,17.5857,5.73400854,14,78,83,5,78.2264,0.36024768,78,28.0855,72.64,44.5545,36.96327549,14.19220101,28.0855,317.3,1687,1369.7,1584.86981,162.5095583,1687,14,15,1,14.0055,0.0109395,14,3,4,1,3.1989,0.31867758,3,107,120,13,112.7681,2.87684982,111,1.9,2.19,0.29,1.923474,0.037351829,1.9,2,2,0,2,0,2,2,3,1,2.0055,0.0109395,2,0,10,10,1.989,3.1867758,0,0,0,0,0,0,0,4,14,10,5.9945,3.1845879,4,0,0,0,0,0,0,3,4,1,3.9945,0.0109395,4,0,0,0,0,0,0,0,0,0,0,0,0,3,4,1,3.9945,0.0109395,4,20.44,23.005,2.565,20.96189481,0.830439021,20.44,0.383,1.625,1.242,0.700115,0.126148347,0.773,0,0,0,0,0,0,2,227,225,225.3647,2.60208936,227
Cr1.3Mo6S8,1000,3.192,Cr1.3 Mo6 S8,16,42,26,26.87581699,11.86210432,16,49,88,39,69.78431373,19.04908369,88,32.065,95.96,63.895,58.8153549,29.13305498,32.065,388.36,2896,2507.64,1523.979085,1187.575514,388.36,6,16,10,11.22875817,4.98953394,16,3,5,2,3.869281046,0.909052074,3,105,154,49,127.1045752,23.1158956,105,1.66,2.58,0.92,2.337124183,0.253987782,2.58,1,2,1,1.522875817,0.498953394,2,0,4,4,2.091503268,1.995813576,4,0,5,5,2.385620915,2.49476697,0,0,0,0,0,0,0,6,6,0,6,8.88E-16,6,0,1,1,0.477124183,0.498953394,0,0,2,2,1.045751634,0.997906788,2,0,5,5,2.385620915,2.49476697,0,0,0,0,0,0,0,2,6,4,3.908496732,1.995813576,2,11.19,25.786875,14.596875,20.58705882,5.437716263,25.786875,0,2.202,2.202,1.151372549,1.098695374,2.202,0,0,0,0,0,0,70,229,159,145.8627451,79.33358965,70
Tl2SnTe5,300,5.09,Tl2 Sn1 Te5,50,81,31,59,11,52,76,90,14,85.25,5.9375,90,118.71,204.3833,85.6733,145.684575,29.3493625,127.6,505.08,722.66,217.58,659.0475,79.515625,722.66,13,16,3,15,1.25,16,5,6,1,5.25,0.375,5,138,145,7,139.875,2.5625,138,1.62,2.1,0.48,1.9625,0.171875,2.1,2,2,0,2,0,2,1,4,3,3,1.25,4,10,10,0,10,0,10,0,14,14,3.5,5.25,0,14,27,13,18.5,4.25,16,0,0,0,0,0,0,2,5,3,3,1.25,2,0,0,0,0,0,0,0,0,0,0,0,0,2,5,3,3,1.25,2,26.91,34.76333333,7.853333333,32.61520833,2.852604167,34.76333333,0,0.464,0.464,0.29,0.2175,0.464,0,0,0,0,0,0,141,194,53,161.125,16.4375,152
NaCo2O4,300,1.904,Na1 Co2 O4,8,27,19,13.85714286,7.510204082,8,2,87,85,66.57142857,23.34693878,87,15.9994,58.933195,42.933795,29.26482275,16.95335557,15.9994,54.8,1768,1713.2,589.4385714,673.4636735,54.8,1,16,15,11.85714286,4.734693878,16,2,4,2,2.714285714,0.816326531,2,66,166,100,97.42857143,35.91836735,66,0.93,3.44,2.51,2.635714286,0.919183673,3.44,1,2,1,1.857142857,0.244897959,2,0,4,4,2.285714286,1.959183673,4,0,7,7,2,2.857142857,0,0,0,0,0,0,0,1,9,8,6.142857143,1.632653061,6,0,1,1,0.142857143,0.244897959,0,0,2,2,1.142857143,0.979591837,2,0,3,3,0.857142857,1.224489796,0,0,0,0,0,0,0,1,3,2,2.142857143,0.489795918,2,9.105,29.24333333,20.13833333,12.30761905,4.83877551,9.105,0,0,0,0,0,0,0,1.5484712,1.5484712,0.442420343,0.632029061,0,12,229,217,95,94.85714286,12
TiNiSn,700,5.51,Ti1 Ni1 Sn1,22,50,28,33.33333333,11.11111111,22,43,80,37,61.33333333,12.44444444,43,47.867,118.71,70.843,75.09013333,29.07991111,47.867,505.08,1941,1435.92,1391.36,590.8533333,505.08,4,14,10,9.333333333,3.555555556,4,4,5,1,4.333333333,0.444444444,4,124,160,36,141,12.66666667,124,1.54,1.96,0.42,1.803333333,0.175555556,1.54,2,2,0,2,0,2,0,2,2,0.666666667,0.888888889,0,2,10,8,6.666666667,3.111111111,2,0,0,0,0,0,0,4,14,10,9.333333333,3.555555556,4,0,0,0,0,0,0,0,4,4,1.333333333,1.777777778,0,0,8,8,3.333333333,3.111111111,0,0,0,0,0,0,0,2,8,6,4.666666667,2.222222222,2,10.32,33.285,22.965,20.09833333,8.791111111,10.32,0,0,0,0,0,0,0,0.5953947,0.5953947,0.198472411,0.264614859,0,141,225,84,186.6666667,30.44444444,141
Ba8Ga16Ge30,700,1.3,Ba8 Ga16 Ge30,31,56,25,35.25925926,6.145404664,32,9,79,70,67.14814815,17.22908093,79,69.723,137.327,67.604,81.35896296,16.58312209,72.64,302.91,1211.4,908.49,910.8992593,360.2899314,1211.4,2,14,12,11.92592593,2.941015089,14,4,6,2,4.296296296,0.504801097,4,120,215,95,134.6666667,23.80246914,120,0.89,2.01,1.12,1.784814815,0.265130316,2.01,2,2,0,2,0,2,0,2,2,1.407407407,0.658436214,2,0,10,10,8.518518519,2.524005487,10,0,0,0,0,0,0,2,14,12,11.92592593,2.941015089,14,0,0,0,0,0,0,0,5,5,3.703703704,1.09739369,4,0,0,0,0,0,0,0,0,0,0,0,0,0,5,5,3.703703704,1.09739369,4,18.8575,63.59,44.7325,27.7887037,10.6077915,23.005,0,0.383,0.383,0.212777778,0.189135802,0.383,0,0,0,0,0,0,64,229,165,177.8888889,67.48971193,225
Tl2SnTe5,300,6.75,Tl2 Sn1 Te5,50,81,31,59,11,52,76,90,14,85.25,5.9375,90,118.71,204.3833,85.6733,145.684575,29.3493625,127.6,505.08,722.66,217.58,659.0475,79.515625,722.66,13,16,3,15,1.25,16,5,6,1,5.25,0.375,5,138,145,7,139.875,2.5625,138,1.62,2.1,0.48,1.9625,0.171875,2.1,2,2,0,2,0,2,1,4,3,3,1.25,4,10,10,0,10,0,10,0,14,14,3.5,5.25,0,14,27,13,18.5,4.25,16,0,0,0,0,0,0,2,5,3,3,1.25,2,0,0,0,0,0,0,0,0,0,0,0,0,2,5,3,3,1.25,2,26.91,34.76333333,7.853333333,32.61520833,2.852604167,34.76333333,0,0.464,0.464,0.29,0.2175,0.464,0,0,0,0,0,0,141,194,53,161.125,16.4375,152
In0.1Co4Sb12,300,2.188,In0.1 Co4 Sb12,27,51,24,45.02484472,8.956444582,51,58,85,27,78.22981366,10.09220323,85,58.933195,121.76,62.826805,106.1077379,23.44076665,121.76,429.75,1768,1338.25,1115.548758,324.199375,903.78,9,15,6,13.49689441,2.240654296,15,4,5,1,4.751552795,0.373442383,5,126,142,16,135.7888199,4.864009876,139,1.78,2.05,0.27,2.006086957,0.065460437,2.05,2,2,0,2,0,2,0,3,3,2.242236025,1.12958605,3,7,10,3,9.254658385,1.120327148,10,0,0,0,0,0,0,9,15,6,13.49689441,2.240654296,15,0,0,0,0,0,0,0,5,5,2.267080745,1.126499749,3,0,3,3,0.745341615,1.120327148,0,0,0,0,0,0,0,3,5,2,3.01242236,0.024690405,3,10.245,31.56,21.315,26.21900621,7.961729872,31.56,0,0,0,0,0,0,0,1.5484712,1.5484712,0.384713342,0.578264774,0,139,194,55,172.7888199,10.53971683,166
CaMnO3,300,3.562,Ca1 Mn1 O3,8,25,17,13.8,6.96,8,7,87,80,64,27.6,87,15.9994,54.938045,38.938645,28.602849,15.1241388,15.9994,54.8,1519,1464.2,559.68,605.856,54.8,2,16,14,11.4,5.52,16,2,4,2,2.8,0.96,2,66,176,110,102.6,43.92,66,1,3.44,2.44,2.574,1.0392,3.44,2,2,0,2,0,2,0,4,4,2.4,1.92,4,0,5,5,1,1.6,0,0,0,0,0,0,0,2,7,5,5.4,1.36,6,0,0,0,0,0,0,0,2,2,1.2,0.96,2,0,5,5,1,1.6,0,0,0,0,0,0,0,0,5,5,2.2,1.12,2,9.105,37.77,28.665,15.11451724,9.062193103,9.105,0,0,0,0,0,0,0,0.000310121,0.000310121,6.20E-05,9.92E-05,0,12,225,213,95.6,100.32,12
In1.94Ge0.06O3,300,8.868,In1.94 Ge0.06 O3,8,49,41,24.196,19.4352,8,75,87,12,82.248,5.7024,87,15.9994,114.818,98.8186,55.020704,46.8255648,15.9994,54.8,1211.4,1156.6,214.1598,191.23176,54.8,13,16,3,14.812,1.4256,16,2,5,3,3.188,1.4256,2,66,142,76,96.136,36.1632,66,1.78,3.44,1.66,2.77876,0.793488,3.44,2,2,0,2,0,2,1,4,3,2.812,1.4256,4,0,10,10,4,4.8,0,0,0,0,0,0,0,6,14,8,8.812,3.3744,6,0,0,0,0,0,0,2,5,3,3.188,1.4256,2,0,0,0,0,0,0,0,0,0,0,0,0,2,5,3,3.188,1.4256,2,9.105,24.26,15.155,15.15194,7.256328,9.105,0,0.383,0.383,0.004596,0.009081696,0,0,0,0,0,0,0,12,225,213,63.832,62.1984,12
Zr0.95Nb0.05NiSn,700,6.668,Zr0.95 Nb0.05 Ni1 Sn1,28,50,22,39.35,7.566666667,28,44,80,36,61.71666667,12.18888889,61,58.6934,118.71,60.0166,89.57050633,20.58473756,58.6934,505.08,2750,2244.92,1464.06,639.32,505.08,4,14,10,9.35,3.533333333,10,4,5,1,4.666666667,0.444444444,4,124,175,51,145.8166667,19.08888889,124,1.33,1.96,0.63,1.737833333,0.262888889,1.91,1,2,1,1.983333333,0.032777778,2,0,2,2,0.666666667,0.888888889,0,2,10,8,6.7,3.066666667,8,0,0,0,0,0,0,4,14,10,9.35,3.533333333,10,0,1,1,0.016666667,0.032777778,0,0,4,4,1.333333333,1.777777778,0,0,8,8,3.3,3.066666667,0,0,0,0,0,0,0,2,8,6,4.65,2.2,2,10.32,33.285,22.965,22.18308333,8.042158333,10.32,0,0,0,0,0,0,0,0.5953947,0.5953947,0.1984649,0.264619867,0,141,229,88,187.25,30.83333333,141
CuCr0.95Mg0.05O2,1000,6.988,Cu1 Cr0.95 Mg0.05 O2,8,29,21,17.1,9.2275,8,49,87,38,71.9875,15.0125,87,15.9994,63.546,47.5466,36.53908625,20.84553841,15.9994,54.8,2180,2125.2,896.13,841.33,54.8,2,16,14,12.2,3.8,16,2,4,2,2.9875,0.9875,2,66,141,75,100.775,34.775,66,1.31,3.44,2.13,2.605625,0.834375,3.44,1,2,1,1.5125,0.4996875,2,0,4,4,2,2,4,0,10,10,3.6875,3.7796875,0,0,0,0,0,0,0,2,11,9,7.2,1.9,6,0,1,1,0.4875,0.4996875,0,0,2,2,1,1,2,0,5,5,1.1875,1.8109375,0,0,0,0,0,0,0,0,6,6,2.675,1.579375,2,9.105,22.89,13.785,10.26375,1.15875,9.105,0,0,0,0,0,0,0,0,0,0,0,0,12,229,217,119.0625,107.0625,12
Ba0.8Sr0.2PbO3,700,4.029,Ba0.8 Sr0.2 Pb1 O3,8,82,74,31.68,28.416,8,8,87,79,70.16,24.544,87,15.9994,207.2,191.2006,76.51676,72.620832,15.9994,54.8,1050,995.2,355.002,360.2424,54.8,2,16,14,12.8,4.32,16,2,6,4,3.56,1.872,2,66,215,149,111,54,66,0.89,3.44,2.55,2.7104,0.87552,3.44,2,2,0,2,0,2,0,4,4,2.8,1.44,4,0,10,10,2,3.2,0,0,14,14,2.8,4.48,0,2,28,26,9.6,7.36,6,0,0,0,0,0,0,0,4,4,2,0.8,2,0,0,0,0,0,0,0,0,0,0,0,0,0,4,4,2,0.8,2,9.105,63.59,54.485,23.4286,17.18832,9.105,0,0,0,0,0,0,0,0,0,0,0,0,12,229,217,97.84,103.008,12
Mg2Si0.997Bi0.003,700,3.53,Mg2 Si0.997 Bi0.003,12,83,71,12.73566667,0.980888889,12,68,86,18,71.34133333,4.455111111,68,24.305,208.9804,184.6754,25.74606157,1.921415422,24.305,544.4,1687,1142.6,1176.524067,339.296337,923,2,15,13,6.001,5.334666667,2,3,6,3,3.003,0.005994,3,111,148,37,131.037,13.317926,141,1.31,2.02,0.71,1.506786667,0.262382222,1.31,2,2,0,2,0,2,0,3,3,0.667666667,0.890222222,0,0,10,10,0.01,0.01998,0,0,14,14,0.014,0.027972,0,2,29,27,2.691666667,0.922222222,2,0,0,0,0,0,0,0,4,4,1.332333333,1.776444444,0,0,0,0,0,0,0,0,0,0,0,0,0,0,4,4,1.332333333,1.776444444,0,20.44,32.95,12.51,22.08584333,1.093937202,22.89,0,0.773,0.773,0.256893667,0.343038676,0,0,0,0,0,0,0,12,227,215,204.785,14.76557,194
Ca0.9Tb0.1MnO3,400,1.587,Ca0.9 Tb0.1 Mn1 O3,8,65,57,14.7,8.04,8,7,87,80,64.44,27.072,87,15.9994,158.92535,142.92595,30.979796,17.9764752,15.9994,54.8,1629,1574.2,569.96,618.192,54.8,2,16,14,11.42,5.496,16,2,6,4,2.84,1.008,2,66,194,128,102.96,44.352,66,1,3.44,2.44,2.5782,1.03416,3.44,2,2,0,2,0,2,0,4,4,2.4,1.92,4,0,5,5,1,1.6,0,0,9,9,0.18,0.3528,0,2,11,9,5.58,1.2888,6,0,0,0,0,0,0,0,2,2,1.2,0.96,2,0,5,5,1,1.6,0,0,5,5,0.1,0.196,0,0,5,5,2.3,1.188,2,9.105,37.77,28.665,14.99385057,8.869126437,9.105,0,0,0,0,0,0,0,0.000310121,0.000310121,6.20E-05,9.92E-05,0,12,225,213,94.98,99.576,12
Pb0.97Sr0.02TeNa0.01,400,2.23,Pb0.97 Sr0.02 Te1 Na0.01,11,82,71,66.205,15.32115,52,2,90,88,84.375,5.625,90,22.98976928,207.2,184.2102307,165.2831488,40.65934562,127.6,370.87,1050,679.13,664.9802,65.380196,722.66,1,16,15,14.815,1.185,16,3,6,3,5.475,0.50925,5,138,195,57,142.59,4.59,138,0.93,2.33,1.4,2.1942,0.131726,2.1,1,2,1,1.995,0.00995,2,0,4,4,2.97,1.03,4,0,10,10,9.85,0.2955,10,0,14,14,6.79,6.9937,0,1,28,27,21.605,6.20315,16,0,1,1,0.005,0.00995,0,0,4,4,2.94,1.0282,2,0,0,0,0,0,0,0,0,0,0,0,0,0,4,4,2.945,1.02335,2,28.11,54.23,26.12,31.70353333,3.510329333,34.76333333,0,0.464,0.464,0.232,0.232,0.464,0,0,0,0,0,0,152,229,77,188.52,36.52,152
NbCo1.10Sn,1000,6.773,Nb1 Co1.1 Sn1,27,50,23,38.93548387,8.470343392,27,47,80,33,61.5483871,11.90426639,58,58.933195,118.71,59.776805,89.17512726,21.46201644,58.933195,505.08,2750,2244.92,1677.380645,756.3229969,1768,5,14,9,9.322580645,3.017689906,9,4,5,1,4.64516129,0.4578564,4,126,164,38,142.4516129,13.90218522,126,1.6,1.96,0.36,1.815483871,0.139021852,1.88,1,2,1,1.677419355,0.437044745,2,0,2,2,0.64516129,0.87408949,0,4,10,6,7,1.935483871,7,0,0,0,0,0,0,5,14,9,9.322580645,3.017689906,9,0,1,1,0.322580645,0.437044745,0,0,4,4,1.290322581,1.74817898,0,0,6,6,3,1.935483871,3,0,0,0,0,0,0,3,7,4,4.612903226,1.540062435,3,10.245,33.285,23.04,20.23693548,8.418106139,10.245,0,0,0,0,0,0,0,1.5484712,1.5484712,0.549457523,0.708977448,1.5484712,141,229,88,188.1935484,30.44745057,194
Mo6Te7S,300,2.773,Mo6 Te7 S1,16,52,36,45.14285714,6.857142857,52,50,90,40,72.71428571,19.46938776,90,32.065,127.6,95.535,107.2160714,20.38392857,127.6,388.36,2896,2507.64,1630.212857,1084.960408,722.66,6,16,10,11.71428571,4.897959184,16,3,5,2,4.857142857,0.265306122,5,105,154,49,142.5,9.857142857,138,2.1,2.58,0.48,2.16,0.06,2.1,1,2,1,1.571428571,0.489795918,2,0,4,4,2.285714286,1.959183673,4,0,10,10,7.142857143,2.857142857,10,0,0,0,0,0,0,6,16,10,11,5,16,0,1,1,0.428571429,0.489795918,0,0,2,2,1.142857143,0.979591837,2,0,5,5,2.142857143,2.448979592,0,0,0,0,0,0,0,2,6,4,3.714285714,1.959183673,2,15.69,34.76333333,19.07333333,25.94787202,8.81546131,34.76333333,0,2.202,2.202,0.389285714,0.333673469,0.464,0,0,0,0,0,0,70,229,159,179.1428571,42.73469388,152
CuCr0.98Mg0.02O2,300,7.558,Cu1 Cr0.98 Mg0.02 O2,8,29,21,17.19,9.2419,8,49,87,38,71.845,15.155,87,15.9994,63.546,47.5466,36.7467695,20.87178719,15.9994,54.8,2180,2125.2,905.5575,850.7575,54.8,2,16,14,12.23,3.77,16,2,4,2,2.995,0.995,2,66,141,75,100.76,34.76,66,1.31,3.44,2.13,2.60825,0.83175,3.44,1,2,1,1.505,0.49995,2,0,4,4,2,2,4,0,10,10,3.725,3.76225,0,0,0,0,0,0,0,2,11,9,7.23,1.885,6,0,1,1,0.495,0.49995,0,0,2,2,1,1,2,0,5,5,1.225,1.84975,0,0,0,0,0,0,0,0,6,6,2.72,1.6072,2,9.105,22.89,13.785,10.176,1.071,9.105,0,0,0,0,0,0,0,0,0,0,0,0,12,229,217,119.325,107.325,12
Ca3Co4O9,1000,2.837,Ca3 Co4 O9,8,27,19,15,7.875,8,7,87,80,64.75,25.03125,87,15.9994,58.933195,42.933795,31.24758625,17.15420953,15.9994,54.8,1768,1713.2,681.8875,705.4734375,54.8,2,16,14,11.625,4.921875,16,2,4,2,2.875,0.984375,2,66,176,110,101.625,40.078125,66,1,3.44,2.44,2.5925,0.9534375,3.44,2,2,0,2,0,2,0,4,4,2.25,1.96875,4,0,7,7,1.75,2.625,0,0,0,0,0,0,0,2,9,7,6,1.5,6,0,0,0,0,0,0,0,2,2,1.125,0.984375,2,0,3,3,0.75,1.125,0,0,0,0,0,0,0,0,3,3,1.875,0.703125,2,9.105,37.77,28.665,14.7646875,8.626992188,9.105,0,0,0,0,0,0,0,1.5484712,1.5484712,0.3871178,0.5806767,0,12,225,213,97.4375,96.1171875,12
Cu4.0Mo6S8,300,1.348,Cu4 Mo6 S8,16,42,26,27.55555556,10.27160494,16,50,88,38,70,16,88,32.065,95.96,63.895,60.35911111,25.15032099,32.065,388.36,2896,2507.64,1439.664444,970.8903704,388.36,6,16,10,11.55555556,3.950617284,16,3,5,2,3.888888889,0.790123457,3,105,154,49,127.3333333,19.85185185,105,1.9,2.58,0.68,2.288888889,0.258765432,2.58,1,2,1,1.444444444,0.49382716,2,0,4,4,1.777777778,1.975308642,4,0,10,10,3.888888889,3.456790123,0,0,0,0,0,0,0,6,11,5,7.111111111,1.728395062,6,0,1,1,0.555555556,0.49382716,0,0,2,2,0.888888889,0.987654321,2,0,5,5,1.666666667,2.222222222,0,0,0,0,0,0,0,1,6,5,3.111111111,1.925925926,2,11.07,25.786875,14.716875,19.15083333,5.898703704,25.786875,0,2.202,2.202,0.978666667,1.087407407,2.202,0,0,0,0,0,0,70,229,159,157.4444444,77.72839506,70
CaMn0.96Ru0.04O3,700,3.24,Ca1 Mn0.96 Ru0.04 O3,8,44,36,13.952,7.1424,8,7,87,80,64.032,27.5616,87,15.9994,101.07,85.0706,28.97190464,15.56700557,15.9994,54.8,2607,2552.2,568.384,616.3008,54.8,2,16,14,11.408,5.5104,16,2,5,3,2.808,0.9696,2,66,176,110,102.656,43.9872,66,1,3.44,2.44,2.5792,1.03296,3.44,1,2,1,1.992,0.015872,2,0,4,4,2.4,1.92,4,0,7,7,1.016,1.6256,0,0,0,0,0,0,0,2,8,6,5.408,1.3632,6,0,1,1,0.008,0.015872,0,0,2,2,1.2,0.96,2,0,5,5,0.984,1.5744,0,0,0,0,0,0,0,0,5,5,2.192,1.1072,2,9.105,37.77,28.665,15.13869655,9.052521379,9.105,0,0,0,0,0,0,0,0.000310121,0.000310121,5.95E-05,9.62E-05,0,12,225,213,95.416,100.0992,12
CaMnO3,400,3.067,Ca1 Mn1 O3,8,25,17,13.8,6.96,8,7,87,80,64,27.6,87,15.9994,54.938045,38.938645,28.602849,15.1241388,15.9994,54.8,1519,1464.2,559.68,605.856,54.8,2,16,14,11.4,5.52,16,2,4,2,2.8,0.96,2,66,176,110,102.6,43.92,66,1,3.44,2.44,2.574,1.0392,3.44,2,2,0,2,0,2,0,4,4,2.4,1.92,4,0,5,5,1,1.6,0,0,0,0,0,0,0,2,7,5,5.4,1.36,6,0,0,0,0,0,0,0,2,2,1.2,0.96,2,0,5,5,1,1.6,0,0,0,0,0,0,0,0,5,5,2.2,1.12,2,9.105,37.77,28.665,15.11451724,9.062193103,9.105,0,0,0,0,0,0,0,0.000310121,0.000310121,6.20E-05,9.92E-05,0,12,225,213,95.6,100.32,12
Ca0.9Tb0.1MnO3,700,1.756,Ca0.9 Tb0.1 Mn1 O3,8,65,57,14.7,8.04,8,7,87,80,64.44,27.072,87,15.9994,158.92535,142.92595,30.979796,17.9764752,15.9994,54.8,1629,1574.2,569.96,618.192,54.8,2,16,14,11.42,5.496,16,2,6,4,2.84,1.008,2,66,194,128,102.96,44.352,66,1,3.44,2.44,2.5782,1.03416,3.44,2,2,0,2,0,2,0,4,4,2.4,1.92,4,0,5,5,1,1.6,0,0,9,9,0.18,0.3528,0,2,11,9,5.58,1.2888,6,0,0,0,0,0,0,0,2,2,1.2,0.96,2,0,5,5,1,1.6,0,0,5,5,0.1,0.196,0,0,5,5,2.3,1.188,2,9.105,37.77,28.665,14.99385057,8.869126437,9.105,0,0,0,0,0,0,0,0.000310121,0.000310121,6.20E-05,9.92E-05,0,12,225,213,94.98,99.576,12
Zn4Sb3,400,0.664,Zn4 Sb3,30,51,21,39,10.28571429,30,69,85,16,75.85714286,7.836734694,69,65.38,121.76,56.38,89.54285714,27.61469388,65.38,692.68,903.78,211.1,783.1514286,103.3959184,692.68,12,15,3,13.28571429,1.469387755,12,4,5,1,4.428571429,0.489795918,4,122,139,17,129.2857143,8.326530612,122,1.65,2.05,0.4,1.821428571,0.195918367,1.65,2,2,0,2,0,2,0,3,3,1.285714286,1.469387755,0,10,10,0,10,0,10,0,0,0,0,0,0,12,15,3,13.28571429,1.469387755,12,0,0,0,0,0,0,0,3,3,1.285714286,1.469387755,0,0,0,0,0,0,0,0,0,0,0,0,0,0,3,3,1.285714286,1.469387755,0,13.96,31.56,17.6,21.50285714,8.620408163,13.96,0,0,0,0,0,0,0,0,0,0,0,0,166,194,28,182,13.71428571,194
Ca2.97Na0.03AlSb3,300,1.67,Ca2.97 Na0.03 Al1 Sb3,11,51,40,32.24714286,16.07387755,51,2,85,83,49.83571429,36.75918367,85,22.98976928,121.76,98.77023072,73.1404131,41.67393163,121.76,370.87,1115,744.13,995.3551571,101.5271952,903.78,1,15,14,9.138571429,6.127346939,15,3,5,2,4.281428571,0.615918367,5,121,176,55,152.2428571,20.27755102,139,0.93,2.05,1.12,1.536842857,0.46075102,2.05,1,2,1,1.995714286,0.008534694,2,0,3,3,1.428571429,1.346938776,3,0,10,10,4.285714286,4.897959184,10,0,0,0,0,0,0,1,15,14,7.71,6.248571429,15,0,1,1,0.004285714,0.008534694,0,0,5,5,2,1.714285714,3,0,0,0,0,0,0,0,0,0,0,0,0,0,5,5,2.004285714,1.709387755,3,16.48,37.77,21.29,32.0306,4.870290857,31.56,0,0,0,0,0,0,0,0,0,0,0,0,166,229,63,199.7314286,28.91265306,166
CuCr0.98Mg0.02O2,400,6.709,Cu1 Cr0.98 Mg0.02 O2,8,29,21,17.19,9.2419,8,49,87,38,71.845,15.155,87,15.9994,63.546,47.5466,36.7467695,20.87178719,15.9994,54.8,2180,2125.2,905.5575,850.7575,54.8,2,16,14,12.23,3.77,16,2,4,2,2.995,0.995,2,66,141,75,100.76,34.76,66,1.31,3.44,2.13,2.60825,0.83175,3.44,1,2,1,1.505,0.49995,2,0,4,4,2,2,4,0,10,10,3.725,3.76225,0,0,0,0,0,0,0,2,11,9,7.23,1.885,6,0,1,1,0.495,0.49995,0,0,2,2,1,1,2,0,5,5,1.225,1.84975,0,0,0,0,0,0,0,0,6,6,2.72,1.6072,2,9.105,22.89,13.785,10.176,1.071,9.105,0,0,0,0,0,0,0,0,0,0,0,0,12,229,217,119.325,107.325,12
Ca0.7Tb0.3MnO3,700,1.462,Ca0.7 Tb0.3 Mn1 O3,8,65,57,16.5,10.2,8,7,87,80,65.32,26.016,87,15.9994,158.92535,142.92595,35.73369,23.681148,15.9994,54.8,1629,1574.2,590.52,642.864,54.8,2,16,14,11.46,5.448,16,2,6,4,2.92,1.104,2,66,194,128,103.68,45.216,66,1,3.44,2.44,2.5866,1.02408,3.44,2,2,0,2,0,2,0,4,4,2.4,1.92,4,0,5,5,1,1.6,0,0,9,9,0.54,1.0152,0,2,11,9,5.94,1.1032,6,0,0,0,0,0,0,0,2,2,1.2,0.96,2,0,5,5,1,1.6,0,0,5,5,0.3,0.564,0,0,5,5,2.5,1.3,2,9.105,37.77,28.665,14.75251724,8.482993103,9.105,0,0,0,0,0,0,0,0.000310121,0.000310121,6.20E-05,9.92E-05,0,12,225,213,93.74,98.088,12
Zn0.95Al0.05O,400,20.25,Zn0.95 Al0.05 O1,8,30,22,18.575,10.85375,8,69,87,18,78.1,8.9,87,15.9994,65.38,49.3806,39.72973847,24.36774846,15.9994,54.8,933.47,878.67,379.75975,324.95975,54.8,12,16,4,14.025,1.975,16,2,4,2,2.975,0.975,2,66,122,56,93.975,27.975,66,1.61,3.44,1.83,2.544,0.896,3.44,2,2,0,2,0,2,0,4,4,2.025,1.975,4,0,10,10,4.75,4.9875,0,0,0,0,0,0,0,3,12,9,8.775,3.06375,6,0,0,0,0,0,0,0,5,5,1.125,1.06875,2,0,0,0,0,0,0,0,0,0,0,0,0,0,5,5,1.125,1.06875,2,9.105,16.48,7.375,11.5955,2.4905,9.105,0,0,0,0,0,0,0,0,0,0,0,0,12,225,213,103.775,91.775,12
Ba0.4Sr0.6PbO3,700,1.983,Ba0.4 Sr0.6 Pb1 O3,8,82,74,30.24,26.688,8,8,87,79,70.08,24.672,87,15.9994,207.2,191.2006,72.5402,67.84896,15.9994,54.8,1050,995.2,359.002,365.0424,54.8,2,16,14,12.8,4.32,16,2,6,4,3.48,1.776,2,66,215,149,109.4,52.08,66,0.89,3.44,2.55,2.7152,0.86976,3.44,2,2,0,2,0,2,0,4,4,2.8,1.44,4,0,10,10,2,3.2,0,0,14,14,2.8,4.48,0,2,28,26,9.6,7.36,6,0,0,0,0,0,0,0,4,4,2,0.8,2,0,0,0,0,0,0,0,0,0,0,0,0,0,4,4,2,0.8,2,9.105,63.59,54.485,22.6798,16.28976,9.105,0,0,0,0,0,0,0,0,0,0,0,0,12,229,217,97.52,102.624,12
Fe1.3Mo6S8,300,1.489,Fe1.3 Mo6 S8,16,42,26,27.04575163,11.72882225,16,50,88,38,70.29411765,18.5159554,88,32.065,95.96,63.895,59.14238562,28.8765603,32.065,388.36,2896,2507.64,1492.626144,1154.788124,388.36,6,16,10,11.39869281,4.811824512,16,3,5,2,3.869281046,0.909052074,3,105,154,49,126.5098039,22.4939126,105,1.83,2.58,0.75,2.351568627,0.238882481,2.58,1,2,1,1.607843137,0.476739715,2,0,4,4,2.091503268,1.995813576,4,0,6,6,2.470588235,2.583621684,0,0,0,0,0,0,0,6,8,2,6.169934641,0.310991499,6,0,1,1,0.392156863,0.476739715,0,0,2,2,1.045751634,0.997906788,2,0,5,5,2.300653595,2.405912256,0,0,0,0,0,0,0,2,6,4,3.738562092,1.818104148,2,10.73,25.786875,15.056875,20.54797386,5.478589431,25.786875,0,2.202,2.202,1.151372549,1.098695374,2.202,0,2.1106628,2.1106628,0.179337362,0.328199094,0,70,229,159,145.8627451,79.33358965,70
Ca5Al2Sb6,300,1.54,Ca5 Al2 Sb6,13,51,38,33.23076923,16.40236686,51,7,85,78,53.15384615,35.50295858,85,26.9815386,121.76,94.7784614,75.7625444,42.45918978,121.76,903.78,1115,211.22,989.5861538,96.47218935,903.78,2,15,13,9.692307692,5.917159763,15,3,5,2,4.307692308,0.639053254,5,121,176,55,150.4615385,19.64497041,139,1,2.05,1.05,1.578461538,0.444970414,2.05,2,2,0,2,0,2,0,3,3,1.538461538,1.349112426,3,0,10,10,4.615384615,4.970414201,10,0,0,0,0,0,0,2,15,13,8.153846154,6.319526627,15,0,0,0,0,0,0,0,5,5,2.153846154,1.656804734,3,0,0,0,0,0,0,0,0,0,0,0,0,0,5,5,2.153846154,1.656804734,3,16.48,37.77,21.29,31.62846154,4.724260355,31.56,0,0,0,0,0,0,0,0,0,0,0,0,166,225,59,197.7692308,29.32544379,166
La3Te3.35Bi0.65,400,1.83,La3 Te3.35 Bi0.65,52,83,31,57.02142857,4.824591837,52,13,90,77,56.62857143,37.39591837,90,127.6,208.9804,81.3804,140.0019529,12.81028304,127.6,544.4,1193,648.6,907.6815714,244.5586531,722.66,3,16,13,10.33571429,6.287755102,16,5,6,1,5.521428571,0.499081633,5,138,207,69,168.5,33,138,1.1,2.1,1,1.664,0.483428571,2.1,2,2,0,2,0,2,0,4,4,2.192857143,1.879591837,4,1,10,9,6.142857143,4.408163265,10,0,14,14,1.3,2.358571429,0,3,29,26,11.63571429,7.402040816,16,0,0,0,0,0,0,0,3,3,1.235714286,1.059183673,2,0,9,9,3.857142857,4.408163265,0,0,0,0,0,0,0,2,9,7,5.092857143,3.348979592,2,32.95,36.8975,3.9475,35.50959524,1.189632653,34.76333333,0,0.464,0.464,0.222057143,0.231573878,0.464,0,0,0,0,0,0,12,194,182,157,31.71428571,152
In1.9Ge0.1O3,1000,2.514,In1.9 Ge0.1 O3,8,49,41,24.06,19.272,8,75,87,12,82.28,5.664,87,15.9994,114.818,98.8186,54.68328,46.420656,15.9994,54.8,1211.4,1156.6,220.413,198.7356,54.8,13,16,3,14.82,1.416,16,2,5,3,3.18,1.416,2,66,142,76,95.96,35.952,66,1.78,3.44,1.66,2.7806,0.79128,3.44,2,2,0,2,0,2,1,4,3,2.82,1.416,4,0,10,10,4,4.8,0,0,0,0,0,0,0,6,14,8,8.82,3.384,6,0,0,0,0,0,0,2,5,3,3.18,1.416,2,0,0,0,0,0,0,0,0,0,0,0,0,2,5,3,3.18,1.416,2,9.105,24.26,15.155,15.1419,7.24428,9.105,0,0.383,0.383,0.00766,0.0150136,0,0,0,0,0,0,0,12,225,213,64.52,63.024,12
K2Bi8Se13,300,1.285,K2 Bi8 Se13,19,83,64,49.73913043,23.13799622,34,3,89,86,80.47826087,13.47448015,89,39.0983,208.9804,169.8821,120.7182522,61.39975501,78.96,336.53,544.4,207.87,497.8373913,32.39137996,494,1,16,15,14.34782609,2.321361059,16,4,6,2,4.695652174,0.907372401,4,120,203,83,136.9565217,19.16824197,120,0.82,2.55,1.73,2.215217391,0.378449905,2.55,1,2,1,1.913043478,0.15879017,2,0,4,4,3.304347826,0.786389414,4,0,10,10,9.130434783,1.587901701,10,0,14,14,4.869565217,6.351606805,0,1,29,28,19.2173913,6.805293006,16,0,1,1,0.086956522,0.15879017,0,0,3,3,2.173913043,0.574669187,2,0,0,0,0,0,0,0,0,0,0,0,0,1,3,2,2.260869565,0.514177694,2,25.92,73.10666667,47.18666667,32.4684058,7.402545684,25.92,0,0.799,0.799,0.451608696,0.392703214,0.799,0,0,0,0,0,0,12,229,217,32,34.26086957,14
Ba8Au5.59Si39.01,700,2.41,Ba8 Au5.59 Si39.01,14,79,65,27.29562738,19.72100471,14,9,78,69,66.23041825,17.45746707,78,28.0855,196.966569,168.881069,62.64780372,51.26522693,28.0855,1000,1687,687,1545.352561,210.1013917,1687,2,14,12,11.85608365,3.180006723,14,3,6,3,3.775095057,1.149675216,3,111,215,104,129.4743346,27.40242558,111,0.89,2.54,1.65,1.814403042,0.281187237,1.9,1,2,1,1.893726236,0.189959303,2,0,2,2,1.483269962,0.766450144,2,0,10,10,1.062737643,1.899593026,0,0,14,14,1.4878327,2.659430236,0,2,25,23,5.92756654,4.053798595,4,0,1,1,0.106273764,0.189959303,0,0,4,4,2.966539924,1.532900288,4,0,0,0,0,0,0,0,0,0,0,0,0,0,4,4,3.072813688,1.375267605,4,16.7,63.59,46.89,26.60527376,11.25010684,20.44,0,0.773,0.773,0.57328384,0.296232981,0.773,0,0,0,0,0,0,225,229,4,227.091635,0.580491261,227
Ba8Au6.10Si38.97,400,2.33,Ba8 Au6.1 Si38.97,14,79,65,27.80252497,20.27075176,14,9,78,69,66.21933296,17.30139795,78,28.0855,196.966569,168.881069,63.96465057,52.69306568,28.0855,1000,1687,687,1543.246712,211.1198657,1687,2,14,12,11.84624081,3.163067476,14,3,6,3,3.797060486,1.170584027,3,111,215,104,129.5509704,27.24444383,111,0.89,2.54,1.65,1.821311475,0.280779793,1.9,1,2,1,1.885057471,0.203461488,2,0,2,2,1.468626343,0.780389351,2,0,10,10,1.149425287,2.034614876,0,0,14,14,1.609195402,2.848460827,0,2,25,23,6.112304503,4.341998965,4,0,1,1,0.114942529,0.203461488,0,0,4,4,2.937252685,1.560778702,4,0,0,0,0,0,0,0,0,0,0,0,0,0,4,4,3.052195214,1.391971077,4,16.7,63.59,46.89,26.51473149,11.1777708,20.44,0,0.773,0.773,0.567624081,0.301620484,0.773,0,0,0,0,0,0,225,229,4,227.0716035,0.581389548,227
Mg2Si,400,6.15,Mg2 Si1,12,14,2,12.66666667,0.888888889,12,68,78,10,71.33333333,4.444444444,68,24.305,28.0855,3.7805,25.56516667,1.680222222,24.305,923,1687,764,1177.666667,339.5555556,923,2,14,12,6,5.333333333,2,3,3,0,3,0,3,111,141,30,131,13.33333333,141,1.31,1.9,0.59,1.506666667,0.262222222,1.31,2,2,0,2,0,2,0,2,2,0.666666667,0.888888889,0,0,0,0,0,0,0,0,0,0,0,0,0,2,4,2,2.666666667,0.888888889,2,0,0,0,0,0,0,0,4,4,1.333333333,1.777777778,0,0,0,0,0,0,0,0,0,0,0,0,0,0,4,4,1.333333333,1.777777778,0,20.44,22.89,2.45,22.07333333,1.088888889,22.89,0,0.773,0.773,0.257666667,0.343555556,0,0,0,0,0,0,0,194,227,33,205,14.66666667,194
La3Te3.35Sb0.65,700,1.17,La3 Te3.35 Sb0.65,51,57,6,54.05,2.528571429,52,13,90,77,56.53571429,37.31632653,90,121.76,138.90547,17.14547,131.9029157,6.002189388,127.6,722.66,1193,470.34,941.0525714,215.9549388,722.66,3,16,13,10.33571429,6.287755102,16,5,6,1,5.428571429,0.489795918,5,138,207,69,167.6642857,33.71632653,138,1.1,2.1,1,1.666785714,0.485816327,2.1,2,2,0,2,0,2,0,4,4,2.192857143,1.879591837,4,1,10,9,6.142857143,4.408163265,10,0,0,0,0,0,0,3,16,13,10.33571429,6.287755102,16,0,0,0,0,0,0,0,3,3,1.235714286,1.059183673,2,0,9,9,3.857142857,4.408163265,0,0,0,0,0,0,0,2,9,7,5.092857143,3.348979592,2,31.56,36.8975,5.3375,35.38052381,1.300265306,34.76333333,0,0.464,0.464,0.222057143,0.231573878,0.464,0,0,0,0,0,0,152,194,42,171.3,19.45714286,152
NbCo1.05Sn,700,7.232,Nb1 Co1.05 Sn1,27,50,23,39.13114754,8.352593389,27,47,80,33,61.60655738,12.06127385,58,58.933195,118.71,59.776805,89.67089664,21.16366342,58.933195,505.08,2750,2244.92,1675.895082,767.7475947,1768,5,14,9,9.327868852,3.063692556,9,4,5,1,4.655737705,0.451491535,4,126,164,38,142.7213115,13.95323838,126,1.6,1.96,0.36,1.81442623,0.140607364,1.88,1,2,1,1.672131148,0.440741736,2,0,2,2,0.655737705,0.881483472,0,4,10,6,7,1.967213115,7,0,0,0,0,0,0,5,14,9,9.327868852,3.063692556,9,0,1,1,0.327868852,0.440741736,0,0,4,4,1.31147541,1.762966944,0,0,6,6,3,1.967213115,3,0,0,0,0,0,0,3,7,4,4.639344262,1.547970976,3,10.245,33.285,23.04,20.4007377,8.448696587,10.245,0,0,0,0,0,0,0,1.5484712,1.5484712,0.533080249,0.699121638,1.5484712,141,229,88,188.0983607,30.88417092,194
WO2.722,1000,6.295,W1 O2.722,8,74,66,25.73240193,25.93637725,8,51,87,36,77.32778076,14.14711486,87,15.9994,183.84,167.8406,61.09359667,65.95722909,15.9994,54.8,3695,3640.2,1032.822569,1430.509098,54.8,6,16,10,13.31327243,3.929754129,16,2,6,4,3.074691026,1.571901652,2,66,162,96,91.79258463,37.72563964,66,2.36,3.44,1.08,3.149833423,0.424413446,3.44,2,2,0,2,0,2,0,4,4,2.925308974,1.571901652,4,0,4,4,1.074691026,1.571901652,0,0,14,14,3.761418592,5.501655781,0,6,20,14,9.761418592,5.501655781,6,0,0,0,0,0,0,0,2,2,1.462654487,0.785950826,2,0,6,6,1.612036539,2.357852477,0,0,0,0,0,0,0,2,6,4,3.074691026,1.571901652,2,9.105,16.05,6.945,10.97093229,2.729214243,9.105,0,0,0,0,0,0,0,0,0,0,0,0,12,229,217,70.30198818,85.2756646,12
CaGd0.94Mn0.06O3,1000,1.945,Ca1 Gd0.94 Mn0.06 O3,8,64,56,21.132,16.2112,8,7,87,80,59.3,33.24,87,15.9994,157.25,141.2506,47.83749654,41.30951446,15.9994,54.8,1586,1531.2,572.276,620.9712,54.8,2,16,14,10.648,6.4224,16,2,6,4,3.176,1.4112,2,66,196,130,113.316,56.7792,66,1,3.44,2.44,2.5082,1.11816,3.44,2,2,0,2,0,2,0,4,4,2.4,1.92,4,0,5,5,0.248,0.3968,0,0,7,7,1.316,2.137184,0,2,10,8,5.964,1.5856,6,0,0,0,0,0,0,0,2,2,1.2,0.96,2,0,9,9,1.752,2.8032,0,0,7,7,1.316,2.137184,0,0,16,16,4.268,4.4288,2,9.105,37.77,28.665,19.16825103,12.2842372,9.105,0,0,0,0,0,0,0,0.000310121,0.000310121,3.72E-06,7.35E-06,0,12,225,213,91.276,95.1312,12
Ca0.9Bi0.1MnO3,300,3.591,Ca0.9 Bi0.1 Mn1 O3,8,83,75,15.06,8.472,8,7,87,80,65.58,26.5208,87,15.9994,208.9804,192.981,31.980897,19.1777964,15.9994,54.8,1519,1464.2,548.268,592.31632,54.8,2,16,14,11.66,5.3416,16,2,6,4,2.84,1.008,2,66,176,110,102.04,43.248,66,1,3.44,2.44,2.5944,1.01472,3.44,2,2,0,2,0,2,0,4,4,2.46,1.8696,4,0,10,10,1.2,1.872,0,0,14,14,0.28,0.5488,0,2,29,27,5.94,1.4184,6,0,0,0,0,0,0,0,3,3,1.26,0.9576,2,0,5,5,1,1.6,0,0,0,0,0,0,0,0,5,5,2.26,1.1256,2,9.105,37.77,28.665,15.01811724,8.907953103,9.105,0,0,0,0,0,0,0,0.000310121,0.000310121,6.20E-05,9.92E-05,0,12,225,213,91.34,98.3816,12
SrNd0.24Ti0.76O3,700,3.76,Sr1 Nd0.24 Ti0.76 O3,8,60,52,18.624,12.7488,8,8,87,79,61.248,30.9024,87,15.9994,144.242,128.2426,41.32304,30.388368,15.9994,54.8,1941,1886.2,600.024,654.2688,54.8,2,16,14,10.752,6.2976,16,2,6,4,3.096,1.3152,2,66,201,135,112.568,55.8816,66,0.95,3.44,2.49,2.5428,1.07664,3.44,2,2,0,2,0,2,0,4,4,2.4,1.92,4,0,2,2,0.304,0.515584,0,0,4,4,0.192,0.365568,0,2,6,4,4.896,1.430784,6,0,0,0,0,0,0,0,2,2,1.2,0.96,2,0,8,8,1.216,2.062336,0,0,10,10,0.48,0.91392,0,0,10,10,2.896,2.2336,2,9.105,54.23,45.125,20.51676,14.85744704,9.105,0,0,0,0,0,0,0,2.25E-05,2.25E-05,3.43E-06,5.81E-06,0,12,225,213,91,94.8,12
Sr0.9La0.1TiO3,300,5.88,Sr0.9 La0.1 Ti1 O3,8,57,49,17.18,11.016,8,8,87,79,62.5,29.4,87,15.9994,138.90547,122.90607,37.7227494,26.06801928,15.9994,54.8,1941,1886.2,633.94,694.968,54.8,2,16,14,10.82,6.216,16,2,6,4,3.02,1.224,2,66,207,141,110.84,53.808,66,0.95,3.44,2.49,2.565,1.05,3.44,2,2,0,2,0,2,0,4,4,2.4,1.92,4,0,2,2,0.42,0.6552,0,0,0,0,0,0,0,2,6,4,4.82,1.416,6,0,0,0,0,0,0,0,2,2,1.2,0.96,2,0,9,9,1.78,2.7768,0,0,0,0,0,0,0,0,9,9,2.98,2.2488,2,9.105,54.23,45.125,19.30035,13.27856,9.105,0,0,0,0,0,0,0,2.25E-05,2.25E-05,4.51E-06,7.21E-06,0,12,225,213,90.38,94.056,12
Mn1.3Mo6S8,400,1.627,Mn1.3 Mo6 S8,16,42,26,26.96078431,11.79546328,16,50,88,38,70.03921569,18.78251954,88,32.065,95.96,63.895,59.06532408,28.93700072,32.065,388.36,2896,2507.64,1467.815686,1128.842548,388.36,6,16,10,11.31372549,4.900679226,16,3,5,2,3.869281046,0.909052074,3,105,154,49,127.1045752,23.1158956,105,1.55,2.58,1.03,2.327777778,0.263761801,2.58,1,2,1,1.607843137,0.476739715,2,0,4,4,2.091503268,1.995813576,4,0,5,5,2.385620915,2.49476697,0,0,0,0,0,0,0,6,7,1,6.08496732,0.155495749,6,0,1,1,0.392156863,0.476739715,0,0,2,2,1.045751634,0.997906788,2,0,5,5,2.385620915,2.49476697,0,0,0,0,0,0,0,2,6,4,3.823529412,1.906958862,2,10.48758621,25.786875,15.29928879,20.52737661,5.50012904,25.786875,0,2.202,2.202,1.151372549,1.098695374,2.202,0,0.000310121,0.000310121,2.64E-05,4.82E-05,0,70,229,159,144.8431373,78.26733308,70
In1.998Ge0.002O3,700,3.923,In1.998 Ge0.002 O3,8,49,41,24.3932,19.67184,8,75,87,12,82.2016,5.75808,87,15.9994,114.818,98.8186,55.5099688,47.41268256,15.9994,54.8,1211.4,1156.6,205.09266,180.351192,54.8,13,16,3,14.8004,1.43952,16,2,5,3,3.1996,1.43952,2,66,142,76,96.3912,36.46944,66,1.78,3.44,1.66,2.776092,0.7966896,3.44,2,2,0,2,0,2,1,4,3,2.8004,1.43952,4,0,10,10,4,4.8,0,0,0,0,0,0,0,6,14,8,8.8004,3.36048,6,0,0,0,0,0,0,2,5,3,3.1996,1.43952,2,0,0,0,0,0,0,0,0,0,0,0,0,2,5,3,3.1996,1.43952,2,9.105,24.26,15.155,15.166498,7.2737976,9.105,0,0.383,0.383,0.0001532,0.000306277,0,0,0,0,0,0,0,12,225,213,62.8344,61.00128,12
Ca0.7Y0.3MnO3,400,1.467,Ca0.7 Y0.3 Mn1 O3,8,39,31,14.94,8.328,8,7,87,80,64.3,27.24,87,15.9994,88.90585,72.90645,31.53252,18.639744,15.9994,54.8,1799,1744.2,600.72,655.104,54.8,2,16,14,11.46,5.448,16,2,5,3,2.86,1.032,2,66,190,124,103.44,44.928,66,1,3.44,2.44,2.5872,1.02336,3.44,2,2,0,2,0,2,0,4,4,2.4,1.92,4,0,5,5,1.06,1.576,0,0,0,0,0,0,0,2,7,5,5.46,1.264,6,0,0,0,0,0,0,0,2,2,1.2,0.96,2,0,9,9,1.54,2.2792,0,0,0,0,0,0,0,0,9,9,2.74,1.6552,2,9.105,37.77,28.665,14.79021724,8.543313103,9.105,0,0,0,0,0,0,0,0.000310121,0.000310121,6.20E-05,9.92E-05,0,12,225,213,93.74,98.088,12
CaMnO3,700,2.047,Ca1 Mn1 O3,8,25,17,13.8,6.96,8,7,87,80,64,27.6,87,15.9994,54.938045,38.938645,28.602849,15.1241388,15.9994,54.8,1519,1464.2,559.68,605.856,54.8,2,16,14,11.4,5.52,16,2,4,2,2.8,0.96,2,66,176,110,102.6,43.92,66,1,3.44,2.44,2.574,1.0392,3.44,2,2,0,2,0,2,0,4,4,2.4,1.92,4,0,5,5,1,1.6,0,0,0,0,0,0,0,2,7,5,5.4,1.36,6,0,0,0,0,0,0,0,2,2,1.2,0.96,2,0,5,5,1,1.6,0,0,0,0,0,0,0,0,5,5,2.2,1.12,2,9.105,37.77,28.665,15.11451724,9.062193103,9.105,0,0,0,0,0,0,0,0.000310121,0.000310121,6.20E-05,9.92E-05,0,12,225,213,95.6,100.32,12
Ca0.7Ho0.3MnO3,700,1.417,Ca0.7 Ho0.3 Mn1 O3,8,67,59,16.62,10.344,8,7,87,80,65.56,25.728,87,15.9994,164.93032,148.93092,36.0939882,24.11350584,15.9994,54.8,1747,1692.2,597.6,651.36,54.8,2,16,14,11.46,5.448,16,2,6,4,2.92,1.104,2,66,192,126,103.56,45.072,66,1,3.44,2.44,2.5878,1.02264,3.44,2,2,0,2,0,2,0,4,4,2.4,1.92,4,0,5,5,1,1.6,0,0,11,11,0.66,1.2408,0,2,13,11,6.06,1.2088,6,0,0,0,0,0,0,0,2,2,1.2,0.96,2,0,5,5,1,1.6,0,0,3,3,0.18,0.3384,0,0,5,5,2.38,1.1224,2,9.105,37.77,28.665,14.69231724,8.386673103,9.105,0,0,0,0,0,0,0,0.000310121,0.000310121,6.20E-05,9.92E-05,0,12,225,213,93.74,98.088,12
Ca0.9Ho0.1MnO3,300,1.637,Ca0.9 Ho0.1 Mn1 O3,8,67,59,14.74,8.088,8,7,87,80,64.52,26.976,87,15.9994,164.93032,148.93092,31.0998954,18.12059448,15.9994,54.8,1747,1692.2,572.32,621.024,54.8,2,16,14,11.42,5.496,16,2,6,4,2.84,1.008,2,66,192,126,102.92,44.304,66,1,3.44,2.44,2.5786,1.03368,3.44,2,2,0,2,0,2,0,4,4,2.4,1.92,4,0,5,5,1,1.6,0,0,11,11,0.22,0.4312,0,2,13,11,5.62,1.3032,6,0,0,0,0,0,0,0,2,2,1.2,0.96,2,0,5,5,1,1.6,0,0,3,3,0.06,0.1176,0,0,5,5,2.26,1.1256,2,9.105,37.77,28.665,14.97378391,8.83701977,9.105,0,0,0,0,0,0,0,0.000310121,0.000310121,6.20E-05,9.92E-05,0,12,225,213,94.98,99.576,12
SrDy0.08Ti0.92O3,700,3.17,Sr1 Dy0.08 Ti0.92 O3,8,66,58,17.504,11.4048,8,8,87,79,62.208,29.7504,87,15.9994,162.5,146.5006,38.531168,27.0381216,15.9994,54.8,1941,1886.2,626.984,686.6208,54.8,2,16,14,10.784,6.2592,16,2,6,4,3.032,1.2384,2,66,195,129,111.112,54.1344,66,0.95,3.44,2.49,2.55688,1.059744,3.44,2,2,0,2,0,2,0,4,4,2.4,1.92,4,0,2,2,0.368,0.600576,0,0,10,10,0.16,0.31488,0,2,12,10,4.928,1.512704,6,0,0,0,0,0,0,0,2,2,1.2,0.96,2,0,8,8,1.472,2.402304,0,0,4,4,0.064,0.125952,0,0,8,8,2.736,1.9776,2,9.105,54.23,45.125,19.8798,14.1036064,9.105,0,0,0,0,0,0,0,2.25E-05,2.25E-05,4.15E-06,6.77E-06,0,12,225,213,91,94.8,12
Ca2.4Na0.3Bi0.3Co4O9,1000,1.75,Ca2.4 Na0.3 Bi0.3 Co4 O9,8,83,75,16.0125,9.20203125,8,2,87,85,66.1375,24.21515625,87,15.9994,208.9804,192.981,34.09410192,20.77295214,15.9994,54.8,1768,1713.2,657.2363125,692.71095,54.8,1,16,15,11.85,4.786875,16,2,6,4,2.89375,1.00546875,2,66,176,110,100.9125,39.2765625,66,0.93,3.44,2.51,2.6103125,0.933398438,3.44,1,2,1,1.98125,0.036796875,2,0,4,4,2.30625,1.931484375,4,0,10,10,1.9375,2.83359375,0,0,14,14,0.2625,0.51515625,0,1,29,28,6.4875,2.10046875,6,0,1,1,0.01875,0.036796875,0,0,3,3,1.18125,0.989296875,2,0,3,3,0.75,1.125,0,0,0,0,0,0,0,0,3,3,1.95,0.620625,2,9.105,37.77,28.665,14.5144375,8.220335937,9.105,0,0,0,0,0,0,0,1.5484712,1.5484712,0.3871178,0.5806767,0,12,229,217,93.51875,94.76554688,12
Ba8Au6.10Si38.97,300,2.18,Ba8 Au6.1 Si38.97,14,79,65,27.80252497,20.27075176,14,9,78,69,66.21933296,17.30139795,78,28.0855,196.966569,168.881069,63.96465057,52.69306568,28.0855,1000,1687,687,1543.246712,211.1198657,1687,2,14,12,11.84624081,3.163067476,14,3,6,3,3.797060486,1.170584027,3,111,215,104,129.5509704,27.24444383,111,0.89,2.54,1.65,1.821311475,0.280779793,1.9,1,2,1,1.885057471,0.203461488,2,0,2,2,1.468626343,0.780389351,2,0,10,10,1.149425287,2.034614876,0,0,14,14,1.609195402,2.848460827,0,2,25,23,6.112304503,4.341998965,4,0,1,1,0.114942529,0.203461488,0,0,4,4,2.937252685,1.560778702,4,0,0,0,0,0,0,0,0,0,0,0,0,0,4,4,3.052195214,1.391971077,4,16.7,63.59,46.89,26.51473149,11.1777708,20.44,0,0.773,0.773,0.567624081,0.301620484,0.773,0,0,0,0,0,0,225,229,4,227.0716035,0.581389548,227
ZrNi1.98Cu0.02Sn,300,7.98,Zr1 Ni1.98 Cu0.02 Sn1,28,50,22,36.505,8.495,28,44,80,36,61.515,9.26735,61,58.6934,118.71,60.0166,81.854463,23.112537,58.6934,505.08,2128,1622.92,1520.41885,509.2959135,1728,4,14,10,9.505,2.7525,10,4,5,1,4.5,0.5,4,124,175,51,140.54,17.23,124,1.33,1.96,0.63,1.77745,0.223725,1.91,1,2,1,1.995,0.00995,2,0,2,2,0.5,0.75,0,2,10,8,7.01,2.505,8,0,0,0,0,0,0,4,14,10,9.505,2.7525,10,0,1,1,0.005,0.00995,0,0,4,4,1,1.5,0,0,8,8,2.99,2.505,2,0,0,0,0,0,0,1,8,7,3.995,2.005,2,10.32,33.285,22.965,19.28375,8.95625,10.32,0,0,0,0,0,0,0,0.5953947,0.5953947,0.294720377,0.29766758,0.5953947,141,225,84,196.25,28.75,225
Ca0.7Ho0.3MnO3,1000,1.599,Ca0.7 Ho0.3 Mn1 O3,8,67,59,16.62,10.344,8,7,87,80,65.56,25.728,87,15.9994,164.93032,148.93092,36.0939882,24.11350584,15.9994,54.8,1747,1692.2,597.6,651.36,54.8,2,16,14,11.46,5.448,16,2,6,4,2.92,1.104,2,66,192,126,103.56,45.072,66,1,3.44,2.44,2.5878,1.02264,3.44,2,2,0,2,0,2,0,4,4,2.4,1.92,4,0,5,5,1,1.6,0,0,11,11,0.66,1.2408,0,2,13,11,6.06,1.2088,6,0,0,0,0,0,0,0,2,2,1.2,0.96,2,0,5,5,1,1.6,0,0,3,3,0.18,0.3384,0,0,5,5,2.38,1.1224,2,9.105,37.77,28.665,14.69231724,8.386673103,9.105,0,0,0,0,0,0,0,0.000310121,0.000310121,6.20E-05,9.92E-05,0,12,225,213,93.74,98.088,12
Ti0.95Nb0.05NiSn,400,6.378,Ti0.95 Nb0.05 Ni1 Sn1,22,50,28,33.65,11.145,28,43,80,37,61.4,12.4,61,47.867,118.71,70.843,75.84078967,29.14832657,58.6934,505.08,2750,2244.92,1404.843333,599.8422222,505.08,4,14,10,9.35,3.533333333,10,4,5,1,4.35,0.455,4,124,164,40,141.0666667,12.75555556,124,1.54,1.96,0.42,1.804333333,0.174222222,1.91,1,2,1,1.983333333,0.032777778,2,0,2,2,0.666666667,0.888888889,0,2,10,8,6.7,3.066666667,8,0,0,0,0,0,0,4,14,10,9.35,3.533333333,10,0,1,1,0.016666667,0.032777778,0,0,4,4,1.333333333,1.777777778,0,0,8,8,3.3,3.066666667,0,0,0,0,0,0,0,2,8,6,4.65,2.2,2,10.32,33.285,22.965,20.12316667,8.774555556,10.32,0,0,0,0,0,0,0,0.5953947,0.5953947,0.198472036,0.26461511,0,141,229,88,187.25,30.83333333,141
Zr0.99Nb0.01NiSn,700,6.052,Zr0.99 Nb0.01 Ni1 Sn1,28,50,22,39.33666667,7.557777778,28,44,80,36,61.67666667,12.21555556,61,58.6934,118.71,60.0166,89.5480746,20.56978307,58.6934,505.08,2750,2244.92,1455.766667,633.7911111,505.08,4,14,10,9.336666667,3.551111111,10,4,5,1,4.666666667,0.444444444,4,124,175,51,145.9633333,19.28444444,124,1.33,1.96,0.63,1.734233333,0.267688889,1.91,1,2,1,1.996666667,0.006644444,2,0,2,2,0.666666667,0.888888889,0,2,10,8,6.673333333,3.102222222,8,0,0,0,0,0,0,4,14,10,9.336666667,3.551111111,10,0,1,1,0.003333333,0.006644444,0,0,4,4,1.333333333,1.777777778,0,0,8,8,3.326666667,3.102222222,0,0,0,0,0,0,0,2,8,6,4.663333333,2.217777778,2,10.32,33.285,22.965,22.24995,7.980433,10.32,0,0,0,0,0,0,0,0.5953947,0.5953947,0.1984649,0.264619867,0,141,229,88,186.7833333,30.52222222,141
Fe1.94Ti0.06O3,700,4.34,Fe1.94 Ti0.06 O3,8,26,18,15.152,8.5824,8,43,87,44,74.056,15.5328,87,15.9994,55.845,39.8456,31.841904,19.0110048,15.9994,54.8,1941,1886.2,758.84,844.848,54.8,4,16,12,12.752,3.8976,16,2,4,2,2.8,0.96,2,66,160,94,92.736,32.0832,66,1.54,3.44,1.9,2.79252,0.776976,3.44,2,2,0,2,0,2,0,4,4,2.4,1.92,4,0,6,6,2.352,2.830848,0,0,0,0,0,0,0,4,8,4,6.752,0.968448,6,0,0,0,0,0,0,0,2,2,1.2,0.96,2,0,8,8,1.648,1.9776,0,0,0,0,0,0,0,2,8,6,2.848,1.0176,2,9.105,16.69,7.585,9.82652,0.865824,9.105,0,0,0,0,0,0,0,2.1106628,2.1106628,0.818937437,1.002378882,0,12,229,217,98.38,103.656,12
Na0.02Pb0.98Te,400,2.675,Na0.02 Pb0.98 Te1,11,82,71,66.29,15.3958,52,2,90,88,84.71,5.29,90,22.98976928,207.2,184.2102307,165.5578977,40.80926026,127.6,370.87,722.66,351.79,659.3376,63.3224,722.66,1,16,15,14.87,1.13,16,3,6,3,5.47,0.5194,5,138,166,28,142.2,4.2,138,0.93,2.33,1.4,2.201,0.12642,2.1,1,2,1,1.99,0.0198,2,0,4,4,2.98,1.02,4,0,10,10,9.9,0.198,10,0,14,14,6.86,6.9972,0,1,28,27,21.73,6.1446,16,0,1,1,0.01,0.0198,0,0,4,4,2.96,1.0192,2,0,0,0,0,0,0,0,0,0,0,0,0,1,4,3,2.97,1.0094,2,28.11,34.76333333,6.653333333,31.448,3.315333333,34.76333333,0,0.464,0.464,0.232,0.232,0.464,0,0,0,0,0,0,152,229,77,188.54,36.54,152
Ca0.9Yb0.1MnO3,400,1.639,Ca0.9 Yb0.1 Mn1 O3,8,70,62,14.8,8.16,8,7,87,80,64.64,26.832,87,15.9994,173.054,157.0546,31.262369,18.3155628,15.9994,54.8,1519,1464.2,559.22,605.304,54.8,2,16,14,11.42,5.496,16,2,6,4,2.84,1.008,2,66,187,121,102.82,44.184,66,1,3.44,2.44,2.5792,1.03296,3.44,2,2,0,2,0,2,0,4,4,2.4,1.92,4,0,5,5,1,1.6,0,0,14,14,0.28,0.5488,0,2,16,14,5.68,1.3248,6,0,0,0,0,0,0,0,2,2,1.2,0.96,2,0,5,5,1,1.6,0,0,0,0,0,0,0,0,5,5,2.2,1.12,2,9.105,37.77,28.665,15.04151724,8.945393103,9.105,0,0,0,0,0,0,0,0.000310121,0.000310121,6.20E-05,9.92E-05,0,12,225,213,95.6,100.32,12
AgCrSe2,300,0.956,Ag1 Cr1 Se2,24,47,23,34.75,6.125,34,49,89,40,73,16,89,51.9961,107.8682,55.8721,79.446075,14.2110625,78.96,494,2180,1686,1100.7325,606.7325,494,6,16,10,12.25,3.75,16,4,5,1,4.25,0.375,4,120,145,25,131,11,120,1.66,2.55,0.89,2.1725,0.3775,2.55,1,2,1,1.5,0.5,2,0,4,4,2,2,4,5,10,5,8.75,1.875,10,0,0,0,0,0,0,6,16,10,12.25,3.75,16,0,1,1,0.5,0.5,0,0,2,2,1,1,2,0,5,5,1.25,1.875,0,0,0,0,0,0,0,1,6,5,2.75,1.625,2,11.19,25.92,14.73,19.84,6.08,25.92,0,0.799,0.799,0.3995,0.3995,0.799,0,0,0,0,0,0,14,229,215,120.5,106.5,14
Sr0.145Ga0.302Ge0.553,300,0.81,Sr0.145 Ga0.302 Ge0.553,31,38,7,32.568,1.57528,32,8,79,71,67.195,17.16655,79,69.723,87.62,17.897,73.931166,3.96976186,72.64,302.91,1211.4,908.49,913.63302,368.8767041,1211.4,2,14,12,11.958,2.88782,14,4,5,1,4.145,0.24795,4,120,195,75,131.479,18.42109,120,0.95,2.01,1.06,1.7959,0.245311,2.01,2,2,0,2,0,2,0,2,2,1.408,0.654752,2,0,10,10,8.55,2.4795,10,0,0,0,0,0,0,2,14,12,11.958,2.88782,14,0,0,0,0,0,0,0,5,5,3.722,1.07938,4,0,0,0,0,0,0,0,0,0,0,0,0,0,5,5,3.722,1.07938,4,18.8575,54.23,35.3725,26.28008,8.1054768,23.005,0,0.383,0.383,0.211799,0.189348306,0.383,0,0,0,0,0,0,64,225,161,176.378,67.876312,225
CeFe4Sb12,300,1.55,Ce1 Fe4 Sb12,26,58,32,45.52941176,9.190311419,51,15,85,70,73.82352941,15.77854671,85,55.845,140.116,84.271,107.3303529,24.22840138,121.76,903.78,1811,907.22,1127.08,321.8447059,903.78,3,15,12,12.64705882,3.321799308,15,4,6,2,4.823529412,0.387543253,5,132,204,72,141.1764706,7.39100346,139,1.12,2.05,0.93,1.943529412,0.150311419,2.05,2,2,0,2,0,2,0,3,3,2.117647059,1.24567474,3,1,10,9,8.529411765,2.076124567,10,0,1,1,0.058823529,0.110726644,0,4,15,11,12.70588235,3.238754325,15,0,0,0,0,0,0,0,3,3,2.117647059,1.24567474,3,0,9,9,1.470588235,2.076124567,0,0,13,13,0.764705882,1.439446367,0,3,22,19,4.352941176,2.076124567,3,10.73,37.24,26.51,26.99294118,7.653148789,31.56,0,0,0,0,0,0,0,2.1106628,2.1106628,0.496626541,0.759546475,0,166,229,63,182.4705882,23.25259516,166
Bi2Sr2Co2O8,400,2.125,Bi2 Sr2 Co2 O8,8,83,75,25.71428571,20.24489796,8,8,87,79,71.42857143,21.95918367,87,15.9994,208.9804,192.981,59.93302786,50.49552694,15.9994,54.8,1768,1713.2,511.6571429,522.122449,54.8,2,16,14,12.85714286,4.204081633,16,2,6,4,3.285714286,1.469387755,2,66,195,129,104.7142857,44.24489796,66,0.95,3.44,2.49,2.658571429,0.893061224,3.44,2,2,0,2,0,2,0,4,4,2.714285714,1.551020408,4,0,10,10,2.428571429,3.469387755,0,0,14,14,2,3.428571429,0,2,29,27,9.142857143,5.673469388,6,0,0,0,0,0,0,0,3,3,1.571428571,0.897959184,2,0,3,3,0.428571429,0.734693878,0,0,0,0,0,0,0,0,3,3,2,0.571428571,2,9.105,54.23,45.125,19.12071429,13.98244898,9.105,0,0,0,0,0,0,0,1.5484712,1.5484712,0.221210171,0.379217437,0,12,225,213,68.42857143,80.6122449,12
In1.994Ge0.006O3,400,7.207,In1.994 Ge0.006 O3,8,49,41,24.3796,19.65552,8,75,87,12,82.2048,5.75424,87,15.9994,114.818,98.8186,55.4762264,47.37219168,15.9994,54.8,1211.4,1156.6,205.71798,181.101576,54.8,13,16,3,14.8012,1.43856,16,2,5,3,3.1988,1.43856,2,66,142,76,96.3736,36.44832,66,1.78,3.44,1.66,2.776276,0.7964688,3.44,2,2,0,2,0,2,1,4,3,2.8012,1.43856,4,0,10,10,4,4.8,0,0,0,0,0,0,0,6,14,8,8.8012,3.36144,6,0,0,0,0,0,0,2,5,3,3.1988,1.43856,2,0,0,0,0,0,0,0,0,0,0,0,0,2,5,3,3.1988,1.43856,2,9.105,24.26,15.155,15.165494,7.2725928,9.105,0,0.383,0.383,0.0004596,0.000918097,0,0,0,0,0,0,0,12,225,213,62.9032,61.08384,12
Zn0.95Al0.05O,1000,6.23,Zn0.95 Al0.05 O1,8,30,22,18.575,10.85375,8,69,87,18,78.1,8.9,87,15.9994,65.38,49.3806,39.72973847,24.36774846,15.9994,54.8,933.47,878.67,379.75975,324.95975,54.8,12,16,4,14.025,1.975,16,2,4,2,2.975,0.975,2,66,122,56,93.975,27.975,66,1.61,3.44,1.83,2.544,0.896,3.44,2,2,0,2,0,2,0,4,4,2.025,1.975,4,0,10,10,4.75,4.9875,0,0,0,0,0,0,0,3,12,9,8.775,3.06375,6,0,0,0,0,0,0,0,5,5,1.125,1.06875,2,0,0,0,0,0,0,0,0,0,0,0,0,0,5,5,1.125,1.06875,2,9.105,16.48,7.375,11.5955,2.4905,9.105,0,0,0,0,0,0,0,0,0,0,0,0,12,225,213,103.775,91.775,12
Ba8Ga16Ge30,400,1.79,Ba8 Ga16 Ge30,31,56,25,35.25925926,6.145404664,32,9,79,70,67.14814815,17.22908093,79,69.723,137.327,67.604,81.35896296,16.58312209,72.64,302.91,1211.4,908.49,910.8992593,360.2899314,1211.4,2,14,12,11.92592593,2.941015089,14,4,6,2,4.296296296,0.504801097,4,120,215,95,134.6666667,23.80246914,120,0.89,2.01,1.12,1.784814815,0.265130316,2.01,2,2,0,2,0,2,0,2,2,1.407407407,0.658436214,2,0,10,10,8.518518519,2.524005487,10,0,0,0,0,0,0,2,14,12,11.92592593,2.941015089,14,0,0,0,0,0,0,0,5,5,3.703703704,1.09739369,4,0,0,0,0,0,0,0,0,0,0,0,0,0,5,5,3.703703704,1.09739369,4,18.8575,63.59,44.7325,27.7887037,10.6077915,23.005,0,0.383,0.383,0.212777778,0.189135802,0.383,0,0,0,0,0,0,64,229,165,177.8888889,67.48971193,225
Na0.02Pb0.98Te0.75Se0.25,700,1.296,Na0.02 Pb0.98 Te0.75 Se0.25,11,82,71,64.04,17.6008,82,2,90,88,84.585,5.165,81,22.98976928,207.2,184.2102307,159.4778977,46.76766026,207.2,370.87,722.66,351.79,630.7551,68.928675,600.61,1,16,15,14.87,1.13,14,3,6,3,5.345,0.6419,6,120,166,46,139.95,6.45,146,0.93,2.55,1.62,2.25725,0.1444825,2.33,1,2,1,1.99,0.0198,2,0,4,4,2.98,1.02,2,0,10,10,9.9,0.198,10,0,14,14,6.86,6.9972,14,1,28,27,21.73,6.1446,28,0,1,1,0.01,0.0198,0,0,4,4,2.96,1.0192,4,0,0,0,0,0,0,0,0,0,0,0,0,1,4,3,2.97,1.0094,4,25.92,34.76333333,8.843333333,30.34258333,3.3155625,28.11,0,0.799,0.799,0.273875,0.273875,0,0,0,0,0,0,0,14,229,215,171.29,53.79,225
NbCo1.05Sn,1000,7.672,Nb1 Co1.05 Sn1,27,50,23,39.13114754,8.352593389,27,47,80,33,61.60655738,12.06127385,58,58.933195,118.71,59.776805,89.67089664,21.16366342,58.933195,505.08,2750,2244.92,1675.895082,767.7475947,1768,5,14,9,9.327868852,3.063692556,9,4,5,1,4.655737705,0.451491535,4,126,164,38,142.7213115,13.95323838,126,1.6,1.96,0.36,1.81442623,0.140607364,1.88,1,2,1,1.672131148,0.440741736,2,0,2,2,0.655737705,0.881483472,0,4,10,6,7,1.967213115,7,0,0,0,0,0,0,5,14,9,9.327868852,3.063692556,9,0,1,1,0.327868852,0.440741736,0,0,4,4,1.31147541,1.762966944,0,0,6,6,3,1.967213115,3,0,0,0,0,0,0,3,7,4,4.639344262,1.547970976,3,10.245,33.285,23.04,20.4007377,8.448696587,10.245,0,0,0,0,0,0,0,1.5484712,1.5484712,0.533080249,0.699121638,1.5484712,141,229,88,188.0983607,30.88417092,194
Sn1.2S1.2Ti2S4,300,2.66,Sn1.2 S5.2 Ti2,16,50,34,22.28571429,7.918367347,16,43,88,45,76.14285714,15.78231293,88,32.065,118.71,86.645,48.2052381,20.14421769,32.065,388.36,1941,1552.64,774.7104762,555.3759637,388.36,4,16,12,12.85714286,4.217687075,16,3,5,2,3.523809524,0.648526077,3,105,160,55,122.952381,22.22675737,105,1.54,2.58,1.04,2.243809524,0.416235828,2.58,2,2,0,2,0,2,0,4,4,2.761904762,1.532879819,4,0,10,10,1.904761905,2.358276644,0,0,0,0,0,0,0,4,14,10,6.666666667,2.095238095,6,0,0,0,0,0,0,0,4,4,1.80952381,0.861678005,2,0,8,8,1.904761905,2.902494331,0,0,0,0,0,0,0,2,8,6,3.714285714,2.12244898,2,16.69,33.285,16.595,24.6921131,3.810530045,25.786875,0,2.202,2.202,1.363142857,1.038585034,2.202,0,2.25E-05,2.25E-05,5.37E-06,8.18E-06,0,70,194,124,109.6666667,49.11111111,70
In1.985Ge0.015O3,400,7.048,In1.985 Ge0.015 O3,8,49,41,24.349,19.6188,8,75,87,12,82.212,5.7456,87,15.9994,114.818,98.8186,55.400306,47.2810872,15.9994,54.8,1211.4,1156.6,207.12495,182.78994,54.8,13,16,3,14.803,1.4364,16,2,5,3,3.197,1.4364,2,66,142,76,96.334,36.4008,66,1.78,3.44,1.66,2.77669,0.795972,3.44,2,2,0,2,0,2,1,4,3,2.803,1.4364,4,0,10,10,4,4.8,0,0,0,0,0,0,0,6,14,8,8.803,3.3636,6,0,0,0,0,0,0,2,5,3,3.197,1.4364,2,0,0,0,0,0,0,0,0,0,0,0,0,2,5,3,3.197,1.4364,2,9.105,24.26,15.155,15.163235,7.269882,9.105,0,0.383,0.383,0.001149,0.002291106,0,0,0,0,0,0,0,12,225,213,63.058,61.2696,12
Zr0.15Hf0.15Ti0.7NiSn,400,3.072,Zr0.15 Hf0.15 Ti0.7 Ni1 Sn1,22,72,50,36.73333333,12.69777778,28,43,80,37,61.48333333,12.34444444,61,47.867,178.49,130.623,83.78913333,33.49415111,58.6934,505.08,2506,2000.92,1428.96,615.92,505.08,4,14,10,9.333333333,3.555555556,10,4,6,2,4.483333333,0.547777778,4,124,175,51,142.5,14.66666667,124,1.3,1.96,0.66,1.780833333,0.205555556,1.91,2,2,0,2,0,2,0,2,2,0.666666667,0.888888889,0,2,10,8,6.666666667,3.111111111,8,0,14,14,0.7,1.33,0,4,18,14,10.03333333,3.441111111,10,0,0,0,0,0,0,0,4,4,1.333333333,1.777777778,0,0,8,8,3.333333333,3.111111111,0,0,0,0,0,0,0,2,8,6,4.666666667,2.222222222,2,10.32,33.285,22.965,20.69908333,8.790294444,10.32,0,0,0,0,0,0,0,0.5953947,0.5953947,0.198470158,0.264616361,0,141,225,84,186.6666667,30.44444444,141
Ca0.7Y0.3MnO3,1000,1.537,Ca0.7 Y0.3 Mn1 O3,8,39,31,14.94,8.328,8,7,87,80,64.3,27.24,87,15.9994,88.90585,72.90645,31.53252,18.639744,15.9994,54.8,1799,1744.2,600.72,655.104,54.8,2,16,14,11.46,5.448,16,2,5,3,2.86,1.032,2,66,190,124,103.44,44.928,66,1,3.44,2.44,2.5872,1.02336,3.44,2,2,0,2,0,2,0,4,4,2.4,1.92,4,0,5,5,1.06,1.576,0,0,0,0,0,0,0,2,7,5,5.46,1.264,6,0,0,0,0,0,0,0,2,2,1.2,0.96,2,0,9,9,1.54,2.2792,0,0,0,0,0,0,0,0,9,9,2.74,1.6552,2,9.105,37.77,28.665,14.79021724,8.543313103,9.105,0,0,0,0,0,0,0,0.000310121,0.000310121,6.20E-05,9.92E-05,0,12,225,213,93.74,98.088,12
SrNb0.15Ti0.85O3,400,4.696,Sr1 Nb0.15 Ti0.85 O3,8,41,33,17.37,11.244,8,8,87,79,62.52,29.376,87,15.9994,92.90638,76.90698,38.0482214,26.45858568,15.9994,54.8,2750,2695.2,655.35,720.66,54.8,2,16,14,10.83,6.204,16,2,5,3,3.03,1.236,2,66,195,129,110.72,53.664,66,0.95,3.44,2.49,2.5638,1.05144,3.44,1,2,1,1.97,0.0582,2,0,4,4,2.4,1.92,4,0,4,4,0.46,0.736,0,0,0,0,0,0,0,2,6,4,4.83,1.4142,6,0,1,1,0.03,0.0582,0,0,2,2,1.2,0.96,2,0,8,8,1.54,2.464,0,0,0,0,0,0,0,0,8,8,2.77,2.032,2,9.105,54.23,45.125,19.6917,13.81532,9.105,0,0,0,0,0,0,0,2.25E-05,2.25E-05,3.83E-06,6.36E-06,0,12,229,217,92.05,96.06,12
SrTi0.8Nb0.2O3,1000,2.555,Sr1 Ti0.8 Nb0.2 O3,8,41,33,17.56,11.472,8,8,87,79,62.56,29.328,87,15.9994,92.90638,76.90698,38.4986152,26.99905824,15.9994,54.8,2750,2695.2,663.44,730.368,54.8,2,16,14,10.84,6.192,16,2,5,3,3.04,1.248,2,66,195,129,110.76,53.712,66,0.95,3.44,2.49,2.5644,1.05072,3.44,1,2,1,1.96,0.0768,2,0,4,4,2.4,1.92,4,0,4,4,0.48,0.768,0,0,0,0,0,0,0,2,6,4,4.84,1.4048,6,0,1,1,0.04,0.0768,0,0,2,2,1.2,0.96,2,0,8,8,1.52,2.432,0,0,0,0,0,0,0,0,8,8,2.76,2.016,2,9.105,54.23,45.125,19.7066,13.80936,9.105,0,0,0,0,0,0,0,2.25E-05,2.25E-05,3.61E-06,6.06E-06,0,12,229,217,92.4,96.48,12
Mg2Si0.9985Bi0.0015,300,7.08,Mg2 Si0.9985 Bi0.0015,12,83,71,12.70116667,0.934888889,12,68,86,18,71.33733333,4.449777778,68,24.305,208.9804,184.6754,25.65561412,1.800818822,24.305,544.4,1687,1142.6,1177.095367,339.4265176,923,2,15,13,6.0005,5.334,2,3,6,3,3.0015,0.0029985,3,111,148,37,131.0185,13.32564817,141,1.31,2.02,0.71,1.506726667,0.262302222,1.31,2,2,0,2,0,2,0,3,3,0.667166667,0.889555556,0,0,10,10,0.005,0.009995,0,0,14,14,0.007,0.013993,0,2,29,27,2.679166667,0.905555556,2,0,0,0,0,0,0,0,4,4,1.332833333,1.777111111,0,0,0,0,0,0,0,0,0,0,0,0,0,0,4,4,1.332833333,1.777111111,0,20.44,32.95,12.51,22.07958833,1.091419301,22.89,0,0.773,0.773,0.257280167,0.343297502,0,0,0,0,0,0,0,12,227,215,204.8925,14.71622583,194
CaGd0.96Mn0.04O3,300,1.787,Ca1 Gd0.96 Mn0.04 O3,8,64,56,21.288,16.4608,8,7,87,80,59.2,33.36,87,15.9994,157.25,141.2506,48.24674436,41.96431098,15.9994,54.8,1586,1531.2,572.544,621.2928,54.8,2,16,14,10.632,6.4416,16,2,6,4,3.184,1.4208,2,66,196,130,113.544,57.0528,66,1,3.44,2.44,2.5068,1.11984,3.44,2,2,0,2,0,2,0,4,4,2.4,1.92,4,0,5,5,0.232,0.3712,0,0,7,7,1.344,2.171904,0,2,10,8,5.976,1.5904,6,0,0,0,0,0,0,0,2,2,1.2,0.96,2,0,9,9,1.768,2.8288,0,0,7,7,1.344,2.171904,0,0,16,16,4.312,4.4992,2,9.105,37.77,28.665,19.25450069,12.31967146,9.105,0,0,0,0,0,0,0,0.000310121,0.000310121,2.48E-06,4.92E-06,0,12,225,213,91.184,95.0208,12
SrTi0.8Nb0.2O3,400,8.57,Sr1 Ti0.8 Nb0.2 O3,8,41,33,17.56,11.472,8,8,87,79,62.56,29.328,87,15.9994,92.90638,76.90698,38.4986152,26.99905824,15.9994,54.8,2750,2695.2,663.44,730.368,54.8,2,16,14,10.84,6.192,16,2,5,3,3.04,1.248,2,66,195,129,110.76,53.712,66,0.95,3.44,2.49,2.5644,1.05072,3.44,1,2,1,1.96,0.0768,2,0,4,4,2.4,1.92,4,0,4,4,0.48,0.768,0,0,0,0,0,0,0,2,6,4,4.84,1.4048,6,0,1,1,0.04,0.0768,0,0,2,2,1.2,0.96,2,0,8,8,1.52,2.432,0,0,0,0,0,0,0,0,8,8,2.76,2.016,2,9.105,54.23,45.125,19.7066,13.80936,9.105,0,0,0,0,0,0,0,2.25E-05,2.25E-05,3.61E-06,6.06E-06,0,12,229,217,92.4,96.48,12
Mg2Si0.6Ge0.4Ag0.02,700,2.57,Mg2 Si0.6 Ge0.4 Ag0.02,12,47,35,15.2781457,4.84978729,12,65,79,14,71.42384106,4.619972808,68,24.305,107.8682,83.5632,32.01147815,11.76724714,24.305,923,1687,764,1115.052517,254.3741941,923,2,14,12,6.033112583,5.341870971,2,3,5,2,3.145695364,0.25086619,3,111,145,34,132.2847682,11.71176703,141,1.31,2.01,0.7,1.524039735,0.283496338,1.31,1,2,1,1.993377483,0.013157318,2,0,2,2,0.662251656,0.885926056,0,0,10,10,1.390728477,2.394631814,0,0,0,0,0,0,0,2,14,12,4.046357616,2.728827683,2,0,1,1,0.006622517,0.013157318,0,0,4,4,1.324503311,1.771852112,0,0,0,0,0,0,0,0,0,0,0,0,0,0,4,4,1.331125828,1.767466339,0,16.33,23.005,6.675,22.37503311,0.848953993,22.89,0,0.773,0.773,0.204304636,0.273308188,0,0,0,0,0,0,0,194,227,33,204.8675497,14.39410552,194
Ba0.3Sr0.6La0.1TiO3,700,1.91,Ba0.3 Sr0.6 La0.1 Ti1 O3,8,57,49,18.26,12.312,8,8,87,79,62.56,29.328,87,15.9994,138.90547,122.90607,40.7051694,29.64692328,15.9994,54.8,1941,1886.2,630.94,691.368,54.8,2,16,14,10.82,6.216,16,2,6,4,3.08,1.296,2,66,215,149,112.04,55.248,66,0.89,3.44,2.55,2.5614,1.05432,3.44,2,2,0,2,0,2,0,4,4,2.4,1.92,4,0,2,2,0.42,0.6552,0,0,0,0,0,0,0,2,6,4,4.82,1.416,6,0,0,0,0,0,0,0,2,2,1.2,0.96,2,0,9,9,1.78,2.7768,0,0,0,0,0,0,0,0,9,9,2.98,2.2488,2,9.105,63.59,54.485,19.86195,14.17712,9.105,0,0,0,0,0,0,0,2.25E-05,2.25E-05,4.51E-06,7.21E-06,0,12,229,217,90.62,94.344,12
CaMnO3,700,3.311,Ca1 Mn1 O3,8,25,17,13.8,6.96,8,7,87,80,64,27.6,87,15.9994,54.938045,38.938645,28.602849,15.1241388,15.9994,54.8,1519,1464.2,559.68,605.856,54.8,2,16,14,11.4,5.52,16,2,4,2,2.8,0.96,2,66,176,110,102.6,43.92,66,1,3.44,2.44,2.574,1.0392,3.44,2,2,0,2,0,2,0,4,4,2.4,1.92,4,0,5,5,1,1.6,0,0,0,0,0,0,0,2,7,5,5.4,1.36,6,0,0,0,0,0,0,0,2,2,1.2,0.96,2,0,5,5,1,1.6,0,0,0,0,0,0,0,0,5,5,2.2,1.12,2,9.105,37.77,28.665,15.11451724,9.062193103,9.105,0,0,0,0,0,0,0,0.000310121,0.000310121,6.20E-05,9.92E-05,0,12,225,213,95.6,100.32,12
CaYb0.1Mn0.9O3,700,1.614,Ca1 Yb0.1 Mn0.9 O3,8,70,62,14.7,8.04,8,7,87,80,63.74,27.912,87,15.9994,173.054,157.0546,30.9651681,17.95892172,15.9994,54.8,1519,1464.2,551.14,595.608,54.8,2,16,14,11.32,5.616,16,2,6,4,2.84,1.008,2,66,187,121,103.56,45.072,66,1,3.44,2.44,2.5682,1.04616,3.44,2,2,0,2,0,2,0,4,4,2.4,1.92,4,0,5,5,0.9,1.476,0,0,14,14,0.28,0.5488,0,2,16,14,5.58,1.432,6,0,0,0,0,0,0,0,2,2,1.2,0.96,2,0,5,5,0.9,1.476,0,0,0,0,0,0,0,0,5,5,2.1,1.044,2,9.105,37.77,28.665,15.58716552,9.614447172,9.105,0,0,0,0,0,0,0,0.000310121,0.000310121,5.58E-05,9.15E-05,0,12,225,213,95.76,100.512,12
CaYb0.05Mn0.95O3,300,1.49,Ca1 Yb0.05 Mn0.95 O3,8,70,62,14.25,7.5,8,7,87,80,63.87,27.756,87,15.9994,173.054,157.0546,29.78400855,16.54153026,15.9994,54.8,1519,1464.2,555.41,600.732,54.8,2,16,14,11.36,5.568,16,2,6,4,2.82,0.984,2,66,187,121,103.08,44.496,66,1,3.44,2.44,2.5711,1.04268,3.44,2,2,0,2,0,2,0,4,4,2.4,1.92,4,0,5,5,0.95,1.539,0,0,14,14,0.14,0.2772,0,2,16,14,5.49,1.396,6,0,0,0,0,0,0,0,2,2,1.2,0.96,2,0,5,5,0.95,1.539,0,0,0,0,0,0,0,0,5,5,2.15,1.083,2,9.105,37.77,28.665,15.35084138,9.343046621,9.105,0,0,0,0,0,0,0,0.000310121,0.000310121,5.89E-05,9.55E-05,0,12,225,213,95.68,100.416,12
La0.98Sr0.02CoO3,300,1.8,La0.98 Sr0.02 Co1 O3,8,57,49,21.524,16.2288,8,8,87,79,66.38,24.744,87,15.9994,138.90547,122.90607,48.96223112,39.55539734,15.9994,54.8,1768,1713.2,624.508,683.6496,54.8,2,16,14,11.996,4.8048,16,2,6,4,3.196,1.4352,2,66,207,141,106.152,48.1824,66,0.95,3.44,2.49,2.6594,0.93672,3.44,2,2,0,2,0,2,0,4,4,2.4,1.92,4,0,7,7,1.596,2.1616,0,0,0,0,0,0,0,2,9,7,5.996,1.2064,6,0,0,0,0,0,0,0,2,2,1.2,0.96,2,0,9,9,2.364,2.855712,0,0,0,0,0,0,0,0,9,9,3.564,2.130912,2,9.105,54.23,45.125,14.96083,8.913328,9.105,0,0,0,0,0,0,0,1.5484712,1.5484712,0.30969424,0.495510784,0,12,225,213,84.924,87.5088,12
Ba8Ga16Ge30,300,1.94,Ba8 Ga16 Ge30,31,56,25,35.25925926,6.145404664,32,9,79,70,67.14814815,17.22908093,79,69.723,137.327,67.604,81.35896296,16.58312209,72.64,302.91,1211.4,908.49,910.8992593,360.2899314,1211.4,2,14,12,11.92592593,2.941015089,14,4,6,2,4.296296296,0.504801097,4,120,215,95,134.6666667,23.80246914,120,0.89,2.01,1.12,1.784814815,0.265130316,2.01,2,2,0,2,0,2,0,2,2,1.407407407,0.658436214,2,0,10,10,8.518518519,2.524005487,10,0,0,0,0,0,0,2,14,12,11.92592593,2.941015089,14,0,0,0,0,0,0,0,5,5,3.703703704,1.09739369,4,0,0,0,0,0,0,0,0,0,0,0,0,0,5,5,3.703703704,1.09739369,4,18.8575,63.59,44.7325,27.7887037,10.6077915,23.005,0,0.383,0.383,0.212777778,0.189135802,0.383,0,0,0,0,0,0,64,229,165,177.8888889,67.48971193,225
Fe0.998Co0.002Si2,1000,5.02,Fe0.998 Co0.002 Si2,14,27,13,18.00066667,5.334222222,14,55,78,23,70.33533333,10.21955556,78,28.0855,58.933195,30.847695,37.34072546,12.34030062,28.0855,1687,1811,124,1728.304667,55.07288889,1687,8,14,6,12.00066667,2.665777778,14,3,4,1,3.333333333,0.444444444,3,111,132,21,117.996,9.328,111,1.83,1.9,0.07,1.8767,0.031071067,1.9,2,2,0,2,0,2,0,2,2,1.333333333,0.888888889,2,0,7,7,2.000666667,2.667555556,0,0,0,0,0,0,0,4,9,5,5.334,1.778666667,4,0,0,0,0,0,0,0,4,4,2.666666667,1.777777778,4,0,4,4,1.332666667,1.776888889,0,0,0,0,0,0,0,3,4,1,3.999333333,0.001332444,4,10.245,20.44,10.195,17.20301,4.315986667,20.44,0,0.773,0.773,0.515333333,0.343555556,0.773,0,2.1106628,2.1106628,0.703179472,0.93757263,0,194,229,35,227.6433333,0.902635556,227
CuCr0.95Mg0.05O2,300,9.522,Cu1 Cr0.95 Mg0.05 O2,8,29,21,17.1,9.2275,8,49,87,38,71.9875,15.0125,87,15.9994,63.546,47.5466,36.53908625,20.84553841,15.9994,54.8,2180,2125.2,896.13,841.33,54.8,2,16,14,12.2,3.8,16,2,4,2,2.9875,0.9875,2,66,141,75,100.775,34.775,66,1.31,3.44,2.13,2.605625,0.834375,3.44,1,2,1,1.5125,0.4996875,2,0,4,4,2,2,4,0,10,10,3.6875,3.7796875,0,0,0,0,0,0,0,2,11,9,7.2,1.9,6,0,1,1,0.4875,0.4996875,0,0,2,2,1,1,2,0,5,5,1.1875,1.8109375,0,0,0,0,0,0,0,0,6,6,2.675,1.579375,2,9.105,22.89,13.785,10.26375,1.15875,9.105,0,0,0,0,0,0,0,0,0,0,0,0,12,229,217,119.0625,107.0625,12
Nd2CuO4,1000,3.94,Nd2 Cu1 O4,8,60,52,25.85714286,20.40816327,8,19,87,68,64.28571429,25.95918367,87,15.9994,144.242,128.2426,59.43251429,49.6378449,15.9994,54.8,1357.77,1302.97,594.9957143,617.3665306,54.8,3,16,13,11.57142857,5.06122449,16,2,6,4,3.428571429,1.632653061,2,66,201,135,114,54.85714286,66,1.14,3.44,2.3,2.562857143,1.00244898,3.44,1,2,1,1.857142857,0.244897959,2,0,4,4,2.285714286,1.959183673,4,0,10,10,1.428571429,2.448979592,0,0,4,4,1.142857143,1.632653061,0,6,11,5,6.714285714,1.224489796,6,0,1,1,0.142857143,0.244897959,0,0,2,2,1.142857143,0.979591837,2,0,0,0,0,0,0,0,10,10,2.857142857,4.081632653,0,1,10,9,4.142857143,3.346938776,2,9.105,34.81,25.705,16.73,10.33142857,9.105,0,0,0,0,0,0,0,0,0,0,0,0,12,225,213,94.42857143,94.20408163,12
Mg1.95Ca0.05Si,700,3.8,Mg1.95 Ca0.05 Si1,12,20,8,12.8,1.04,12,7,78,71,70.31666667,5.122222222,68,24.305,40.078,15.773,25.82805,1.979965,24.305,923,1687,764,1180.866667,337.4222222,923,2,14,12,6,5.333333333,2,3,4,1,3.016666667,0.032777778,3,111,176,65,131.5833333,13.72222222,141,1,1.9,0.9,1.5015,0.265666667,1.31,2,2,0,2,0,2,0,2,2,0.666666667,0.888888889,0,0,0,0,0,0,0,0,0,0,0,0,0,2,4,2,2.666666667,0.888888889,2,0,0,0,0,0,0,0,4,4,1.333333333,1.777777778,0,0,0,0,0,0,0,0,0,0,0,0,0,0,4,4,1.333333333,1.777777778,0,20.44,37.77,17.33,22.32133333,1.254222222,22.89,0,0.773,0.773,0.257666667,0.343555556,0,0,0,0,0,0,0,194,227,33,205.5166667,14.97166667,194
TiNiSn,400,6.72,Ti1 Ni1 Sn1,22,50,28,33.33333333,11.11111111,22,43,80,37,61.33333333,12.44444444,43,47.867,118.71,70.843,75.09013333,29.07991111,47.867,505.08,1941,1435.92,1391.36,590.8533333,505.08,4,14,10,9.333333333,3.555555556,4,4,5,1,4.333333333,0.444444444,4,124,160,36,141,12.66666667,124,1.54,1.96,0.42,1.803333333,0.175555556,1.54,2,2,0,2,0,2,0,2,2,0.666666667,0.888888889,0,2,10,8,6.666666667,3.111111111,2,0,0,0,0,0,0,4,14,10,9.333333333,3.555555556,4,0,0,0,0,0,0,0,4,4,1.333333333,1.777777778,0,0,8,8,3.333333333,3.111111111,0,0,0,0,0,0,0,2,8,6,4.666666667,2.222222222,2,10.32,33.285,22.965,20.09833333,8.791111111,10.32,0,0,0,0,0,0,0,0.5953947,0.5953947,0.198472411,0.264614859,0,141,225,84,186.6666667,30.44444444,141
ZrNi0.76Co0.004Cu0.2Sn,300,6.02,Zr1 Ni0.76 Co0.004 Cu0.2 Sn1,27,50,23,39.53711201,7.372318474,40,44,80,36,61.8731444,12.51837161,44,58.6934,118.71,60.0166,90.24491119,19.86786613,91.224,505.08,2128,1622.92,1425.433873,630.1529337,505.08,4,14,10,9.391363023,3.638953087,4,4,5,1,4.674763833,0.438915206,5,124,175,51,146.8097166,19.02178367,139,1.33,1.96,0.63,1.730472335,0.270224247,1.33,1,2,1,1.932523617,0.125846642,2,0,2,2,0.674763833,0.894221435,0,2,10,8,6.784075574,3.22812117,2,0,0,0,0,0,0,4,14,10,9.391363023,3.638953087,4,0,1,1,0.067476383,0.125846642,0,0,4,4,1.349527665,1.788442871,0,0,8,8,3.215924426,3.22812117,0,0,0,0,0,0,0,1,8,7,4.632928475,2.271978087,4,10.245,33.285,23.04,22.46227395,7.797201142,23.195,0,0,0,0,0,0,0,1.5484712,1.5484712,0.154755012,0.229730788,0,141,225,84,186.1592443,30.47182474,141
Fe1.96Ti0.04O3,1000,3.54,Fe1.96 Ti0.04 O3,8,26,18,15.168,8.6016,8,43,87,44,74.104,15.4752,87,15.9994,55.845,39.8456,31.873816,19.0492992,15.9994,54.8,1941,1886.2,758.32,844.224,54.8,4,16,12,12.768,3.8784,16,2,4,2,2.8,0.96,2,66,160,94,92.624,31.9488,66,1.54,3.44,1.9,2.79368,0.775584,3.44,2,2,0,2,0,2,0,4,4,2.4,1.92,4,0,6,6,2.368,2.847488,0,0,0,0,0,0,0,4,8,4,6.768,0.965888,6,0,0,0,0,0,0,0,2,2,1.2,0.96,2,0,8,8,1.632,1.9584,0,0,0,0,0,0,0,2,8,6,2.832,0.9984,2,9.105,16.69,7.585,9.80268,0.837216,9.105,0,0,0,0,0,0,0,2.1106628,2.1106628,0.827379998,1.006093717,0,12,229,217,98.52,103.824,12
In1.985Ge0.015O3,700,4.619,In1.985 Ge0.015 O3,8,49,41,24.349,19.6188,8,75,87,12,82.212,5.7456,87,15.9994,114.818,98.8186,55.400306,47.2810872,15.9994,54.8,1211.4,1156.6,207.12495,182.78994,54.8,13,16,3,14.803,1.4364,16,2,5,3,3.197,1.4364,2,66,142,76,96.334,36.4008,66,1.78,3.44,1.66,2.77669,0.795972,3.44,2,2,0,2,0,2,1,4,3,2.803,1.4364,4,0,10,10,4,4.8,0,0,0,0,0,0,0,6,14,8,8.803,3.3636,6,0,0,0,0,0,0,2,5,3,3.197,1.4364,2,0,0,0,0,0,0,0,0,0,0,0,0,2,5,3,3.197,1.4364,2,9.105,24.26,15.155,15.163235,7.269882,9.105,0,0.383,0.383,0.001149,0.002291106,0,0,0,0,0,0,0,12,225,213,63.058,61.2696,12
Sr0.9La0.1TiO3,1000,3.15,Sr0.9 La0.1 Ti1 O3,8,57,49,17.18,11.016,8,8,87,79,62.5,29.4,87,15.9994,138.90547,122.90607,37.7227494,26.06801928,15.9994,54.8,1941,1886.2,633.94,694.968,54.8,2,16,14,10.82,6.216,16,2,6,4,3.02,1.224,2,66,207,141,110.84,53.808,66,0.95,3.44,2.49,2.565,1.05,3.44,2,2,0,2,0,2,0,4,4,2.4,1.92,4,0,2,2,0.42,0.6552,0,0,0,0,0,0,0,2,6,4,4.82,1.416,6,0,0,0,0,0,0,0,2,2,1.2,0.96,2,0,9,9,1.78,2.7768,0,0,0,0,0,0,0,0,9,9,2.98,2.2488,2,9.105,54.23,45.125,19.30035,13.27856,9.105,0,0,0,0,0,0,0,2.25E-05,2.25E-05,4.51E-06,7.21E-06,0,12,225,213,90.38,94.056,12
Zr0.15Hf0.15Ti0.7NiSn,700,3.157,Zr0.15 Hf0.15 Ti0.7 Ni1 Sn1,22,72,50,36.73333333,12.69777778,28,43,80,37,61.48333333,12.34444444,61,47.867,178.49,130.623,83.78913333,33.49415111,58.6934,505.08,2506,2000.92,1428.96,615.92,505.08,4,14,10,9.333333333,3.555555556,10,4,6,2,4.483333333,0.547777778,4,124,175,51,142.5,14.66666667,124,1.3,1.96,0.66,1.780833333,0.205555556,1.91,2,2,0,2,0,2,0,2,2,0.666666667,0.888888889,0,2,10,8,6.666666667,3.111111111,8,0,14,14,0.7,1.33,0,4,18,14,10.03333333,3.441111111,10,0,0,0,0,0,0,0,4,4,1.333333333,1.777777778,0,0,8,8,3.333333333,3.111111111,0,0,0,0,0,0,0,2,8,6,4.666666667,2.222222222,2,10.32,33.285,22.965,20.69908333,8.790294444,10.32,0,0,0,0,0,0,0,0.5953947,0.5953947,0.198470158,0.264616361,0,141,225,84,186.6666667,30.44444444,141
CaGd0.94Mn0.06O3,400,2.57,Ca1 Gd0.94 Mn0.06 O3,8,64,56,21.132,16.2112,8,7,87,80,59.3,33.24,87,15.9994,157.25,141.2506,47.83749654,41.30951446,15.9994,54.8,1586,1531.2,572.276,620.9712,54.8,2,16,14,10.648,6.4224,16,2,6,4,3.176,1.4112,2,66,196,130,113.316,56.7792,66,1,3.44,2.44,2.5082,1.11816,3.44,2,2,0,2,0,2,0,4,4,2.4,1.92,4,0,5,5,0.248,0.3968,0,0,7,7,1.316,2.137184,0,2,10,8,5.964,1.5856,6,0,0,0,0,0,0,0,2,2,1.2,0.96,2,0,9,9,1.752,2.8032,0,0,7,7,1.316,2.137184,0,0,16,16,4.268,4.4288,2,9.105,37.77,28.665,19.16825103,12.2842372,9.105,0,0,0,0,0,0,0,0.000310121,0.000310121,3.72E-06,7.35E-06,0,12,225,213,91.276,95.1312,12
Ti0.95Nb0.05NiSn,700,5.252,Ti0.95 Nb0.05 Ni1 Sn1,22,50,28,33.65,11.145,28,43,80,37,61.4,12.4,61,47.867,118.71,70.843,75.84078967,29.14832657,58.6934,505.08,2750,2244.92,1404.843333,599.8422222,505.08,4,14,10,9.35,3.533333333,10,4,5,1,4.35,0.455,4,124,164,40,141.0666667,12.75555556,124,1.54,1.96,0.42,1.804333333,0.174222222,1.91,1,2,1,1.983333333,0.032777778,2,0,2,2,0.666666667,0.888888889,0,2,10,8,6.7,3.066666667,8,0,0,0,0,0,0,4,14,10,9.35,3.533333333,10,0,1,1,0.016666667,0.032777778,0,0,4,4,1.333333333,1.777777778,0,0,8,8,3.3,3.066666667,0,0,0,0,0,0,0,2,8,6,4.65,2.2,2,10.32,33.285,22.965,20.12316667,8.774555556,10.32,0,0,0,0,0,0,0,0.5953947,0.5953947,0.198472036,0.26461511,0,141,229,88,187.25,30.83333333,141
CaGd0.96Mn0.04O3,1000,1.28,Ca1 Gd0.96 Mn0.04 O3,8,64,56,21.288,16.4608,8,7,87,80,59.2,33.36,87,15.9994,157.25,141.2506,48.24674436,41.96431098,15.9994,54.8,1586,1531.2,572.544,621.2928,54.8,2,16,14,10.632,6.4416,16,2,6,4,3.184,1.4208,2,66,196,130,113.544,57.0528,66,1,3.44,2.44,2.5068,1.11984,3.44,2,2,0,2,0,2,0,4,4,2.4,1.92,4,0,5,5,0.232,0.3712,0,0,7,7,1.344,2.171904,0,2,10,8,5.976,1.5904,6,0,0,0,0,0,0,0,2,2,1.2,0.96,2,0,9,9,1.768,2.8288,0,0,7,7,1.344,2.171904,0,0,16,16,4.312,4.4992,2,9.105,37.77,28.665,19.25450069,12.31967146,9.105,0,0,0,0,0,0,0,0.000310121,0.000310121,2.48E-06,4.92E-06,0,12,225,213,91.184,95.0208,12
Ca3Co4O9,700,1.8,Ca3 Co4 O9,8,27,19,15,7.875,8,7,87,80,64.75,25.03125,87,15.9994,58.933195,42.933795,31.24758625,17.15420953,15.9994,54.8,1768,1713.2,681.8875,705.4734375,54.8,2,16,14,11.625,4.921875,16,2,4,2,2.875,0.984375,2,66,176,110,101.625,40.078125,66,1,3.44,2.44,2.5925,0.9534375,3.44,2,2,0,2,0,2,0,4,4,2.25,1.96875,4,0,7,7,1.75,2.625,0,0,0,0,0,0,0,2,9,7,6,1.5,6,0,0,0,0,0,0,0,2,2,1.125,0.984375,2,0,3,3,0.75,1.125,0,0,0,0,0,0,0,0,3,3,1.875,0.703125,2,9.105,37.77,28.665,14.7646875,8.626992188,9.105,0,0,0,0,0,0,0,1.5484712,1.5484712,0.3871178,0.5806767,0,12,225,213,97.4375,96.1171875,12
Ca3AlSb3,400,1.1,Ca3 Al1 Sb3,13,51,38,32.28571429,16.04081633,20,7,85,78,49.85714286,36.73469388,7,26.9815386,121.76,94.7784614,73.21364837,41.61115854,40.078,903.78,1115,211.22,998.5442857,99.81918367,903.78,2,15,13,9.142857143,6.12244898,2,3,5,2,4.285714286,0.612244898,4,121,176,55,152.2857143,20.32653061,139,1,2.05,1.05,1.537142857,0.460408163,1,2,2,0,2,0,2,0,3,3,1.428571429,1.346938776,0,0,10,10,4.285714286,4.897959184,0,0,0,0,0,0,0,2,15,13,7.714285714,6.244897959,2,0,0,0,0,0,0,0,5,5,2,1.714285714,0,0,0,0,0,0,0,0,0,0,0,0,0,0,5,5,2,1.714285714,0,16.48,37.77,21.29,32.06714286,4.888163265,31.56,0,0,0,0,0,0,0,0,0,0,0,0,166,225,59,199.7142857,28.89795918,166
Fe1.3Mo6S8,1000,3.417,Fe1.3 Mo6 S8,16,42,26,27.04575163,11.72882225,16,50,88,38,70.29411765,18.5159554,88,32.065,95.96,63.895,59.14238562,28.8765603,32.065,388.36,2896,2507.64,1492.626144,1154.788124,388.36,6,16,10,11.39869281,4.811824512,16,3,5,2,3.869281046,0.909052074,3,105,154,49,126.5098039,22.4939126,105,1.83,2.58,0.75,2.351568627,0.238882481,2.58,1,2,1,1.607843137,0.476739715,2,0,4,4,2.091503268,1.995813576,4,0,6,6,2.470588235,2.583621684,0,0,0,0,0,0,0,6,8,2,6.169934641,0.310991499,6,0,1,1,0.392156863,0.476739715,0,0,2,2,1.045751634,0.997906788,2,0,5,5,2.300653595,2.405912256,0,0,0,0,0,0,0,2,6,4,3.738562092,1.818104148,2,10.73,25.786875,15.056875,20.54797386,5.478589431,25.786875,0,2.202,2.202,1.151372549,1.098695374,2.202,0,2.1106628,2.1106628,0.179337362,0.328199094,0,70,229,159,145.8627451,79.33358965,70
CeFe3CoSb12,700,2.07,Ce1 Fe3 Co1 Sb12,26,58,32,45.58823529,9.100346021,51,15,85,70,74,15.52941176,85,55.845,140.116,84.271,107.5120115,23.95057069,121.76,903.78,1811,907.22,1124.550588,317.9761938,903.78,3,15,12,12.70588235,3.238754325,15,4,6,2,4.823529412,0.387543253,5,126,204,78,140.8235294,7.432525952,139,1.12,2.05,0.93,1.946470588,0.14615917,2.05,2,2,0,2,0,2,0,3,3,2.117647059,1.24567474,3,1,10,9,8.588235294,1.993079585,10,0,1,1,0.058823529,0.110726644,0,4,15,11,12.76470588,3.155709343,15,0,0,0,0,0,0,0,3,3,2.117647059,1.24567474,3,0,9,9,1.411764706,1.993079585,0,0,13,13,0.764705882,1.439446367,0,3,22,19,4.294117647,2.083044983,3,10.245,37.24,26.995,26.96441176,7.696782007,31.56,0,0,0,0,0,0,0,2.1106628,2.1106628,0.463556447,0.708968684,0,166,229,63,180.4117647,20.34602076,166
Sr0.9La0.1TiO3,700,3.83,Sr0.9 La0.1 Ti1 O3,8,57,49,17.18,11.016,8,8,87,79,62.5,29.4,87,15.9994,138.90547,122.90607,37.7227494,26.06801928,15.9994,54.8,1941,1886.2,633.94,694.968,54.8,2,16,14,10.82,6.216,16,2,6,4,3.02,1.224,2,66,207,141,110.84,53.808,66,0.95,3.44,2.49,2.565,1.05,3.44,2,2,0,2,0,2,0,4,4,2.4,1.92,4,0,2,2,0.42,0.6552,0,0,0,0,0,0,0,2,6,4,4.82,1.416,6,0,0,0,0,0,0,0,2,2,1.2,0.96,2,0,9,9,1.78,2.7768,0,0,0,0,0,0,0,0,9,9,2.98,2.2488,2,9.105,54.23,45.125,19.30035,13.27856,9.105,0,0,0,0,0,0,0,2.25E-05,2.25E-05,4.51E-06,7.21E-06,0,12,225,213,90.38,94.056,12
Ca0.9Tb0.1MnO3,1000,1.604,Ca0.9 Tb0.1 Mn1 O3,8,65,57,14.7,8.04,8,7,87,80,64.44,27.072,87,15.9994,158.92535,142.92595,30.979796,17.9764752,15.9994,54.8,1629,1574.2,569.96,618.192,54.8,2,16,14,11.42,5.496,16,2,6,4,2.84,1.008,2,66,194,128,102.96,44.352,66,1,3.44,2.44,2.5782,1.03416,3.44,2,2,0,2,0,2,0,4,4,2.4,1.92,4,0,5,5,1,1.6,0,0,9,9,0.18,0.3528,0,2,11,9,5.58,1.2888,6,0,0,0,0,0,0,0,2,2,1.2,0.96,2,0,5,5,1,1.6,0,0,5,5,0.1,0.196,0,0,5,5,2.3,1.188,2,9.105,37.77,28.665,14.99385057,8.869126437,9.105,0,0,0,0,0,0,0,0.000310121,0.000310121,6.20E-05,9.92E-05,0,12,225,213,94.98,99.576,12
Fe1.94Ti0.06O3,400,5.93,Fe1.94 Ti0.06 O3,8,26,18,15.152,8.5824,8,43,87,44,74.056,15.5328,87,15.9994,55.845,39.8456,31.841904,19.0110048,15.9994,54.8,1941,1886.2,758.84,844.848,54.8,4,16,12,12.752,3.8976,16,2,4,2,2.8,0.96,2,66,160,94,92.736,32.0832,66,1.54,3.44,1.9,2.79252,0.776976,3.44,2,2,0,2,0,2,0,4,4,2.4,1.92,4,0,6,6,2.352,2.830848,0,0,0,0,0,0,0,4,8,4,6.752,0.968448,6,0,0,0,0,0,0,0,2,2,1.2,0.96,2,0,8,8,1.648,1.9776,0,0,0,0,0,0,0,2,8,6,2.848,1.0176,2,9.105,16.69,7.585,9.82652,0.865824,9.105,0,0,0,0,0,0,0,2.1106628,2.1106628,0.818937437,1.002378882,0,12,229,217,98.38,103.656,12
La3Te3.35Bi0.65,300,1.967,La3 Te3.35 Bi0.65,52,83,31,57.02142857,4.824591837,52,13,90,77,56.62857143,37.39591837,90,127.6,208.9804,81.3804,140.0019529,12.81028304,127.6,544.4,1193,648.6,907.6815714,244.5586531,722.66,3,16,13,10.33571429,6.287755102,16,5,6,1,5.521428571,0.499081633,5,138,207,69,168.5,33,138,1.1,2.1,1,1.664,0.483428571,2.1,2,2,0,2,0,2,0,4,4,2.192857143,1.879591837,4,1,10,9,6.142857143,4.408163265,10,0,14,14,1.3,2.358571429,0,3,29,26,11.63571429,7.402040816,16,0,0,0,0,0,0,0,3,3,1.235714286,1.059183673,2,0,9,9,3.857142857,4.408163265,0,0,0,0,0,0,0,2,9,7,5.092857143,3.348979592,2,32.95,36.8975,3.9475,35.50959524,1.189632653,34.76333333,0,0.464,0.464,0.222057143,0.231573878,0.464,0,0,0,0,0,0,12,194,182,157,31.71428571,152
Sn1.2S1.2Ti2S4,400,2.03,Sn1.2 S5.2 Ti2,16,50,34,22.28571429,7.918367347,16,43,88,45,76.14285714,15.78231293,88,32.065,118.71,86.645,48.2052381,20.14421769,32.065,388.36,1941,1552.64,774.7104762,555.3759637,388.36,4,16,12,12.85714286,4.217687075,16,3,5,2,3.523809524,0.648526077,3,105,160,55,122.952381,22.22675737,105,1.54,2.58,1.04,2.243809524,0.416235828,2.58,2,2,0,2,0,2,0,4,4,2.761904762,1.532879819,4,0,10,10,1.904761905,2.358276644,0,0,0,0,0,0,0,4,14,10,6.666666667,2.095238095,6,0,0,0,0,0,0,0,4,4,1.80952381,0.861678005,2,0,8,8,1.904761905,2.902494331,0,0,0,0,0,0,0,2,8,6,3.714285714,2.12244898,2,16.69,33.285,16.595,24.6921131,3.810530045,25.786875,0,2.202,2.202,1.363142857,1.038585034,2.202,0,2.25E-05,2.25E-05,5.37E-06,8.18E-06,0,70,194,124,109.6666667,49.11111111,70
Zn4Sb3,300,0.783,Zn4 Sb3,30,51,21,39,10.28571429,30,69,85,16,75.85714286,7.836734694,69,65.38,121.76,56.38,89.54285714,27.61469388,65.38,692.68,903.78,211.1,783.1514286,103.3959184,692.68,12,15,3,13.28571429,1.469387755,12,4,5,1,4.428571429,0.489795918,4,122,139,17,129.2857143,8.326530612,122,1.65,2.05,0.4,1.821428571,0.195918367,1.65,2,2,0,2,0,2,0,3,3,1.285714286,1.469387755,0,10,10,0,10,0,10,0,0,0,0,0,0,12,15,3,13.28571429,1.469387755,12,0,0,0,0,0,0,0,3,3,1.285714286,1.469387755,0,0,0,0,0,0,0,0,0,0,0,0,0,0,3,3,1.285714286,1.469387755,0,13.96,31.56,17.6,21.50285714,8.620408163,13.96,0,0,0,0,0,0,0,0,0,0,0,0,166,194,28,182,13.71428571,194
Pb0.94Sr0.04TeNa0.02,400,2.126,Pb0.94 Sr0.04 Te1 Na0.02,11,82,71,65.41,15.5946,52,2,90,88,83.25,6.75,90,22.98976928,207.2,184.2102307,163.1662977,41.39168017,127.6,370.87,1050,679.13,668.3254,69.601584,722.66,1,16,15,14.63,1.37,16,3,6,3,5.45,0.517,5,138,195,57,143.18,5.18,138,0.93,2.33,1.4,2.1734,0.147204,2.1,1,2,1,1.99,0.0198,2,0,4,4,2.94,1.06,4,0,10,10,9.7,0.582,10,0,14,14,6.58,6.9748,0,1,28,27,21.21,6.3826,16,0,1,1,0.01,0.0198,0,0,4,4,2.88,1.0528,2,0,0,0,0,0,0,0,0,0,0,0,0,0,4,4,2.89,1.0434,2,28.11,54.23,26.12,31.9704,3.683317333,34.76333333,0,0.464,0.464,0.232,0.232,0.464,0,0,0,0,0,0,152,229,77,188.54,36.54,152
Ca0.9Nd0.1MnO3,400,2.413,Ca0.9 Nd0.1 Mn1 O3,8,60,52,14.6,7.92,8,7,87,80,64.24,27.312,87,15.9994,144.242,128.2426,30.686129,17.6240748,15.9994,54.8,1519,1464.2,563.26,610.152,54.8,2,16,14,11.42,5.496,16,2,6,4,2.84,1.008,2,66,201,135,103.1,44.52,66,1,3.44,2.44,2.5768,1.03584,3.44,2,2,0,2,0,2,0,4,4,2.4,1.92,4,0,5,5,1,1.6,0,0,4,4,0.08,0.1568,0,2,7,5,5.48,1.2528,6,0,0,0,0,0,0,0,2,2,1.2,0.96,2,0,5,5,1,1.6,0,0,10,10,0.2,0.392,0,0,10,10,2.4,1.344,2,9.105,37.77,28.665,15.05531724,8.967473103,9.105,0,0,0,0,0,0,0,0.000310121,0.000310121,6.20E-05,9.92E-05,0,12,225,213,94.98,99.576,12
Ca2.97Na0.03AlSb3,700,0.84,Ca2.97 Na0.03 Al1 Sb3,11,51,40,32.24714286,16.07387755,51,2,85,83,49.83571429,36.75918367,85,22.98976928,121.76,98.77023072,73.1404131,41.67393163,121.76,370.87,1115,744.13,995.3551571,101.5271952,903.78,1,15,14,9.138571429,6.127346939,15,3,5,2,4.281428571,0.615918367,5,121,176,55,152.2428571,20.27755102,139,0.93,2.05,1.12,1.536842857,0.46075102,2.05,1,2,1,1.995714286,0.008534694,2,0,3,3,1.428571429,1.346938776,3,0,10,10,4.285714286,4.897959184,10,0,0,0,0,0,0,1,15,14,7.71,6.248571429,15,0,1,1,0.004285714,0.008534694,0,0,5,5,2,1.714285714,3,0,0,0,0,0,0,0,0,0,0,0,0,0,5,5,2.004285714,1.709387755,3,16.48,37.77,21.29,32.0306,4.870290857,31.56,0,0,0,0,0,0,0,0,0,0,0,0,166,229,63,199.7314286,28.91265306,166
Si0.8Ge0.2,1000,2.555,Si0.8 Ge0.2,14,32,18,17.6,5.76,14,78,79,1,78.2,0.32,78,28.0855,72.64,44.5545,36.9964,14.25744,28.0855,1211.4,1687,475.6,1591.88,152.192,1687,14,14,0,14,1.78E-15,14,3,4,1,3.2,0.32,3,111,120,9,112.8,2.88,111,1.9,2.01,0.11,1.922,0.0352,1.9,2,2,0,2,0,2,2,2,0,2,0,2,0,10,10,2,3.2,0,0,0,0,0,0,0,4,14,10,6,3.2,4,0,0,0,0,0,0,4,4,0,4,0,4,0,0,0,0,0,0,0,0,0,0,0,0,4,4,0,4,0,4,20.44,23.005,2.565,20.953,0.8208,20.44,0.383,0.773,0.39,0.695,0.1248,0.773,0,0,0,0,0,0,225,227,2,226.6,0.64,227
CaYb0.15Mn0.85O3,1000,1.694,Ca1 Yb0.15 Mn0.85 O3,8,70,62,15.15,8.58,8,7,87,80,63.61,28.068,87,15.9994,173.054,157.0546,32.14632765,19.37631318,15.9994,54.8,1519,1464.2,546.87,590.484,54.8,2,16,14,11.28,5.664,16,2,6,4,2.86,1.032,2,66,187,121,104.04,45.648,66,1,3.44,2.44,2.5653,1.04964,3.44,2,2,0,2,0,2,0,4,4,2.4,1.92,4,0,5,5,0.85,1.411,0,0,14,14,0.42,0.8148,0,2,16,14,5.67,1.468,6,0,0,0,0,0,0,0,2,2,1.2,0.96,2,0,5,5,0.85,1.411,0,0,0,0,0,0,0,0,5,5,2.05,1.003,2,9.105,37.77,28.665,15.82348966,9.876394759,9.105,0,0,0,0,0,0,0,0.000310121,0.000310121,5.27E-05,8.75E-05,0,12,225,213,95.84,100.608,12
Ca2.4Na0.3Bi0.3Co4O9,700,1.8,Ca2.4 Na0.3 Bi0.3 Co4 O9,8,83,75,16.0125,9.20203125,8,2,87,85,66.1375,24.21515625,87,15.9994,208.9804,192.981,34.09410192,20.77295214,15.9994,54.8,1768,1713.2,657.2363125,692.71095,54.8,1,16,15,11.85,4.786875,16,2,6,4,2.89375,1.00546875,2,66,176,110,100.9125,39.2765625,66,0.93,3.44,2.51,2.6103125,0.933398438,3.44,1,2,1,1.98125,0.036796875,2,0,4,4,2.30625,1.931484375,4,0,10,10,1.9375,2.83359375,0,0,14,14,0.2625,0.51515625,0,1,29,28,6.4875,2.10046875,6,0,1,1,0.01875,0.036796875,0,0,3,3,1.18125,0.989296875,2,0,3,3,0.75,1.125,0,0,0,0,0,0,0,0,3,3,1.95,0.620625,2,9.105,37.77,28.665,14.5144375,8.220335937,9.105,0,0,0,0,0,0,0,1.5484712,1.5484712,0.3871178,0.5806767,0,12,229,217,93.51875,94.76554688,12
Ti0.98Nb0.02NiSn,700,5.085,Ti0.98 Nb0.02 Ni1 Sn1,22,50,28,33.46,11.1272,28,43,80,37,61.36,12.42666667,61,47.867,118.71,70.843,75.39039587,29.11328254,58.6934,505.08,2750,2244.92,1396.753333,594.4488889,505.08,4,14,10,9.34,3.546666667,10,4,5,1,4.34,0.4488,4,124,164,40,141.0266667,12.70222222,124,1.54,1.96,0.42,1.803733333,0.175022222,1.91,1,2,1,1.993333333,0.013244444,2,0,2,2,0.666666667,0.888888889,0,2,10,8,6.68,3.093333333,8,0,0,0,0,0,0,4,14,10,9.34,3.546666667,10,0,1,1,0.006666667,0.013244444,0,0,4,4,1.333333333,1.777777778,0,0,8,8,3.32,3.093333333,0,0,0,0,0,0,0,2,8,6,4.66,2.213333333,2,10.32,33.285,22.965,20.10826667,8.784488889,10.32,0,0,0,0,0,0,0,0.5953947,0.5953947,0.198472261,0.264614959,0,141,229,88,186.9,30.6,141
CaMnO3,400,3.306,Ca1 Mn1 O3,8,25,17,13.8,6.96,8,7,87,80,64,27.6,87,15.9994,54.938045,38.938645,28.602849,15.1241388,15.9994,54.8,1519,1464.2,559.68,605.856,54.8,2,16,14,11.4,5.52,16,2,4,2,2.8,0.96,2,66,176,110,102.6,43.92,66,1,3.44,2.44,2.574,1.0392,3.44,2,2,0,2,0,2,0,4,4,2.4,1.92,4,0,5,5,1,1.6,0,0,0,0,0,0,0,2,7,5,5.4,1.36,6,0,0,0,0,0,0,0,2,2,1.2,0.96,2,0,5,5,1,1.6,0,0,0,0,0,0,0,0,5,5,2.2,1.12,2,9.105,37.77,28.665,15.11451724,9.062193103,9.105,0,0,0,0,0,0,0,0.000310121,0.000310121,6.20E-05,9.92E-05,0,12,225,213,95.6,100.32,12
Zn0.98Al0.02O,700,12.4,Zn0.98 Al0.02 O1,8,30,22,18.83,10.9466,8,69,87,18,78.04,8.96,87,15.9994,65.38,49.3806,40.30571539,24.57279892,15.9994,54.8,933.47,878.67,376.1479,321.3479,54.8,12,16,4,14.01,1.99,16,2,4,2,2.99,0.99,2,66,122,56,93.99,27.99,66,1.61,3.44,1.83,2.5446,0.8954,3.44,2,2,0,2,0,2,0,4,4,2.01,1.99,4,0,10,10,4.9,4.998,0,0,0,0,0,0,0,3,12,9,8.91,3.0282,6,0,0,0,0,0,0,0,5,5,1.05,1.029,2,0,0,0,0,0,0,0,0,0,0,0,0,0,5,5,1.05,1.029,2,9.105,16.48,7.375,11.5577,2.4527,9.105,0,0,0,0,0,0,0,0,0,0,0,0,12,225,213,103.31,91.31,12
Ca0.9Ho0.1MnO3,700,2.185,Ca0.9 Ho0.1 Mn1 O3,8,67,59,14.74,8.088,8,7,87,80,64.52,26.976,87,15.9994,164.93032,148.93092,31.0998954,18.12059448,15.9994,54.8,1747,1692.2,572.32,621.024,54.8,2,16,14,11.42,5.496,16,2,6,4,2.84,1.008,2,66,192,126,102.92,44.304,66,1,3.44,2.44,2.5786,1.03368,3.44,2,2,0,2,0,2,0,4,4,2.4,1.92,4,0,5,5,1,1.6,0,0,11,11,0.22,0.4312,0,2,13,11,5.62,1.3032,6,0,0,0,0,0,0,0,2,2,1.2,0.96,2,0,5,5,1,1.6,0,0,3,3,0.06,0.1176,0,0,5,5,2.26,1.1256,2,9.105,37.77,28.665,14.97378391,8.83701977,9.105,0,0,0,0,0,0,0,0.000310121,0.000310121,6.20E-05,9.92E-05,0,12,225,213,94.98,99.576,12
Ca2Co2O5,300,2.3,Ca2 Co2 O5,8,27,19,14.88888889,7.654320988,8,7,87,80,62.77777778,26.91358025,87,15.9994,58.933195,42.933795,30.89104333,16.54627037,15.9994,54.8,1768,1713.2,671.1111111,684.7901235,54.8,2,16,14,11.33333333,5.185185185,16,2,4,2,2.888888889,0.987654321,2,66,176,110,103.7777778,41.97530864,66,1,3.44,2.44,2.551111111,0.987654321,3.44,2,2,0,2,0,2,0,4,4,2.222222222,1.975308642,4,0,7,7,1.555555556,2.419753086,0,0,0,0,0,0,0,2,9,7,5.777777778,1.679012346,6,0,0,0,0,0,0,0,2,2,1.111111111,0.987654321,2,0,3,3,0.666666667,1.037037037,0,0,0,0,0,0,0,0,3,3,1.777777778,0.790123457,2,9.105,37.77,28.665,15.72833333,9.796296296,9.105,0,0,0,0,0,0,0,1.5484712,1.5484712,0.344104711,0.535273995,0,12,225,213,99.77777778,97.5308642,12
Zr0.95Nb0.05NiSn,1000,6.242,Zr0.95 Nb0.05 Ni1 Sn1,28,50,22,39.35,7.566666667,28,44,80,36,61.71666667,12.18888889,61,58.6934,118.71,60.0166,89.57050633,20.58473756,58.6934,505.08,2750,2244.92,1464.06,639.32,505.08,4,14,10,9.35,3.533333333,10,4,5,1,4.666666667,0.444444444,4,124,175,51,145.8166667,19.08888889,124,1.33,1.96,0.63,1.737833333,0.262888889,1.91,1,2,1,1.983333333,0.032777778,2,0,2,2,0.666666667,0.888888889,0,2,10,8,6.7,3.066666667,8,0,0,0,0,0,0,4,14,10,9.35,3.533333333,10,0,1,1,0.016666667,0.032777778,0,0,4,4,1.333333333,1.777777778,0,0,8,8,3.3,3.066666667,0,0,0,0,0,0,0,2,8,6,4.65,2.2,2,10.32,33.285,22.965,22.18308333,8.042158333,10.32,0,0,0,0,0,0,0,0.5953947,0.5953947,0.1984649,0.264619867,0,141,229,88,187.25,30.83333333,141
Ca2.94Na0.06AlSb3,300,1.65,Ca2.94 Na0.06 Al1 Sb3,11,51,40,32.20857143,16.10693878,51,2,85,83,49.81428571,36.78367347,85,22.98976928,121.76,98.77023072,73.06717782,41.73670472,121.76,370.87,1115,744.13,992.1660286,103.180536,903.78,1,15,14,9.134285714,6.132244898,15,3,5,2,4.277142857,0.619591837,5,121,176,55,152.2,20.22857143,139,0.93,2.05,1.12,1.536542857,0.461093878,2.05,1,2,1,1.991428571,0.016995918,2,0,3,3,1.428571429,1.346938776,3,0,10,10,4.285714286,4.897959184,10,0,0,0,0,0,0,1,15,14,7.705714286,6.252244898,15,0,1,1,0.008571429,0.016995918,0,0,5,5,2,1.714285714,3,0,0,0,0,0,0,0,0,0,0,0,0,0,5,5,2.008571429,1.704489796,3,16.48,37.77,21.29,31.99405714,4.851792,31.56,0,0,0,0,0,0,0,0,0,0,0,0,166,229,63,199.7485714,28.92734694,166
Nd2CuO4,400,13.7,Nd2 Cu1 O4,8,60,52,25.85714286,20.40816327,8,19,87,68,64.28571429,25.95918367,87,15.9994,144.242,128.2426,59.43251429,49.6378449,15.9994,54.8,1357.77,1302.97,594.9957143,617.3665306,54.8,3,16,13,11.57142857,5.06122449,16,2,6,4,3.428571429,1.632653061,2,66,201,135,114,54.85714286,66,1.14,3.44,2.3,2.562857143,1.00244898,3.44,1,2,1,1.857142857,0.244897959,2,0,4,4,2.285714286,1.959183673,4,0,10,10,1.428571429,2.448979592,0,0,4,4,1.142857143,1.632653061,0,6,11,5,6.714285714,1.224489796,6,0,1,1,0.142857143,0.244897959,0,0,2,2,1.142857143,0.979591837,2,0,0,0,0,0,0,0,10,10,2.857142857,4.081632653,0,1,10,9,4.142857143,3.346938776,2,9.105,34.81,25.705,16.73,10.33142857,9.105,0,0,0,0,0,0,0,0,0,0,0,0,12,225,213,94.42857143,94.20408163,12
Sr2Ti0.8Nb0.2O4,300,4.37,Sr2 Ti0.8 Nb0.2 O4,8,41,33,19.11428571,12.70204082,8,8,87,79,58.25714286,32.84897959,87,15.9994,92.90638,76.90698,42.30178229,30.05986547,15.9994,54.8,2750,2695.2,631.7142857,659.3306122,54.8,2,16,14,10.31428571,6.497959184,16,2,5,3,3.171428571,1.33877551,2,66,195,129,116.4,57.6,66,0.95,3.44,2.49,2.458857143,1.121306122,3.44,1,2,1,1.971428571,0.055510204,2,0,4,4,2.285714286,1.959183673,4,0,4,4,0.342857143,0.587755102,0,0,0,0,0,0,0,2,6,4,4.6,1.622857143,6,0,1,1,0.028571429,0.055510204,0,0,2,2,1.142857143,0.979591837,2,0,8,8,1.085714286,1.86122449,0,0,0,0,0,0,0,0,8,8,2.257142857,1.583673469,2,9.105,54.23,45.125,23.124,17.77485714,9.105,0,0,0,0,0,0,0,2.25E-05,2.25E-05,2.58E-06,4.56E-06,0,12,229,217,99.85714286,100.4081633,12
CaYb0.1Mn0.9O3,400,1.639,Ca1 Yb0.1 Mn0.9 O3,8,70,62,14.7,8.04,8,7,87,80,63.74,27.912,87,15.9994,173.054,157.0546,30.9651681,17.95892172,15.9994,54.8,1519,1464.2,551.14,595.608,54.8,2,16,14,11.32,5.616,16,2,6,4,2.84,1.008,2,66,187,121,103.56,45.072,66,1,3.44,2.44,2.5682,1.04616,3.44,2,2,0,2,0,2,0,4,4,2.4,1.92,4,0,5,5,0.9,1.476,0,0,14,14,0.28,0.5488,0,2,16,14,5.58,1.432,6,0,0,0,0,0,0,0,2,2,1.2,0.96,2,0,5,5,0.9,1.476,0,0,0,0,0,0,0,0,5,5,2.1,1.044,2,9.105,37.77,28.665,15.58716552,9.614447172,9.105,0,0,0,0,0,0,0,0.000310121,0.000310121,5.58E-05,9.15E-05,0,12,225,213,95.76,100.512,12
Zn4Sb3,300,0.77,Zn4 Sb3,30,51,21,39,10.28571429,30,69,85,16,75.85714286,7.836734694,69,65.38,121.76,56.38,89.54285714,27.61469388,65.38,692.68,903.78,211.1,783.1514286,103.3959184,692.68,12,15,3,13.28571429,1.469387755,12,4,5,1,4.428571429,0.489795918,4,122,139,17,129.2857143,8.326530612,122,1.65,2.05,0.4,1.821428571,0.195918367,1.65,2,2,0,2,0,2,0,3,3,1.285714286,1.469387755,0,10,10,0,10,0,10,0,0,0,0,0,0,12,15,3,13.28571429,1.469387755,12,0,0,0,0,0,0,0,3,3,1.285714286,1.469387755,0,0,0,0,0,0,0,0,0,0,0,0,0,0,3,3,1.285714286,1.469387755,0,13.96,31.56,17.6,21.50285714,8.620408163,13.96,0,0,0,0,0,0,0,0,0,0,0,0,166,194,28,182,13.71428571,194
CeFe3.5Co0.5Sb13,400,2.38,Ce1 Fe3.5 Co0.5 Sb13,26,58,32,45.86111111,8.771604938,51,15,85,70,74.52777778,15.12654321,85,55.845,140.116,84.271,108.2177832,23.10522614,121.76,903.78,1811,907.22,1113.48,307.62,903.78,3,15,12,12.80555556,3.169753086,15,4,6,2,4.833333333,0.37037037,5,126,204,78,140.8888889,7.012345679,139,1.12,2.05,0.93,1.950833333,0.143240741,2.05,2,2,0,2,0,2,0,3,3,2.166666667,1.203703704,3,1,10,9,8.638888889,1.966049383,10,0,1,1,0.055555556,0.104938272,0,4,15,11,12.86111111,3.089506173,15,0,0,0,0,0,0,0,3,3,2.166666667,1.203703704,3,0,9,9,1.361111111,1.966049383,0,0,13,13,0.722222222,1.364197531,0,3,22,19,4.25,1.972222222,3,10.245,37.24,26.995,27.23319444,7.361697531,31.56,0,0,0,0,0,0,0,2.1106628,2.1106628,0.453419744,0.705319602,0,166,229,63,180.5833333,21.06481481,166
Li0.0242Ni0.9758O,1000,2.55,Li0.0242 Ni0.9758 O1,3,28,25,17.6975,10.0531795,8,1,87,86,73.274,13.726,87,6.941,58.6934,51.7524,36.72019596,21.4414525,15.9994,54.8,1728,1673.2,875.980849,831.4002875,54.8,1,16,15,12.8911,3.1089,16,2,4,2,2.9758,0.99941436,2,66,128,62,95.0484,29.0484,66,0.98,3.44,2.46,2.663747,0.776253,3.44,1,2,1,1.9879,0.02390718,2,0,4,4,2,2,4,0,8,8,3.9032,3.99765744,0,0,0,0,0,0,0,1,10,9,7.8911,2.05786462,6,0,1,1,0.0121,0.02390718,0,0,2,2,1,1,2,0,2,2,0.9758,0.99941436,0,0,0,0,0,0,0,1,2,1,1.9879,0.02390718,2,9.105,16.59333333,7.488333333,9.788407333,0.683407333,9.105,0,0,0,0,0,0,0,0.5953947,0.5953947,0.290493074,0.297523007,0,12,229,217,118.5484,106.5484,12
NbCo1.05Sn,300,6.887,Nb1 Co1.05 Sn1,27,50,23,39.13114754,8.352593389,27,47,80,33,61.60655738,12.06127385,58,58.933195,118.71,59.776805,89.67089664,21.16366342,58.933195,505.08,2750,2244.92,1675.895082,767.7475947,1768,5,14,9,9.327868852,3.063692556,9,4,5,1,4.655737705,0.451491535,4,126,164,38,142.7213115,13.95323838,126,1.6,1.96,0.36,1.81442623,0.140607364,1.88,1,2,1,1.672131148,0.440741736,2,0,2,2,0.655737705,0.881483472,0,4,10,6,7,1.967213115,7,0,0,0,0,0,0,5,14,9,9.327868852,3.063692556,9,0,1,1,0.327868852,0.440741736,0,0,4,4,1.31147541,1.762966944,0,0,6,6,3,1.967213115,3,0,0,0,0,0,0,3,7,4,4.639344262,1.547970976,3,10.245,33.285,23.04,20.4007377,8.448696587,10.245,0,0,0,0,0,0,0,1.5484712,1.5484712,0.533080249,0.699121638,1.5484712,141,229,88,188.0983607,30.88417092,194
Cu1.98Se,400,1.73,Cu1.98 Se1,29,34,5,30.67785235,2.229629296,29,64,89,25,72.38926174,11.14814648,64,63.546,78.96,15.414,68.71848322,6.873501194,63.546,494,1357.77,863.77,1067.914295,385.1773794,1357.77,11,16,5,12.67785235,2.229629296,11,4,4,0,4,0,4,120,132,12,127.9731544,5.35111031,132,1.9,2.55,0.65,2.118120805,0.289851808,1.9,1,2,1,1.33557047,0.445925859,1,0,4,4,1.342281879,1.783703437,0,10,10,0,10,0,10,0,0,0,0,0,0,11,16,5,12.67785235,2.229629296,11,0,1,1,0.66442953,0.445925859,1,0,2,2,0.67114094,0.891851718,0,0,0,0,0,0,0,0,0,0,0,0,0,1,2,1,1.33557047,0.445925859,1,11.07,25.92,14.85,16.05322148,6.621999009,11.07,0,0.799,0.799,0.268120805,0.356294761,0,0,0,0,0,0,0,14,225,211,154.1946309,94.09035629,225
Ca2.7Bi0.3Co4O9,300,2,Ca2.7 Bi0.3 Co4 O9,8,83,75,16.18125,9.20390625,8,7,87,80,66.23125,24.10617188,87,15.9994,208.9804,192.981,34.41450625,20.71699453,15.9994,54.8,1768,1713.2,671.18875,698.1919219,54.8,2,16,14,11.86875,4.765078125,16,2,6,4,2.9125,1.0265625,2,66,176,110,101.1,39.4875,66,1,3.44,2.44,2.611625,0.931921875,3.44,2,2,0,2,0,2,0,4,4,2.30625,1.931484375,4,0,10,10,1.9375,2.83359375,0,0,14,14,0.2625,0.51515625,0,2,29,27,6.50625,2.090390625,6,0,0,0,0,0,0,0,3,3,1.18125,0.989296875,2,0,3,3,0.75,1.125,0,0,0,0,0,0,0,0,3,3,1.93125,0.651796875,2,9.105,37.77,28.665,14.6743125,8.480132813,9.105,0,0,0,0,0,0,0,1.5484712,1.5484712,0.3871178,0.5806767,0,12,225,213,93.44375,94.67835938,12
Zr0.35Hf0.35Ti0.3NiSn,400,2.837,Zr0.35 Hf0.35 Ti0.3 Ni1 Sn1,22,72,50,41.26666667,12.99333333,28,43,80,37,61.68333333,12.21111111,61,47.867,178.49,130.623,95.3878,34.93864667,58.6934,505.08,2506,2000.92,1479.093333,649.3422222,505.08,4,14,10,9.333333333,3.555555556,10,4,6,2,4.683333333,0.592222222,4,124,175,51,144.5,17.33333333,124,1.3,1.96,0.66,1.750833333,0.245555556,1.91,2,2,0,2,0,2,0,2,2,0.666666667,0.888888889,0,2,10,8,6.666666667,3.111111111,8,0,14,14,1.633333333,2.885555556,0,4,18,14,10.96666667,3.663333333,10,0,0,0,0,0,0,0,4,4,1.333333333,1.777777778,0,0,8,8,3.333333333,3.111111111,0,0,0,0,0,0,0,2,8,6,4.666666667,2.222222222,2,10.32,33.285,22.965,21.50008333,8.415405556,10.32,0,0,0,0,0,0,0,0.5953947,0.5953947,0.198467153,0.264618364,0,141,225,84,186.6666667,30.44444444,141
Sm0.5Ca0.5MnO3,300,1.9,Sm0.5 Ca0.5 Mn1 O3,8,62,54,18,12,8,7,87,80,65.6,25.68,87,15.9994,150.36,134.3606,39.631049,28.3579788,15.9994,54.8,1519,1464.2,582.68,633.456,54.8,2,16,14,11.5,5.4,16,2,6,4,3,1.2,2,66,198,132,104.8,46.56,66,1,3.44,2.44,2.591,1.0188,3.44,2,2,0,2,0,2,0,4,4,2.4,1.92,4,0,5,5,1,1.6,0,0,6,6,0.6,1.08,0,2,8,6,6,0.8,6,0,0,0,0,0,0,0,2,2,1.2,0.96,2,0,5,5,1,1.6,0,0,8,8,0.8,1.44,0,0,8,8,3,1.8,2,9.105,37.77,28.665,14.66051724,8.335793103,9.105,0,0,0,0,0,0,0,0.000310121,0.000310121,6.20E-05,9.92E-05,0,12,225,213,89.7,93.24,12
La0.99Sr0.01CoO3,300,1.807,La0.99 Sr0.01 Co1 O3,8,57,49,21.562,16.2744,8,8,87,79,66.39,24.732,87,15.9994,138.90547,122.90607,49.06480206,39.67848247,15.9994,54.8,1768,1713.2,624.794,683.9928,54.8,2,16,14,11.998,4.8024,16,2,6,4,3.198,1.4376,2,66,207,141,106.176,48.2112,66,0.95,3.44,2.49,2.6597,0.93636,3.44,2,2,0,2,0,2,0,4,4,2.4,1.92,4,0,7,7,1.598,2.1608,0,0,0,0,0,0,0,2,9,7,5.998,1.2032,6,0,0,0,0,0,0,0,2,2,1.2,0.96,2,0,9,9,2.382,2.867928,0,0,0,0,0,0,0,0,9,9,3.582,2.145528,2,9.105,54.23,45.125,14.926165,8.857864,9.105,0,0,0,0,0,0,0,1.5484712,1.5484712,0.30969424,0.495510784,0,12,225,213,84.862,87.4344,12
WO2.722,700,6.88,W1 O2.722,8,74,66,25.73240193,25.93637725,8,51,87,36,77.32778076,14.14711486,87,15.9994,183.84,167.8406,61.09359667,65.95722909,15.9994,54.8,3695,3640.2,1032.822569,1430.509098,54.8,6,16,10,13.31327243,3.929754129,16,2,6,4,3.074691026,1.571901652,2,66,162,96,91.79258463,37.72563964,66,2.36,3.44,1.08,3.149833423,0.424413446,3.44,2,2,0,2,0,2,0,4,4,2.925308974,1.571901652,4,0,4,4,1.074691026,1.571901652,0,0,14,14,3.761418592,5.501655781,0,6,20,14,9.761418592,5.501655781,6,0,0,0,0,0,0,0,2,2,1.462654487,0.785950826,2,0,6,6,1.612036539,2.357852477,0,0,0,0,0,0,0,2,6,4,3.074691026,1.571901652,2,9.105,16.05,6.945,10.97093229,2.729214243,9.105,0,0,0,0,0,0,0,0,0,0,0,0,12,229,217,70.30198818,85.2756646,12
In2O3,300,9.67,In2 O3,8,49,41,24.4,19.68,8,75,87,12,82.2,5.76,87,15.9994,114.818,98.8186,55.52684,47.432928,15.9994,54.8,429.75,374.95,204.78,179.976,54.8,13,16,3,14.8,1.44,16,2,5,3,3.2,1.44,2,66,142,76,96.4,36.48,66,1.78,3.44,1.66,2.776,0.7968,3.44,2,2,0,2,0,2,1,4,3,2.8,1.44,4,0,10,10,4,4.8,0,0,0,0,0,0,0,6,13,7,8.8,3.36,6,0,0,0,0,0,0,2,5,3,3.2,1.44,2,0,0,0,0,0,0,0,0,0,0,0,0,2,5,3,3.2,1.44,2,9.105,24.26,15.155,15.167,7.2744,9.105,0,0,0,0,0,0,0,0,0,0,0,0,12,139,127,62.8,60.96,12
Yb14MnSb11,700,0.816,Yb14 Mn1 Sb11,25,70,45,60.23076923,10.52071006,70,39,85,46,58.96153846,22.03254438,39,54.938045,173.054,118.115955,146.809771,28.26301589,173.054,903.78,1519,615.22,1028.791538,105.7789941,1092,3,15,12,8.230769231,5.727810651,3,4,6,2,5.5,0.538461538,6,139,187,48,164.8461538,23.85798817,187,1.26,2.05,0.79,1.605384615,0.376213018,1.26,2,2,0,2,0,2,0,3,3,1.269230769,1.464497041,0,0,10,10,4.423076923,4.763313609,0,0,14,14,7.538461538,6.958579882,14,7,16,9,15.23076923,0.828402367,16,0,0,0,0,0,0,0,3,3,1.269230769,1.464497041,0,0,5,5,0.192307692,0.369822485,0,0,0,0,0,0,0,0,5,5,1.461538462,1.573964497,0,10.48758621,34.12,23.63241379,32.12798408,2.145247909,34.12,0,0,0,0,0,0,0,0.000310121,0.000310121,1.19E-05,2.29E-05,0,166,225,59,199.7307692,28.54142012,225
Ca0.9Nd0.1MnO3,1000,2.382,Ca0.9 Nd0.1 Mn1 O3,8,60,52,14.6,7.92,8,7,87,80,64.24,27.312,87,15.9994,144.242,128.2426,30.686129,17.6240748,15.9994,54.8,1519,1464.2,563.26,610.152,54.8,2,16,14,11.42,5.496,16,2,6,4,2.84,1.008,2,66,201,135,103.1,44.52,66,1,3.44,2.44,2.5768,1.03584,3.44,2,2,0,2,0,2,0,4,4,2.4,1.92,4,0,5,5,1,1.6,0,0,4,4,0.08,0.1568,0,2,7,5,5.48,1.2528,6,0,0,0,0,0,0,0,2,2,1.2,0.96,2,0,5,5,1,1.6,0,0,10,10,0.2,0.392,0,0,10,10,2.4,1.344,2,9.105,37.77,28.665,15.05531724,8.967473103,9.105,0,0,0,0,0,0,0,0.000310121,0.000310121,6.20E-05,9.92E-05,0,12,225,213,94.98,99.576,12
Ag9TlTe5,700,0.2,Ag9 Tl1 Te5,47,81,34,50.93333333,4.72,47,65,90,25,74.06666667,10.88,65,107.8682,204.3833,96.5151,120.8798067,15.613928,107.8682,577,1234.93,657.93,1020.311333,257.5424,1234.93,11,16,5,12.8,2.16,11,5,6,1,5.066666667,0.124444444,5,138,145,7,142.6666667,3.111111111,145,1.62,2.1,0.48,1.966,0.089333333,1.93,1,2,1,1.4,0.48,1,0,4,4,1.4,1.733333333,0,10,10,0,10,0,10,0,14,14,0.933333333,1.742222222,0,11,27,16,13.73333333,3.28,11,0,1,1,0.6,0.48,1,0,5,5,1,1.2,0,0,0,0,0,0,0,0,0,0,0,0,0,1,5,4,1.6,0.72,1,16.33,34.76333333,18.43333333,23.17977778,8.219733333,16.33,0,0.464,0.464,0.154666667,0.206222222,0,0,0,0,0,0,0,152,225,73,198.6,31.68,225
Na0.02Pb0.98Te0.85Se0.15,700,1.268,Na0.02 Pb0.98 Te0.85 Se0.15,11,82,71,64.94,16.7188,82,2,90,88,84.635,5.215,81,22.98976928,207.2,184.2102307,161.9098977,44.38430026,207.2,370.87,722.66,351.79,642.1881,68.401115,600.61,1,16,15,14.87,1.13,14,3,6,3,5.395,0.5929,6,120,166,46,140.85,5.55,146,0.93,2.55,1.62,2.23475,0.1406325,2.33,1,2,1,1.99,0.0198,2,0,4,4,2.98,1.02,2,0,10,10,9.9,0.198,10,0,14,14,6.86,6.9972,14,1,28,27,21.73,6.1446,28,0,1,1,0.01,0.0198,0,0,4,4,2.96,1.0192,4,0,0,0,0,0,0,0,0,0,0,0,0,1,4,3,2.97,1.0094,4,25.92,34.76333333,8.843333333,30.78475,3.381795833,28.11,0,0.799,0.799,0.257125,0.257125,0,0,0,0,0,0,0,14,229,215,178.19,46.89,225
CaYb0.15Mn0.85O3,300,1.645,Ca1 Yb0.15 Mn0.85 O3,8,70,62,15.15,8.58,8,7,87,80,63.61,28.068,87,15.9994,173.054,157.0546,32.14632765,19.37631318,15.9994,54.8,1519,1464.2,546.87,590.484,54.8,2,16,14,11.28,5.664,16,2,6,4,2.86,1.032,2,66,187,121,104.04,45.648,66,1,3.44,2.44,2.5653,1.04964,3.44,2,2,0,2,0,2,0,4,4,2.4,1.92,4,0,5,5,0.85,1.411,0,0,14,14,0.42,0.8148,0,2,16,14,5.67,1.468,6,0,0,0,0,0,0,0,2,2,1.2,0.96,2,0,5,5,0.85,1.411,0,0,0,0,0,0,0,0,5,5,2.05,1.003,2,9.105,37.77,28.665,15.82348966,9.876394759,9.105,0,0,0,0,0,0,0,0.000310121,0.000310121,5.27E-05,8.75E-05,0,12,225,213,95.84,100.608,12
CuCr0.97Mg0.03O2,400,6.461,Cu1 Cr0.97 Mg0.03 O2,8,29,21,17.16,9.2374,8,49,87,38,71.8925,15.1075,87,15.9994,63.546,47.5466,36.67754175,20.86372988,15.9994,54.8,2180,2125.2,902.415,847.615,54.8,2,16,14,12.22,3.78,16,2,4,2,2.9925,0.9925,2,66,141,75,100.765,34.765,66,1.31,3.44,2.13,2.607375,0.832625,3.44,1,2,1,1.5075,0.4998875,2,0,4,4,2,2,4,0,10,10,3.7125,3.7681875,0,0,0,0,0,0,0,2,11,9,7.22,1.89,6,0,1,1,0.4925,0.4998875,0,0,2,2,1,1,2,0,5,5,1.2125,1.8369375,0,0,0,0,0,0,0,0,6,6,2.705,1.598075,2,9.105,22.89,13.785,10.20525,1.10025,9.105,0,0,0,0,0,0,0,0,0,0,0,0,12,229,217,119.2375,107.2375,12
In1.8Ge0.2O3,300,3.238,In1.8 Ge0.2 O3,8,49,41,23.72,18.864,8,75,87,12,82.36,5.568,87,15.9994,114.818,98.8186,53.83972,45.408384,15.9994,54.8,1211.4,1156.6,236.046,217.4952,54.8,13,16,3,14.84,1.392,16,2,5,3,3.16,1.392,2,66,142,76,95.52,35.424,66,1.78,3.44,1.66,2.7852,0.78576,3.44,2,2,0,2,0,2,1,4,3,2.84,1.392,4,0,10,10,4,4.8,0,0,0,0,0,0,0,6,14,8,8.84,3.408,6,0,0,0,0,0,0,2,5,3,3.16,1.392,2,0,0,0,0,0,0,0,0,0,0,0,0,2,5,3,3.16,1.392,2,9.105,24.26,15.155,15.1168,7.21416,9.105,0,0.383,0.383,0.01532,0.0294144,0,0,0,0,0,0,0,12,225,213,66.24,65.088,12
Mo6Te6S2,300,2.125,Mo6 Te6 S2,16,52,36,42.57142857,8.081632653,42,50,90,40,72.57142857,19.34693878,50,32.065,127.6,95.535,100.3921429,23.32102041,95.96,388.36,2896,2507.64,1606.334286,1105.427755,722.66,6,16,10,11.71428571,4.897959184,6,3,5,2,4.714285714,0.489795918,5,105,154,49,140.1428571,11.87755102,138,2.1,2.58,0.48,2.194285714,0.110204082,2.1,1,2,1,1.571428571,0.489795918,1,0,4,4,2.285714286,1.959183673,0,0,10,10,6.428571429,3.06122449,5,0,0,0,0,0,0,6,16,10,10.28571429,4.897959184,6,0,1,1,0.428571429,0.489795918,0,0,2,2,1.142857143,0.979591837,0,0,5,5,2.142857143,2.448979592,0,0,0,0,0,0,0,2,6,4,3.714285714,1.959183673,2,15.69,34.76333333,19.07333333,25.30669643,8.242882653,15.69,0,2.202,2.202,0.513428571,0.48244898,0,0,0,0,0,0,0,70,229,159,173.2857143,47.75510204,152
Ba8Ga16Ge30,300,1.7,Ba8 Ga16 Ge30,31,56,25,35.25925926,6.145404664,32,9,79,70,67.14814815,17.22908093,79,69.723,137.327,67.604,81.35896296,16.58312209,72.64,302.91,1211.4,908.49,910.8992593,360.2899314,1211.4,2,14,12,11.92592593,2.941015089,14,4,6,2,4.296296296,0.504801097,4,120,215,95,134.6666667,23.80246914,120,0.89,2.01,1.12,1.784814815,0.265130316,2.01,2,2,0,2,0,2,0,2,2,1.407407407,0.658436214,2,0,10,10,8.518518519,2.524005487,10,0,0,0,0,0,0,2,14,12,11.92592593,2.941015089,14,0,0,0,0,0,0,0,5,5,3.703703704,1.09739369,4,0,0,0,0,0,0,0,0,0,0,0,0,0,5,5,3.703703704,1.09739369,4,18.8575,63.59,44.7325,27.7887037,10.6077915,23.005,0,0.383,0.383,0.212777778,0.189135802,0.383,0,0,0,0,0,0,64,229,165,177.8888889,67.48971193,225
In0.2Co4Sb12,700,1.937,In0.2 Co4 Sb12,27,51,24,45.04938272,8.913275415,51,58,85,27,78.20987654,10.05944216,85,58.933195,121.76,62.826805,106.1615049,23.32262219,121.76,429.75,1768,1338.25,1111.315432,324.2886755,903.78,9,15,6,13.49382716,2.23136717,15,4,5,1,4.75308642,0.371894528,5,126,142,16,135.8271605,4.852918762,139,1.78,2.05,0.27,2.004691358,0.067123914,2.05,2,2,0,2,0,2,0,3,3,2.234567901,1.13397348,3,7,10,3,9.259259259,1.115683585,10,0,0,0,0,0,0,9,15,6,13.49382716,2.23136717,15,0,0,0,0,0,0,0,5,5,2.283950617,1.127876848,3,0,3,3,0.740740741,1.115683585,0,0,0,0,0,0,0,3,5,2,3.024691358,0.048773053,3,10.245,31.56,21.315,26.20691358,7.9304984,31.56,0,0,0,0,0,0,0,1.5484712,1.5484712,0.382338568,0.575867966,0,139,194,55,172.5802469,10.57765585,166
Ca0.7Y0.3MnO3,300,1.793,Ca0.7 Y0.3 Mn1 O3,8,39,31,14.94,8.328,8,7,87,80,64.3,27.24,87,15.9994,88.90585,72.90645,31.53252,18.639744,15.9994,54.8,1799,1744.2,600.72,655.104,54.8,2,16,14,11.46,5.448,16,2,5,3,2.86,1.032,2,66,190,124,103.44,44.928,66,1,3.44,2.44,2.5872,1.02336,3.44,2,2,0,2,0,2,0,4,4,2.4,1.92,4,0,5,5,1.06,1.576,0,0,0,0,0,0,0,2,7,5,5.46,1.264,6,0,0,0,0,0,0,0,2,2,1.2,0.96,2,0,9,9,1.54,2.2792,0,0,0,0,0,0,0,0,9,9,2.74,1.6552,2,9.105,37.77,28.665,14.79021724,8.543313103,9.105,0,0,0,0,0,0,0,0.000310121,0.000310121,6.20E-05,9.92E-05,0,12,225,213,93.74,98.088,12
CuCr0.98Mg0.02O2,700,5.838,Cu1 Cr0.98 Mg0.02 O2,8,29,21,17.19,9.2419,8,49,87,38,71.845,15.155,87,15.9994,63.546,47.5466,36.7467695,20.87178719,15.9994,54.8,2180,2125.2,905.5575,850.7575,54.8,2,16,14,12.23,3.77,16,2,4,2,2.995,0.995,2,66,141,75,100.76,34.76,66,1.31,3.44,2.13,2.60825,0.83175,3.44,1,2,1,1.505,0.49995,2,0,4,4,2,2,4,0,10,10,3.725,3.76225,0,0,0,0,0,0,0,2,11,9,7.23,1.885,6,0,1,1,0.495,0.49995,0,0,2,2,1,1,2,0,5,5,1.225,1.84975,0,0,0,0,0,0,0,0,6,6,2.72,1.6072,2,9.105,22.89,13.785,10.176,1.071,9.105,0,0,0,0,0,0,0,0,0,0,0,0,12,229,217,119.325,107.325,12
Zn0.995Al0.005O,1000,8.25,Zn0.995 Al0.005 O1,8,30,22,18.9575,10.9872875,8,69,87,18,78.01,8.99,87,15.9994,65.38,49.3806,40.59370385,24.66236467,15.9994,54.8,933.47,878.67,374.341975,319.541975,54.8,12,16,4,14.0025,1.9975,16,2,4,2,2.9975,0.9975,2,66,122,56,93.9975,27.9975,66,1.61,3.44,1.83,2.5449,0.8951,3.44,2,2,0,2,0,2,0,4,4,2.0025,1.9975,4,0,10,10,4.975,4.999875,0,0,0,0,0,0,0,3,12,9,8.9775,3.0073875,6,0,0,0,0,0,0,0,5,5,1.0125,1.0074375,2,0,0,0,0,0,0,0,0,0,0,0,0,0,5,5,1.0125,1.0074375,2,9.105,16.48,7.375,11.5388,2.4338,9.105,0,0,0,0,0,0,0,0,0,0,0,0,12,225,213,103.0775,91.0775,12
Ba8Ga18Ge28,700,1.1,Ba8 Ga18 Ge28,31,56,25,35.22222222,6.156378601,32,9,79,70,66.96296296,17.17421125,79,69.723,137.327,67.604,81.25092593,16.61513306,72.64,302.91,1211.4,908.49,877.2514815,382.894321,1211.4,2,14,12,11.88888889,2.930041152,14,4,6,2,4.296296296,0.504801097,4,120,215,95,134.7407407,23.78052126,120,0.89,2.01,1.12,1.777407407,0.262935528,2.01,2,2,0,2,0,2,0,2,2,1.37037037,0.652949246,2,0,10,10,8.518518519,2.524005487,10,0,0,0,0,0,0,2,14,12,11.88888889,2.930041152,14,0,0,0,0,0,0,0,5,5,3.740740741,1.108367627,4,0,0,0,0,0,0,0,0,0,0,0,0,0,5,5,3.740740741,1.108367627,4,18.8575,63.59,44.7325,27.63509259,10.6533059,23.005,0,0.383,0.383,0.198592593,0.191237311,0.383,0,0,0,0,0,0,64,229,165,171.9259259,71.95061728,225
Sr0.61Ba0.39Nb2O6,400,2.021,Sr0.61 Ba0.39 Nb2 O6,8,56,48,19.44666667,15.26222222,8,8,87,79,69.37666667,23.49777778,87,15.9994,137.327,121.3276,43.20165444,36.26967259,15.9994,54.8,2750,2695.2,762.1444444,943.1259259,54.8,2,16,14,12,5.333333333,16,2,6,4,3.043333333,1.391111111,2,66,215,149,102.9777778,49.3037037,66,0.89,3.44,2.55,2.751844444,0.917540741,3.44,1,2,1,1.777777778,0.345679012,2,0,4,4,2.666666667,1.777777778,4,0,4,4,0.888888889,1.382716049,0,0,0,0,0,0,0,2,6,4,5.333333333,0.888888889,6,0,1,1,0.222222222,0.345679012,0,0,2,2,1.333333333,0.888888889,2,0,6,6,1.333333333,2.074074074,0,0,0,0,0,0,0,0,7,7,2.888888889,1.827160494,2,9.105,63.59,54.485,16.54115556,9.914874074,9.105,0,0,0,0,0,0,0,0,0,0,0,0,12,229,217,84.06222222,96.08296296,12
Li0.0066Ni0.9944O,700,6.011,Li0.0066 Ni0.9944 O1,3,28,25,17.92253873,10.01601948,8,1,87,86,73.7956022,13.1977989,87,6.941,58.6934,51.7524,37.18637059,21.37590209,15.9994,54.8,1728,1673.2,887.6149695,835.2612437,54.8,1,16,15,12.96881559,3.029669573,16,2,4,2,2.993903048,0.999962827,2,66,128,62,95.02768616,29.01317957,66,0.98,3.44,2.46,2.671550225,0.768065742,3.44,1,2,1,1.996701649,0.006574943,2,0,4,4,1.9990005,1.9999995,4,0,8,8,3.975612194,3.999851309,0,0,0,0,0,0,0,1,10,9,7.971314343,2.016316859,6,0,1,1,0.003298351,0.006574943,0,0,2,2,0.99950025,0.99999975,2,0,2,2,0.993903048,0.999962827,0,0,0,0,0,0,0,1,2,1,1.996701649,0.006574943,2,9.105,16.59333333,7.488333333,9.733495252,0.628181162,9.105,0,0,0,0,0,0,0,0.5953947,0.5953947,0.295882304,0.297686284,0,12,229,217,118.5664168,106.5131602,12
Ca0.9Bi0.1MnO3,700,2.215,Ca0.9 Bi0.1 Mn1 O3,8,83,75,15.06,8.472,8,7,87,80,65.58,26.5208,87,15.9994,208.9804,192.981,31.980897,19.1777964,15.9994,54.8,1519,1464.2,548.268,592.31632,54.8,2,16,14,11.66,5.3416,16,2,6,4,2.84,1.008,2,66,176,110,102.04,43.248,66,1,3.44,2.44,2.5944,1.01472,3.44,2,2,0,2,0,2,0,4,4,2.46,1.8696,4,0,10,10,1.2,1.872,0,0,14,14,0.28,0.5488,0,2,29,27,5.94,1.4184,6,0,0,0,0,0,0,0,3,3,1.26,0.9576,2,0,5,5,1,1.6,0,0,0,0,0,0,0,0,5,5,2.26,1.1256,2,9.105,37.77,28.665,15.01811724,8.907953103,9.105,0,0,0,0,0,0,0,0.000310121,0.000310121,6.20E-05,9.92E-05,0,12,225,213,91.34,98.3816,12
Sb2Te3,300,5.205,Sb2 Te3,51,52,1,51.6,0.48,52,85,90,5,88,2.4,90,121.76,127.6,5.84,125.264,2.8032,127.6,722.66,903.78,181.12,795.108,86.9376,722.66,15,16,1,15.6,0.48,16,5,5,0,5,0,5,138,139,1,138.4,0.48,138,2.05,2.1,0.05,2.08,0.024,2.1,2,2,0,2,0,2,3,4,1,3.6,0.48,4,10,10,0,10,0,10,0,0,0,0,0,0,15,16,1,15.6,0.48,16,0,0,0,0,0,0,2,3,1,2.4,0.48,2,0,0,0,0,0,0,0,0,0,0,0,0,2,3,1,2.4,0.48,2,31.56,34.76333333,3.203333333,33.482,1.5376,34.76333333,0,0.464,0.464,0.2784,0.22272,0.464,0,0,0,0,0,0,152,166,14,157.6,6.72,152
Ca0.98Bi0.02Mn0.98Nb0.02O3,300,2.513,Ca0.98 Bi0.02 Mn0.98 Nb0.02 O3,8,83,75,14.116,7.3392,8,7,87,80,64.296,27.418432,87,15.9994,208.9804,192.981,29.43033194,16.11711833,15.9994,54.8,2750,2695.2,562.3216,609.1692928,54.8,2,16,14,11.444,5.495648,16,2,6,4,2.812,0.9744,2,66,176,110,102.588,43.9056,66,1,3.44,2.44,2.57828,1.034064,3.44,1,2,1,1.996,0.007968,2,0,4,4,2.412,1.910304,4,0,10,10,1.036,1.649312,0,0,14,14,0.056,0.111552,0,2,29,27,5.5,1.376,6,0,1,1,0.004,0.007968,0,0,3,3,1.212,0.959904,2,0,6,6,1.004,1.6064,0,0,0,0,0,0,0,0,7,7,2.22,1.13424,2,9.105,37.77,28.665,15.1260069,9.043469186,9.105,0,0,0,0,0,0,0,0.000310121,0.000310121,6.08E-05,9.77E-05,0,12,229,217,94.796,100.017568,12
Ba8Ga16Ge30,400,1.42,Ba8 Ga16 Ge30,31,56,25,35.25925926,6.145404664,32,9,79,70,67.14814815,17.22908093,79,69.723,137.327,67.604,81.35896296,16.58312209,72.64,302.91,1211.4,908.49,910.8992593,360.2899314,1211.4,2,14,12,11.92592593,2.941015089,14,4,6,2,4.296296296,0.504801097,4,120,215,95,134.6666667,23.80246914,120,0.89,2.01,1.12,1.784814815,0.265130316,2.01,2,2,0,2,0,2,0,2,2,1.407407407,0.658436214,2,0,10,10,8.518518519,2.524005487,10,0,0,0,0,0,0,2,14,12,11.92592593,2.941015089,14,0,0,0,0,0,0,0,5,5,3.703703704,1.09739369,4,0,0,0,0,0,0,0,0,0,0,0,0,0,5,5,3.703703704,1.09739369,4,18.8575,63.59,44.7325,27.7887037,10.6077915,23.005,0,0.383,0.383,0.212777778,0.189135802,0.383,0,0,0,0,0,0,64,229,165,177.8888889,67.48971193,225
Zr0.99Nb0.01NiSn,1000,6.062,Zr0.99 Nb0.01 Ni1 Sn1,28,50,22,39.33666667,7.557777778,28,44,80,36,61.67666667,12.21555556,61,58.6934,118.71,60.0166,89.5480746,20.56978307,58.6934,505.08,2750,2244.92,1455.766667,633.7911111,505.08,4,14,10,9.336666667,3.551111111,10,4,5,1,4.666666667,0.444444444,4,124,175,51,145.9633333,19.28444444,124,1.33,1.96,0.63,1.734233333,0.267688889,1.91,1,2,1,1.996666667,0.006644444,2,0,2,2,0.666666667,0.888888889,0,2,10,8,6.673333333,3.102222222,8,0,0,0,0,0,0,4,14,10,9.336666667,3.551111111,10,0,1,1,0.003333333,0.006644444,0,0,4,4,1.333333333,1.777777778,0,0,8,8,3.326666667,3.102222222,0,0,0,0,0,0,0,2,8,6,4.663333333,2.217777778,2,10.32,33.285,22.965,22.24995,7.980433,10.32,0,0,0,0,0,0,0,0.5953947,0.5953947,0.1984649,0.264619867,0,141,229,88,186.7833333,30.52222222,141
Ti0.98Nb0.02NiSn,300,7.426,Ti0.98 Nb0.02 Ni1 Sn1,22,50,28,33.46,11.1272,28,43,80,37,61.36,12.42666667,61,47.867,118.71,70.843,75.39039587,29.11328254,58.6934,505.08,2750,2244.92,1396.753333,594.4488889,505.08,4,14,10,9.34,3.546666667,10,4,5,1,4.34,0.4488,4,124,164,40,141.0266667,12.70222222,124,1.54,1.96,0.42,1.803733333,0.175022222,1.91,1,2,1,1.993333333,0.013244444,2,0,2,2,0.666666667,0.888888889,0,2,10,8,6.68,3.093333333,8,0,0,0,0,0,0,4,14,10,9.34,3.546666667,10,0,1,1,0.006666667,0.013244444,0,0,4,4,1.333333333,1.777777778,0,0,8,8,3.32,3.093333333,0,0,0,0,0,0,0,2,8,6,4.66,2.213333333,2,10.32,33.285,22.965,20.10826667,8.784488889,10.32,0,0,0,0,0,0,0,0.5953947,0.5953947,0.198472261,0.264614959,0,141,229,88,186.9,30.6,141
La3Te3.35Bi0.65,1000,1.37,La3 Te3.35 Bi0.65,52,83,31,57.02142857,4.824591837,52,13,90,77,56.62857143,37.39591837,90,127.6,208.9804,81.3804,140.0019529,12.81028304,127.6,544.4,1193,648.6,907.6815714,244.5586531,722.66,3,16,13,10.33571429,6.287755102,16,5,6,1,5.521428571,0.499081633,5,138,207,69,168.5,33,138,1.1,2.1,1,1.664,0.483428571,2.1,2,2,0,2,0,2,0,4,4,2.192857143,1.879591837,4,1,10,9,6.142857143,4.408163265,10,0,14,14,1.3,2.358571429,0,3,29,26,11.63571429,7.402040816,16,0,0,0,0,0,0,0,3,3,1.235714286,1.059183673,2,0,9,9,3.857142857,4.408163265,0,0,0,0,0,0,0,2,9,7,5.092857143,3.348979592,2,32.95,36.8975,3.9475,35.50959524,1.189632653,34.76333333,0,0.464,0.464,0.222057143,0.231573878,0.464,0,0,0,0,0,0,12,194,182,157,31.71428571,152
Sr0.9Y0.1TiO3,1000,4.5,Sr0.9 Y0.1 Ti1 O3,8,39,31,16.82,10.584,8,8,87,79,62.48,29.424,87,15.9994,88.90585,72.90645,36.722757,24.8680284,15.9994,54.8,1941,1886.2,646.06,709.512,54.8,2,16,14,10.82,6.216,16,2,5,3,3,1.2,2,66,195,129,110.5,53.4,66,0.95,3.44,2.49,2.5674,1.04712,3.44,2,2,0,2,0,2,0,4,4,2.4,1.92,4,0,2,2,0.42,0.6552,0,0,0,0,0,0,0,2,6,4,4.82,1.416,6,0,0,0,0,0,0,0,2,2,1.2,0.96,2,0,9,9,1.78,2.7768,0,0,0,0,0,0,0,0,9,9,2.98,2.2488,2,9.105,54.23,45.125,19.2097,13.13352,9.105,0,0,0,0,0,0,0,2.25E-05,2.25E-05,4.51E-06,7.21E-06,0,12,225,213,90.38,94.056,12
In2O3,700,3.866,In2 O3,8,49,41,24.4,19.68,8,75,87,12,82.2,5.76,87,15.9994,114.818,98.8186,55.52684,47.432928,15.9994,54.8,429.75,374.95,204.78,179.976,54.8,13,16,3,14.8,1.44,16,2,5,3,3.2,1.44,2,66,142,76,96.4,36.48,66,1.78,3.44,1.66,2.776,0.7968,3.44,2,2,0,2,0,2,1,4,3,2.8,1.44,4,0,10,10,4,4.8,0,0,0,0,0,0,0,6,13,7,8.8,3.36,6,0,0,0,0,0,0,2,5,3,3.2,1.44,2,0,0,0,0,0,0,0,0,0,0,0,0,2,5,3,3.2,1.44,2,9.105,24.26,15.155,15.167,7.2744,9.105,0,0,0,0,0,0,0,0,0,0,0,0,12,139,127,62.8,60.96,12
Ni2.0Mo6S8,400,2.33,Ni2 Mo6 S8,16,42,26,27.25,11.25,16,50,88,38,70.375,17.625,88,32.065,95.96,63.895,59.354175,27.45436875,32.065,388.36,2896,2507.64,1496.18,1107.82,388.36,6,16,10,11.5,4.5,16,3,5,2,3.875,0.875,3,105,154,49,125.75,21.1875,105,1.91,2.58,0.67,2.33875,0.24125,2.58,1,2,1,1.625,0.46875,2,0,4,4,2,2,4,0,8,8,2.875,2.875,0,0,0,0,0,0,0,6,10,4,6.5,0.875,6,0,1,1,0.375,0.46875,0,0,2,2,1,1,2,0,5,5,2.125,2.15625,0,0,0,0,0,0,0,2,6,4,3.5,1.875,2,10.32,25.786875,15.466875,20.0671875,5.7196875,25.786875,0,2.202,2.202,1.101,1.101,2.202,0,0.5953947,0.5953947,0.074424338,0.130242591,0,70,229,159,149,79,70
In0.2Co4Sb12,300,2.57,In0.2 Co4 Sb12,27,51,24,45.04938272,8.913275415,51,58,85,27,78.20987654,10.05944216,85,58.933195,121.76,62.826805,106.1615049,23.32262219,121.76,429.75,1768,1338.25,1111.315432,324.2886755,903.78,9,15,6,13.49382716,2.23136717,15,4,5,1,4.75308642,0.371894528,5,126,142,16,135.8271605,4.852918762,139,1.78,2.05,0.27,2.004691358,0.067123914,2.05,2,2,0,2,0,2,0,3,3,2.234567901,1.13397348,3,7,10,3,9.259259259,1.115683585,10,0,0,0,0,0,0,9,15,6,13.49382716,2.23136717,15,0,0,0,0,0,0,0,5,5,2.283950617,1.127876848,3,0,3,3,0.740740741,1.115683585,0,0,0,0,0,0,0,3,5,2,3.024691358,0.048773053,3,10.245,31.56,21.315,26.20691358,7.9304984,31.56,0,0,0,0,0,0,0,1.5484712,1.5484712,0.382338568,0.575867966,0,139,194,55,172.5802469,10.57765585,166
ZrNiSn,400,8.395,Zr1 Ni1 Sn1,28,50,22,39.33333333,7.555555556,28,44,80,36,61.66666667,12.22222222,44,58.6934,118.71,60.0166,89.54246667,20.56604444,58.6934,505.08,2128,1622.92,1453.693333,632.4088889,505.08,4,14,10,9.333333333,3.555555556,4,4,5,1,4.666666667,0.444444444,4,124,175,51,146,19.33333333,124,1.33,1.96,0.63,1.733333333,0.268888889,1.33,2,2,0,2,0,2,0,2,2,0.666666667,0.888888889,0,2,10,8,6.666666667,3.111111111,2,0,0,0,0,0,0,4,14,10,9.333333333,3.555555556,4,0,0,0,0,0,0,0,4,4,1.333333333,1.777777778,0,0,8,8,3.333333333,3.111111111,0,0,0,0,0,0,0,2,8,6,4.666666667,2.222222222,2,10.32,33.285,22.965,22.26666667,7.964444444,10.32,0,0,0,0,0,0,0,0.5953947,0.5953947,0.1984649,0.264619867,0,141,225,84,186.6666667,30.44444444,141
Bi2Te3,300,1.468,Bi2 Te3,52,83,31,64.4,14.88,52,86,90,4,88.4,1.92,90,127.6,208.9804,81.3804,160.15216,39.062592,127.6,544.4,722.66,178.26,651.356,85.5648,722.66,15,16,1,15.6,0.48,16,5,6,1,5.4,0.48,5,138,148,10,142,4.8,138,2.02,2.1,0.08,2.068,0.0384,2.1,2,2,0,2,0,2,3,4,1,3.6,0.48,4,10,10,0,10,0,10,0,14,14,5.6,6.72,0,16,29,13,21.2,6.24,16,0,0,0,0,0,0,2,3,1,2.4,0.48,2,0,0,0,0,0,0,0,0,0,0,0,0,2,3,1,2.4,0.48,2,32.95,34.76333333,1.813333333,34.038,0.8704,34.76333333,0,0.464,0.464,0.2784,0.22272,0.464,0,0,0,0,0,0,12,152,140,96,67.2,152
Fe1.3Mo6S8,700,2.775,Fe1.3 Mo6 S8,16,42,26,27.04575163,11.72882225,16,50,88,38,70.29411765,18.5159554,88,32.065,95.96,63.895,59.14238562,28.8765603,32.065,388.36,2896,2507.64,1492.626144,1154.788124,388.36,6,16,10,11.39869281,4.811824512,16,3,5,2,3.869281046,0.909052074,3,105,154,49,126.5098039,22.4939126,105,1.83,2.58,0.75,2.351568627,0.238882481,2.58,1,2,1,1.607843137,0.476739715,2,0,4,4,2.091503268,1.995813576,4,0,6,6,2.470588235,2.583621684,0,0,0,0,0,0,0,6,8,2,6.169934641,0.310991499,6,0,1,1,0.392156863,0.476739715,0,0,2,2,1.045751634,0.997906788,2,0,5,5,2.300653595,2.405912256,0,0,0,0,0,0,0,2,6,4,3.738562092,1.818104148,2,10.73,25.786875,15.056875,20.54797386,5.478589431,25.786875,0,2.202,2.202,1.151372549,1.098695374,2.202,0,2.1106628,2.1106628,0.179337362,0.328199094,0,70,229,159,145.8627451,79.33358965,70
CaYb0.05Mn0.95O3,1000,1.614,Ca1 Yb0.05 Mn0.95 O3,8,70,62,14.25,7.5,8,7,87,80,63.87,27.756,87,15.9994,173.054,157.0546,29.78400855,16.54153026,15.9994,54.8,1519,1464.2,555.41,600.732,54.8,2,16,14,11.36,5.568,16,2,6,4,2.82,0.984,2,66,187,121,103.08,44.496,66,1,3.44,2.44,2.5711,1.04268,3.44,2,2,0,2,0,2,0,4,4,2.4,1.92,4,0,5,5,0.95,1.539,0,0,14,14,0.14,0.2772,0,2,16,14,5.49,1.396,6,0,0,0,0,0,0,0,2,2,1.2,0.96,2,0,5,5,0.95,1.539,0,0,0,0,0,0,0,0,5,5,2.15,1.083,2,9.105,37.77,28.665,15.35084138,9.343046621,9.105,0,0,0,0,0,0,0,0.000310121,0.000310121,5.89E-05,9.55E-05,0,12,225,213,95.68,100.416,12
In1.998Ge0.002O3,300,9.157,In1.998 Ge0.002 O3,8,49,41,24.3932,19.67184,8,75,87,12,82.2016,5.75808,87,15.9994,114.818,98.8186,55.5099688,47.41268256,15.9994,54.8,1211.4,1156.6,205.09266,180.351192,54.8,13,16,3,14.8004,1.43952,16,2,5,3,3.1996,1.43952,2,66,142,76,96.3912,36.46944,66,1.78,3.44,1.66,2.776092,0.7966896,3.44,2,2,0,2,0,2,1,4,3,2.8004,1.43952,4,0,10,10,4,4.8,0,0,0,0,0,0,0,6,14,8,8.8004,3.36048,6,0,0,0,0,0,0,2,5,3,3.1996,1.43952,2,0,0,0,0,0,0,0,0,0,0,0,0,2,5,3,3.1996,1.43952,2,9.105,24.26,15.155,15.166498,7.2737976,9.105,0,0.383,0.383,0.0001532,0.000306277,0,0,0,0,0,0,0,12,225,213,62.8344,61.00128,12
CeFe3CoSb12,400,1.98,Ce1 Fe3 Co1 Sb12,26,58,32,45.58823529,9.100346021,51,15,85,70,74,15.52941176,85,55.845,140.116,84.271,107.5120115,23.95057069,121.76,903.78,1811,907.22,1124.550588,317.9761938,903.78,3,15,12,12.70588235,3.238754325,15,4,6,2,4.823529412,0.387543253,5,126,204,78,140.8235294,7.432525952,139,1.12,2.05,0.93,1.946470588,0.14615917,2.05,2,2,0,2,0,2,0,3,3,2.117647059,1.24567474,3,1,10,9,8.588235294,1.993079585,10,0,1,1,0.058823529,0.110726644,0,4,15,11,12.76470588,3.155709343,15,0,0,0,0,0,0,0,3,3,2.117647059,1.24567474,3,0,9,9,1.411764706,1.993079585,0,0,13,13,0.764705882,1.439446367,0,3,22,19,4.294117647,2.083044983,3,10.245,37.24,26.995,26.96441176,7.696782007,31.56,0,0,0,0,0,0,0,2.1106628,2.1106628,0.463556447,0.708968684,0,166,229,63,180.4117647,20.34602076,166
ZrNiSn,700,5.985,Zr1 Ni1 Sn1,28,50,22,39.33333333,7.555555556,28,44,80,36,61.66666667,12.22222222,44,58.6934,118.71,60.0166,89.54246667,20.56604444,58.6934,505.08,2128,1622.92,1453.693333,632.4088889,505.08,4,14,10,9.333333333,3.555555556,4,4,5,1,4.666666667,0.444444444,4,124,175,51,146,19.33333333,124,1.33,1.96,0.63,1.733333333,0.268888889,1.33,2,2,0,2,0,2,0,2,2,0.666666667,0.888888889,0,2,10,8,6.666666667,3.111111111,2,0,0,0,0,0,0,4,14,10,9.333333333,3.555555556,4,0,0,0,0,0,0,0,4,4,1.333333333,1.777777778,0,0,8,8,3.333333333,3.111111111,0,0,0,0,0,0,0,2,8,6,4.666666667,2.222222222,2,10.32,33.285,22.965,22.26666667,7.964444444,10.32,0,0,0,0,0,0,0,0.5953947,0.5953947,0.1984649,0.264619867,0,141,225,84,186.6666667,30.44444444,141
Ca0.9Ho0.1MnO3,400,2.068,Ca0.9 Ho0.1 Mn1 O3,8,67,59,14.74,8.088,8,7,87,80,64.52,26.976,87,15.9994,164.93032,148.93092,31.0998954,18.12059448,15.9994,54.8,1747,1692.2,572.32,621.024,54.8,2,16,14,11.42,5.496,16,2,6,4,2.84,1.008,2,66,192,126,102.92,44.304,66,1,3.44,2.44,2.5786,1.03368,3.44,2,2,0,2,0,2,0,4,4,2.4,1.92,4,0,5,5,1,1.6,0,0,11,11,0.22,0.4312,0,2,13,11,5.62,1.3032,6,0,0,0,0,0,0,0,2,2,1.2,0.96,2,0,5,5,1,1.6,0,0,3,3,0.06,0.1176,0,0,5,5,2.26,1.1256,2,9.105,37.77,28.665,14.97378391,8.83701977,9.105,0,0,0,0,0,0,0,0.000310121,0.000310121,6.20E-05,9.92E-05,0,12,225,213,94.98,99.576,12
Cu1.98Se,300,1.25,Cu1.98 Se1,29,34,5,30.67785235,2.229629296,29,64,89,25,72.38926174,11.14814648,64,63.546,78.96,15.414,68.71848322,6.873501194,63.546,494,1357.77,863.77,1067.914295,385.1773794,1357.77,11,16,5,12.67785235,2.229629296,11,4,4,0,4,0,4,120,132,12,127.9731544,5.35111031,132,1.9,2.55,0.65,2.118120805,0.289851808,1.9,1,2,1,1.33557047,0.445925859,1,0,4,4,1.342281879,1.783703437,0,10,10,0,10,0,10,0,0,0,0,0,0,11,16,5,12.67785235,2.229629296,11,0,1,1,0.66442953,0.445925859,1,0,2,2,0.67114094,0.891851718,0,0,0,0,0,0,0,0,0,0,0,0,0,1,2,1,1.33557047,0.445925859,1,11.07,25.92,14.85,16.05322148,6.621999009,11.07,0,0.799,0.799,0.268120805,0.356294761,0,0,0,0,0,0,0,14,225,211,154.1946309,94.09035629,225
Mg1.9Ca0.1Si,300,5.2,Mg1.9 Ca0.1 Si1,12,20,8,12.93333333,1.182222222,12,7,78,71,69.3,5.8,68,24.305,40.078,15.773,26.09093333,2.262182222,24.305,923,1687,764,1184.066667,335.2888889,923,2,14,12,6,5.333333333,2,3,4,1,3.033333333,0.064444444,3,111,176,65,132.1666667,14.11111111,141,1,1.9,0.9,1.496333333,0.269111111,1.31,2,2,0,2,0,2,0,2,2,0.666666667,0.888888889,0,0,0,0,0,0,0,0,0,0,0,0,0,2,4,2,2.666666667,0.888888889,2,0,0,0,0,0,0,0,4,4,1.333333333,1.777777778,0,0,0,0,0,0,0,0,0,0,0,0,0,0,4,4,1.333333333,1.777777778,0,20.44,37.77,17.33,22.56933333,1.419555556,22.89,0,0.773,0.773,0.257666667,0.343555556,0,0,0,0,0,0,0,194,227,33,206.0333333,15.24222222,194
Na0.02Pb0.98Te0.85Se0.15,400,2.218,Na0.02 Pb0.98 Te0.85 Se0.15,11,82,71,64.94,16.7188,82,2,90,88,84.635,5.215,81,22.98976928,207.2,184.2102307,161.9098977,44.38430026,207.2,370.87,722.66,351.79,642.1881,68.401115,600.61,1,16,15,14.87,1.13,14,3,6,3,5.395,0.5929,6,120,166,46,140.85,5.55,146,0.93,2.55,1.62,2.23475,0.1406325,2.33,1,2,1,1.99,0.0198,2,0,4,4,2.98,1.02,2,0,10,10,9.9,0.198,10,0,14,14,6.86,6.9972,14,1,28,27,21.73,6.1446,28,0,1,1,0.01,0.0198,0,0,4,4,2.96,1.0192,4,0,0,0,0,0,0,0,0,0,0,0,0,1,4,3,2.97,1.0094,4,25.92,34.76333333,8.843333333,30.78475,3.381795833,28.11,0,0.799,0.799,0.257125,0.257125,0,0,0,0,0,0,0,14,229,215,178.19,46.89,225
Zr0.35Hf0.35Ti0.3NiSn,700,2.942,Zr0.35 Hf0.35 Ti0.3 Ni1 Sn1,22,72,50,41.26666667,12.99333333,28,43,80,37,61.68333333,12.21111111,61,47.867,178.49,130.623,95.3878,34.93864667,58.6934,505.08,2506,2000.92,1479.093333,649.3422222,505.08,4,14,10,9.333333333,3.555555556,10,4,6,2,4.683333333,0.592222222,4,124,175,51,144.5,17.33333333,124,1.3,1.96,0.66,1.750833333,0.245555556,1.91,2,2,0,2,0,2,0,2,2,0.666666667,0.888888889,0,2,10,8,6.666666667,3.111111111,8,0,14,14,1.633333333,2.885555556,0,4,18,14,10.96666667,3.663333333,10,0,0,0,0,0,0,0,4,4,1.333333333,1.777777778,0,0,8,8,3.333333333,3.111111111,0,0,0,0,0,0,0,2,8,6,4.666666667,2.222222222,2,10.32,33.285,22.965,21.50008333,8.415405556,10.32,0,0,0,0,0,0,0,0.5953947,0.5953947,0.198467153,0.264618364,0,141,225,84,186.6666667,30.44444444,141
Nd2Cu0.98Zn0.02O4,1000,3.63,Nd2 Cu0.98 Zn0.02 O4,8,60,52,25.86,20.41142857,8,19,87,68,64.3,25.96971429,87,15.9994,144.242,128.2426,59.43775429,49.64383347,15.9994,54.8,1357.77,1302.97,593.0954571,615.1948082,54.8,3,16,13,11.57428571,5.060391837,16,2,6,4,3.428571429,1.632653061,2,66,201,135,113.9714286,54.8244898,66,1.14,3.44,2.3,2.562142857,1.003265306,3.44,1,2,1,1.86,0.2408,2,0,4,4,2.285714286,1.959183673,4,0,10,10,1.428571429,2.448979592,0,0,4,4,1.142857143,1.632653061,0,6,12,6,6.717142857,1.229387755,6,0,1,1,0.14,0.2408,0,0,2,2,1.142857143,0.979591837,2,0,0,0,0,0,0,0,10,10,2.857142857,4.081632653,0,0,10,10,4.14,3.348571429,2,9.105,34.81,25.705,16.73825714,10.3267102,9.105,0,0,0,0,0,0,0,0,0,0,0,0,12,225,213,94.34,94.10285714,12
Ca2.4Na0.3Bi0.3Co4O9,400,1.9,Ca2.4 Na0.3 Bi0.3 Co4 O9,8,83,75,16.0125,9.20203125,8,2,87,85,66.1375,24.21515625,87,15.9994,208.9804,192.981,34.09410192,20.77295214,15.9994,54.8,1768,1713.2,657.2363125,692.71095,54.8,1,16,15,11.85,4.786875,16,2,6,4,2.89375,1.00546875,2,66,176,110,100.9125,39.2765625,66,0.93,3.44,2.51,2.6103125,0.933398438,3.44,1,2,1,1.98125,0.036796875,2,0,4,4,2.30625,1.931484375,4,0,10,10,1.9375,2.83359375,0,0,14,14,0.2625,0.51515625,0,1,29,28,6.4875,2.10046875,6,0,1,1,0.01875,0.036796875,0,0,3,3,1.18125,0.989296875,2,0,3,3,0.75,1.125,0,0,0,0,0,0,0,0,3,3,1.95,0.620625,2,9.105,37.77,28.665,14.5144375,8.220335937,9.105,0,0,0,0,0,0,0,1.5484712,1.5484712,0.3871178,0.5806767,0,12,229,217,93.51875,94.76554688,12
Tl9BiTe6,400,0.409,Tl9 Bi1 Te6,52,83,31,70.25,13.6875,81,76,90,14,81.875,6.609375,76,127.6,208.9804,81.3804,175.8768813,36.20766094,204.3833,544.4,722.66,178.26,629.585,69.80625,577,13,16,3,14.25,1.40625,13,5,6,1,5.625,0.46875,6,138,148,10,142.5625,3.421875,145,1.62,2.1,0.48,1.825,0.230625,1.62,2,2,0,2,0,2,1,4,3,2.25,1.40625,1,10,10,0,10,0,10,0,14,14,8.75,6.5625,14,16,29,13,23,5.25,27,0,0,0,0,0,0,2,5,3,3.75,1.40625,5,0,0,0,0,0,0,0,0,0,0,0,0,2,5,3,3.75,1.40625,5,26.91,34.76333333,7.853333333,30.2325,3.7378125,26.91,0,0.464,0.464,0.174,0.2175,0,0,0,0,0,0,0,12,194,182,166.875,30.515625,194
Ba8Ga18Ge28,1000,1,Ba8 Ga18 Ge28,31,56,25,35.22222222,6.156378601,32,9,79,70,66.96296296,17.17421125,79,69.723,137.327,67.604,81.25092593,16.61513306,72.64,302.91,1211.4,908.49,877.2514815,382.894321,1211.4,2,14,12,11.88888889,2.930041152,14,4,6,2,4.296296296,0.504801097,4,120,215,95,134.7407407,23.78052126,120,0.89,2.01,1.12,1.777407407,0.262935528,2.01,2,2,0,2,0,2,0,2,2,1.37037037,0.652949246,2,0,10,10,8.518518519,2.524005487,10,0,0,0,0,0,0,2,14,12,11.88888889,2.930041152,14,0,0,0,0,0,0,0,5,5,3.740740741,1.108367627,4,0,0,0,0,0,0,0,0,0,0,0,0,0,5,5,3.740740741,1.108367627,4,18.8575,63.59,44.7325,27.63509259,10.6533059,23.005,0,0.383,0.383,0.198592593,0.191237311,0.383,0,0,0,0,0,0,64,229,165,171.9259259,71.95061728,225
Yb14MnSb11,1000,0.715,Yb14 Mn1 Sb11,25,70,45,60.23076923,10.52071006,70,39,85,46,58.96153846,22.03254438,39,54.938045,173.054,118.115955,146.809771,28.26301589,173.054,903.78,1519,615.22,1028.791538,105.7789941,1092,3,15,12,8.230769231,5.727810651,3,4,6,2,5.5,0.538461538,6,139,187,48,164.8461538,23.85798817,187,1.26,2.05,0.79,1.605384615,0.376213018,1.26,2,2,0,2,0,2,0,3,3,1.269230769,1.464497041,0,0,10,10,4.423076923,4.763313609,0,0,14,14,7.538461538,6.958579882,14,7,16,9,15.23076923,0.828402367,16,0,0,0,0,0,0,0,3,3,1.269230769,1.464497041,0,0,5,5,0.192307692,0.369822485,0,0,0,0,0,0,0,0,5,5,1.461538462,1.573964497,0,10.48758621,34.12,23.63241379,32.12798408,2.145247909,34.12,0,0,0,0,0,0,0,0.000310121,0.000310121,1.19E-05,2.29E-05,0,166,225,59,199.7307692,28.54142012,225
CuCr0.99Mg0.01O2,1000,4.948,Cu1 Cr0.99 Mg0.01 O2,8,29,21,17.22,9.2461,8,49,87,38,71.7975,15.2025,87,15.9994,63.546,47.5466,36.81599725,20.87915224,15.9994,54.8,2180,2125.2,908.7,853.9,54.8,2,16,14,12.24,3.76,16,2,4,2,2.9975,0.9975,2,66,141,75,100.755,34.755,66,1.31,3.44,2.13,2.609125,0.830875,3.44,1,2,1,1.5025,0.4999875,2,0,4,4,2,2,4,0,10,10,3.7375,3.7561875,0,0,0,0,0,0,0,2,11,9,7.24,1.88,6,0,1,1,0.4975,0.4999875,0,0,2,2,1,1,2,0,5,5,1.2375,1.8624375,0,0,0,0,0,0,0,0,6,6,2.735,1.616175,2,9.105,22.89,13.785,10.14675,1.04175,9.105,0,0,0,0,0,0,0,0,0,0,0,0,12,229,217,119.4125,107.4125,12
Li0.0066Ni0.9944O,1000,5.305,Li0.0066 Ni0.9944 O1,3,28,25,17.92253873,10.01601948,8,1,87,86,73.7956022,13.1977989,87,6.941,58.6934,51.7524,37.18637059,21.37590209,15.9994,54.8,1728,1673.2,887.6149695,835.2612437,54.8,1,16,15,12.96881559,3.029669573,16,2,4,2,2.993903048,0.999962827,2,66,128,62,95.02768616,29.01317957,66,0.98,3.44,2.46,2.671550225,0.768065742,3.44,1,2,1,1.996701649,0.006574943,2,0,4,4,1.9990005,1.9999995,4,0,8,8,3.975612194,3.999851309,0,0,0,0,0,0,0,1,10,9,7.971314343,2.016316859,6,0,1,1,0.003298351,0.006574943,0,0,2,2,0.99950025,0.99999975,2,0,2,2,0.993903048,0.999962827,0,0,0,0,0,0,0,1,2,1,1.996701649,0.006574943,2,9.105,16.59333333,7.488333333,9.733495252,0.628181162,9.105,0,0,0,0,0,0,0,0.5953947,0.5953947,0.295882304,0.297686284,0,12,229,217,118.5664168,106.5131602,12
In2O3,400,6.773,In2 O3,8,49,41,24.4,19.68,8,75,87,12,82.2,5.76,87,15.9994,114.818,98.8186,55.52684,47.432928,15.9994,54.8,429.75,374.95,204.78,179.976,54.8,13,16,3,14.8,1.44,16,2,5,3,3.2,1.44,2,66,142,76,96.4,36.48,66,1.78,3.44,1.66,2.776,0.7968,3.44,2,2,0,2,0,2,1,4,3,2.8,1.44,4,0,10,10,4,4.8,0,0,0,0,0,0,0,6,13,7,8.8,3.36,6,0,0,0,0,0,0,2,5,3,3.2,1.44,2,0,0,0,0,0,0,0,0,0,0,0,0,2,5,3,3.2,1.44,2,9.105,24.26,15.155,15.167,7.2744,9.105,0,0,0,0,0,0,0,0,0,0,0,0,12,139,127,62.8,60.96,12
CaMn0.98Nb0.02O3,1000,1.381,Ca1 Mn0.98 Nb0.02 O3,8,41,33,13.864,7.0368,8,7,87,80,63.98,27.624,87,15.9994,92.90638,76.90698,28.75472234,15.30638681,15.9994,54.8,2750,2695.2,564.604,611.7648,54.8,2,16,14,11.392,5.5296,16,2,5,3,2.804,0.9648,2,66,176,110,102.7,44.04,66,1,3.44,2.44,2.5742,1.03896,3.44,1,2,1,1.996,0.007968,2,0,4,4,2.4,1.92,4,0,5,5,0.996,1.5936,0,0,0,0,0,0,0,2,7,5,5.392,1.359936,6,0,1,1,0.004,0.007968,0,0,2,2,1.2,0.96,2,0,6,6,1.004,1.6064,0,0,0,0,0,0,0,0,7,7,2.208,1.1328,2,9.105,37.77,28.665,15.1452869,9.074162946,9.105,0,0,0,0,0,0,0,0.000310121,0.000310121,6.08E-05,9.77E-05,0,12,229,217,95.648,100.3776,12
CaMnO3,400,2.973,Ca1 Mn1 O3,8,25,17,13.8,6.96,8,7,87,80,64,27.6,87,15.9994,54.938045,38.938645,28.602849,15.1241388,15.9994,54.8,1519,1464.2,559.68,605.856,54.8,2,16,14,11.4,5.52,16,2,4,2,2.8,0.96,2,66,176,110,102.6,43.92,66,1,3.44,2.44,2.574,1.0392,3.44,2,2,0,2,0,2,0,4,4,2.4,1.92,4,0,5,5,1,1.6,0,0,0,0,0,0,0,2,7,5,5.4,1.36,6,0,0,0,0,0,0,0,2,2,1.2,0.96,2,0,5,5,1,1.6,0,0,0,0,0,0,0,0,5,5,2.2,1.12,2,9.105,37.77,28.665,15.11451724,9.062193103,9.105,0,0,0,0,0,0,0,0.000310121,0.000310121,6.20E-05,9.92E-05,0,12,225,213,95.6,100.32,12
In1.94Ge0.06O3,400,6.604,In1.94 Ge0.06 O3,8,49,41,24.196,19.4352,8,75,87,12,82.248,5.7024,87,15.9994,114.818,98.8186,55.020704,46.8255648,15.9994,54.8,1211.4,1156.6,214.1598,191.23176,54.8,13,16,3,14.812,1.4256,16,2,5,3,3.188,1.4256,2,66,142,76,96.136,36.1632,66,1.78,3.44,1.66,2.77876,0.793488,3.44,2,2,0,2,0,2,1,4,3,2.812,1.4256,4,0,10,10,4,4.8,0,0,0,0,0,0,0,6,14,8,8.812,3.3744,6,0,0,0,0,0,0,2,5,3,3.188,1.4256,2,0,0,0,0,0,0,0,0,0,0,0,0,2,5,3,3.188,1.4256,2,9.105,24.26,15.155,15.15194,7.256328,9.105,0,0.383,0.383,0.004596,0.009081696,0,0,0,0,0,0,0,12,225,213,63.832,62.1984,12
Ca2.7Na0.3Co4O9,700,2,Ca2.7 Na0.3 Co4 O9,8,27,19,14.83125,7.828828125,8,2,87,85,64.65625,25.13671875,87,15.9994,58.933195,42.933795,30.92718192,17.09140764,15.9994,54.8,1768,1713.2,667.9350625,700.9168852,54.8,1,16,15,11.60625,4.94296875,16,2,4,2,2.85625,0.96328125,2,66,176,110,101.4375,39.8671875,66,0.93,3.44,2.51,2.5911875,0.954914062,3.44,1,2,1,1.98125,0.036796875,2,0,4,4,2.25,1.96875,4,0,7,7,1.75,2.625,0,0,0,0,0,0,0,1,9,8,5.98125,1.53046875,6,0,1,1,0.01875,0.036796875,0,0,2,2,1.125,0.984375,2,0,3,3,0.75,1.125,0,0,0,0,0,0,0,0,3,3,1.89375,0.67265625,2,9.105,37.77,28.665,14.6048125,8.367195312,9.105,0,0,0,0,0,0,0,1.5484712,1.5484712,0.3871178,0.5806767,0,12,229,217,97.5125,96.2015625,12
Na0.02Pb0.98Te0.75Se0.25,400,2.154,Na0.02 Pb0.98 Te0.75 Se0.25,11,82,71,64.04,17.6008,82,2,90,88,84.585,5.165,81,22.98976928,207.2,184.2102307,159.4778977,46.76766026,207.2,370.87,722.66,351.79,630.7551,68.928675,600.61,1,16,15,14.87,1.13,14,3,6,3,5.345,0.6419,6,120,166,46,139.95,6.45,146,0.93,2.55,1.62,2.25725,0.1444825,2.33,1,2,1,1.99,0.0198,2,0,4,4,2.98,1.02,2,0,10,10,9.9,0.198,10,0,14,14,6.86,6.9972,14,1,28,27,21.73,6.1446,28,0,1,1,0.01,0.0198,0,0,4,4,2.96,1.0192,4,0,0,0,0,0,0,0,0,0,0,0,0,1,4,3,2.97,1.0094,4,25.92,34.76333333,8.843333333,30.34258333,3.3155625,28.11,0,0.799,0.799,0.273875,0.273875,0,0,0,0,0,0,0,14,229,215,171.29,53.79,225
Mo3Te4,400,3.912,Mo3 Te4,42,52,10,47.71428571,4.897959184,52,50,90,40,72.85714286,19.59183673,90,95.96,127.6,31.64,114.04,15.49714286,127.6,722.66,2896,2173.34,1654.091429,1064.493061,722.66,6,16,10,11.71428571,4.897959184,16,5,5,0,5,0,5,138,154,16,144.8571429,7.836734694,138,2.1,2.16,0.06,2.125714286,0.029387755,2.1,1,2,1,1.571428571,0.489795918,2,0,4,4,2.285714286,1.959183673,4,5,10,5,7.857142857,2.448979592,10,0,0,0,0,0,0,6,16,10,11.71428571,4.897959184,16,0,1,1,0.428571429,0.489795918,0,0,2,2,1.142857143,0.979591837,2,0,5,5,2.142857143,2.448979592,0,0,0,0,0,0,0,2,6,4,3.714285714,1.959183673,2,15.69,34.76333333,19.07333333,26.58904762,9.342040816,34.76333333,0,0.464,0.464,0.265142857,0.227265306,0.464,0,0,0,0,0,0,152,229,77,185,37.71428571,152
Mo6Te6S2,1000,3.454,Mo6 Te6 S2,16,52,36,42.57142857,8.081632653,42,50,90,40,72.57142857,19.34693878,50,32.065,127.6,95.535,100.3921429,23.32102041,95.96,388.36,2896,2507.64,1606.334286,1105.427755,722.66,6,16,10,11.71428571,4.897959184,6,3,5,2,4.714285714,0.489795918,5,105,154,49,140.1428571,11.87755102,138,2.1,2.58,0.48,2.194285714,0.110204082,2.1,1,2,1,1.571428571,0.489795918,1,0,4,4,2.285714286,1.959183673,0,0,10,10,6.428571429,3.06122449,5,0,0,0,0,0,0,6,16,10,10.28571429,4.897959184,6,0,1,1,0.428571429,0.489795918,0,0,2,2,1.142857143,0.979591837,0,0,5,5,2.142857143,2.448979592,0,0,0,0,0,0,0,2,6,4,3.714285714,1.959183673,2,15.69,34.76333333,19.07333333,25.30669643,8.242882653,15.69,0,2.202,2.202,0.513428571,0.48244898,0,0,0,0,0,0,0,70,229,159,173.2857143,47.75510204,152
ZnO,400,33.22,Zn1 O1,8,30,22,19,11,8,69,87,18,78,9,69,15.9994,65.38,49.3806,40.6897,24.6903,15.9994,54.8,692.68,637.88,373.74,318.94,54.8,12,16,4,14,2,12,2,4,2,3,1,2,66,122,56,94,28,66,1.65,3.44,1.79,2.545,0.895,1.65,2,2,0,2,0,2,0,4,4,2,2,0,0,10,10,5,5,0,0,0,0,0,0,0,6,12,6,9,3,6,0,0,0,0,0,0,0,2,2,1,1,0,0,0,0,0,0,0,0,0,0,0,0,0,0,2,2,1,1,0,9.105,13.96,4.855,11.5325,2.4275,9.105,0,0,0,0,0,0,0,0,0,0,0,0,12,194,182,103,91,12
La2.99Te4,1000,2.87,La2.99 Te4,52,57,5,54.13876967,2.44780506,52,13,90,77,57.06294707,37.69619792,90,127.6,138.90547,11.30547,132.4359593,5.534717334,127.6,722.66,1193,470.34,923.8497854,230.2601264,722.66,3,16,13,10.43919886,6.364293155,16,5,6,1,5.427753934,0.489561012,5,138,207,69,167.5150215,33.77970982,138,1.1,2.1,1,1.672246066,0.489561012,2.1,2,2,0,2,0,2,0,4,4,2.288984263,1.958244048,4,1,10,9,6.150214592,4.406049108,10,0,0,0,0,0,0,3,16,13,10.43919886,6.364293155,16,0,0,0,0,0,0,0,2,2,1.144492132,0.979122024,2,0,9,9,3.849785408,4.406049108,0,0,0,0,0,0,0,2,9,7,4.994277539,3.426927084,2,34.76333333,36.8975,2.134166667,35.67623152,1.044804793,34.76333333,0,0.464,0.464,0.265522175,0.22715631,0.464,0,0,0,0,0,0,152,194,42,169.9656652,20.5615625,152
Pb0.98TeNa0.02,300,4.29,Pb0.98 Te1 Na0.02,11,82,71,66.29,15.3958,52,2,90,88,84.71,5.29,90,22.98976928,207.2,184.2102307,165.5578977,40.80926026,127.6,370.87,722.66,351.79,659.3376,63.3224,722.66,1,16,15,14.87,1.13,16,3,6,3,5.47,0.5194,5,138,166,28,142.2,4.2,138,0.93,2.33,1.4,2.201,0.12642,2.1,1,2,1,1.99,0.0198,2,0,4,4,2.98,1.02,4,0,10,10,9.9,0.198,10,0,14,14,6.86,6.9972,0,1,28,27,21.73,6.1446,16,0,1,1,0.01,0.0198,0,0,4,4,2.96,1.0192,2,0,0,0,0,0,0,0,0,0,0,0,0,1,4,3,2.97,1.0094,2,28.11,34.76333333,6.653333333,31.448,3.315333333,34.76333333,0,0.464,0.464,0.232,0.232,0.464,0,0,0,0,0,0,152,229,77,188.54,36.54,152
CuCrO2,400,6.156,Cu1 Cr1 O2,8,29,21,17.25,9.25,8,49,87,38,71.75,15.25,87,15.9994,63.546,47.5466,36.885225,20.885825,15.9994,54.8,2180,2125.2,911.8425,857.0425,54.8,6,16,10,12.25,3.75,16,2,4,2,3,1,2,66,139,73,100.75,34.75,66,1.66,3.44,1.78,2.61,0.83,3.44,1,2,1,1.5,0.5,2,0,4,4,2,2,4,0,10,10,3.75,3.75,0,0,0,0,0,0,0,6,11,5,7.25,1.875,6,0,1,1,0.5,0.5,0,0,2,2,1,1,2,0,5,5,1.25,1.875,0,0,0,0,0,0,0,1,6,5,2.75,1.625,2,9.105,11.19,2.085,10.1175,1.0125,9.105,0,0,0,0,0,0,0,0,0,0,0,0,12,229,217,119.5,107.5,12
Sr4.5Nb4.5O15.5,300,2.45,Sr4.5 Nb4.5 O15.5,8,41,33,19.57142857,14.64139942,8,8,87,79,65.14285714,27.65597668,87,15.9994,92.90638,76.90698,43.27997592,34.51827973,15.9994,54.8,2750,2695.2,732.6285714,857.6606414,54.8,2,16,14,11.40816327,5.810079134,16,2,5,3,3.102040816,1.394418992,2,66,195,129,107.6938776,52.75551853,66,0.95,3.44,2.49,2.644693878,1.006305706,3.44,1,2,1,1.816326531,0.299875052,2,0,4,4,2.530612245,1.859225323,4,0,4,4,0.734693878,1.199500208,0,0,0,0,0,0,0,2,6,4,5.081632653,1.162015827,6,0,1,1,0.183673469,0.299875052,0,0,2,2,1.265306122,0.929612661,2,0,6,6,1.102040816,1.799250312,0,0,0,0,0,0,0,0,7,7,2.551020408,1.634319034,2,9.105,54.23,45.125,19.06010204,12.91955435,9.105,0,0,0,0,0,0,0,0,0,0,0,0,12,229,217,90.97959184,99.9333611,12
Zn0.95Al0.05O,700,14.3,Zn0.95 Al0.05 O1,8,30,22,18.575,10.85375,8,69,87,18,78.1,8.9,87,15.9994,65.38,49.3806,39.72973847,24.36774846,15.9994,54.8,933.47,878.67,379.75975,324.95975,54.8,12,16,4,14.025,1.975,16,2,4,2,2.975,0.975,2,66,122,56,93.975,27.975,66,1.61,3.44,1.83,2.544,0.896,3.44,2,2,0,2,0,2,0,4,4,2.025,1.975,4,0,10,10,4.75,4.9875,0,0,0,0,0,0,0,3,12,9,8.775,3.06375,6,0,0,0,0,0,0,0,5,5,1.125,1.06875,2,0,0,0,0,0,0,0,0,0,0,0,0,0,5,5,1.125,1.06875,2,9.105,16.48,7.375,11.5955,2.4905,9.105,0,0,0,0,0,0,0,0,0,0,0,0,12,225,213,103.775,91.775,12
Bi2Sr2Co2O8,700,2.068,Bi2 Sr2 Co2 O8,8,83,75,25.71428571,20.24489796,8,8,87,79,71.42857143,21.95918367,87,15.9994,208.9804,192.981,59.93302786,50.49552694,15.9994,54.8,1768,1713.2,511.6571429,522.122449,54.8,2,16,14,12.85714286,4.204081633,16,2,6,4,3.285714286,1.469387755,2,66,195,129,104.7142857,44.24489796,66,0.95,3.44,2.49,2.658571429,0.893061224,3.44,2,2,0,2,0,2,0,4,4,2.714285714,1.551020408,4,0,10,10,2.428571429,3.469387755,0,0,14,14,2,3.428571429,0,2,29,27,9.142857143,5.673469388,6,0,0,0,0,0,0,0,3,3,1.571428571,0.897959184,2,0,3,3,0.428571429,0.734693878,0,0,0,0,0,0,0,0,3,3,2,0.571428571,2,9.105,54.23,45.125,19.12071429,13.98244898,9.105,0,0,0,0,0,0,0,1.5484712,1.5484712,0.221210171,0.379217437,0,12,225,213,68.42857143,80.6122449,12
NbCoSn,300,6.904,Nb1 Co1 Sn1,27,50,23,39.33333333,8.222222222,27,47,80,33,61.66666667,12.22222222,47,58.933195,118.71,59.776805,90.18319167,20.83333111,58.933195,505.08,2750,2244.92,1674.36,779.52,505.08,5,14,9,9.333333333,3.111111111,5,4,5,1,4.666666667,0.444444444,4,126,164,38,143,14,126,1.6,1.96,0.36,1.813333333,0.142222222,1.6,1,2,1,1.666666667,0.444444444,1,0,2,2,0.666666667,0.888888889,0,4,10,6,7,2,4,0,0,0,0,0,0,5,14,9,9.333333333,3.111111111,5,0,1,1,0.333333333,0.444444444,0,0,4,4,1.333333333,1.777777778,0,0,6,6,3,2,0,0,0,0,0,0,0,3,7,4,4.666666667,1.555555556,3,10.245,33.285,23.04,20.57,8.476666667,10.245,0,0,0,0,0,0,0,1.5484712,1.5484712,0.516157067,0.688209422,0,141,229,88,188,31.33333333,141
Ca0.7Y0.3MnO3,700,1.515,Ca0.7 Y0.3 Mn1 O3,8,39,31,14.94,8.328,8,7,87,80,64.3,27.24,87,15.9994,88.90585,72.90645,31.53252,18.639744,15.9994,54.8,1799,1744.2,600.72,655.104,54.8,2,16,14,11.46,5.448,16,2,5,3,2.86,1.032,2,66,190,124,103.44,44.928,66,1,3.44,2.44,2.5872,1.02336,3.44,2,2,0,2,0,2,0,4,4,2.4,1.92,4,0,5,5,1.06,1.576,0,0,0,0,0,0,0,2,7,5,5.46,1.264,6,0,0,0,0,0,0,0,2,2,1.2,0.96,2,0,9,9,1.54,2.2792,0,0,0,0,0,0,0,0,9,9,2.74,1.6552,2,9.105,37.77,28.665,14.79021724,8.543313103,9.105,0,0,0,0,0,0,0,0.000310121,0.000310121,6.20E-05,9.92E-05,0,12,225,213,93.74,98.088,12
Ba8Au5.59Si39.01,400,1.62,Ba8 Au5.59 Si39.01,14,79,65,27.29562738,19.72100471,14,9,78,69,66.23041825,17.45746707,78,28.0855,196.966569,168.881069,62.64780372,51.26522693,28.0855,1000,1687,687,1545.352561,210.1013917,1687,2,14,12,11.85608365,3.180006723,14,3,6,3,3.775095057,1.149675216,3,111,215,104,129.4743346,27.40242558,111,0.89,2.54,1.65,1.814403042,0.281187237,1.9,1,2,1,1.893726236,0.189959303,2,0,2,2,1.483269962,0.766450144,2,0,10,10,1.062737643,1.899593026,0,0,14,14,1.4878327,2.659430236,0,2,25,23,5.92756654,4.053798595,4,0,1,1,0.106273764,0.189959303,0,0,4,4,2.966539924,1.532900288,4,0,0,0,0,0,0,0,0,0,0,0,0,0,4,4,3.072813688,1.375267605,4,16.7,63.59,46.89,26.60527376,11.25010684,20.44,0,0.773,0.773,0.57328384,0.296232981,0.773,0,0,0,0,0,0,225,229,4,227.091635,0.580491261,227
Zr0.5Hf0.5NiSn,300,4.087,Zr0.5 Hf0.5 Ni1 Sn1,28,72,44,44.66666667,12.66666667,28,44,80,36,61.83333333,12.11111111,61,58.6934,178.49,119.7966,104.0868,34.54986667,58.6934,505.08,2506,2000.92,1516.693333,674.4088889,505.08,4,14,10,9.333333333,3.555555556,10,4,6,2,4.833333333,0.555555556,4,124,175,51,146,19.33333333,124,1.3,1.96,0.66,1.728333333,0.275555556,1.91,2,2,0,2,0,2,0,2,2,0.666666667,0.888888889,0,2,10,8,6.666666667,3.111111111,8,0,14,14,2.333333333,3.888888889,0,4,18,14,11.66666667,3.666666667,10,0,0,0,0,0,0,0,4,4,1.333333333,1.777777778,0,0,8,8,3.333333333,3.111111111,0,0,0,0,0,0,0,2,8,6,4.666666667,2.222222222,2,10.32,33.285,22.965,22.10083333,7.853888889,10.32,0,0,0,0,0,0,0,0.5953947,0.5953947,0.1984649,0.264619867,0,141,225,84,186.6666667,30.44444444,141
Ag9TlTe5,300,0.2,Ag9 Tl1 Te5,47,81,34,50.93333333,4.72,47,65,90,25,74.06666667,10.88,65,107.8682,204.3833,96.5151,120.8798067,15.613928,107.8682,577,1234.93,657.93,1020.311333,257.5424,1234.93,11,16,5,12.8,2.16,11,5,6,1,5.066666667,0.124444444,5,138,145,7,142.6666667,3.111111111,145,1.62,2.1,0.48,1.966,0.089333333,1.93,1,2,1,1.4,0.48,1,0,4,4,1.4,1.733333333,0,10,10,0,10,0,10,0,14,14,0.933333333,1.742222222,0,11,27,16,13.73333333,3.28,11,0,1,1,0.6,0.48,1,0,5,5,1,1.2,0,0,0,0,0,0,0,0,0,0,0,0,0,1,5,4,1.6,0.72,1,16.33,34.76333333,18.43333333,23.17977778,8.219733333,16.33,0,0.464,0.464,0.154666667,0.206222222,0,0,0,0,0,0,0,152,225,73,198.6,31.68,225
Nd2Cu0.98Ni0.02O4,300,9.811,Nd2 Cu0.98 Ni0.02 O4,8,60,52,25.85428571,20.40489796,8,19,87,68,64.27714286,25.96897959,87,15.9994,144.242,128.2426,59.41864971,49.62614396,15.9994,54.8,1728,1673.2,596.0535143,618.5754449,54.8,3,16,13,11.56857143,5.064489796,16,2,6,4,3.428571429,1.632653061,2,66,201,135,113.9771429,54.83102041,66,1.14,3.44,2.3,2.562885714,1.002416327,3.44,1,2,1,1.86,0.2408,2,0,4,4,2.285714286,1.959183673,4,0,10,10,1.422857143,2.439183673,0,0,4,4,1.142857143,1.632653061,0,6,11,5,6.711428571,1.219591837,6,0,1,1,0.14,0.2408,0,0,2,2,1.142857143,0.979591837,2,0,2,2,0.005714286,0.011395918,0,0,10,10,2.857142857,4.081632653,0,1,10,9,4.145714286,3.345306122,2,9.105,34.81,25.705,16.72785714,10.33265306,9.105,0,0,0,0,0,0,0,0.5953947,0.5953947,0.001701128,0.003392535,0,12,225,213,94.42857143,94.20408163,12
In0.05Co4Sb12,400,1.738,In0.05 Co4 Sb12,27,51,24,45.01246106,8.978173737,51,58,85,27,78.23987539,10.10859755,85,58.933195,121.76,62.826805,106.0806031,23.50026573,121.76,429.75,1768,1338.25,1117.685202,324.1444474,903.78,9,15,6,13.49844237,2.245319824,15,4,5,1,4.750778816,0.374219971,5,126,142,16,135.7694704,4.869517959,139,1.78,2.05,0.27,2.006791277,0.064611174,2.05,2,2,0,2,0,2,0,3,3,2.246105919,1.127318252,3,7,10,3,9.252336449,1.122659912,10,0,0,0,0,0,0,9,15,6,13.49844237,2.245319824,15,0,0,0,0,0,0,0,5,5,2.258566978,1.125765472,3,0,3,3,0.747663551,1.122659912,0,0,0,0,0,0,0,3,5,2,3.00623053,0.01242224,3,10.245,31.56,21.315,26.22510903,7.977407052,31.56,0,0,0,0,0,0,0,1.5484712,1.5484712,0.385911826,0.579468847,0,139,194,55,172.894081,10.52008424,166
CaMnO3,1000,2.065,Ca1 Mn1 O3,8,25,17,13.8,6.96,8,7,87,80,64,27.6,87,15.9994,54.938045,38.938645,28.602849,15.1241388,15.9994,54.8,1519,1464.2,559.68,605.856,54.8,2,16,14,11.4,5.52,16,2,4,2,2.8,0.96,2,66,176,110,102.6,43.92,66,1,3.44,2.44,2.574,1.0392,3.44,2,2,0,2,0,2,0,4,4,2.4,1.92,4,0,5,5,1,1.6,0,0,0,0,0,0,0,2,7,5,5.4,1.36,6,0,0,0,0,0,0,0,2,2,1.2,0.96,2,0,5,5,1,1.6,0,0,0,0,0,0,0,0,5,5,2.2,1.12,2,9.105,37.77,28.665,15.11451724,9.062193103,9.105,0,0,0,0,0,0,0,0.000310121,0.000310121,6.20E-05,9.92E-05,0,12,225,213,95.6,100.32,12
Zn4Sb3,700,0.693,Zn4 Sb3,30,51,21,39,10.28571429,30,69,85,16,75.85714286,7.836734694,69,65.38,121.76,56.38,89.54285714,27.61469388,65.38,692.68,903.78,211.1,783.1514286,103.3959184,692.68,12,15,3,13.28571429,1.469387755,12,4,5,1,4.428571429,0.489795918,4,122,139,17,129.2857143,8.326530612,122,1.65,2.05,0.4,1.821428571,0.195918367,1.65,2,2,0,2,0,2,0,3,3,1.285714286,1.469387755,0,10,10,0,10,0,10,0,0,0,0,0,0,12,15,3,13.28571429,1.469387755,12,0,0,0,0,0,0,0,3,3,1.285714286,1.469387755,0,0,0,0,0,0,0,0,0,0,0,0,0,0,3,3,1.285714286,1.469387755,0,13.96,31.56,17.6,21.50285714,8.620408163,13.96,0,0,0,0,0,0,0,0,0,0,0,0,166,194,28,182,13.71428571,194
LaFe3CoSb12,300,1.6,La1 Fe3 Co1 Sb12,26,57,31,45.52941176,9.07266436,51,13,85,72,73.88235294,15.69550173,85,55.845,138.90547,83.06047,107.4408038,23.91706121,121.76,903.78,1811,907.22,1131.727059,321.8076125,903.78,3,15,12,12.70588235,3.238754325,15,4,6,2,4.823529412,0.387543253,5,126,207,81,141,7.764705882,139,1.1,2.05,0.95,1.945294118,0.147820069,2.05,2,2,0,2,0,2,0,3,3,2.117647059,1.24567474,3,1,10,9,8.588235294,1.993079585,10,0,0,0,0,0,0,3,15,12,12.70588235,3.238754325,15,0,0,0,0,0,0,0,3,3,2.117647059,1.24567474,3,0,9,9,1.411764706,1.993079585,0,0,0,0,0,0,0,3,9,6,3.529411765,0.809688581,3,10.245,36.8975,26.6525,26.94426471,7.687301038,31.56,0,0,0,0,0,0,0,2.1106628,2.1106628,0.463556447,0.708968684,0,166,229,63,180.4117647,20.34602076,166
Sr2Ti0.8Nb0.2O4,700,2.48,Sr2 Ti0.8 Nb0.2 O4,8,41,33,19.11428571,12.70204082,8,8,87,79,58.25714286,32.84897959,87,15.9994,92.90638,76.90698,42.30178229,30.05986547,15.9994,54.8,2750,2695.2,631.7142857,659.3306122,54.8,2,16,14,10.31428571,6.497959184,16,2,5,3,3.171428571,1.33877551,2,66,195,129,116.4,57.6,66,0.95,3.44,2.49,2.458857143,1.121306122,3.44,1,2,1,1.971428571,0.055510204,2,0,4,4,2.285714286,1.959183673,4,0,4,4,0.342857143,0.587755102,0,0,0,0,0,0,0,2,6,4,4.6,1.622857143,6,0,1,1,0.028571429,0.055510204,0,0,2,2,1.142857143,0.979591837,2,0,8,8,1.085714286,1.86122449,0,0,0,0,0,0,0,0,8,8,2.257142857,1.583673469,2,9.105,54.23,45.125,23.124,17.77485714,9.105,0,0,0,0,0,0,0,2.25E-05,2.25E-05,2.58E-06,4.56E-06,0,12,229,217,99.85714286,100.4081633,12
In0.25Co4Sb12,700,2.135,In0.25 Co4 Sb12,27,51,24,45.06153846,8.89183432,51,58,85,27,78.2,10.04307692,85,58.933195,121.76,62.826805,106.1881403,23.26397307,121.76,429.75,1768,1338.25,1109.218308,324.3232947,903.78,9,15,6,13.49230769,2.226745562,15,4,5,1,4.753846154,0.37112426,5,126,142,16,135.8461538,4.847337278,139,1.78,2.05,0.27,2.004,0.067938462,2.05,2,2,0,2,0,2,0,3,3,2.230769231,1.136094675,3,7,10,3,9.261538462,1.113372781,10,0,0,0,0,0,0,9,15,6,13.49230769,2.226745562,15,0,0,0,0,0,0,0,5,5,2.292307692,1.12852071,3,0,3,3,0.738461538,1.113372781,0,0,0,0,0,0,0,3,5,2,3.030769231,0.060591716,3,10.245,31.56,21.315,26.20092308,7.914944379,31.56,0,0,0,0,0,0,0,1.5484712,1.5484712,0.381162142,0.574675229,0,139,194,55,172.4769231,10.59597633,166
Ca2.94Na0.06AlSb3,400,1.27,Ca2.94 Na0.06 Al1 Sb3,11,51,40,32.20857143,16.10693878,51,2,85,83,49.81428571,36.78367347,85,22.98976928,121.76,98.77023072,73.06717782,41.73670472,121.76,370.87,1115,744.13,992.1660286,103.180536,903.78,1,15,14,9.134285714,6.132244898,15,3,5,2,4.277142857,0.619591837,5,121,176,55,152.2,20.22857143,139,0.93,2.05,1.12,1.536542857,0.461093878,2.05,1,2,1,1.991428571,0.016995918,2,0,3,3,1.428571429,1.346938776,3,0,10,10,4.285714286,4.897959184,10,0,0,0,0,0,0,1,15,14,7.705714286,6.252244898,15,0,1,1,0.008571429,0.016995918,0,0,5,5,2,1.714285714,3,0,0,0,0,0,0,0,0,0,0,0,0,0,5,5,2.008571429,1.704489796,3,16.48,37.77,21.29,31.99405714,4.851792,31.56,0,0,0,0,0,0,0,0,0,0,0,0,166,229,63,199.7485714,28.92734694,166
Ca0.98Bi0.02Mn0.98Nb0.02O3,700,1.878,Ca0.98 Bi0.02 Mn0.98 Nb0.02 O3,8,83,75,14.116,7.3392,8,7,87,80,64.296,27.418432,87,15.9994,208.9804,192.981,29.43033194,16.11711833,15.9994,54.8,2750,2695.2,562.3216,609.1692928,54.8,2,16,14,11.444,5.495648,16,2,6,4,2.812,0.9744,2,66,176,110,102.588,43.9056,66,1,3.44,2.44,2.57828,1.034064,3.44,1,2,1,1.996,0.007968,2,0,4,4,2.412,1.910304,4,0,10,10,1.036,1.649312,0,0,14,14,0.056,0.111552,0,2,29,27,5.5,1.376,6,0,1,1,0.004,0.007968,0,0,3,3,1.212,0.959904,2,0,6,6,1.004,1.6064,0,0,0,0,0,0,0,0,7,7,2.22,1.13424,2,9.105,37.77,28.665,15.1260069,9.043469186,9.105,0,0,0,0,0,0,0,0.000310121,0.000310121,6.08E-05,9.77E-05,0,12,229,217,94.796,100.017568,12
Zr0.15Hf0.15Ti0.7NiSn,300,3.394,Zr0.15 Hf0.15 Ti0.7 Ni1 Sn1,22,72,50,36.73333333,12.69777778,28,43,80,37,61.48333333,12.34444444,61,47.867,178.49,130.623,83.78913333,33.49415111,58.6934,505.08,2506,2000.92,1428.96,615.92,505.08,4,14,10,9.333333333,3.555555556,10,4,6,2,4.483333333,0.547777778,4,124,175,51,142.5,14.66666667,124,1.3,1.96,0.66,1.780833333,0.205555556,1.91,2,2,0,2,0,2,0,2,2,0.666666667,0.888888889,0,2,10,8,6.666666667,3.111111111,8,0,14,14,0.7,1.33,0,4,18,14,10.03333333,3.441111111,10,0,0,0,0,0,0,0,4,4,1.333333333,1.777777778,0,0,8,8,3.333333333,3.111111111,0,0,0,0,0,0,0,2,8,6,4.666666667,2.222222222,2,10.32,33.285,22.965,20.69908333,8.790294444,10.32,0,0,0,0,0,0,0,0.5953947,0.5953947,0.198470158,0.264616361,0,141,225,84,186.6666667,30.44444444,141
NaCo2O4,700,5.703,Na1 Co2 O4,8,27,19,13.85714286,7.510204082,8,2,87,85,66.57142857,23.34693878,87,15.9994,58.933195,42.933795,29.26482275,16.95335557,15.9994,54.8,1768,1713.2,589.4385714,673.4636735,54.8,1,16,15,11.85714286,4.734693878,16,2,4,2,2.714285714,0.816326531,2,66,166,100,97.42857143,35.91836735,66,0.93,3.44,2.51,2.635714286,0.919183673,3.44,1,2,1,1.857142857,0.244897959,2,0,4,4,2.285714286,1.959183673,4,0,7,7,2,2.857142857,0,0,0,0,0,0,0,1,9,8,6.142857143,1.632653061,6,0,1,1,0.142857143,0.244897959,0,0,2,2,1.142857143,0.979591837,2,0,3,3,0.857142857,1.224489796,0,0,0,0,0,0,0,1,3,2,2.142857143,0.489795918,2,9.105,29.24333333,20.13833333,12.30761905,4.83877551,9.105,0,0,0,0,0,0,0,1.5484712,1.5484712,0.442420343,0.632029061,0,12,229,217,95,94.85714286,12
Li0.0242Ni0.9758O,700,3.496,Li0.0242 Ni0.9758 O1,3,28,25,17.6975,10.0531795,8,1,87,86,73.274,13.726,87,6.941,58.6934,51.7524,36.72019596,21.4414525,15.9994,54.8,1728,1673.2,875.980849,831.4002875,54.8,1,16,15,12.8911,3.1089,16,2,4,2,2.9758,0.99941436,2,66,128,62,95.0484,29.0484,66,0.98,3.44,2.46,2.663747,0.776253,3.44,1,2,1,1.9879,0.02390718,2,0,4,4,2,2,4,0,8,8,3.9032,3.99765744,0,0,0,0,0,0,0,1,10,9,7.8911,2.05786462,6,0,1,1,0.0121,0.02390718,0,0,2,2,1,1,2,0,2,2,0.9758,0.99941436,0,0,0,0,0,0,0,1,2,1,1.9879,0.02390718,2,9.105,16.59333333,7.488333333,9.788407333,0.683407333,9.105,0,0,0,0,0,0,0,0.5953947,0.5953947,0.290493074,0.297523007,0,12,229,217,118.5484,106.5484,12
Zr0.94Y0.06NiSn0.96Sb0.04,300,8.35,Zr0.94 Y0.06 Ni1 Sn0.96 Sb0.04,28,51,23,39.32666667,7.564177778,28,12,85,73,61.09333333,12.73777778,61,58.6934,121.76,63.0666,89.53677033,20.5874837,58.6934,505.08,2128,1622.92,1452.429333,620.9342222,1728,3,15,12,9.326666667,3.591111111,10,4,5,1,4.666666667,0.444444444,4,124,190,66,146.3,19.73333333,124,1.22,2.05,0.83,1.732333333,0.272622222,1.91,2,2,0,2,0,2,0,3,3,0.68,0.906666667,0,1,10,9,6.646666667,3.137777778,8,0,0,0,0,0,0,3,15,12,9.326666667,3.591111111,10,0,0,0,0,0,0,0,4,4,1.32,1.76,0,0,9,9,3.353333333,3.137777778,2,0,0,0,0,0,0,2,9,7,4.673333333,2.257777778,2,10.32,33.285,22.965,22.42706667,8.071377778,10.32,0,0,0,0,0,0,0,0.5953947,0.5953947,0.1984649,0.264619867,0.5953947,141,225,84,187,30,225
La3Te3.35Sb0.65,1000,0.987,La3 Te3.35 Sb0.65,51,57,6,54.05,2.528571429,52,13,90,77,56.53571429,37.31632653,90,121.76,138.90547,17.14547,131.9029157,6.002189388,127.6,722.66,1193,470.34,941.0525714,215.9549388,722.66,3,16,13,10.33571429,6.287755102,16,5,6,1,5.428571429,0.489795918,5,138,207,69,167.6642857,33.71632653,138,1.1,2.1,1,1.666785714,0.485816327,2.1,2,2,0,2,0,2,0,4,4,2.192857143,1.879591837,4,1,10,9,6.142857143,4.408163265,10,0,0,0,0,0,0,3,16,13,10.33571429,6.287755102,16,0,0,0,0,0,0,0,3,3,1.235714286,1.059183673,2,0,9,9,3.857142857,4.408163265,0,0,0,0,0,0,0,2,9,7,5.092857143,3.348979592,2,31.56,36.8975,5.3375,35.38052381,1.300265306,34.76333333,0,0.464,0.464,0.222057143,0.231573878,0.464,0,0,0,0,0,0,152,194,42,171.3,19.45714286,152
Li0.0024Ni0.9976O,1000,8.444,Li0.0024 Ni0.9976 O1,3,28,25,17.97,10.005928,8,1,87,86,73.928,13.072,87,6.941,58.6934,51.7524,37.28429712,21.35772103,15.9994,54.8,1728,1673.2,889.870828,836.117662,54.8,1,16,15,12.9892,3.0108,16,2,4,2,2.9976,0.99999424,2,66,128,62,95.0048,29.0048,66,0.98,3.44,2.46,2.673884,0.766116,3.44,1,2,1,1.9988,0.00239712,2,0,4,4,2,2,4,0,8,8,3.9904,3.99997696,0,0,0,0,0,0,0,1,10,9,7.9892,2.00597408,6,0,1,1,0.0012,0.00239712,0,0,2,2,1,1,2,0,2,2,0.9976,0.99999424,0,0,0,0,0,0,0,1,2,1,1.9988,0.00239712,2,9.105,16.59333333,7.488333333,9.720028,0.615028,9.105,0,0,0,0,0,0,0,0.5953947,0.5953947,0.296982876,0.297695635,0,12,229,217,118.5048,106.5048,12
Mg2Si,300,4.5,Mg2 Si1,12,14,2,12.66666667,0.888888889,12,68,78,10,71.33333333,4.444444444,68,24.305,28.0855,3.7805,25.56516667,1.680222222,24.305,923,1687,764,1177.666667,339.5555556,923,2,14,12,6,5.333333333,2,3,3,0,3,0,3,111,141,30,131,13.33333333,141,1.31,1.9,0.59,1.506666667,0.262222222,1.31,2,2,0,2,0,2,0,2,2,0.666666667,0.888888889,0,0,0,0,0,0,0,0,0,0,0,0,0,2,4,2,2.666666667,0.888888889,2,0,0,0,0,0,0,0,4,4,1.333333333,1.777777778,0,0,0,0,0,0,0,0,0,0,0,0,0,0,4,4,1.333333333,1.777777778,0,20.44,22.89,2.45,22.07333333,1.088888889,22.89,0,0.773,0.773,0.257666667,0.343555556,0,0,0,0,0,0,0,194,227,33,205,14.66666667,194
Ba8Au5.14Si39.51,300,1.86,Ba8 Au5.14 Si39.51,14,79,65,26.72744539,19.10204625,14,9,78,69,66.34415954,17.49372294,78,28.0855,196.966569,168.881069,61.17155308,49.6573583,28.0855,1000,1687,687,1548.475711,207.9048299,1687,2,14,12,11.88376068,3.176167726,14,3,6,3,3.748717949,1.123716853,3,111,215,104,129.2431149,27.38026477,111,0.89,2.54,1.65,1.809014245,0.279282582,1.9,1,2,1,1.902374169,0.176190056,2,0,2,2,1.500854701,0.749144569,2,0,10,10,0.97625831,1.761900562,0,0,14,14,1.366761633,2.466660786,0,2,25,23,5.746248813,3.759326917,4,0,1,1,0.097625831,0.176190056,0,0,4,4,3.001709402,1.498289137,4,0,0,0,0,0,0,0,0,0,0,0,0,0,4,4,3.099335233,1.35176695,4,16.7,63.59,46.89,26.63138462,11.23148806,20.44,0,0.773,0.773,0.580080342,0.289544376,0.773,0,0,0,0,0,0,225,229,4,227.108642,0.574771669,227
La2.99Te4,400,2.605,La2.99 Te4,52,57,5,54.13876967,2.44780506,52,13,90,77,57.06294707,37.69619792,90,127.6,138.90547,11.30547,132.4359593,5.534717334,127.6,722.66,1193,470.34,923.8497854,230.2601264,722.66,3,16,13,10.43919886,6.364293155,16,5,6,1,5.427753934,0.489561012,5,138,207,69,167.5150215,33.77970982,138,1.1,2.1,1,1.672246066,0.489561012,2.1,2,2,0,2,0,2,0,4,4,2.288984263,1.958244048,4,1,10,9,6.150214592,4.406049108,10,0,0,0,0,0,0,3,16,13,10.43919886,6.364293155,16,0,0,0,0,0,0,0,2,2,1.144492132,0.979122024,2,0,9,9,3.849785408,4.406049108,0,0,0,0,0,0,0,2,9,7,4.994277539,3.426927084,2,34.76333333,36.8975,2.134166667,35.67623152,1.044804793,34.76333333,0,0.464,0.464,0.265522175,0.22715631,0.464,0,0,0,0,0,0,152,194,42,169.9656652,20.5615625,152
Mo3Te4,700,4.452,Mo3 Te4,42,52,10,47.71428571,4.897959184,52,50,90,40,72.85714286,19.59183673,90,95.96,127.6,31.64,114.04,15.49714286,127.6,722.66,2896,2173.34,1654.091429,1064.493061,722.66,6,16,10,11.71428571,4.897959184,16,5,5,0,5,0,5,138,154,16,144.8571429,7.836734694,138,2.1,2.16,0.06,2.125714286,0.029387755,2.1,1,2,1,1.571428571,0.489795918,2,0,4,4,2.285714286,1.959183673,4,5,10,5,7.857142857,2.448979592,10,0,0,0,0,0,0,6,16,10,11.71428571,4.897959184,16,0,1,1,0.428571429,0.489795918,0,0,2,2,1.142857143,0.979591837,2,0,5,5,2.142857143,2.448979592,0,0,0,0,0,0,0,2,6,4,3.714285714,1.959183673,2,15.69,34.76333333,19.07333333,26.58904762,9.342040816,34.76333333,0,0.464,0.464,0.265142857,0.227265306,0.464,0,0,0,0,0,0,152,229,77,185,37.71428571,152
ZnO,1000,8.58,Zn1 O1,8,30,22,19,11,8,69,87,18,78,9,69,15.9994,65.38,49.3806,40.6897,24.6903,15.9994,54.8,692.68,637.88,373.74,318.94,54.8,12,16,4,14,2,12,2,4,2,3,1,2,66,122,56,94,28,66,1.65,3.44,1.79,2.545,0.895,1.65,2,2,0,2,0,2,0,4,4,2,2,0,0,10,10,5,5,0,0,0,0,0,0,0,6,12,6,9,3,6,0,0,0,0,0,0,0,2,2,1,1,0,0,0,0,0,0,0,0,0,0,0,0,0,0,2,2,1,1,0,9.105,13.96,4.855,11.5325,2.4275,9.105,0,0,0,0,0,0,0,0,0,0,0,0,12,194,182,103,91,12
Ca0.9Tb0.1MnO3,700,1.575,Ca0.9 Tb0.1 Mn1 O3,8,65,57,14.7,8.04,8,7,87,80,64.44,27.072,87,15.9994,158.92535,142.92595,30.979796,17.9764752,15.9994,54.8,1629,1574.2,569.96,618.192,54.8,2,16,14,11.42,5.496,16,2,6,4,2.84,1.008,2,66,194,128,102.96,44.352,66,1,3.44,2.44,2.5782,1.03416,3.44,2,2,0,2,0,2,0,4,4,2.4,1.92,4,0,5,5,1,1.6,0,0,9,9,0.18,0.3528,0,2,11,9,5.58,1.2888,6,0,0,0,0,0,0,0,2,2,1.2,0.96,2,0,5,5,1,1.6,0,0,5,5,0.1,0.196,0,0,5,5,2.3,1.188,2,9.105,37.77,28.665,14.99385057,8.869126437,9.105,0,0,0,0,0,0,0,0.000310121,0.000310121,6.20E-05,9.92E-05,0,12,225,213,94.98,99.576,12
Bi1.2S1.2Ti2S4,700,2.11,Bi1.2 S5.2 Ti2,16,83,67,27,16,16,43,88,45,77,16.19047619,88,32.065,208.9804,176.9154,61.10100952,42.25125442,32.065,388.36,1941,1552.64,780.327619,552.7011338,388.36,4,16,12,13,4.285714286,16,3,6,3,3.666666667,0.825396825,3,105,160,55,124.2380952,23.8185941,105,1.54,2.58,1.04,2.252380952,0.405623583,2.58,2,2,0,2,0,2,0,4,4,2.904761905,1.383219955,4,0,10,10,1.904761905,2.358276644,0,0,14,14,2,3.428571429,0,4,29,25,8.80952381,5.768707483,6,0,0,0,0,0,0,0,3,3,1.666666667,0.793650794,2,0,8,8,1.904761905,2.902494331,0,0,0,0,0,0,0,2,8,6,3.571428571,2.108843537,2,16.69,32.95,16.26,24.64425595,3.78774093,25.786875,0,2.202,2.202,1.363142857,1.038585034,2.202,0,2.25E-05,2.25E-05,5.37E-06,8.18E-06,0,12,194,182,91.23809524,48.93424036,70
Nd2CuO4,300,29.6,Nd2 Cu1 O4,8,60,52,25.85714286,20.40816327,8,19,87,68,64.28571429,25.95918367,87,15.9994,144.242,128.2426,59.43251429,49.6378449,15.9994,54.8,1357.77,1302.97,594.9957143,617.3665306,54.8,3,16,13,11.57142857,5.06122449,16,2,6,4,3.428571429,1.632653061,2,66,201,135,114,54.85714286,66,1.14,3.44,2.3,2.562857143,1.00244898,3.44,1,2,1,1.857142857,0.244897959,2,0,4,4,2.285714286,1.959183673,4,0,10,10,1.428571429,2.448979592,0,0,4,4,1.142857143,1.632653061,0,6,11,5,6.714285714,1.224489796,6,0,1,1,0.142857143,0.244897959,0,0,2,2,1.142857143,0.979591837,2,0,0,0,0,0,0,0,10,10,2.857142857,4.081632653,0,1,10,9,4.142857143,3.346938776,2,9.105,34.81,25.705,16.73,10.33142857,9.105,0,0,0,0,0,0,0,0,0,0,0,0,12,225,213,94.42857143,94.20408163,12
CuRh0.9Mg0.1O2,1000,8.392,Cu1 Rh0.9 Mg0.1 O2,8,45,37,21.675,14.15875,8,59,87,28,74.475,12.525,87,15.9994,102.9055,86.9061,47.6475625,32.81529063,15.9994,54.8,2237,2182.2,893.2425,838.4425,54.8,2,16,14,12.825,3.175,16,2,5,3,3.2,1.21,2,66,142,76,101.475,35.475,66,1.31,3.44,2.13,2.74075,0.69925,3.44,1,2,1,1.525,0.49875,2,0,4,4,2,2,4,0,10,10,4.3,4.515,0,0,0,0,0,0,0,2,11,9,7.825,2.11625,6,0,1,1,0.475,0.49875,0,0,2,2,1,1,2,0,2,2,0.45,0.6975,0,0,0,0,0,0,0,0,3,3,1.925,0.55875,2,9.105,22.89,13.785,10.96125,1.85625,9.105,0,0,0,0,0,0,0,0,0,0,0,0,12,225,213,117.725,105.725,12
ZrNi0.76Co0.004Cu0.2Sn,400,5.3,Zr1 Ni0.76 Co0.004 Cu0.2 Sn1,27,50,23,39.53711201,7.372318474,40,44,80,36,61.8731444,12.51837161,44,58.6934,118.71,60.0166,90.24491119,19.86786613,91.224,505.08,2128,1622.92,1425.433873,630.1529337,505.08,4,14,10,9.391363023,3.638953087,4,4,5,1,4.674763833,0.438915206,5,124,175,51,146.8097166,19.02178367,139,1.33,1.96,0.63,1.730472335,0.270224247,1.33,1,2,1,1.932523617,0.125846642,2,0,2,2,0.674763833,0.894221435,0,2,10,8,6.784075574,3.22812117,2,0,0,0,0,0,0,4,14,10,9.391363023,3.638953087,4,0,1,1,0.067476383,0.125846642,0,0,4,4,1.349527665,1.788442871,0,0,8,8,3.215924426,3.22812117,0,0,0,0,0,0,0,1,8,7,4.632928475,2.271978087,4,10.245,33.285,23.04,22.46227395,7.797201142,23.195,0,0,0,0,0,0,0,1.5484712,1.5484712,0.154755012,0.229730788,0,141,225,84,186.1592443,30.47182474,141
In0.25Co4Sb12,300,2.559,In0.25 Co4 Sb12,27,51,24,45.06153846,8.89183432,51,58,85,27,78.2,10.04307692,85,58.933195,121.76,62.826805,106.1881403,23.26397307,121.76,429.75,1768,1338.25,1109.218308,324.3232947,903.78,9,15,6,13.49230769,2.226745562,15,4,5,1,4.753846154,0.37112426,5,126,142,16,135.8461538,4.847337278,139,1.78,2.05,0.27,2.004,0.067938462,2.05,2,2,0,2,0,2,0,3,3,2.230769231,1.136094675,3,7,10,3,9.261538462,1.113372781,10,0,0,0,0,0,0,9,15,6,13.49230769,2.226745562,15,0,0,0,0,0,0,0,5,5,2.292307692,1.12852071,3,0,3,3,0.738461538,1.113372781,0,0,0,0,0,0,0,3,5,2,3.030769231,0.060591716,3,10.245,31.56,21.315,26.20092308,7.914944379,31.56,0,0,0,0,0,0,0,1.5484712,1.5484712,0.381162142,0.574675229,0,139,194,55,172.4769231,10.59597633,166
Ba8Ga16Ge30,400,1.63,Ba8 Ga16 Ge30,31,56,25,35.25925926,6.145404664,32,9,79,70,67.14814815,17.22908093,79,69.723,137.327,67.604,81.35896296,16.58312209,72.64,302.91,1211.4,908.49,910.8992593,360.2899314,1211.4,2,14,12,11.92592593,2.941015089,14,4,6,2,4.296296296,0.504801097,4,120,215,95,134.6666667,23.80246914,120,0.89,2.01,1.12,1.784814815,0.265130316,2.01,2,2,0,2,0,2,0,2,2,1.407407407,0.658436214,2,0,10,10,8.518518519,2.524005487,10,0,0,0,0,0,0,2,14,12,11.92592593,2.941015089,14,0,0,0,0,0,0,0,5,5,3.703703704,1.09739369,4,0,0,0,0,0,0,0,0,0,0,0,0,0,5,5,3.703703704,1.09739369,4,18.8575,63.59,44.7325,27.7887037,10.6077915,23.005,0,0.383,0.383,0.212777778,0.189135802,0.383,0,0,0,0,0,0,64,229,165,177.8888889,67.48971193,225
SrNb0.15Ti0.85O3,300,5.88,Sr1 Nb0.15 Ti0.85 O3,8,41,33,17.37,11.244,8,8,87,79,62.52,29.376,87,15.9994,92.90638,76.90698,38.0482214,26.45858568,15.9994,54.8,2750,2695.2,655.35,720.66,54.8,2,16,14,10.83,6.204,16,2,5,3,3.03,1.236,2,66,195,129,110.72,53.664,66,0.95,3.44,2.49,2.5638,1.05144,3.44,1,2,1,1.97,0.0582,2,0,4,4,2.4,1.92,4,0,4,4,0.46,0.736,0,0,0,0,0,0,0,2,6,4,4.83,1.4142,6,0,1,1,0.03,0.0582,0,0,2,2,1.2,0.96,2,0,8,8,1.54,2.464,0,0,0,0,0,0,0,0,8,8,2.77,2.032,2,9.105,54.23,45.125,19.6917,13.81532,9.105,0,0,0,0,0,0,0,2.25E-05,2.25E-05,3.83E-06,6.36E-06,0,12,229,217,92.05,96.06,12
Zr0.94Y0.06NiSn0.96Sb0.04,400,6.51,Zr0.94 Y0.06 Ni1 Sn0.96 Sb0.04,28,51,23,39.32666667,7.564177778,28,12,85,73,61.09333333,12.73777778,61,58.6934,121.76,63.0666,89.53677033,20.5874837,58.6934,505.08,2128,1622.92,1452.429333,620.9342222,1728,3,15,12,9.326666667,3.591111111,10,4,5,1,4.666666667,0.444444444,4,124,190,66,146.3,19.73333333,124,1.22,2.05,0.83,1.732333333,0.272622222,1.91,2,2,0,2,0,2,0,3,3,0.68,0.906666667,0,1,10,9,6.646666667,3.137777778,8,0,0,0,0,0,0,3,15,12,9.326666667,3.591111111,10,0,0,0,0,0,0,0,4,4,1.32,1.76,0,0,9,9,3.353333333,3.137777778,2,0,0,0,0,0,0,2,9,7,4.673333333,2.257777778,2,10.32,33.285,22.965,22.42706667,8.071377778,10.32,0,0,0,0,0,0,0,0.5953947,0.5953947,0.1984649,0.264619867,0.5953947,141,225,84,187,30,225
Zn0.99Al0.01O,300,44.495,Zn0.99 Al0.01 O1,8,30,22,18.915,10.97415,8,69,87,18,78.02,8.98,87,15.9994,65.38,49.3806,40.49770769,24.63346938,15.9994,54.8,933.47,878.67,374.94395,320.14395,54.8,12,16,4,14.005,1.995,16,2,4,2,2.995,0.995,2,66,122,56,93.995,27.995,66,1.61,3.44,1.83,2.5448,0.8952,3.44,2,2,0,2,0,2,0,4,4,2.005,1.995,4,0,10,10,4.95,4.9995,0,0,0,0,0,0,0,3,12,9,8.955,3.01455,6,0,0,0,0,0,0,0,5,5,1.025,1.01475,2,0,0,0,0,0,0,0,0,0,0,0,0,0,5,5,1.025,1.01475,2,9.105,16.48,7.375,11.5451,2.4401,9.105,0,0,0,0,0,0,0,0,0,0,0,0,12,225,213,103.155,91.155,12
La0.8Sr0.2CoO3,300,3.696,La0.8 Sr0.2 Co1 O3,8,57,49,20.84,15.408,8,8,87,79,66.2,24.96,87,15.9994,138.90547,122.90607,47.1159542,37.33986504,15.9994,54.8,1768,1713.2,619.36,677.472,54.8,2,16,14,11.96,4.848,16,2,6,4,3.16,1.392,2,66,207,141,105.72,47.664,66,0.95,3.44,2.49,2.654,0.9432,3.44,2,2,0,2,0,2,0,4,4,2.4,1.92,4,0,7,7,1.56,2.176,0,0,0,0,0,0,0,2,9,7,5.96,1.264,6,0,0,0,0,0,0,0,2,2,1.2,0.96,2,0,9,9,2.04,2.6112,0,0,0,0,0,0,0,0,9,9,3.24,1.8432,2,9.105,54.23,45.125,15.5848,9.91168,9.105,0,0,0,0,0,0,0,1.5484712,1.5484712,0.30969424,0.495510784,0,12,225,213,86.04,88.848,12
SrNd0.17Ti0.83O3,1000,3.397,Sr1 Nd0.17 Ti0.83 O3,8,60,52,18.092,12.1104,8,8,87,79,61.584,30.4992,87,15.9994,144.242,128.2426,39.97379,28.769268,15.9994,54.8,1941,1886.2,609.082,665.1384,54.8,2,16,14,10.766,6.2808,16,2,6,4,3.068,1.2816,2,66,201,135,111.994,55.1928,66,0.95,3.44,2.49,2.5484,1.06992,3.44,2,2,0,2,0,2,0,4,4,2.4,1.92,4,0,2,2,0.332,0.553776,0,0,4,4,0.136,0.262752,0,2,6,4,4.868,1.435376,6,0,0,0,0,0,0,0,2,2,1.2,0.96,2,0,8,8,1.328,2.215104,0,0,10,10,0.34,0.65688,0,0,10,10,2.868,2.1888,2,9.105,54.23,45.125,20.26308,14.57595856,9.105,0,0,0,0,0,0,0,2.25E-05,2.25E-05,3.74E-06,6.24E-06,0,12,225,213,91,94.8,12
CuCr0.95Mg0.05O2,700,8.087,Cu1 Cr0.95 Mg0.05 O2,8,29,21,17.1,9.2275,8,49,87,38,71.9875,15.0125,87,15.9994,63.546,47.5466,36.53908625,20.84553841,15.9994,54.8,2180,2125.2,896.13,841.33,54.8,2,16,14,12.2,3.8,16,2,4,2,2.9875,0.9875,2,66,141,75,100.775,34.775,66,1.31,3.44,2.13,2.605625,0.834375,3.44,1,2,1,1.5125,0.4996875,2,0,4,4,2,2,4,0,10,10,3.6875,3.7796875,0,0,0,0,0,0,0,2,11,9,7.2,1.9,6,0,1,1,0.4875,0.4996875,0,0,2,2,1,1,2,0,5,5,1.1875,1.8109375,0,0,0,0,0,0,0,0,6,6,2.675,1.579375,2,9.105,22.89,13.785,10.26375,1.15875,9.105,0,0,0,0,0,0,0,0,0,0,0,0,12,229,217,119.0625,107.0625,12
SrNd0.2Ti0.8O3,1000,3.197,Sr1 Nd0.2 Ti0.8 O3,8,60,52,18.32,12.384,8,8,87,79,61.44,30.672,87,15.9994,144.242,128.2426,40.55204,29.463168,15.9994,54.8,1941,1886.2,605.2,660.48,54.8,2,16,14,10.76,6.288,16,2,6,4,3.08,1.296,2,66,201,135,112.24,55.488,66,0.95,3.44,2.49,2.546,1.0728,3.44,2,2,0,2,0,2,0,4,4,2.4,1.92,4,0,2,2,0.32,0.5376,0,0,4,4,0.16,0.3072,0,2,6,4,4.88,1.4336,6,0,0,0,0,0,0,0,2,2,1.2,0.96,2,0,8,8,1.28,2.1504,0,0,10,10,0.4,0.768,0,0,10,10,2.88,2.208,2,9.105,54.23,45.125,20.3718,14.698336,9.105,0,0,0,0,0,0,0,2.25E-05,2.25E-05,3.61E-06,6.06E-06,0,12,225,213,91,94.8,12
CaMnO3,700,2.158,Ca1 Mn1 O3,8,25,17,13.8,6.96,8,7,87,80,64,27.6,87,15.9994,54.938045,38.938645,28.602849,15.1241388,15.9994,54.8,1519,1464.2,559.68,605.856,54.8,2,16,14,11.4,5.52,16,2,4,2,2.8,0.96,2,66,176,110,102.6,43.92,66,1,3.44,2.44,2.574,1.0392,3.44,2,2,0,2,0,2,0,4,4,2.4,1.92,4,0,5,5,1,1.6,0,0,0,0,0,0,0,2,7,5,5.4,1.36,6,0,0,0,0,0,0,0,2,2,1.2,0.96,2,0,5,5,1,1.6,0,0,0,0,0,0,0,0,5,5,2.2,1.12,2,9.105,37.77,28.665,15.11451724,9.062193103,9.105,0,0,0,0,0,0,0,0.000310121,0.000310121,6.20E-05,9.92E-05,0,12,225,213,95.6,100.32,12
Ba8Ga16Ge30,1000,2,Ba8 Ga16 Ge30,31,56,25,35.25925926,6.145404664,32,9,79,70,67.14814815,17.22908093,79,69.723,137.327,67.604,81.35896296,16.58312209,72.64,302.91,1211.4,908.49,910.8992593,360.2899314,1211.4,2,14,12,11.92592593,2.941015089,14,4,6,2,4.296296296,0.504801097,4,120,215,95,134.6666667,23.80246914,120,0.89,2.01,1.12,1.784814815,0.265130316,2.01,2,2,0,2,0,2,0,2,2,1.407407407,0.658436214,2,0,10,10,8.518518519,2.524005487,10,0,0,0,0,0,0,2,14,12,11.92592593,2.941015089,14,0,0,0,0,0,0,0,5,5,3.703703704,1.09739369,4,0,0,0,0,0,0,0,0,0,0,0,0,0,5,5,3.703703704,1.09739369,4,18.8575,63.59,44.7325,27.7887037,10.6077915,23.005,0,0.383,0.383,0.212777778,0.189135802,0.383,0,0,0,0,0,0,64,229,165,177.8888889,67.48971193,225
Na0.02Pb0.98Te0.85Se0.15,300,3.014,Na0.02 Pb0.98 Te0.85 Se0.15,11,82,71,64.94,16.7188,82,2,90,88,84.635,5.215,81,22.98976928,207.2,184.2102307,161.9098977,44.38430026,207.2,370.87,722.66,351.79,642.1881,68.401115,600.61,1,16,15,14.87,1.13,14,3,6,3,5.395,0.5929,6,120,166,46,140.85,5.55,146,0.93,2.55,1.62,2.23475,0.1406325,2.33,1,2,1,1.99,0.0198,2,0,4,4,2.98,1.02,2,0,10,10,9.9,0.198,10,0,14,14,6.86,6.9972,14,1,28,27,21.73,6.1446,28,0,1,1,0.01,0.0198,0,0,4,4,2.96,1.0192,4,0,0,0,0,0,0,0,0,0,0,0,0,1,4,3,2.97,1.0094,4,25.92,34.76333333,8.843333333,30.78475,3.381795833,28.11,0,0.799,0.799,0.257125,0.257125,0,0,0,0,0,0,0,14,229,215,178.19,46.89,225
Mg2Si0.9985Bi0.0015,400,5.07,Mg2 Si0.9985 Bi0.0015,12,83,71,12.70116667,0.934888889,12,68,86,18,71.33733333,4.449777778,68,24.305,208.9804,184.6754,25.65561412,1.800818822,24.305,544.4,1687,1142.6,1177.095367,339.4265176,923,2,15,13,6.0005,5.334,2,3,6,3,3.0015,0.0029985,3,111,148,37,131.0185,13.32564817,141,1.31,2.02,0.71,1.506726667,0.262302222,1.31,2,2,0,2,0,2,0,3,3,0.667166667,0.889555556,0,0,10,10,0.005,0.009995,0,0,14,14,0.007,0.013993,0,2,29,27,2.679166667,0.905555556,2,0,0,0,0,0,0,0,4,4,1.332833333,1.777111111,0,0,0,0,0,0,0,0,0,0,0,0,0,0,4,4,1.332833333,1.777111111,0,20.44,32.95,12.51,22.07958833,1.091419301,22.89,0,0.773,0.773,0.257280167,0.343297502,0,0,0,0,0,0,0,12,227,215,204.8925,14.71622583,194
SrNd0.17Ti0.83O3,400,5.35,Sr1 Nd0.17 Ti0.83 O3,8,60,52,18.092,12.1104,8,8,87,79,61.584,30.4992,87,15.9994,144.242,128.2426,39.97379,28.769268,15.9994,54.8,1941,1886.2,609.082,665.1384,54.8,2,16,14,10.766,6.2808,16,2,6,4,3.068,1.2816,2,66,201,135,111.994,55.1928,66,0.95,3.44,2.49,2.5484,1.06992,3.44,2,2,0,2,0,2,0,4,4,2.4,1.92,4,0,2,2,0.332,0.553776,0,0,4,4,0.136,0.262752,0,2,6,4,4.868,1.435376,6,0,0,0,0,0,0,0,2,2,1.2,0.96,2,0,8,8,1.328,2.215104,0,0,10,10,0.34,0.65688,0,0,10,10,2.868,2.1888,2,9.105,54.23,45.125,20.26308,14.57595856,9.105,0,0,0,0,0,0,0,2.25E-05,2.25E-05,3.74E-06,6.24E-06,0,12,225,213,91,94.8,12
SrTi0.8Nb0.2O3,1000,3.14,Sr1 Ti0.8 Nb0.2 O3,8,41,33,17.56,11.472,8,8,87,79,62.56,29.328,87,15.9994,92.90638,76.90698,38.4986152,26.99905824,15.9994,54.8,2750,2695.2,663.44,730.368,54.8,2,16,14,10.84,6.192,16,2,5,3,3.04,1.248,2,66,195,129,110.76,53.712,66,0.95,3.44,2.49,2.5644,1.05072,3.44,1,2,1,1.96,0.0768,2,0,4,4,2.4,1.92,4,0,4,4,0.48,0.768,0,0,0,0,0,0,0,2,6,4,4.84,1.4048,6,0,1,1,0.04,0.0768,0,0,2,2,1.2,0.96,2,0,8,8,1.52,2.432,0,0,0,0,0,0,0,0,8,8,2.76,2.016,2,9.105,54.23,45.125,19.7066,13.80936,9.105,0,0,0,0,0,0,0,2.25E-05,2.25E-05,3.61E-06,6.06E-06,0,12,229,217,92.4,96.48,12
Zr0.98Nb0.02NiSn,700,6.452,Zr0.98 Nb0.02 Ni1 Sn1,28,50,22,39.34,7.56,28,44,80,36,61.68666667,12.20888889,61,58.6934,118.71,60.0166,89.55368253,20.57352169,58.6934,505.08,2750,2244.92,1457.84,635.1733333,505.08,4,14,10,9.34,3.546666667,10,4,5,1,4.666666667,0.444444444,4,124,175,51,145.9266667,19.23555556,124,1.33,1.96,0.63,1.735133333,0.266488889,1.91,1,2,1,1.993333333,0.013244444,2,0,2,2,0.666666667,0.888888889,0,2,10,8,6.68,3.093333333,8,0,0,0,0,0,0,4,14,10,9.34,3.546666667,10,0,1,1,0.006666667,0.013244444,0,0,4,4,1.333333333,1.777777778,0,0,8,8,3.32,3.093333333,0,0,0,0,0,0,0,2,8,6,4.66,2.213333333,2,10.32,33.285,22.965,22.23323333,7.996198667,10.32,0,0,0,0,0,0,0,0.5953947,0.5953947,0.1984649,0.264619867,0,141,229,88,186.9,30.6,141
Ca2.85Na0.15AlSb3,1000,0.68,Ca2.85 Na0.15 Al1 Sb3,11,51,40,32.09285714,16.20612245,51,2,85,83,49.75,36.85714286,85,22.98976928,121.76,98.77023072,72.847472,41.925024,121.76,370.87,1115,744.13,982.5986429,107.8125337,903.78,1,15,14,9.121428571,6.146938776,15,3,5,2,4.264285714,0.630612245,5,121,176,55,152.0714286,20.08163265,139,0.93,2.05,1.12,1.535642857,0.462122449,2.05,1,2,1,1.978571429,0.041938776,2,0,3,3,1.428571429,1.346938776,3,0,10,10,4.285714286,4.897959184,10,0,0,0,0,0,0,1,15,14,7.692857143,6.263265306,15,0,1,1,0.021428571,0.041938776,0,0,5,5,2,1.714285714,3,0,0,0,0,0,0,0,0,0,0,0,0,0,5,5,2.021428571,1.689795918,3,16.48,37.77,21.29,31.88442857,4.792536735,31.56,0,0,0,0,0,0,0,0,0,0,0,0,166,229,63,199.8,28.97142857,166
Nd2Cu0.98Ni0.02O4,400,8.03,Nd2 Cu0.98 Ni0.02 O4,8,60,52,25.85428571,20.40489796,8,19,87,68,64.27714286,25.96897959,87,15.9994,144.242,128.2426,59.41864971,49.62614396,15.9994,54.8,1728,1673.2,596.0535143,618.5754449,54.8,3,16,13,11.56857143,5.064489796,16,2,6,4,3.428571429,1.632653061,2,66,201,135,113.9771429,54.83102041,66,1.14,3.44,2.3,2.562885714,1.002416327,3.44,1,2,1,1.86,0.2408,2,0,4,4,2.285714286,1.959183673,4,0,10,10,1.422857143,2.439183673,0,0,4,4,1.142857143,1.632653061,0,6,11,5,6.711428571,1.219591837,6,0,1,1,0.14,0.2408,0,0,2,2,1.142857143,0.979591837,2,0,2,2,0.005714286,0.011395918,0,0,10,10,2.857142857,4.081632653,0,1,10,9,4.145714286,3.345306122,2,9.105,34.81,25.705,16.72785714,10.33265306,9.105,0,0,0,0,0,0,0,0.5953947,0.5953947,0.001701128,0.003392535,0,12,225,213,94.42857143,94.20408163,12
Ca2.85Na0.15AlSb3,300,1.59,Ca2.85 Na0.15 Al1 Sb3,11,51,40,32.09285714,16.20612245,51,2,85,83,49.75,36.85714286,85,22.98976928,121.76,98.77023072,72.847472,41.925024,121.76,370.87,1115,744.13,982.5986429,107.8125337,903.78,1,15,14,9.121428571,6.146938776,15,3,5,2,4.264285714,0.630612245,5,121,176,55,152.0714286,20.08163265,139,0.93,2.05,1.12,1.535642857,0.462122449,2.05,1,2,1,1.978571429,0.041938776,2,0,3,3,1.428571429,1.346938776,3,0,10,10,4.285714286,4.897959184,10,0,0,0,0,0,0,1,15,14,7.692857143,6.263265306,15,0,1,1,0.021428571,0.041938776,0,0,5,5,2,1.714285714,3,0,0,0,0,0,0,0,0,0,0,0,0,0,5,5,2.021428571,1.689795918,3,16.48,37.77,21.29,31.88442857,4.792536735,31.56,0,0,0,0,0,0,0,0,0,0,0,0,166,229,63,199.8,28.97142857,166
Mg2Si,300,7.25,Mg2 Si1,12,14,2,12.66666667,0.888888889,12,68,78,10,71.33333333,4.444444444,68,24.305,28.0855,3.7805,25.56516667,1.680222222,24.305,923,1687,764,1177.666667,339.5555556,923,2,14,12,6,5.333333333,2,3,3,0,3,0,3,111,141,30,131,13.33333333,141,1.31,1.9,0.59,1.506666667,0.262222222,1.31,2,2,0,2,0,2,0,2,2,0.666666667,0.888888889,0,0,0,0,0,0,0,0,0,0,0,0,0,2,4,2,2.666666667,0.888888889,2,0,0,0,0,0,0,0,4,4,1.333333333,1.777777778,0,0,0,0,0,0,0,0,0,0,0,0,0,0,4,4,1.333333333,1.777777778,0,20.44,22.89,2.45,22.07333333,1.088888889,22.89,0,0.773,0.773,0.257666667,0.343555556,0,0,0,0,0,0,0,194,227,33,205,14.66666667,194
Tl0.02Pb0.98Te,300,2.168,Tl0.02 Pb0.98 Te1,52,82,30,66.99,14.99,52,76,90,14,85.45,4.55,90,127.6,207.2,79.6,167.371833,39.771833,127.6,577,722.66,145.66,661.3989,61.2611,722.66,13,16,3,14.99,1.01,16,5,6,1,5.5,0.5,5,138,146,8,141.99,3.99,138,1.62,2.33,0.71,2.2079,0.119658,2.1,2,2,0,2,0,2,1,4,3,2.99,1.01,4,10,10,0,10,0,10,0,14,14,7,7,0,16,28,12,21.99,5.99,16,0,0,0,0,0,0,2,5,3,3.01,1.01,2,0,0,0,0,0,0,0,0,0,0,0,0,2,5,3,3.01,1.01,2,26.91,34.76333333,7.853333333,31.42466667,3.338666667,34.76333333,0,0.464,0.464,0.232,0.232,0.464,0,0,0,0,0,0,152,225,73,188.19,36.19,152
Ba0.6Sr0.4PbO3,400,2.364,Ba0.6 Sr0.4 Pb1 O3,8,82,74,30.96,27.552,8,8,87,79,70.12,24.608,87,15.9994,207.2,191.2006,74.52848,70.234896,15.9994,54.8,1050,995.2,357.002,362.6424,54.8,2,16,14,12.8,4.32,16,2,6,4,3.52,1.824,2,66,215,149,110.2,53.04,66,0.89,3.44,2.55,2.7128,0.87264,3.44,2,2,0,2,0,2,0,4,4,2.8,1.44,4,0,10,10,2,3.2,0,0,14,14,2.8,4.48,0,2,28,26,9.6,7.36,6,0,0,0,0,0,0,0,4,4,2,0.8,2,0,0,0,0,0,0,0,0,0,0,0,0,0,4,4,2,0.8,2,9.105,63.59,54.485,23.0542,16.73904,9.105,0,0,0,0,0,0,0,0,0,0,0,0,12,229,217,97.68,102.816,12
Fe0.998Co0.002Si2,300,5.69,Fe0.998 Co0.002 Si2,14,27,13,18.00066667,5.334222222,14,55,78,23,70.33533333,10.21955556,78,28.0855,58.933195,30.847695,37.34072546,12.34030062,28.0855,1687,1811,124,1728.304667,55.07288889,1687,8,14,6,12.00066667,2.665777778,14,3,4,1,3.333333333,0.444444444,3,111,132,21,117.996,9.328,111,1.83,1.9,0.07,1.8767,0.031071067,1.9,2,2,0,2,0,2,0,2,2,1.333333333,0.888888889,2,0,7,7,2.000666667,2.667555556,0,0,0,0,0,0,0,4,9,5,5.334,1.778666667,4,0,0,0,0,0,0,0,4,4,2.666666667,1.777777778,4,0,4,4,1.332666667,1.776888889,0,0,0,0,0,0,0,3,4,1,3.999333333,0.001332444,4,10.245,20.44,10.195,17.20301,4.315986667,20.44,0,0.773,0.773,0.515333333,0.343555556,0.773,0,2.1106628,2.1106628,0.703179472,0.93757263,0,194,229,35,227.6433333,0.902635556,227
Ca0.9Nd0.1MnO3,700,2.416,Ca0.9 Nd0.1 Mn1 O3,8,60,52,14.6,7.92,8,7,87,80,64.24,27.312,87,15.9994,144.242,128.2426,30.686129,17.6240748,15.9994,54.8,1519,1464.2,563.26,610.152,54.8,2,16,14,11.42,5.496,16,2,6,4,2.84,1.008,2,66,201,135,103.1,44.52,66,1,3.44,2.44,2.5768,1.03584,3.44,2,2,0,2,0,2,0,4,4,2.4,1.92,4,0,5,5,1,1.6,0,0,4,4,0.08,0.1568,0,2,7,5,5.48,1.2528,6,0,0,0,0,0,0,0,2,2,1.2,0.96,2,0,5,5,1,1.6,0,0,10,10,0.2,0.392,0,0,10,10,2.4,1.344,2,9.105,37.77,28.665,15.05531724,8.967473103,9.105,0,0,0,0,0,0,0,0.000310121,0.000310121,6.20E-05,9.92E-05,0,12,225,213,94.98,99.576,12
SrTi0.8Nb0.2O3,300,7.96,Sr1 Ti0.8 Nb0.2 O3,8,41,33,17.56,11.472,8,8,87,79,62.56,29.328,87,15.9994,92.90638,76.90698,38.4986152,26.99905824,15.9994,54.8,2750,2695.2,663.44,730.368,54.8,2,16,14,10.84,6.192,16,2,5,3,3.04,1.248,2,66,195,129,110.76,53.712,66,0.95,3.44,2.49,2.5644,1.05072,3.44,1,2,1,1.96,0.0768,2,0,4,4,2.4,1.92,4,0,4,4,0.48,0.768,0,0,0,0,0,0,0,2,6,4,4.84,1.4048,6,0,1,1,0.04,0.0768,0,0,2,2,1.2,0.96,2,0,8,8,1.52,2.432,0,0,0,0,0,0,0,0,8,8,2.76,2.016,2,9.105,54.23,45.125,19.7066,13.80936,9.105,0,0,0,0,0,0,0,2.25E-05,2.25E-05,3.61E-06,6.06E-06,0,12,229,217,92.4,96.48,12
Sr2Ti0.8Nb0.2O4,400,3.59,Sr2 Ti0.8 Nb0.2 O4,8,41,33,19.11428571,12.70204082,8,8,87,79,58.25714286,32.84897959,87,15.9994,92.90638,76.90698,42.30178229,30.05986547,15.9994,54.8,2750,2695.2,631.7142857,659.3306122,54.8,2,16,14,10.31428571,6.497959184,16,2,5,3,3.171428571,1.33877551,2,66,195,129,116.4,57.6,66,0.95,3.44,2.49,2.458857143,1.121306122,3.44,1,2,1,1.971428571,0.055510204,2,0,4,4,2.285714286,1.959183673,4,0,4,4,0.342857143,0.587755102,0,0,0,0,0,0,0,2,6,4,4.6,1.622857143,6,0,1,1,0.028571429,0.055510204,0,0,2,2,1.142857143,0.979591837,2,0,8,8,1.085714286,1.86122449,0,0,0,0,0,0,0,0,8,8,2.257142857,1.583673469,2,9.105,54.23,45.125,23.124,17.77485714,9.105,0,0,0,0,0,0,0,2.25E-05,2.25E-05,2.58E-06,4.56E-06,0,12,229,217,99.85714286,100.4081633,12
Ag0.15Sb0.15Te1.15Ge0.85,700,1.651,Ag0.15 Sb0.15 Te1.15 Ge0.85,32,52,20,44.2173913,9.030245747,52,65,90,25,83.97826087,6.155009452,90,72.64,127.6,54.96,105.6209696,24.37723837,127.6,722.66,1234.93,512.27,948.5023913,231.6757467,722.66,11,16,5,14.86956522,1.147448015,16,4,5,1,4.630434783,0.465973535,5,120,145,25,131.8695652,8.7731569,138,1.93,2.1,0.17,2.052391304,0.047608696,2.1,1,2,1,1.934782609,0.121928166,2,0,4,4,2.934782609,1.073724008,4,10,10,0,10,0,10,0,0,0,0,0,0,11,16,5,14.86956522,1.147448015,16,0,1,1,0.065217391,0.121928166,0,0,4,4,2.673913043,1.02268431,2,0,0,0,0,0,0,0,0,0,0,0,0,1,4,3,2.739130435,0.965973535,2,16.33,34.76333333,18.43333333,29.00677536,6.089587272,34.76333333,0,0.464,0.464,0.373543478,0.097446125,0.464,0,0,0,0,0,0,152,225,73,184.6521739,35.08506616,152
Nd2Cu0.98Ni0.02O4,1000,3.902,Nd2 Cu0.98 Ni0.02 O4,8,60,52,25.85428571,20.40489796,8,19,87,68,64.27714286,25.96897959,87,15.9994,144.242,128.2426,59.41864971,49.62614396,15.9994,54.8,1728,1673.2,596.0535143,618.5754449,54.8,3,16,13,11.56857143,5.064489796,16,2,6,4,3.428571429,1.632653061,2,66,201,135,113.9771429,54.83102041,66,1.14,3.44,2.3,2.562885714,1.002416327,3.44,1,2,1,1.86,0.2408,2,0,4,4,2.285714286,1.959183673,4,0,10,10,1.422857143,2.439183673,0,0,4,4,1.142857143,1.632653061,0,6,11,5,6.711428571,1.219591837,6,0,1,1,0.14,0.2408,0,0,2,2,1.142857143,0.979591837,2,0,2,2,0.005714286,0.011395918,0,0,10,10,2.857142857,4.081632653,0,1,10,9,4.145714286,3.345306122,2,9.105,34.81,25.705,16.72785714,10.33265306,9.105,0,0,0,0,0,0,0,0.5953947,0.5953947,0.001701128,0.003392535,0,12,225,213,94.42857143,94.20408163,12
CaMnO3,1000,2.092,Ca1 Mn1 O3,8,25,17,13.8,6.96,8,7,87,80,64,27.6,87,15.9994,54.938045,38.938645,28.602849,15.1241388,15.9994,54.8,1519,1464.2,559.68,605.856,54.8,2,16,14,11.4,5.52,16,2,4,2,2.8,0.96,2,66,176,110,102.6,43.92,66,1,3.44,2.44,2.574,1.0392,3.44,2,2,0,2,0,2,0,4,4,2.4,1.92,4,0,5,5,1,1.6,0,0,0,0,0,0,0,2,7,5,5.4,1.36,6,0,0,0,0,0,0,0,2,2,1.2,0.96,2,0,5,5,1,1.6,0,0,0,0,0,0,0,0,5,5,2.2,1.12,2,9.105,37.77,28.665,15.11451724,9.062193103,9.105,0,0,0,0,0,0,0,0.000310121,0.000310121,6.20E-05,9.92E-05,0,12,225,213,95.6,100.32,12
In1.94Ge0.06O3,1000,3.063,In1.94 Ge0.06 O3,8,49,41,24.196,19.4352,8,75,87,12,82.248,5.7024,87,15.9994,114.818,98.8186,55.020704,46.8255648,15.9994,54.8,1211.4,1156.6,214.1598,191.23176,54.8,13,16,3,14.812,1.4256,16,2,5,3,3.188,1.4256,2,66,142,76,96.136,36.1632,66,1.78,3.44,1.66,2.77876,0.793488,3.44,2,2,0,2,0,2,1,4,3,2.812,1.4256,4,0,10,10,4,4.8,0,0,0,0,0,0,0,6,14,8,8.812,3.3744,6,0,0,0,0,0,0,2,5,3,3.188,1.4256,2,0,0,0,0,0,0,0,0,0,0,0,0,2,5,3,3.188,1.4256,2,9.105,24.26,15.155,15.15194,7.256328,9.105,0,0.383,0.383,0.004596,0.009081696,0,0,0,0,0,0,0,12,225,213,63.832,62.1984,12
Zn0.95Al0.05O,300,34.5,Zn0.95 Al0.05 O1,8,30,22,18.575,10.85375,8,69,87,18,78.1,8.9,87,15.9994,65.38,49.3806,39.72973847,24.36774846,15.9994,54.8,933.47,878.67,379.75975,324.95975,54.8,12,16,4,14.025,1.975,16,2,4,2,2.975,0.975,2,66,122,56,93.975,27.975,66,1.61,3.44,1.83,2.544,0.896,3.44,2,2,0,2,0,2,0,4,4,2.025,1.975,4,0,10,10,4.75,4.9875,0,0,0,0,0,0,0,3,12,9,8.775,3.06375,6,0,0,0,0,0,0,0,5,5,1.125,1.06875,2,0,0,0,0,0,0,0,0,0,0,0,0,0,5,5,1.125,1.06875,2,9.105,16.48,7.375,11.5955,2.4905,9.105,0,0,0,0,0,0,0,0,0,0,0,0,12,225,213,103.775,91.775,12
Zn0.995Al0.005O,300,44.495,Zn0.995 Al0.005 O1,8,30,22,18.9575,10.9872875,8,69,87,18,78.01,8.99,87,15.9994,65.38,49.3806,40.59370385,24.66236467,15.9994,54.8,933.47,878.67,374.341975,319.541975,54.8,12,16,4,14.0025,1.9975,16,2,4,2,2.9975,0.9975,2,66,122,56,93.9975,27.9975,66,1.61,3.44,1.83,2.5449,0.8951,3.44,2,2,0,2,0,2,0,4,4,2.0025,1.9975,4,0,10,10,4.975,4.999875,0,0,0,0,0,0,0,3,12,9,8.9775,3.0073875,6,0,0,0,0,0,0,0,5,5,1.0125,1.0074375,2,0,0,0,0,0,0,0,0,0,0,0,0,0,5,5,1.0125,1.0074375,2,9.105,16.48,7.375,11.5388,2.4338,9.105,0,0,0,0,0,0,0,0,0,0,0,0,12,225,213,103.0775,91.0775,12
Zn0.995Al0.005O,400,30.21,Zn0.995 Al0.005 O1,8,30,22,18.9575,10.9872875,8,69,87,18,78.01,8.99,87,15.9994,65.38,49.3806,40.59370385,24.66236467,15.9994,54.8,933.47,878.67,374.341975,319.541975,54.8,12,16,4,14.0025,1.9975,16,2,4,2,2.9975,0.9975,2,66,122,56,93.9975,27.9975,66,1.61,3.44,1.83,2.5449,0.8951,3.44,2,2,0,2,0,2,0,4,4,2.0025,1.9975,4,0,10,10,4.975,4.999875,0,0,0,0,0,0,0,3,12,9,8.9775,3.0073875,6,0,0,0,0,0,0,0,5,5,1.0125,1.0074375,2,0,0,0,0,0,0,0,0,0,0,0,0,0,5,5,1.0125,1.0074375,2,9.105,16.48,7.375,11.5388,2.4338,9.105,0,0,0,0,0,0,0,0,0,0,0,0,12,225,213,103.0775,91.0775,12
Ca0.9Ho0.1MnO3,1000,2.239,Ca0.9 Ho0.1 Mn1 O3,8,67,59,14.74,8.088,8,7,87,80,64.52,26.976,87,15.9994,164.93032,148.93092,31.0998954,18.12059448,15.9994,54.8,1747,1692.2,572.32,621.024,54.8,2,16,14,11.42,5.496,16,2,6,4,2.84,1.008,2,66,192,126,102.92,44.304,66,1,3.44,2.44,2.5786,1.03368,3.44,2,2,0,2,0,2,0,4,4,2.4,1.92,4,0,5,5,1,1.6,0,0,11,11,0.22,0.4312,0,2,13,11,5.62,1.3032,6,0,0,0,0,0,0,0,2,2,1.2,0.96,2,0,5,5,1,1.6,0,0,3,3,0.06,0.1176,0,0,5,5,2.26,1.1256,2,9.105,37.77,28.665,14.97378391,8.83701977,9.105,0,0,0,0,0,0,0,0.000310121,0.000310121,6.20E-05,9.92E-05,0,12,225,213,94.98,99.576,12
Ca4.75Na0.25Al2Sb6,700,0.82,Ca4.75 Na0.25 Al2 Sb6,11,51,40,33.05769231,16.56213018,51,2,85,83,53.05769231,35.62130178,85,22.98976928,121.76,98.77023072,75.43392458,42.76253116,121.76,370.87,1115,744.13,975.2759615,102.1060281,903.78,1,15,14,9.673076923,5.940828402,15,3,5,2,4.288461538,0.656804734,5,121,176,55,150.2692308,19.40828402,139,0.93,2.05,1.12,1.577115385,0.446627219,2.05,1,2,1,1.980769231,0.037721893,2,0,3,3,1.538461538,1.349112426,3,0,10,10,4.615384615,4.970414201,10,0,0,0,0,0,0,1,15,14,8.134615385,6.337278107,15,0,1,1,0.019230769,0.037721893,0,0,5,5,2.153846154,1.656804734,3,0,0,0,0,0,0,0,0,0,0,0,0,0,5,5,2.173076923,1.633136095,3,16.48,37.77,21.29,31.46448718,4.696040434,31.56,0,0,0,0,0,0,0,0,0,0,0,0,166,229,63,197.8461538,29.3964497,166
Mg2Si0.6Ge0.4Ag0.02,1000,3.48,Mg2 Si0.6 Ge0.4 Ag0.02,12,47,35,15.2781457,4.84978729,12,65,79,14,71.42384106,4.619972808,68,24.305,107.8682,83.5632,32.01147815,11.76724714,24.305,923,1687,764,1115.052517,254.3741941,923,2,14,12,6.033112583,5.341870971,2,3,5,2,3.145695364,0.25086619,3,111,145,34,132.2847682,11.71176703,141,1.31,2.01,0.7,1.524039735,0.283496338,1.31,1,2,1,1.993377483,0.013157318,2,0,2,2,0.662251656,0.885926056,0,0,10,10,1.390728477,2.394631814,0,0,0,0,0,0,0,2,14,12,4.046357616,2.728827683,2,0,1,1,0.006622517,0.013157318,0,0,4,4,1.324503311,1.771852112,0,0,0,0,0,0,0,0,0,0,0,0,0,0,4,4,1.331125828,1.767466339,0,16.33,23.005,6.675,22.37503311,0.848953993,22.89,0,0.773,0.773,0.204304636,0.273308188,0,0,0,0,0,0,0,194,227,33,204.8675497,14.39410552,194
Sr0.61Ba0.39Nb2O6,300,1.667,Sr0.61 Ba0.39 Nb2 O6,8,56,48,19.44666667,15.26222222,8,8,87,79,69.37666667,23.49777778,87,15.9994,137.327,121.3276,43.20165444,36.26967259,15.9994,54.8,2750,2695.2,762.1444444,943.1259259,54.8,2,16,14,12,5.333333333,16,2,6,4,3.043333333,1.391111111,2,66,215,149,102.9777778,49.3037037,66,0.89,3.44,2.55,2.751844444,0.917540741,3.44,1,2,1,1.777777778,0.345679012,2,0,4,4,2.666666667,1.777777778,4,0,4,4,0.888888889,1.382716049,0,0,0,0,0,0,0,2,6,4,5.333333333,0.888888889,6,0,1,1,0.222222222,0.345679012,0,0,2,2,1.333333333,0.888888889,2,0,6,6,1.333333333,2.074074074,0,0,0,0,0,0,0,0,7,7,2.888888889,1.827160494,2,9.105,63.59,54.485,16.54115556,9.914874074,9.105,0,0,0,0,0,0,0,0,0,0,0,0,12,229,217,84.06222222,96.08296296,12
Ba8Ga16Ge30,1000,1.6,Ba8 Ga16 Ge30,31,56,25,35.25925926,6.145404664,32,9,79,70,67.14814815,17.22908093,79,69.723,137.327,67.604,81.35896296,16.58312209,72.64,302.91,1211.4,908.49,910.8992593,360.2899314,1211.4,2,14,12,11.92592593,2.941015089,14,4,6,2,4.296296296,0.504801097,4,120,215,95,134.6666667,23.80246914,120,0.89,2.01,1.12,1.784814815,0.265130316,2.01,2,2,0,2,0,2,0,2,2,1.407407407,0.658436214,2,0,10,10,8.518518519,2.524005487,10,0,0,0,0,0,0,2,14,12,11.92592593,2.941015089,14,0,0,0,0,0,0,0,5,5,3.703703704,1.09739369,4,0,0,0,0,0,0,0,0,0,0,0,0,0,5,5,3.703703704,1.09739369,4,18.8575,63.59,44.7325,27.7887037,10.6077915,23.005,0,0.383,0.383,0.212777778,0.189135802,0.383,0,0,0,0,0,0,64,229,165,177.8888889,67.48971193,225
Zr0.4Hf0.4Ti0.2NiSn,700,3.196,Zr0.4 Hf0.4 Ti0.2 Ni1 Sn1,22,72,50,42.4,12.96,28,43,80,37,61.73333333,12.17777778,61,47.867,178.49,130.623,98.28746667,35.00236444,58.6934,505.08,2506,2000.92,1491.626667,657.6977778,505.08,4,14,10,9.333333333,3.555555556,10,4,6,2,4.733333333,0.586666667,4,124,175,51,145,18,124,1.3,1.96,0.66,1.743333333,0.255555556,1.91,2,2,0,2,0,2,0,2,2,0.666666667,0.888888889,0,2,10,8,6.666666667,3.111111111,8,0,14,14,1.866666667,3.235555556,0,4,18,14,11.2,3.68,10,0,0,0,0,0,0,0,4,4,1.333333333,1.777777778,0,0,8,8,3.333333333,3.111111111,0,0,0,0,0,0,0,2,8,6,4.666666667,2.222222222,2,10.32,33.285,22.965,21.70033333,8.254933333,10.32,0,0,0,0,0,0,0,0.5953947,0.5953947,0.198466402,0.264618865,0,141,225,84,186.6666667,30.44444444,141
Zr0.25Hf0.25Ti0.5NiSn,400,3.003,Zr0.25 Hf0.25 Ti0.5 Ni1 Sn1,22,72,50,39,13,28,43,80,37,61.58333333,12.27777778,61,47.867,178.49,130.623,89.58846667,34.50386667,58.6934,505.08,2506,2000.92,1454.026667,632.6311111,505.08,4,14,10,9.333333333,3.555555556,10,4,6,2,4.583333333,0.583333333,4,124,175,51,143.5,16,124,1.3,1.96,0.66,1.765833333,0.225555556,1.91,2,2,0,2,0,2,0,2,2,0.666666667,0.888888889,0,2,10,8,6.666666667,3.111111111,8,0,14,14,1.166666667,2.138888889,0,4,18,14,10.5,3.583333333,10,0,0,0,0,0,0,0,4,4,1.333333333,1.777777778,0,0,8,8,3.333333333,3.111111111,0,0,0,0,0,0,0,2,8,6,4.666666667,2.222222222,2,10.32,33.285,22.965,21.09958333,8.65625,10.32,0,0,0,0,0,0,0,0.5953947,0.5953947,0.198468656,0.264617363,0,141,225,84,186.6666667,30.44444444,141
Si0.79936Ge0.19984B0.0008,400,4.145,Si0.79936 Ge0.19984 B0.0008,5,32,27,17.58992,5.759420774,14,72,79,7,78.19504,0.321726413,78,10.811,72.64,61.829,36.97545168,14.25440667,28.0855,1211.4,2348,1136.6,1592.484896,152.3120112,1687,13,14,1,13.9992,0.00159872,14,2,4,2,3.19904,0.320127693,3,84,120,36,112.77696,2.886904627,111,1.9,2.04,0.14,1.9220944,0.035322759,1.9,2,2,0,2,0,2,1,2,1,1.9992,0.00159872,2,0,10,10,1.9984,3.198079488,0,0,0,0,0,0,0,3,14,11,5.9976,3.198399232,4,0,0,0,0,0,0,4,5,1,4.0008,0.00159872,4,0,0,0,0,0,0,0,0,0,0,0,0,4,5,1,4.0008,0.00159872,4,7.1725,23.005,15.8325,20.9419756,0.824549592,20.44,0.383,1.524,1.141,0.6956632,0.124965228,0.773,0,0,0,0,0,0,166,227,61,226.55152,0.716993946,227
Ni2.0Mo6S8,300,1.714,Ni2 Mo6 S8,16,42,26,27.25,11.25,16,50,88,38,70.375,17.625,88,32.065,95.96,63.895,59.354175,27.45436875,32.065,388.36,2896,2507.64,1496.18,1107.82,388.36,6,16,10,11.5,4.5,16,3,5,2,3.875,0.875,3,105,154,49,125.75,21.1875,105,1.91,2.58,0.67,2.33875,0.24125,2.58,1,2,1,1.625,0.46875,2,0,4,4,2,2,4,0,8,8,2.875,2.875,0,0,0,0,0,0,0,6,10,4,6.5,0.875,6,0,1,1,0.375,0.46875,0,0,2,2,1,1,2,0,5,5,2.125,2.15625,0,0,0,0,0,0,0,2,6,4,3.5,1.875,2,10.32,25.786875,15.466875,20.0671875,5.7196875,25.786875,0,2.202,2.202,1.101,1.101,2.202,0,0.5953947,0.5953947,0.074424338,0.130242591,0,70,229,159,149,79,70
CaYb0.1Mn0.9O3,300,1.725,Ca1 Yb0.1 Mn0.9 O3,8,70,62,14.7,8.04,8,7,87,80,63.74,27.912,87,15.9994,173.054,157.0546,30.9651681,17.95892172,15.9994,54.8,1519,1464.2,551.14,595.608,54.8,2,16,14,11.32,5.616,16,2,6,4,2.84,1.008,2,66,187,121,103.56,45.072,66,1,3.44,2.44,2.5682,1.04616,3.44,2,2,0,2,0,2,0,4,4,2.4,1.92,4,0,5,5,0.9,1.476,0,0,14,14,0.28,0.5488,0,2,16,14,5.58,1.432,6,0,0,0,0,0,0,0,2,2,1.2,0.96,2,0,5,5,0.9,1.476,0,0,0,0,0,0,0,0,5,5,2.1,1.044,2,9.105,37.77,28.665,15.58716552,9.614447172,9.105,0,0,0,0,0,0,0,0.000310121,0.000310121,5.58E-05,9.15E-05,0,12,225,213,95.76,100.512,12
Ca2.7Bi0.3Co4O9,1000,2.05,Ca2.7 Bi0.3 Co4 O9,8,83,75,16.18125,9.20390625,8,7,87,80,66.23125,24.10617188,87,15.9994,208.9804,192.981,34.41450625,20.71699453,15.9994,54.8,1768,1713.2,671.18875,698.1919219,54.8,2,16,14,11.86875,4.765078125,16,2,6,4,2.9125,1.0265625,2,66,176,110,101.1,39.4875,66,1,3.44,2.44,2.611625,0.931921875,3.44,2,2,0,2,0,2,0,4,4,2.30625,1.931484375,4,0,10,10,1.9375,2.83359375,0,0,14,14,0.2625,0.51515625,0,2,29,27,6.50625,2.090390625,6,0,0,0,0,0,0,0,3,3,1.18125,0.989296875,2,0,3,3,0.75,1.125,0,0,0,0,0,0,0,0,3,3,1.93125,0.651796875,2,9.105,37.77,28.665,14.6743125,8.480132813,9.105,0,0,0,0,0,0,0,1.5484712,1.5484712,0.3871178,0.5806767,0,12,225,213,93.44375,94.67835938,12
Cu4.0Mo6S8,1000,2.039,Cu4 Mo6 S8,16,42,26,27.55555556,10.27160494,16,50,88,38,70,16,88,32.065,95.96,63.895,60.35911111,25.15032099,32.065,388.36,2896,2507.64,1439.664444,970.8903704,388.36,6,16,10,11.55555556,3.950617284,16,3,5,2,3.888888889,0.790123457,3,105,154,49,127.3333333,19.85185185,105,1.9,2.58,0.68,2.288888889,0.258765432,2.58,1,2,1,1.444444444,0.49382716,2,0,4,4,1.777777778,1.975308642,4,0,10,10,3.888888889,3.456790123,0,0,0,0,0,0,0,6,11,5,7.111111111,1.728395062,6,0,1,1,0.555555556,0.49382716,0,0,2,2,0.888888889,0.987654321,2,0,5,5,1.666666667,2.222222222,0,0,0,0,0,0,0,1,6,5,3.111111111,1.925925926,2,11.07,25.786875,14.716875,19.15083333,5.898703704,25.786875,0,2.202,2.202,0.978666667,1.087407407,2.202,0,0,0,0,0,0,70,229,159,157.4444444,77.72839506,70
Fe0.978Co0.00196Si1.96Y0.12O0.18,300,2.86,Fe0.978 Co0.00196 Si1.96 Y0.12 O0.18,8,39,31,18.22273114,6.244919474,14,12,87,75,69.10075433,12.75595114,78,15.9994,88.90585,72.90645,38.06469619,14.52547429,28.0855,54.8,1811,1756.2,1637.948394,175.9075489,1687,3,16,13,11.88954185,3.010148551,14,2,5,3,3.320979271,0.535127372,3,66,190,124,117.7739725,13.94850627,111,1.22,3.44,2.22,1.939229126,0.166754378,1.9,2,2,0,2,0,2,0,4,4,1.432116446,0.972401391,2,0,7,7,1.852405585,2.510177053,0,0,0,0,0,0,0,3,9,6,5.284522031,1.723358205,4,0,0,0,0,0,0,0,4,4,2.530895443,1.777457087,4,0,9,9,1.5425746,2.037747159,0,0,0,0,0,0,0,2,9,7,4.073470043,0.36493265,4,9.105,32.365,23.26,17.31475703,4.896051414,20.44,0,0.773,0.773,0.467623057,0.369472961,0.773,0,2.1106628,2.1106628,0.638052081,0.890133029,0,12,229,217,214.4169187,24.02813169,227
Ca2.7Na0.3Co4O9,1000,2.05,Ca2.7 Na0.3 Co4 O9,8,27,19,14.83125,7.828828125,8,2,87,85,64.65625,25.13671875,87,15.9994,58.933195,42.933795,30.92718192,17.09140764,15.9994,54.8,1768,1713.2,667.9350625,700.9168852,54.8,1,16,15,11.60625,4.94296875,16,2,4,2,2.85625,0.96328125,2,66,176,110,101.4375,39.8671875,66,0.93,3.44,2.51,2.5911875,0.954914062,3.44,1,2,1,1.98125,0.036796875,2,0,4,4,2.25,1.96875,4,0,7,7,1.75,2.625,0,0,0,0,0,0,0,1,9,8,5.98125,1.53046875,6,0,1,1,0.01875,0.036796875,0,0,2,2,1.125,0.984375,2,0,3,3,0.75,1.125,0,0,0,0,0,0,0,0,3,3,1.89375,0.67265625,2,9.105,37.77,28.665,14.6048125,8.367195312,9.105,0,0,0,0,0,0,0,1.5484712,1.5484712,0.3871178,0.5806767,0,12,229,217,97.5125,96.2015625,12
Ca3Co4O9,700,3.15,Ca3 Co4 O9,8,27,19,15,7.875,8,7,87,80,64.75,25.03125,87,15.9994,58.933195,42.933795,31.24758625,17.15420953,15.9994,54.8,1768,1713.2,681.8875,705.4734375,54.8,2,16,14,11.625,4.921875,16,2,4,2,2.875,0.984375,2,66,176,110,101.625,40.078125,66,1,3.44,2.44,2.5925,0.9534375,3.44,2,2,0,2,0,2,0,4,4,2.25,1.96875,4,0,7,7,1.75,2.625,0,0,0,0,0,0,0,2,9,7,6,1.5,6,0,0,0,0,0,0,0,2,2,1.125,0.984375,2,0,3,3,0.75,1.125,0,0,0,0,0,0,0,0,3,3,1.875,0.703125,2,9.105,37.77,28.665,14.7646875,8.626992188,9.105,0,0,0,0,0,0,0,1.5484712,1.5484712,0.3871178,0.5806767,0,12,225,213,97.4375,96.1171875,12
Fe0.978Co0.00196Si1.96Y0.04O0.06,1000,4.21,Fe0.978 Co0.00196 Si1.96 Y0.04 O0.06,8,39,31,18.07948789,5.65834125,14,12,87,75,69.89686706,11.12404672,78,15.9994,88.90585,72.90645,37.59776348,13.11855302,28.0855,54.8,1811,1756.2,1696.203661,76.66113657,1687,3,16,13,11.96122317,2.788411156,14,2,5,3,3.328938539,0.476621961,3,66,190,124,117.9169989,10.96878761,111,1.22,3.44,2.22,1.898914723,0.062232569,1.9,2,2,0,2,0,2,0,4,4,1.368439058,0.918270702,2,0,7,7,1.947959842,2.613716808,0,0,0,0,0,0,0,3,9,6,5.3163989,1.758442743,4,0,0,0,0,0,0,0,4,4,2.618455506,1.781488709,4,0,9,9,1.407215884,1.870140454,0,0,0,0,0,0,0,2,9,7,4.02567139,0.130905107,4,9.105,32.365,23.26,17.24276642,4.520761565,20.44,0,0.773,0.773,0.498388137,0.35410943,0.773,0,2.1106628,2.1106628,0.680029744,0.921631386,0,12,229,217,222.9444598,9.125894499,227
CeFe3.5Co0.5Sb12,300,2.4,Ce1 Fe3.5 Co0.5 Sb12,26,58,32,45.55882353,9.14532872,51,15,85,70,73.91176471,15.65397924,85,55.845,140.116,84.271,107.4211822,24.08948604,121.76,903.78,1811,907.22,1125.815294,319.9104498,903.78,3,15,12,12.67647059,3.280276817,15,4,6,2,4.823529412,0.387543253,5,126,204,78,141,7.411764706,139,1.12,2.05,0.93,1.945,0.148235294,2.05,2,2,0,2,0,2,0,3,3,2.117647059,1.24567474,3,1,10,9,8.558823529,2.034602076,10,0,1,1,0.058823529,0.110726644,0,4,15,11,12.73529412,3.197231834,15,0,0,0,0,0,0,0,3,3,2.117647059,1.24567474,3,0,9,9,1.441176471,2.034602076,0,0,13,13,0.764705882,1.439446367,0,3,22,19,4.323529412,2.079584775,3,10.245,37.24,26.995,26.97867647,7.674965398,31.56,0,0,0,0,0,0,0,2.1106628,2.1106628,0.480091494,0.734257579,0,166,229,63,181.4411765,21.79930796,166
Ca3Co4O9,300,3.51,Ca3 Co4 O9,8,27,19,15,7.875,8,7,87,80,64.75,25.03125,87,15.9994,58.933195,42.933795,31.24758625,17.15420953,15.9994,54.8,1768,1713.2,681.8875,705.4734375,54.8,2,16,14,11.625,4.921875,16,2,4,2,2.875,0.984375,2,66,176,110,101.625,40.078125,66,1,3.44,2.44,2.5925,0.9534375,3.44,2,2,0,2,0,2,0,4,4,2.25,1.96875,4,0,7,7,1.75,2.625,0,0,0,0,0,0,0,2,9,7,6,1.5,6,0,0,0,0,0,0,0,2,2,1.125,0.984375,2,0,3,3,0.75,1.125,0,0,0,0,0,0,0,0,3,3,1.875,0.703125,2,9.105,37.77,28.665,14.7646875,8.626992188,9.105,0,0,0,0,0,0,0,1.5484712,1.5484712,0.3871178,0.5806767,0,12,225,213,97.4375,96.1171875,12
Sr0.61Ba0.39Nb2O6,700,2.172,Sr0.61 Ba0.39 Nb2 O6,8,56,48,19.44666667,15.26222222,8,8,87,79,69.37666667,23.49777778,87,15.9994,137.327,121.3276,43.20165444,36.26967259,15.9994,54.8,2750,2695.2,762.1444444,943.1259259,54.8,2,16,14,12,5.333333333,16,2,6,4,3.043333333,1.391111111,2,66,215,149,102.9777778,49.3037037,66,0.89,3.44,2.55,2.751844444,0.917540741,3.44,1,2,1,1.777777778,0.345679012,2,0,4,4,2.666666667,1.777777778,4,0,4,4,0.888888889,1.382716049,0,0,0,0,0,0,0,2,6,4,5.333333333,0.888888889,6,0,1,1,0.222222222,0.345679012,0,0,2,2,1.333333333,0.888888889,2,0,6,6,1.333333333,2.074074074,0,0,0,0,0,0,0,0,7,7,2.888888889,1.827160494,2,9.105,63.59,54.485,16.54115556,9.914874074,9.105,0,0,0,0,0,0,0,0,0,0,0,0,12,229,217,84.06222222,96.08296296,12
Na0.02Pb0.98Te0.75Se0.25,1000,1.196,Na0.02 Pb0.98 Te0.75 Se0.25,11,82,71,64.04,17.6008,82,2,90,88,84.585,5.165,81,22.98976928,207.2,184.2102307,159.4778977,46.76766026,207.2,370.87,722.66,351.79,630.7551,68.928675,600.61,1,16,15,14.87,1.13,14,3,6,3,5.345,0.6419,6,120,166,46,139.95,6.45,146,0.93,2.55,1.62,2.25725,0.1444825,2.33,1,2,1,1.99,0.0198,2,0,4,4,2.98,1.02,2,0,10,10,9.9,0.198,10,0,14,14,6.86,6.9972,14,1,28,27,21.73,6.1446,28,0,1,1,0.01,0.0198,0,0,4,4,2.96,1.0192,4,0,0,0,0,0,0,0,0,0,0,0,0,1,4,3,2.97,1.0094,4,25.92,34.76333333,8.843333333,30.34258333,3.3155625,28.11,0,0.799,0.799,0.273875,0.273875,0,0,0,0,0,0,0,14,229,215,171.29,53.79,225
CeFe4Sb12,700,1.703,Ce1 Fe4 Sb12,26,58,32,45.52941176,9.190311419,51,15,85,70,73.82352941,15.77854671,85,55.845,140.116,84.271,107.3303529,24.22840138,121.76,903.78,1811,907.22,1127.08,321.8447059,903.78,3,15,12,12.64705882,3.321799308,15,4,6,2,4.823529412,0.387543253,5,132,204,72,141.1764706,7.39100346,139,1.12,2.05,0.93,1.943529412,0.150311419,2.05,2,2,0,2,0,2,0,3,3,2.117647059,1.24567474,3,1,10,9,8.529411765,2.076124567,10,0,1,1,0.058823529,0.110726644,0,4,15,11,12.70588235,3.238754325,15,0,0,0,0,0,0,0,3,3,2.117647059,1.24567474,3,0,9,9,1.470588235,2.076124567,0,0,13,13,0.764705882,1.439446367,0,3,22,19,4.352941176,2.076124567,3,10.73,37.24,26.51,26.99294118,7.653148789,31.56,0,0,0,0,0,0,0,2.1106628,2.1106628,0.496626541,0.759546475,0,166,229,63,182.4705882,23.25259516,166
CaMnO3,1000,1.679,Ca1 Mn1 O3,8,25,17,13.8,6.96,8,7,87,80,64,27.6,87,15.9994,54.938045,38.938645,28.602849,15.1241388,15.9994,54.8,1519,1464.2,559.68,605.856,54.8,2,16,14,11.4,5.52,16,2,4,2,2.8,0.96,2,66,176,110,102.6,43.92,66,1,3.44,2.44,2.574,1.0392,3.44,2,2,0,2,0,2,0,4,4,2.4,1.92,4,0,5,5,1,1.6,0,0,0,0,0,0,0,2,7,5,5.4,1.36,6,0,0,0,0,0,0,0,2,2,1.2,0.96,2,0,5,5,1,1.6,0,0,0,0,0,0,0,0,5,5,2.2,1.12,2,9.105,37.77,28.665,15.11451724,9.062193103,9.105,0,0,0,0,0,0,0,0.000310121,0.000310121,6.20E-05,9.92E-05,0,12,225,213,95.6,100.32,12
Tl2Cu2SnTe4,300,0.377,Tl2 Cu2 Sn1 Te4,29,81,52,53.11111111,12.39506173,52,64,90,26,80,8.888888889,90,63.546,204.3833,140.8373,129.4409556,33.30770864,127.6,505.08,1357.77,852.69,807.2511111,244.6750617,722.66,11,16,5,14,1.777777778,16,4,6,2,5,0.444444444,5,132,145,13,138.3333333,3.111111111,138,1.62,2.1,0.48,1.933333333,0.154074074,2.1,1,2,1,1.777777778,0.345679012,2,0,4,4,2.222222222,1.580246914,4,10,10,0,10,0,10,0,14,14,3.111111111,4.839506173,0,11,27,16,17.11111111,4.395061728,16,0,1,1,0.222222222,0.345679012,0,0,5,5,2.444444444,1.481481481,2,0,0,0,0,0,0,0,0,0,0,0,0,1,5,4,2.666666667,1.333333333,2,11.07,34.76333333,23.69333333,27.5887037,7.643292181,34.76333333,0,0.464,0.464,0.206222222,0.229135802,0.464,0,0,0,0,0,0,141,225,84,176.3333333,29.48148148,152
Zn4Sb3,700,0.75,Zn4 Sb3,30,51,21,39,10.28571429,30,69,85,16,75.85714286,7.836734694,69,65.38,121.76,56.38,89.54285714,27.61469388,65.38,692.68,903.78,211.1,783.1514286,103.3959184,692.68,12,15,3,13.28571429,1.469387755,12,4,5,1,4.428571429,0.489795918,4,122,139,17,129.2857143,8.326530612,122,1.65,2.05,0.4,1.821428571,0.195918367,1.65,2,2,0,2,0,2,0,3,3,1.285714286,1.469387755,0,10,10,0,10,0,10,0,0,0,0,0,0,12,15,3,13.28571429,1.469387755,12,0,0,0,0,0,0,0,3,3,1.285714286,1.469387755,0,0,0,0,0,0,0,0,0,0,0,0,0,0,3,3,1.285714286,1.469387755,0,13.96,31.56,17.6,21.50285714,8.620408163,13.96,0,0,0,0,0,0,0,0,0,0,0,0,166,194,28,182,13.71428571,194
In1.985Ge0.015O3,300,9.419,In1.985 Ge0.015 O3,8,49,41,24.349,19.6188,8,75,87,12,82.212,5.7456,87,15.9994,114.818,98.8186,55.400306,47.2810872,15.9994,54.8,1211.4,1156.6,207.12495,182.78994,54.8,13,16,3,14.803,1.4364,16,2,5,3,3.197,1.4364,2,66,142,76,96.334,36.4008,66,1.78,3.44,1.66,2.77669,0.795972,3.44,2,2,0,2,0,2,1,4,3,2.803,1.4364,4,0,10,10,4,4.8,0,0,0,0,0,0,0,6,14,8,8.803,3.3636,6,0,0,0,0,0,0,2,5,3,3.197,1.4364,2,0,0,0,0,0,0,0,0,0,0,0,0,2,5,3,3.197,1.4364,2,9.105,24.26,15.155,15.163235,7.269882,9.105,0,0.383,0.383,0.001149,0.002291106,0,0,0,0,0,0,0,12,225,213,63.058,61.2696,12
Ca0.7Tb0.3MnO3,400,1.466,Ca0.7 Tb0.3 Mn1 O3,8,65,57,16.5,10.2,8,7,87,80,65.32,26.016,87,15.9994,158.92535,142.92595,35.73369,23.681148,15.9994,54.8,1629,1574.2,590.52,642.864,54.8,2,16,14,11.46,5.448,16,2,6,4,2.92,1.104,2,66,194,128,103.68,45.216,66,1,3.44,2.44,2.5866,1.02408,3.44,2,2,0,2,0,2,0,4,4,2.4,1.92,4,0,5,5,1,1.6,0,0,9,9,0.54,1.0152,0,2,11,9,5.94,1.1032,6,0,0,0,0,0,0,0,2,2,1.2,0.96,2,0,5,5,1,1.6,0,0,5,5,0.3,0.564,0,0,5,5,2.5,1.3,2,9.105,37.77,28.665,14.75251724,8.482993103,9.105,0,0,0,0,0,0,0,0.000310121,0.000310121,6.20E-05,9.92E-05,0,12,225,213,93.74,98.088,12
CaMn0.98Nb0.02O3,300,2.5,Ca1 Mn0.98 Nb0.02 O3,8,41,33,13.864,7.0368,8,7,87,80,63.98,27.624,87,15.9994,92.90638,76.90698,28.75472234,15.30638681,15.9994,54.8,2750,2695.2,564.604,611.7648,54.8,2,16,14,11.392,5.5296,16,2,5,3,2.804,0.9648,2,66,176,110,102.7,44.04,66,1,3.44,2.44,2.5742,1.03896,3.44,1,2,1,1.996,0.007968,2,0,4,4,2.4,1.92,4,0,5,5,0.996,1.5936,0,0,0,0,0,0,0,2,7,5,5.392,1.359936,6,0,1,1,0.004,0.007968,0,0,2,2,1.2,0.96,2,0,6,6,1.004,1.6064,0,0,0,0,0,0,0,0,7,7,2.208,1.1328,2,9.105,37.77,28.665,15.1452869,9.074162946,9.105,0,0,0,0,0,0,0,0.000310121,0.000310121,6.08E-05,9.77E-05,0,12,229,217,95.648,100.3776,12
Zr0.5Hf0.5NiSn,400,3.53,Zr0.5 Hf0.5 Ni1 Sn1,28,72,44,44.66666667,12.66666667,28,44,80,36,61.83333333,12.11111111,61,58.6934,178.49,119.7966,104.0868,34.54986667,58.6934,505.08,2506,2000.92,1516.693333,674.4088889,505.08,4,14,10,9.333333333,3.555555556,10,4,6,2,4.833333333,0.555555556,4,124,175,51,146,19.33333333,124,1.3,1.96,0.66,1.728333333,0.275555556,1.91,2,2,0,2,0,2,0,2,2,0.666666667,0.888888889,0,2,10,8,6.666666667,3.111111111,8,0,14,14,2.333333333,3.888888889,0,4,18,14,11.66666667,3.666666667,10,0,0,0,0,0,0,0,4,4,1.333333333,1.777777778,0,0,8,8,3.333333333,3.111111111,0,0,0,0,0,0,0,2,8,6,4.666666667,2.222222222,2,10.32,33.285,22.965,22.10083333,7.853888889,10.32,0,0,0,0,0,0,0,0.5953947,0.5953947,0.1984649,0.264619867,0,141,225,84,186.6666667,30.44444444,141
SrNb0.15Ti0.85O3,1000,3.078,Sr1 Nb0.15 Ti0.85 O3,8,41,33,17.37,11.244,8,8,87,79,62.52,29.376,87,15.9994,92.90638,76.90698,38.0482214,26.45858568,15.9994,54.8,2750,2695.2,655.35,720.66,54.8,2,16,14,10.83,6.204,16,2,5,3,3.03,1.236,2,66,195,129,110.72,53.664,66,0.95,3.44,2.49,2.5638,1.05144,3.44,1,2,1,1.97,0.0582,2,0,4,4,2.4,1.92,4,0,4,4,0.46,0.736,0,0,0,0,0,0,0,2,6,4,4.83,1.4142,6,0,1,1,0.03,0.0582,0,0,2,2,1.2,0.96,2,0,8,8,1.54,2.464,0,0,0,0,0,0,0,0,8,8,2.77,2.032,2,9.105,54.23,45.125,19.6917,13.81532,9.105,0,0,0,0,0,0,0,2.25E-05,2.25E-05,3.83E-06,6.36E-06,0,12,229,217,92.05,96.06,12
Fe1.96Ti0.04O3,700,4.7,Fe1.96 Ti0.04 O3,8,26,18,15.168,8.6016,8,43,87,44,74.104,15.4752,87,15.9994,55.845,39.8456,31.873816,19.0492992,15.9994,54.8,1941,1886.2,758.32,844.224,54.8,4,16,12,12.768,3.8784,16,2,4,2,2.8,0.96,2,66,160,94,92.624,31.9488,66,1.54,3.44,1.9,2.79368,0.775584,3.44,2,2,0,2,0,2,0,4,4,2.4,1.92,4,0,6,6,2.368,2.847488,0,0,0,0,0,0,0,4,8,4,6.768,0.965888,6,0,0,0,0,0,0,0,2,2,1.2,0.96,2,0,8,8,1.632,1.9584,0,0,0,0,0,0,0,2,8,6,2.832,0.9984,2,9.105,16.69,7.585,9.80268,0.837216,9.105,0,0,0,0,0,0,0,2.1106628,2.1106628,0.827379998,1.006093717,0,12,229,217,98.52,103.824,12
Yb14MnSb11,400,0.844,Yb14 Mn1 Sb11,25,70,45,60.23076923,10.52071006,70,39,85,46,58.96153846,22.03254438,39,54.938045,173.054,118.115955,146.809771,28.26301589,173.054,903.78,1519,615.22,1028.791538,105.7789941,1092,3,15,12,8.230769231,5.727810651,3,4,6,2,5.5,0.538461538,6,139,187,48,164.8461538,23.85798817,187,1.26,2.05,0.79,1.605384615,0.376213018,1.26,2,2,0,2,0,2,0,3,3,1.269230769,1.464497041,0,0,10,10,4.423076923,4.763313609,0,0,14,14,7.538461538,6.958579882,14,7,16,9,15.23076923,0.828402367,16,0,0,0,0,0,0,0,3,3,1.269230769,1.464497041,0,0,5,5,0.192307692,0.369822485,0,0,0,0,0,0,0,0,5,5,1.461538462,1.573964497,0,10.48758621,34.12,23.63241379,32.12798408,2.145247909,34.12,0,0,0,0,0,0,0,0.000310121,0.000310121,1.19E-05,2.29E-05,0,166,225,59,199.7307692,28.54142012,225
Mg2Si0.995Bi0.005,300,6.55,Mg2 Si0.995 Bi0.005,12,83,71,12.78166667,1.042222222,12,68,86,18,71.34666667,4.462222222,68,24.305,208.9804,184.6754,25.86665817,2.082210889,24.305,544.4,1687,1142.6,1175.762333,339.1209856,923,2,15,13,6.001666667,5.335555556,2,3,6,3,3.005,0.009983333,3,111,148,37,131.0616667,13.30757222,141,1.31,2.02,0.71,1.506866667,0.262488889,1.31,2,2,0,2,0,2,0,3,3,0.668333333,0.891111111,0,0,10,10,0.016666667,0.033277778,0,0,14,14,0.023333333,0.046588889,0,2,29,27,2.708333333,0.944444444,2,0,0,0,0,0,0,0,4,4,1.331666667,1.775555556,0,0,0,0,0,0,0,0,0,0,0,0,0,0,4,4,1.331666667,1.775555556,0,20.44,32.95,12.51,22.09418333,1.097274944,22.89,0,0.773,0.773,0.256378333,0.342692372,0,0,0,0,0,0,0,12,227,215,204.6416667,14.83102778,194
Si0.8Ge0.2,700,2.566,Si0.8 Ge0.2,14,32,18,17.6,5.76,14,78,79,1,78.2,0.32,78,28.0855,72.64,44.5545,36.9964,14.25744,28.0855,1211.4,1687,475.6,1591.88,152.192,1687,14,14,0,14,1.78E-15,14,3,4,1,3.2,0.32,3,111,120,9,112.8,2.88,111,1.9,2.01,0.11,1.922,0.0352,1.9,2,2,0,2,0,2,2,2,0,2,0,2,0,10,10,2,3.2,0,0,0,0,0,0,0,4,14,10,6,3.2,4,0,0,0,0,0,0,4,4,0,4,0,4,0,0,0,0,0,0,0,0,0,0,0,0,4,4,0,4,0,4,20.44,23.005,2.565,20.953,0.8208,20.44,0.383,0.773,0.39,0.695,0.1248,0.773,0,0,0,0,0,0,225,227,2,226.6,0.64,227
La3Te3.35Sb0.65,400,1.36,La3 Te3.35 Sb0.65,51,57,6,54.05,2.528571429,52,13,90,77,56.53571429,37.31632653,90,121.76,138.90547,17.14547,131.9029157,6.002189388,127.6,722.66,1193,470.34,941.0525714,215.9549388,722.66,3,16,13,10.33571429,6.287755102,16,5,6,1,5.428571429,0.489795918,5,138,207,69,167.6642857,33.71632653,138,1.1,2.1,1,1.666785714,0.485816327,2.1,2,2,0,2,0,2,0,4,4,2.192857143,1.879591837,4,1,10,9,6.142857143,4.408163265,10,0,0,0,0,0,0,3,16,13,10.33571429,6.287755102,16,0,0,0,0,0,0,0,3,3,1.235714286,1.059183673,2,0,9,9,3.857142857,4.408163265,0,0,0,0,0,0,0,2,9,7,5.092857143,3.348979592,2,31.56,36.8975,5.3375,35.38052381,1.300265306,34.76333333,0,0.464,0.464,0.222057143,0.231573878,0.464,0,0,0,0,0,0,152,194,42,171.3,19.45714286,152
Zr0.25Hf0.25Ti0.5NiSn,700,3.254,Zr0.25 Hf0.25 Ti0.5 Ni1 Sn1,22,72,50,39,13,28,43,80,37,61.58333333,12.27777778,61,47.867,178.49,130.623,89.58846667,34.50386667,58.6934,505.08,2506,2000.92,1454.026667,632.6311111,505.08,4,14,10,9.333333333,3.555555556,10,4,6,2,4.583333333,0.583333333,4,124,175,51,143.5,16,124,1.3,1.96,0.66,1.765833333,0.225555556,1.91,2,2,0,2,0,2,0,2,2,0.666666667,0.888888889,0,2,10,8,6.666666667,3.111111111,8,0,14,14,1.166666667,2.138888889,0,4,18,14,10.5,3.583333333,10,0,0,0,0,0,0,0,4,4,1.333333333,1.777777778,0,0,8,8,3.333333333,3.111111111,0,0,0,0,0,0,0,2,8,6,4.666666667,2.222222222,2,10.32,33.285,22.965,21.09958333,8.65625,10.32,0,0,0,0,0,0,0,0.5953947,0.5953947,0.198468656,0.264617363,0,141,225,84,186.6666667,30.44444444,141
Na0.02Pb0.98Te,300,3.996,Na0.02 Pb0.98 Te1,11,82,71,66.29,15.3958,52,2,90,88,84.71,5.29,90,22.98976928,207.2,184.2102307,165.5578977,40.80926026,127.6,370.87,722.66,351.79,659.3376,63.3224,722.66,1,16,15,14.87,1.13,16,3,6,3,5.47,0.5194,5,138,166,28,142.2,4.2,138,0.93,2.33,1.4,2.201,0.12642,2.1,1,2,1,1.99,0.0198,2,0,4,4,2.98,1.02,4,0,10,10,9.9,0.198,10,0,14,14,6.86,6.9972,0,1,28,27,21.73,6.1446,16,0,1,1,0.01,0.0198,0,0,4,4,2.96,1.0192,2,0,0,0,0,0,0,0,0,0,0,0,0,1,4,3,2.97,1.0094,2,28.11,34.76333333,6.653333333,31.448,3.315333333,34.76333333,0,0.464,0.464,0.232,0.232,0.464,0,0,0,0,0,0,152,229,77,188.54,36.54,152
CaYb0.05Mn0.95O3,700,1.602,Ca1 Yb0.05 Mn0.95 O3,8,70,62,14.25,7.5,8,7,87,80,63.87,27.756,87,15.9994,173.054,157.0546,29.78400855,16.54153026,15.9994,54.8,1519,1464.2,555.41,600.732,54.8,2,16,14,11.36,5.568,16,2,6,4,2.82,0.984,2,66,187,121,103.08,44.496,66,1,3.44,2.44,2.5711,1.04268,3.44,2,2,0,2,0,2,0,4,4,2.4,1.92,4,0,5,5,0.95,1.539,0,0,14,14,0.14,0.2772,0,2,16,14,5.49,1.396,6,0,0,0,0,0,0,0,2,2,1.2,0.96,2,0,5,5,0.95,1.539,0,0,0,0,0,0,0,0,5,5,2.15,1.083,2,9.105,37.77,28.665,15.35084138,9.343046621,9.105,0,0,0,0,0,0,0,0.000310121,0.000310121,5.89E-05,9.55E-05,0,12,225,213,95.68,100.416,12
In1.994Ge0.006O3,1000,3.49,In1.994 Ge0.006 O3,8,49,41,24.3796,19.65552,8,75,87,12,82.2048,5.75424,87,15.9994,114.818,98.8186,55.4762264,47.37219168,15.9994,54.8,1211.4,1156.6,205.71798,181.101576,54.8,13,16,3,14.8012,1.43856,16,2,5,3,3.1988,1.43856,2,66,142,76,96.3736,36.44832,66,1.78,3.44,1.66,2.776276,0.7964688,3.44,2,2,0,2,0,2,1,4,3,2.8012,1.43856,4,0,10,10,4,4.8,0,0,0,0,0,0,0,6,14,8,8.8012,3.36144,6,0,0,0,0,0,0,2,5,3,3.1988,1.43856,2,0,0,0,0,0,0,0,0,0,0,0,0,2,5,3,3.1988,1.43856,2,9.105,24.26,15.155,15.165494,7.2725928,9.105,0,0.383,0.383,0.0004596,0.000918097,0,0,0,0,0,0,0,12,225,213,62.9032,61.08384,12
Sr3Ti1.6Nb0.4O7,300,4.96,Sr3 Ti1.6 Nb0.4 O7,8,41,33,18.46666667,12.21111111,8,8,87,79,60.05,31.44166667,87,15.9994,92.90638,76.90698,40.71712933,28.83735089,15.9994,54.8,2750,2695.2,644.9333333,688.4888889,54.8,2,16,14,10.53333333,6.377777778,16,2,5,3,3.116666667,1.302777778,2,66,195,129,114.05,56.05833333,66,0.95,3.44,2.49,2.502833333,1.093361111,3.44,1,2,1,1.966666667,0.064444444,2,0,4,4,2.333333333,1.944444444,4,0,4,4,0.4,0.666666667,0,0,0,0,0,0,0,2,6,4,4.7,1.536666667,6,0,1,1,0.033333333,0.064444444,0,0,2,2,1.166666667,0.972222222,2,0,8,8,1.266666667,2.111111111,0,0,0,0,0,0,0,0,8,8,2.466666667,1.777777778,2,9.105,54.23,45.125,21.70008333,16.26495833,9.105,0,0,0,0,0,0,0,2.25E-05,2.25E-05,3.00E-06,5.21E-06,0,12,229,217,96.75,98.875,12
Zn0.995Al0.005O,700,13.525,Zn0.995 Al0.005 O1,8,30,22,18.9575,10.9872875,8,69,87,18,78.01,8.99,87,15.9994,65.38,49.3806,40.59370385,24.66236467,15.9994,54.8,933.47,878.67,374.341975,319.541975,54.8,12,16,4,14.0025,1.9975,16,2,4,2,2.9975,0.9975,2,66,122,56,93.9975,27.9975,66,1.61,3.44,1.83,2.5449,0.8951,3.44,2,2,0,2,0,2,0,4,4,2.0025,1.9975,4,0,10,10,4.975,4.999875,0,0,0,0,0,0,0,3,12,9,8.9775,3.0073875,6,0,0,0,0,0,0,0,5,5,1.0125,1.0074375,2,0,0,0,0,0,0,0,0,0,0,0,0,0,5,5,1.0125,1.0074375,2,9.105,16.48,7.375,11.5388,2.4338,9.105,0,0,0,0,0,0,0,0,0,0,0,0,12,225,213,103.0775,91.0775,12
Zn4Sb3,300,0.76,Zn4 Sb3,30,51,21,39,10.28571429,30,69,85,16,75.85714286,7.836734694,69,65.38,121.76,56.38,89.54285714,27.61469388,65.38,692.68,903.78,211.1,783.1514286,103.3959184,692.68,12,15,3,13.28571429,1.469387755,12,4,5,1,4.428571429,0.489795918,4,122,139,17,129.2857143,8.326530612,122,1.65,2.05,0.4,1.821428571,0.195918367,1.65,2,2,0,2,0,2,0,3,3,1.285714286,1.469387755,0,10,10,0,10,0,10,0,0,0,0,0,0,12,15,3,13.28571429,1.469387755,12,0,0,0,0,0,0,0,3,3,1.285714286,1.469387755,0,0,0,0,0,0,0,0,0,0,0,0,0,0,3,3,1.285714286,1.469387755,0,13.96,31.56,17.6,21.50285714,8.620408163,13.96,0,0,0,0,0,0,0,0,0,0,0,0,166,194,28,182,13.71428571,194
CuRh0.9Mg0.1O2,700,10.01,Cu1 Rh0.9 Mg0.1 O2,8,45,37,21.675,14.15875,8,59,87,28,74.475,12.525,87,15.9994,102.9055,86.9061,47.6475625,32.81529063,15.9994,54.8,2237,2182.2,893.2425,838.4425,54.8,2,16,14,12.825,3.175,16,2,5,3,3.2,1.21,2,66,142,76,101.475,35.475,66,1.31,3.44,2.13,2.74075,0.69925,3.44,1,2,1,1.525,0.49875,2,0,4,4,2,2,4,0,10,10,4.3,4.515,0,0,0,0,0,0,0,2,11,9,7.825,2.11625,6,0,1,1,0.475,0.49875,0,0,2,2,1,1,2,0,2,2,0.45,0.6975,0,0,0,0,0,0,0,0,3,3,1.925,0.55875,2,9.105,22.89,13.785,10.96125,1.85625,9.105,0,0,0,0,0,0,0,0,0,0,0,0,12,225,213,117.725,105.725,12
Fe1.96Sn0.04O3,400,6.17,Fe1.96 Sn0.04 O3,8,50,42,15.392,8.8704,8,55,87,32,74.4,15.2096,87,15.9994,118.71,102.7106,32.44056,19.729392,15.9994,54.8,1811,1756.2,746.83264,834.3072102,54.8,8,16,8,12.848,3.800832,16,2,5,3,2.808,0.9696,2,66,139,73,92.456,31.7472,66,1.83,3.44,1.61,2.79704,0.771552,3.44,2,2,0,2,0,2,0,4,4,2.416,1.9008,4,0,10,10,2.432,2.9184,0,0,0,0,0,0,0,6,14,8,6.848,1.0176,6,0,0,0,0,0,0,0,4,4,1.232,0.965888,2,0,4,4,1.568,1.906688,0,0,0,0,0,0,0,2,4,2,2.8,0.96,2,9.105,33.285,24.18,9.93544,0.996528,9.105,0,0,0,0,0,0,0,2.1106628,2.1106628,0.827379818,1.006093858,0,12,229,217,98.096,103.3152,12
Ca3AlSb3,300,1.45,Ca3 Al1 Sb3,13,51,38,32.28571429,16.04081633,20,7,85,78,49.85714286,36.73469388,7,26.9815386,121.76,94.7784614,73.21364837,41.61115854,40.078,903.78,1115,211.22,998.5442857,99.81918367,903.78,2,15,13,9.142857143,6.12244898,2,3,5,2,4.285714286,0.612244898,4,121,176,55,152.2857143,20.32653061,139,1,2.05,1.05,1.537142857,0.460408163,1,2,2,0,2,0,2,0,3,3,1.428571429,1.346938776,0,0,10,10,4.285714286,4.897959184,0,0,0,0,0,0,0,2,15,13,7.714285714,6.244897959,2,0,0,0,0,0,0,0,5,5,2,1.714285714,0,0,0,0,0,0,0,0,0,0,0,0,0,0,5,5,2,1.714285714,0,16.48,37.77,21.29,32.06714286,4.888163265,31.56,0,0,0,0,0,0,0,0,0,0,0,0,166,225,59,199.7142857,28.89795918,166
Mo6Te7S,1000,4.61,Mo6 Te7 S1,16,52,36,45.14285714,6.857142857,52,50,90,40,72.71428571,19.46938776,90,32.065,127.6,95.535,107.2160714,20.38392857,127.6,388.36,2896,2507.64,1630.212857,1084.960408,722.66,6,16,10,11.71428571,4.897959184,16,3,5,2,4.857142857,0.265306122,5,105,154,49,142.5,9.857142857,138,2.1,2.58,0.48,2.16,0.06,2.1,1,2,1,1.571428571,0.489795918,2,0,4,4,2.285714286,1.959183673,4,0,10,10,7.142857143,2.857142857,10,0,0,0,0,0,0,6,16,10,11,5,16,0,1,1,0.428571429,0.489795918,0,0,2,2,1.142857143,0.979591837,2,0,5,5,2.142857143,2.448979592,0,0,0,0,0,0,0,2,6,4,3.714285714,1.959183673,2,15.69,34.76333333,19.07333333,25.94787202,8.81546131,34.76333333,0,2.202,2.202,0.389285714,0.333673469,0.464,0,0,0,0,0,0,70,229,159,179.1428571,42.73469388,152
Mg1.9Ca0.1Si,400,4.7,Mg1.9 Ca0.1 Si1,12,20,8,12.93333333,1.182222222,12,7,78,71,69.3,5.8,68,24.305,40.078,15.773,26.09093333,2.262182222,24.305,923,1687,764,1184.066667,335.2888889,923,2,14,12,6,5.333333333,2,3,4,1,3.033333333,0.064444444,3,111,176,65,132.1666667,14.11111111,141,1,1.9,0.9,1.496333333,0.269111111,1.31,2,2,0,2,0,2,0,2,2,0.666666667,0.888888889,0,0,0,0,0,0,0,0,0,0,0,0,0,2,4,2,2.666666667,0.888888889,2,0,0,0,0,0,0,0,4,4,1.333333333,1.777777778,0,0,0,0,0,0,0,0,0,0,0,0,0,0,4,4,1.333333333,1.777777778,0,20.44,37.77,17.33,22.56933333,1.419555556,22.89,0,0.773,0.773,0.257666667,0.343555556,0,0,0,0,0,0,0,194,227,33,206.0333333,15.24222222,194
Ca2.85Na0.15AlSb3,700,0.84,Ca2.85 Na0.15 Al1 Sb3,11,51,40,32.09285714,16.20612245,51,2,85,83,49.75,36.85714286,85,22.98976928,121.76,98.77023072,72.847472,41.925024,121.76,370.87,1115,744.13,982.5986429,107.8125337,903.78,1,15,14,9.121428571,6.146938776,15,3,5,2,4.264285714,0.630612245,5,121,176,55,152.0714286,20.08163265,139,0.93,2.05,1.12,1.535642857,0.462122449,2.05,1,2,1,1.978571429,0.041938776,2,0,3,3,1.428571429,1.346938776,3,0,10,10,4.285714286,4.897959184,10,0,0,0,0,0,0,1,15,14,7.692857143,6.263265306,15,0,1,1,0.021428571,0.041938776,0,0,5,5,2,1.714285714,3,0,0,0,0,0,0,0,0,0,0,0,0,0,5,5,2.021428571,1.689795918,3,16.48,37.77,21.29,31.88442857,4.792536735,31.56,0,0,0,0,0,0,0,0,0,0,0,0,166,229,63,199.8,28.97142857,166
Ba8Ga16Ge30,1000,1.43,Ba8 Ga16 Ge30,31,56,25,35.25925926,6.145404664,32,9,79,70,67.14814815,17.22908093,79,69.723,137.327,67.604,81.35896296,16.58312209,72.64,302.91,1211.4,908.49,910.8992593,360.2899314,1211.4,2,14,12,11.92592593,2.941015089,14,4,6,2,4.296296296,0.504801097,4,120,215,95,134.6666667,23.80246914,120,0.89,2.01,1.12,1.784814815,0.265130316,2.01,2,2,0,2,0,2,0,2,2,1.407407407,0.658436214,2,0,10,10,8.518518519,2.524005487,10,0,0,0,0,0,0,2,14,12,11.92592593,2.941015089,14,0,0,0,0,0,0,0,5,5,3.703703704,1.09739369,4,0,0,0,0,0,0,0,0,0,0,0,0,0,5,5,3.703703704,1.09739369,4,18.8575,63.59,44.7325,27.7887037,10.6077915,23.005,0,0.383,0.383,0.212777778,0.189135802,0.383,0,0,0,0,0,0,64,229,165,177.8888889,67.48971193,225
CaYb0.05Mn0.95O3,400,1.472,Ca1 Yb0.05 Mn0.95 O3,8,70,62,14.25,7.5,8,7,87,80,63.87,27.756,87,15.9994,173.054,157.0546,29.78400855,16.54153026,15.9994,54.8,1519,1464.2,555.41,600.732,54.8,2,16,14,11.36,5.568,16,2,6,4,2.82,0.984,2,66,187,121,103.08,44.496,66,1,3.44,2.44,2.5711,1.04268,3.44,2,2,0,2,0,2,0,4,4,2.4,1.92,4,0,5,5,0.95,1.539,0,0,14,14,0.14,0.2772,0,2,16,14,5.49,1.396,6,0,0,0,0,0,0,0,2,2,1.2,0.96,2,0,5,5,0.95,1.539,0,0,0,0,0,0,0,0,5,5,2.15,1.083,2,9.105,37.77,28.665,15.35084138,9.343046621,9.105,0,0,0,0,0,0,0,0.000310121,0.000310121,5.89E-05,9.55E-05,0,12,225,213,95.68,100.416,12
Mg2Si0.993Bi0.007,700,4.4,Mg2 Si0.993 Bi0.007,12,83,71,12.82766667,1.103555556,12,68,86,18,71.352,4.469333333,68,24.305,208.9804,184.6754,25.98725477,2.243006356,24.305,544.4,1687,1142.6,1175.0006,338.9436028,923,2,15,13,6.002333333,5.336444444,2,3,6,3,3.007,0.013967333,3,111,148,37,131.0863333,13.29715267,141,1.31,2.02,0.71,1.506946667,0.262595556,1.31,2,2,0,2,0,2,0,3,3,0.669,0.892,0,0,10,10,0.023333333,0.046557778,0,0,14,14,0.032666667,0.065180889,0,2,29,27,2.725,0.966666667,2,0,0,0,0,0,0,0,4,4,1.331,1.774666667,0,0,0,0,0,0,0,0,0,0,0,0,0,0,4,4,1.331,1.774666667,0,20.44,32.95,12.51,22.10252333,1.100590447,22.89,0,0.773,0.773,0.255863,0.342344694,0,0,0,0,0,0,0,12,227,215,204.4983333,14.89610333,194
Mo6Te7S,700,3.978,Mo6 Te7 S1,16,52,36,45.14285714,6.857142857,52,50,90,40,72.71428571,19.46938776,90,32.065,127.6,95.535,107.2160714,20.38392857,127.6,388.36,2896,2507.64,1630.212857,1084.960408,722.66,6,16,10,11.71428571,4.897959184,16,3,5,2,4.857142857,0.265306122,5,105,154,49,142.5,9.857142857,138,2.1,2.58,0.48,2.16,0.06,2.1,1,2,1,1.571428571,0.489795918,2,0,4,4,2.285714286,1.959183673,4,0,10,10,7.142857143,2.857142857,10,0,0,0,0,0,0,6,16,10,11,5,16,0,1,1,0.428571429,0.489795918,0,0,2,2,1.142857143,0.979591837,2,0,5,5,2.142857143,2.448979592,0,0,0,0,0,0,0,2,6,4,3.714285714,1.959183673,2,15.69,34.76333333,19.07333333,25.94787202,8.81546131,34.76333333,0,2.202,2.202,0.389285714,0.333673469,0.464,0,0,0,0,0,0,70,229,159,179.1428571,42.73469388,152
SrTi0.8Nb0.2O3,300,10.42,Sr1 Ti0.8 Nb0.2 O3,8,41,33,17.56,11.472,8,8,87,79,62.56,29.328,87,15.9994,92.90638,76.90698,38.4986152,26.99905824,15.9994,54.8,2750,2695.2,663.44,730.368,54.8,2,16,14,10.84,6.192,16,2,5,3,3.04,1.248,2,66,195,129,110.76,53.712,66,0.95,3.44,2.49,2.5644,1.05072,3.44,1,2,1,1.96,0.0768,2,0,4,4,2.4,1.92,4,0,4,4,0.48,0.768,0,0,0,0,0,0,0,2,6,4,4.84,1.4048,6,0,1,1,0.04,0.0768,0,0,2,2,1.2,0.96,2,0,8,8,1.52,2.432,0,0,0,0,0,0,0,0,8,8,2.76,2.016,2,9.105,54.23,45.125,19.7066,13.80936,9.105,0,0,0,0,0,0,0,2.25E-05,2.25E-05,3.61E-06,6.06E-06,0,12,229,217,92.4,96.48,12
CaMnO3,1000,3.445,Ca1 Mn1 O3,8,25,17,13.8,6.96,8,7,87,80,64,27.6,87,15.9994,54.938045,38.938645,28.602849,15.1241388,15.9994,54.8,1519,1464.2,559.68,605.856,54.8,2,16,14,11.4,5.52,16,2,4,2,2.8,0.96,2,66,176,110,102.6,43.92,66,1,3.44,2.44,2.574,1.0392,3.44,2,2,0,2,0,2,0,4,4,2.4,1.92,4,0,5,5,1,1.6,0,0,0,0,0,0,0,2,7,5,5.4,1.36,6,0,0,0,0,0,0,0,2,2,1.2,0.96,2,0,5,5,1,1.6,0,0,0,0,0,0,0,0,5,5,2.2,1.12,2,9.105,37.77,28.665,15.11451724,9.062193103,9.105,0,0,0,0,0,0,0,0.000310121,0.000310121,6.20E-05,9.92E-05,0,12,225,213,95.6,100.32,12
CuCr0.98Mg0.02O2,1000,4.833,Cu1 Cr0.98 Mg0.02 O2,8,29,21,17.19,9.2419,8,49,87,38,71.845,15.155,87,15.9994,63.546,47.5466,36.7467695,20.87178719,15.9994,54.8,2180,2125.2,905.5575,850.7575,54.8,2,16,14,12.23,3.77,16,2,4,2,2.995,0.995,2,66,141,75,100.76,34.76,66,1.31,3.44,2.13,2.60825,0.83175,3.44,1,2,1,1.505,0.49995,2,0,4,4,2,2,4,0,10,10,3.725,3.76225,0,0,0,0,0,0,0,2,11,9,7.23,1.885,6,0,1,1,0.495,0.49995,0,0,2,2,1,1,2,0,5,5,1.225,1.84975,0,0,0,0,0,0,0,0,6,6,2.72,1.6072,2,9.105,22.89,13.785,10.176,1.071,9.105,0,0,0,0,0,0,0,0,0,0,0,0,12,229,217,119.325,107.325,12
Cu2Se,700,0.915,Cu2 Se1,29,34,5,30.66666667,2.222222222,29,64,89,25,72.33333333,11.11111111,64,63.546,78.96,15.414,68.684,6.850666667,63.546,494,1357.77,863.77,1069.846667,383.8977778,1357.77,11,16,5,12.66666667,2.222222222,11,4,4,0,4,0,4,120,132,12,128,5.333333333,132,1.9,2.55,0.65,2.116666667,0.288888889,1.9,1,2,1,1.333333333,0.444444444,1,0,4,4,1.333333333,1.777777778,0,10,10,0,10,0,10,0,0,0,0,0,0,11,16,5,12.66666667,2.222222222,11,0,1,1,0.666666667,0.444444444,1,0,2,2,0.666666667,0.888888889,0,0,0,0,0,0,0,0,0,0,0,0,0,1,2,1,1.333333333,0.444444444,1,11.07,25.92,14.85,16.02,6.6,11.07,0,0.799,0.799,0.266333333,0.355111111,0,0,0,0,0,0,0,14,225,211,154.6666667,93.77777778,225
Zn0.98Al0.02O,300,40.29,Zn0.98 Al0.02 O1,8,30,22,18.83,10.9466,8,69,87,18,78.04,8.96,87,15.9994,65.38,49.3806,40.30571539,24.57279892,15.9994,54.8,933.47,878.67,376.1479,321.3479,54.8,12,16,4,14.01,1.99,16,2,4,2,2.99,0.99,2,66,122,56,93.99,27.99,66,1.61,3.44,1.83,2.5446,0.8954,3.44,2,2,0,2,0,2,0,4,4,2.01,1.99,4,0,10,10,4.9,4.998,0,0,0,0,0,0,0,3,12,9,8.91,3.0282,6,0,0,0,0,0,0,0,5,5,1.05,1.029,2,0,0,0,0,0,0,0,0,0,0,0,0,0,5,5,1.05,1.029,2,9.105,16.48,7.375,11.5577,2.4527,9.105,0,0,0,0,0,0,0,0,0,0,0,0,12,225,213,103.31,91.31,12
Fe0.978Co0.00196Si1.96Y0.12O0.18,1000,3.22,Fe0.978 Co0.00196 Si1.96 Y0.12 O0.18,8,39,31,18.22273114,6.244919474,14,12,87,75,69.10075433,12.75595114,78,15.9994,88.90585,72.90645,38.06469619,14.52547429,28.0855,54.8,1811,1756.2,1637.948394,175.9075489,1687,3,16,13,11.88954185,3.010148551,14,2,5,3,3.320979271,0.535127372,3,66,190,124,117.7739725,13.94850627,111,1.22,3.44,2.22,1.939229126,0.166754378,1.9,2,2,0,2,0,2,0,4,4,1.432116446,0.972401391,2,0,7,7,1.852405585,2.510177053,0,0,0,0,0,0,0,3,9,6,5.284522031,1.723358205,4,0,0,0,0,0,0,0,4,4,2.530895443,1.777457087,4,0,9,9,1.5425746,2.037747159,0,0,0,0,0,0,0,2,9,7,4.073470043,0.36493265,4,9.105,32.365,23.26,17.31475703,4.896051414,20.44,0,0.773,0.773,0.467623057,0.369472961,0.773,0,2.1106628,2.1106628,0.638052081,0.890133029,0,12,229,217,214.4169187,24.02813169,227
Li0.0024Ni0.9976O,700,11.391,Li0.0024 Ni0.9976 O1,3,28,25,17.97,10.005928,8,1,87,86,73.928,13.072,87,6.941,58.6934,51.7524,37.28429712,21.35772103,15.9994,54.8,1728,1673.2,889.870828,836.117662,54.8,1,16,15,12.9892,3.0108,16,2,4,2,2.9976,0.99999424,2,66,128,62,95.0048,29.0048,66,0.98,3.44,2.46,2.673884,0.766116,3.44,1,2,1,1.9988,0.00239712,2,0,4,4,2,2,4,0,8,8,3.9904,3.99997696,0,0,0,0,0,0,0,1,10,9,7.9892,2.00597408,6,0,1,1,0.0012,0.00239712,0,0,2,2,1,1,2,0,2,2,0.9976,0.99999424,0,0,0,0,0,0,0,1,2,1,1.9988,0.00239712,2,9.105,16.59333333,7.488333333,9.720028,0.615028,9.105,0,0,0,0,0,0,0,0.5953947,0.5953947,0.296982876,0.297695635,0,12,229,217,118.5048,106.5048,12
Ba0.8Sr0.2PbO3,400,3.306,Ba0.8 Sr0.2 Pb1 O3,8,82,74,31.68,28.416,8,8,87,79,70.16,24.544,87,15.9994,207.2,191.2006,76.51676,72.620832,15.9994,54.8,1050,995.2,355.002,360.2424,54.8,2,16,14,12.8,4.32,16,2,6,4,3.56,1.872,2,66,215,149,111,54,66,0.89,3.44,2.55,2.7104,0.87552,3.44,2,2,0,2,0,2,0,4,4,2.8,1.44,4,0,10,10,2,3.2,0,0,14,14,2.8,4.48,0,2,28,26,9.6,7.36,6,0,0,0,0,0,0,0,4,4,2,0.8,2,0,0,0,0,0,0,0,0,0,0,0,0,0,4,4,2,0.8,2,9.105,63.59,54.485,23.4286,17.18832,9.105,0,0,0,0,0,0,0,0,0,0,0,0,12,229,217,97.84,103.008,12
NbCoSn,1000,9.927,Nb1 Co1 Sn1,27,50,23,39.33333333,8.222222222,27,47,80,33,61.66666667,12.22222222,47,58.933195,118.71,59.776805,90.18319167,20.83333111,58.933195,505.08,2750,2244.92,1674.36,779.52,505.08,5,14,9,9.333333333,3.111111111,5,4,5,1,4.666666667,0.444444444,4,126,164,38,143,14,126,1.6,1.96,0.36,1.813333333,0.142222222,1.6,1,2,1,1.666666667,0.444444444,1,0,2,2,0.666666667,0.888888889,0,4,10,6,7,2,4,0,0,0,0,0,0,5,14,9,9.333333333,3.111111111,5,0,1,1,0.333333333,0.444444444,0,0,4,4,1.333333333,1.777777778,0,0,6,6,3,2,0,0,0,0,0,0,0,3,7,4,4.666666667,1.555555556,3,10.245,33.285,23.04,20.57,8.476666667,10.245,0,0,0,0,0,0,0,1.5484712,1.5484712,0.516157067,0.688209422,0,141,229,88,188,31.33333333,141
Ti0.95Nb0.05NiSn,1000,5.492,Ti0.95 Nb0.05 Ni1 Sn1,22,50,28,33.65,11.145,28,43,80,37,61.4,12.4,61,47.867,118.71,70.843,75.84078967,29.14832657,58.6934,505.08,2750,2244.92,1404.843333,599.8422222,505.08,4,14,10,9.35,3.533333333,10,4,5,1,4.35,0.455,4,124,164,40,141.0666667,12.75555556,124,1.54,1.96,0.42,1.804333333,0.174222222,1.91,1,2,1,1.983333333,0.032777778,2,0,2,2,0.666666667,0.888888889,0,2,10,8,6.7,3.066666667,8,0,0,0,0,0,0,4,14,10,9.35,3.533333333,10,0,1,1,0.016666667,0.032777778,0,0,4,4,1.333333333,1.777777778,0,0,8,8,3.3,3.066666667,0,0,0,0,0,0,0,2,8,6,4.65,2.2,2,10.32,33.285,22.965,20.12316667,8.774555556,10.32,0,0,0,0,0,0,0,0.5953947,0.5953947,0.198472036,0.26461511,0,141,229,88,187.25,30.83333333,141
La3Te3.65Sb0.35,700,1.98,La3 Te3.65 Sb0.35,51,57,6,54.09285714,2.491836735,52,13,90,77,56.75,37.5,90,121.76,138.90547,17.14547,132.1532014,5.787658776,127.6,722.66,1193,470.34,933.2902857,222.6083265,722.66,3,16,13,10.37857143,6.324489796,16,5,6,1,5.428571429,0.489795918,5,138,207,69,167.6214286,33.75306122,138,1.1,2.1,1,1.668928571,0.487653061,2.1,2,2,0,2,0,2,0,4,4,2.235714286,1.916326531,4,1,10,9,6.142857143,4.408163265,10,0,0,0,0,0,0,3,16,13,10.37857143,6.324489796,16,0,0,0,0,0,0,0,3,3,1.192857143,1.02244898,2,0,9,9,3.857142857,4.408163265,0,0,0,0,0,0,0,2,9,7,5.05,3.385714286,2,31.56,36.8975,5.3375,35.51780952,1.182591837,34.76333333,0,0.464,0.464,0.241942857,0.231573878,0.464,0,0,0,0,0,0,152,194,42,170.7,19.97142857,152
La0.95Sr0.05CoO3,300,1.8,La0.95 Sr0.05 Co1 O3,8,57,49,21.41,16.092,8,8,87,79,66.35,24.78,87,15.9994,138.90547,122.90607,48.6545183,39.18614196,15.9994,54.8,1768,1713.2,623.65,682.62,54.8,2,16,14,11.99,4.812,16,2,6,4,3.19,1.428,2,66,207,141,106.08,48.096,66,0.95,3.44,2.49,2.6585,0.9378,3.44,2,2,0,2,0,2,0,4,4,2.4,1.92,4,0,7,7,1.59,2.164,0,0,0,0,0,0,0,2,9,7,5.99,1.216,6,0,0,0,0,0,0,0,2,2,1.2,0.96,2,0,9,9,2.31,2.8182,0,0,0,0,0,0,0,0,9,9,3.51,2.0862,2,9.105,54.23,45.125,15.064825,9.07972,9.105,0,0,0,0,0,0,0,1.5484712,1.5484712,0.30969424,0.495510784,0,12,225,213,85.11,87.732,12
Ca0.98Bi0.02Mn0.98Nb0.02O3,1000,1.736,Ca0.98 Bi0.02 Mn0.98 Nb0.02 O3,8,83,75,14.116,7.3392,8,7,87,80,64.296,27.418432,87,15.9994,208.9804,192.981,29.43033194,16.11711833,15.9994,54.8,2750,2695.2,562.3216,609.1692928,54.8,2,16,14,11.444,5.495648,16,2,6,4,2.812,0.9744,2,66,176,110,102.588,43.9056,66,1,3.44,2.44,2.57828,1.034064,3.44,1,2,1,1.996,0.007968,2,0,4,4,2.412,1.910304,4,0,10,10,1.036,1.649312,0,0,14,14,0.056,0.111552,0,2,29,27,5.5,1.376,6,0,1,1,0.004,0.007968,0,0,3,3,1.212,0.959904,2,0,6,6,1.004,1.6064,0,0,0,0,0,0,0,0,7,7,2.22,1.13424,2,9.105,37.77,28.665,15.1260069,9.043469186,9.105,0,0,0,0,0,0,0,0.000310121,0.000310121,6.08E-05,9.77E-05,0,12,229,217,94.796,100.017568,12
Fe0.978Co0.00196Si1.96Y0.12O0.18,700,2.96,Fe0.978 Co0.00196 Si1.96 Y0.12 O0.18,8,39,31,18.22273114,6.244919474,14,12,87,75,69.10075433,12.75595114,78,15.9994,88.90585,72.90645,38.06469619,14.52547429,28.0855,54.8,1811,1756.2,1637.948394,175.9075489,1687,3,16,13,11.88954185,3.010148551,14,2,5,3,3.320979271,0.535127372,3,66,190,124,117.7739725,13.94850627,111,1.22,3.44,2.22,1.939229126,0.166754378,1.9,2,2,0,2,0,2,0,4,4,1.432116446,0.972401391,2,0,7,7,1.852405585,2.510177053,0,0,0,0,0,0,0,3,9,6,5.284522031,1.723358205,4,0,0,0,0,0,0,0,4,4,2.530895443,1.777457087,4,0,9,9,1.5425746,2.037747159,0,0,0,0,0,0,0,2,9,7,4.073470043,0.36493265,4,9.105,32.365,23.26,17.31475703,4.896051414,20.44,0,0.773,0.773,0.467623057,0.369472961,0.773,0,2.1106628,2.1106628,0.638052081,0.890133029,0,12,229,217,214.4169187,24.02813169,227
Mg2Si0.999Bi0.001,300,8.52,Mg2 Si0.999 Bi0.001,12,83,71,12.68966667,0.919555556,12,68,86,18,71.336,4.448,68,24.305,208.9804,184.6754,25.62546497,1.760619956,24.305,544.4,1687,1142.6,1177.2858,339.4696572,923,2,15,13,6.000333333,5.333777778,2,3,6,3,3.001,0.001999333,3,111,148,37,131.0123333,13.328214,141,1.31,2.02,0.71,1.506706667,0.262275556,1.31,2,2,0,2,0,2,0,3,3,0.667,0.889333333,0,0,10,10,0.003333333,0.006664444,0,0,14,14,0.004666667,0.009330222,0,2,29,27,2.675,0.9,2,0,0,0,0,0,0,0,4,4,1.333,1.777333333,0,0,0,0,0,0,0,0,0,0,0,0,0,0,4,4,1.333,1.777333333,0,20.44,32.95,12.51,22.07750333,1.09057722,22.89,0,0.773,0.773,0.257409,0.343383606,0,0,0,0,0,0,0,12,227,215,204.9283333,14.69973,194
Na0.02Pb0.98Te0.85Se0.15,1000,1.189,Na0.02 Pb0.98 Te0.85 Se0.15,11,82,71,64.94,16.7188,82,2,90,88,84.635,5.215,81,22.98976928,207.2,184.2102307,161.9098977,44.38430026,207.2,370.87,722.66,351.79,642.1881,68.401115,600.61,1,16,15,14.87,1.13,14,3,6,3,5.395,0.5929,6,120,166,46,140.85,5.55,146,0.93,2.55,1.62,2.23475,0.1406325,2.33,1,2,1,1.99,0.0198,2,0,4,4,2.98,1.02,2,0,10,10,9.9,0.198,10,0,14,14,6.86,6.9972,14,1,28,27,21.73,6.1446,28,0,1,1,0.01,0.0198,0,0,4,4,2.96,1.0192,4,0,0,0,0,0,0,0,0,0,0,0,0,1,4,3,2.97,1.0094,4,25.92,34.76333333,8.843333333,30.78475,3.381795833,28.11,0,0.799,0.799,0.257125,0.257125,0,0,0,0,0,0,0,14,229,215,178.19,46.89,225
Cr1.3Mo6S8,400,2.106,Cr1.3 Mo6 S8,16,42,26,26.87581699,11.86210432,16,49,88,39,69.78431373,19.04908369,88,32.065,95.96,63.895,58.8153549,29.13305498,32.065,388.36,2896,2507.64,1523.979085,1187.575514,388.36,6,16,10,11.22875817,4.98953394,16,3,5,2,3.869281046,0.909052074,3,105,154,49,127.1045752,23.1158956,105,1.66,2.58,0.92,2.337124183,0.253987782,2.58,1,2,1,1.522875817,0.498953394,2,0,4,4,2.091503268,1.995813576,4,0,5,5,2.385620915,2.49476697,0,0,0,0,0,0,0,6,6,0,6,8.88E-16,6,0,1,1,0.477124183,0.498953394,0,0,2,2,1.045751634,0.997906788,2,0,5,5,2.385620915,2.49476697,0,0,0,0,0,0,0,2,6,4,3.908496732,1.995813576,2,11.19,25.786875,14.596875,20.58705882,5.437716263,25.786875,0,2.202,2.202,1.151372549,1.098695374,2.202,0,0,0,0,0,0,70,229,159,145.8627451,79.33358965,70
Ca0.9Bi0.1Mn0.9Nb0.1O3,1000,1.687,Ca0.9 Bi0.1 Mn0.9 Nb0.1 O3,8,83,75,15.38,8.856,8,7,87,80,65.48,26.6448,87,15.9994,208.9804,192.981,32.7402637,20.08903644,15.9994,54.8,2750,2695.2,572.888,622.84512,54.8,2,16,14,11.62,5.3912,16,2,6,4,2.86,1.032,2,66,176,110,102.54,43.848,66,1,3.44,2.44,2.5954,1.01352,3.44,1,2,1,1.98,0.0392,2,0,4,4,2.46,1.8696,4,0,10,10,1.18,1.8408,0,0,14,14,0.28,0.5488,0,2,29,27,5.9,1.44,6,0,1,1,0.02,0.0392,0,0,3,3,1.26,0.9576,2,0,6,6,1.02,1.632,0,0,0,0,0,0,0,0,7,7,2.3,1.188,2,9.105,37.77,28.665,15.17196552,8.966735172,9.105,0,0,0,0,0,0,0,0.000310121,0.000310121,5.58E-05,9.15E-05,0,12,229,217,91.58,98.6792,12
Ca0.7Ho0.3MnO3,300,2.144,Ca0.7 Ho0.3 Mn1 O3,8,67,59,16.62,10.344,8,7,87,80,65.56,25.728,87,15.9994,164.93032,148.93092,36.0939882,24.11350584,15.9994,54.8,1747,1692.2,597.6,651.36,54.8,2,16,14,11.46,5.448,16,2,6,4,2.92,1.104,2,66,192,126,103.56,45.072,66,1,3.44,2.44,2.5878,1.02264,3.44,2,2,0,2,0,2,0,4,4,2.4,1.92,4,0,5,5,1,1.6,0,0,11,11,0.66,1.2408,0,2,13,11,6.06,1.2088,6,0,0,0,0,0,0,0,2,2,1.2,0.96,2,0,5,5,1,1.6,0,0,3,3,0.18,0.3384,0,0,5,5,2.38,1.1224,2,9.105,37.77,28.665,14.69231724,8.386673103,9.105,0,0,0,0,0,0,0,0.000310121,0.000310121,6.20E-05,9.92E-05,0,12,225,213,93.74,98.088,12
SrNd0.17Ti0.83O3,300,6.19,Sr1 Nd0.17 Ti0.83 O3,8,60,52,18.092,12.1104,8,8,87,79,61.584,30.4992,87,15.9994,144.242,128.2426,39.97379,28.769268,15.9994,54.8,1941,1886.2,609.082,665.1384,54.8,2,16,14,10.766,6.2808,16,2,6,4,3.068,1.2816,2,66,201,135,111.994,55.1928,66,0.95,3.44,2.49,2.5484,1.06992,3.44,2,2,0,2,0,2,0,4,4,2.4,1.92,4,0,2,2,0.332,0.553776,0,0,4,4,0.136,0.262752,0,2,6,4,4.868,1.435376,6,0,0,0,0,0,0,0,2,2,1.2,0.96,2,0,8,8,1.328,2.215104,0,0,10,10,0.34,0.65688,0,0,10,10,2.868,2.1888,2,9.105,54.23,45.125,20.26308,14.57595856,9.105,0,0,0,0,0,0,0,2.25E-05,2.25E-05,3.74E-06,6.24E-06,0,12,225,213,91,94.8,12
Mg1.9Ca0.1Si,700,3.8,Mg1.9 Ca0.1 Si1,12,20,8,12.93333333,1.182222222,12,7,78,71,69.3,5.8,68,24.305,40.078,15.773,26.09093333,2.262182222,24.305,923,1687,764,1184.066667,335.2888889,923,2,14,12,6,5.333333333,2,3,4,1,3.033333333,0.064444444,3,111,176,65,132.1666667,14.11111111,141,1,1.9,0.9,1.496333333,0.269111111,1.31,2,2,0,2,0,2,0,2,2,0.666666667,0.888888889,0,0,0,0,0,0,0,0,0,0,0,0,0,2,4,2,2.666666667,0.888888889,2,0,0,0,0,0,0,0,4,4,1.333333333,1.777777778,0,0,0,0,0,0,0,0,0,0,0,0,0,0,4,4,1.333333333,1.777777778,0,20.44,37.77,17.33,22.56933333,1.419555556,22.89,0,0.773,0.773,0.257666667,0.343555556,0,0,0,0,0,0,0,194,227,33,206.0333333,15.24222222,194
Ti0.95Nb0.05NiSn,300,6.96,Ti0.95 Nb0.05 Ni1 Sn1,22,50,28,33.65,11.145,28,43,80,37,61.4,12.4,61,47.867,118.71,70.843,75.84078967,29.14832657,58.6934,505.08,2750,2244.92,1404.843333,599.8422222,505.08,4,14,10,9.35,3.533333333,10,4,5,1,4.35,0.455,4,124,164,40,141.0666667,12.75555556,124,1.54,1.96,0.42,1.804333333,0.174222222,1.91,1,2,1,1.983333333,0.032777778,2,0,2,2,0.666666667,0.888888889,0,2,10,8,6.7,3.066666667,8,0,0,0,0,0,0,4,14,10,9.35,3.533333333,10,0,1,1,0.016666667,0.032777778,0,0,4,4,1.333333333,1.777777778,0,0,8,8,3.3,3.066666667,0,0,0,0,0,0,0,2,8,6,4.65,2.2,2,10.32,33.285,22.965,20.12316667,8.774555556,10.32,0,0,0,0,0,0,0,0.5953947,0.5953947,0.198472036,0.26461511,0,141,229,88,187.25,30.83333333,141
Zr0.99Nb0.01NiSn,400,8.212,Zr0.99 Nb0.01 Ni1 Sn1,28,50,22,39.33666667,7.557777778,28,44,80,36,61.67666667,12.21555556,61,58.6934,118.71,60.0166,89.5480746,20.56978307,58.6934,505.08,2750,2244.92,1455.766667,633.7911111,505.08,4,14,10,9.336666667,3.551111111,10,4,5,1,4.666666667,0.444444444,4,124,175,51,145.9633333,19.28444444,124,1.33,1.96,0.63,1.734233333,0.267688889,1.91,1,2,1,1.996666667,0.006644444,2,0,2,2,0.666666667,0.888888889,0,2,10,8,6.673333333,3.102222222,8,0,0,0,0,0,0,4,14,10,9.336666667,3.551111111,10,0,1,1,0.003333333,0.006644444,0,0,4,4,1.333333333,1.777777778,0,0,8,8,3.326666667,3.102222222,0,0,0,0,0,0,0,2,8,6,4.663333333,2.217777778,2,10.32,33.285,22.965,22.24995,7.980433,10.32,0,0,0,0,0,0,0,0.5953947,0.5953947,0.1984649,0.264619867,0,141,229,88,186.7833333,30.52222222,141
Ca3Co4O9,400,1.9,Ca3 Co4 O9,8,27,19,15,7.875,8,7,87,80,64.75,25.03125,87,15.9994,58.933195,42.933795,31.24758625,17.15420953,15.9994,54.8,1768,1713.2,681.8875,705.4734375,54.8,2,16,14,11.625,4.921875,16,2,4,2,2.875,0.984375,2,66,176,110,101.625,40.078125,66,1,3.44,2.44,2.5925,0.9534375,3.44,2,2,0,2,0,2,0,4,4,2.25,1.96875,4,0,7,7,1.75,2.625,0,0,0,0,0,0,0,2,9,7,6,1.5,6,0,0,0,0,0,0,0,2,2,1.125,0.984375,2,0,3,3,0.75,1.125,0,0,0,0,0,0,0,0,3,3,1.875,0.703125,2,9.105,37.77,28.665,14.7646875,8.626992188,9.105,0,0,0,0,0,0,0,1.5484712,1.5484712,0.3871178,0.5806767,0,12,225,213,97.4375,96.1171875,12
CaMnO3,300,16.23,Ca1 Mn1 O3,8,25,17,13.8,6.96,8,7,87,80,64,27.6,87,15.9994,54.938045,38.938645,28.602849,15.1241388,15.9994,54.8,1519,1464.2,559.68,605.856,54.8,2,16,14,11.4,5.52,16,2,4,2,2.8,0.96,2,66,176,110,102.6,43.92,66,1,3.44,2.44,2.574,1.0392,3.44,2,2,0,2,0,2,0,4,4,2.4,1.92,4,0,5,5,1,1.6,0,0,0,0,0,0,0,2,7,5,5.4,1.36,6,0,0,0,0,0,0,0,2,2,1.2,0.96,2,0,5,5,1,1.6,0,0,0,0,0,0,0,0,5,5,2.2,1.12,2,9.105,37.77,28.665,15.11451724,9.062193103,9.105,0,0,0,0,0,0,0,0.000310121,0.000310121,6.20E-05,9.92E-05,0,12,225,213,95.6,100.32,12
Zr0.5Hf0.5NiSn1.994Sb0.006,400,2.646,Zr0.5 Hf0.5 Ni1 Sn1.994 Sb0.006,28,72,44,46.0015,10.501125,50,44,85,41,66.3825,13.6325,80,58.6934,178.49,119.7966,107.747175,28.65768125,118.71,505.08,2506,2000.92,1264.38805,758.11195,505.08,4,15,11,10.5015,3.5015,14,4,6,2,4.875,0.4375,5,124,175,51,144.25,15.375,139,1.3,2.05,0.75,1.786385,0.2356925,1.96,2,2,0,2,0,2,0,3,3,1.0015,1.0015,2,2,10,8,7.5,2.75,10,0,14,14,1.75,3.0625,0,4,18,14,12.2515,3.188625,14,0,0,0,0,0,0,0,4,4,1.9985,1.9985,4,0,8,8,2.5,2.75,0,0,0,0,0,0,0,2,8,6,4.4985,1.75075,4,10.32,33.285,22.965,24.8942875,8.3855375,33.285,0,0,0,0,0,0,0,0.5953947,0.5953947,0.148848675,0.223273013,0,141,225,84,175.2875,34.2125,141
CaGd0.94Mn0.06O3,300,2.85,Ca1 Gd0.94 Mn0.06 O3,8,64,56,21.132,16.2112,8,7,87,80,59.3,33.24,87,15.9994,157.25,141.2506,47.83749654,41.30951446,15.9994,54.8,1586,1531.2,572.276,620.9712,54.8,2,16,14,10.648,6.4224,16,2,6,4,3.176,1.4112,2,66,196,130,113.316,56.7792,66,1,3.44,2.44,2.5082,1.11816,3.44,2,2,0,2,0,2,0,4,4,2.4,1.92,4,0,5,5,0.248,0.3968,0,0,7,7,1.316,2.137184,0,2,10,8,5.964,1.5856,6,0,0,0,0,0,0,0,2,2,1.2,0.96,2,0,9,9,1.752,2.8032,0,0,7,7,1.316,2.137184,0,0,16,16,4.268,4.4288,2,9.105,37.77,28.665,19.16825103,12.2842372,9.105,0,0,0,0,0,0,0,0.000310121,0.000310121,3.72E-06,7.35E-06,0,12,225,213,91.276,95.1312,12
Cu2Se,400,1.04,Cu2 Se1,29,34,5,30.66666667,2.222222222,29,64,89,25,72.33333333,11.11111111,64,63.546,78.96,15.414,68.684,6.850666667,63.546,494,1357.77,863.77,1069.846667,383.8977778,1357.77,11,16,5,12.66666667,2.222222222,11,4,4,0,4,0,4,120,132,12,128,5.333333333,132,1.9,2.55,0.65,2.116666667,0.288888889,1.9,1,2,1,1.333333333,0.444444444,1,0,4,4,1.333333333,1.777777778,0,10,10,0,10,0,10,0,0,0,0,0,0,11,16,5,12.66666667,2.222222222,11,0,1,1,0.666666667,0.444444444,1,0,2,2,0.666666667,0.888888889,0,0,0,0,0,0,0,0,0,0,0,0,0,1,2,1,1.333333333,0.444444444,1,11.07,25.92,14.85,16.02,6.6,11.07,0,0.799,0.799,0.266333333,0.355111111,0,0,0,0,0,0,0,14,225,211,154.6666667,93.77777778,225
Mg2Si,700,3.25,Mg2 Si1,12,14,2,12.66666667,0.888888889,12,68,78,10,71.33333333,4.444444444,68,24.305,28.0855,3.7805,25.56516667,1.680222222,24.305,923,1687,764,1177.666667,339.5555556,923,2,14,12,6,5.333333333,2,3,3,0,3,0,3,111,141,30,131,13.33333333,141,1.31,1.9,0.59,1.506666667,0.262222222,1.31,2,2,0,2,0,2,0,2,2,0.666666667,0.888888889,0,0,0,0,0,0,0,0,0,0,0,0,0,2,4,2,2.666666667,0.888888889,2,0,0,0,0,0,0,0,4,4,1.333333333,1.777777778,0,0,0,0,0,0,0,0,0,0,0,0,0,0,4,4,1.333333333,1.777777778,0,20.44,22.89,2.45,22.07333333,1.088888889,22.89,0,0.773,0.773,0.257666667,0.343555556,0,0,0,0,0,0,0,194,227,33,205,14.66666667,194
Ba0.6Sr0.4PbO3,300,2.306,Ba0.6 Sr0.4 Pb1 O3,8,82,74,30.96,27.552,8,8,87,79,70.12,24.608,87,15.9994,207.2,191.2006,74.52848,70.234896,15.9994,54.8,1050,995.2,357.002,362.6424,54.8,2,16,14,12.8,4.32,16,2,6,4,3.52,1.824,2,66,215,149,110.2,53.04,66,0.89,3.44,2.55,2.7128,0.87264,3.44,2,2,0,2,0,2,0,4,4,2.8,1.44,4,0,10,10,2,3.2,0,0,14,14,2.8,4.48,0,2,28,26,9.6,7.36,6,0,0,0,0,0,0,0,4,4,2,0.8,2,0,0,0,0,0,0,0,0,0,0,0,0,0,4,4,2,0.8,2,9.105,63.59,54.485,23.0542,16.73904,9.105,0,0,0,0,0,0,0,0,0,0,0,0,12,229,217,97.68,102.816,12
Ti0.99Nb0.01NiSn,1000,6.292,Ti0.99 Nb0.01 Ni1 Sn1,22,50,28,33.39666667,11.11957778,28,43,80,37,61.34666667,12.43555556,61,47.867,118.71,70.843,75.2402646,29.0975977,58.6934,505.08,2750,2244.92,1394.056667,592.6511111,505.08,4,14,10,9.336666667,3.551111111,10,4,5,1,4.336666667,0.446644444,4,124,164,40,141.0133333,12.68444444,124,1.54,1.96,0.42,1.803533333,0.175288889,1.91,1,2,1,1.996666667,0.006644444,2,0,2,2,0.666666667,0.888888889,0,2,10,8,6.673333333,3.102222222,8,0,0,0,0,0,0,4,14,10,9.336666667,3.551111111,10,0,1,1,0.003333333,0.006644444,0,0,4,4,1.333333333,1.777777778,0,0,8,8,3.326666667,3.102222222,0,0,0,0,0,0,0,2,8,6,4.663333333,2.217777778,2,10.32,33.285,22.965,20.1033,8.7878,10.32,0,0,0,0,0,0,0,0.5953947,0.5953947,0.198472336,0.264614909,0,141,229,88,186.7833333,30.52222222,141
CaMn0.96Ru0.04O3,1000,2.882,Ca1 Mn0.96 Ru0.04 O3,8,44,36,13.952,7.1424,8,7,87,80,64.032,27.5616,87,15.9994,101.07,85.0706,28.97190464,15.56700557,15.9994,54.8,2607,2552.2,568.384,616.3008,54.8,2,16,14,11.408,5.5104,16,2,5,3,2.808,0.9696,2,66,176,110,102.656,43.9872,66,1,3.44,2.44,2.5792,1.03296,3.44,1,2,1,1.992,0.015872,2,0,4,4,2.4,1.92,4,0,7,7,1.016,1.6256,0,0,0,0,0,0,0,2,8,6,5.408,1.3632,6,0,1,1,0.008,0.015872,0,0,2,2,1.2,0.96,2,0,5,5,0.984,1.5744,0,0,0,0,0,0,0,0,5,5,2.192,1.1072,2,9.105,37.77,28.665,15.13869655,9.052521379,9.105,0,0,0,0,0,0,0,0.000310121,0.000310121,5.95E-05,9.62E-05,0,12,225,213,95.416,100.0992,12
ZrNiSn0.98Sb0.02,400,7.95,Zr1 Ni1 Sn0.98 Sb0.02,28,51,23,39.34,7.56,28,44,85,41,61.7,12.26666667,44,58.6934,121.76,63.0666,89.5628,20.5796,58.6934,505.08,2128,1622.92,1456.351333,628.8648889,1728,4,15,11,9.34,3.56,4,4,5,1,4.666666667,0.444444444,4,124,175,51,146,19.33333333,124,1.33,2.05,0.72,1.733933333,0.269288889,1.33,2,2,0,2,0,2,0,3,3,0.673333333,0.897777778,0,2,10,8,6.666666667,3.111111111,2,0,0,0,0,0,0,4,15,11,9.34,3.56,4,0,0,0,0,0,0,0,4,4,1.326666667,1.768888889,0,0,8,8,3.333333333,3.111111111,2,0,0,0,0,0,0,2,8,6,4.66,2.226666667,2,10.32,33.285,22.965,22.25516667,7.956777778,10.32,0,0,0,0,0,0,0,0.5953947,0.5953947,0.1984649,0.264619867,0,141,225,84,186.8333333,30.22222222,194
CeFe3CoSb12,300,1.37,Ce1 Fe3 Co1 Sb12,26,58,32,45.58823529,9.100346021,51,15,85,70,74,15.52941176,85,55.845,140.116,84.271,107.5120115,23.95057069,121.76,903.78,1811,907.22,1124.550588,317.9761938,903.78,3,15,12,12.70588235,3.238754325,15,4,6,2,4.823529412,0.387543253,5,126,204,78,140.8235294,7.432525952,139,1.12,2.05,0.93,1.946470588,0.14615917,2.05,2,2,0,2,0,2,0,3,3,2.117647059,1.24567474,3,1,10,9,8.588235294,1.993079585,10,0,1,1,0.058823529,0.110726644,0,4,15,11,12.76470588,3.155709343,15,0,0,0,0,0,0,0,3,3,2.117647059,1.24567474,3,0,9,9,1.411764706,1.993079585,0,0,13,13,0.764705882,1.439446367,0,3,22,19,4.294117647,2.083044983,3,10.245,37.24,26.995,26.96441176,7.696782007,31.56,0,0,0,0,0,0,0,2.1106628,2.1106628,0.463556447,0.708968684,0,166,229,63,180.4117647,20.34602076,166
Ca2Co2O5,700,2.6,Ca2 Co2 O5,8,27,19,14.88888889,7.654320988,8,7,87,80,62.77777778,26.91358025,87,15.9994,58.933195,42.933795,30.89104333,16.54627037,15.9994,54.8,1768,1713.2,671.1111111,684.7901235,54.8,2,16,14,11.33333333,5.185185185,16,2,4,2,2.888888889,0.987654321,2,66,176,110,103.7777778,41.97530864,66,1,3.44,2.44,2.551111111,0.987654321,3.44,2,2,0,2,0,2,0,4,4,2.222222222,1.975308642,4,0,7,7,1.555555556,2.419753086,0,0,0,0,0,0,0,2,9,7,5.777777778,1.679012346,6,0,0,0,0,0,0,0,2,2,1.111111111,0.987654321,2,0,3,3,0.666666667,1.037037037,0,0,0,0,0,0,0,0,3,3,1.777777778,0.790123457,2,9.105,37.77,28.665,15.72833333,9.796296296,9.105,0,0,0,0,0,0,0,1.5484712,1.5484712,0.344104711,0.535273995,0,12,225,213,99.77777778,97.5308642,12
Ba8Ga16Ge30,700,1.62,Ba8 Ga16 Ge30,31,56,25,35.25925926,6.145404664,32,9,79,70,67.14814815,17.22908093,79,69.723,137.327,67.604,81.35896296,16.58312209,72.64,302.91,1211.4,908.49,910.8992593,360.2899314,1211.4,2,14,12,11.92592593,2.941015089,14,4,6,2,4.296296296,0.504801097,4,120,215,95,134.6666667,23.80246914,120,0.89,2.01,1.12,1.784814815,0.265130316,2.01,2,2,0,2,0,2,0,2,2,1.407407407,0.658436214,2,0,10,10,8.518518519,2.524005487,10,0,0,0,0,0,0,2,14,12,11.92592593,2.941015089,14,0,0,0,0,0,0,0,5,5,3.703703704,1.09739369,4,0,0,0,0,0,0,0,0,0,0,0,0,0,5,5,3.703703704,1.09739369,4,18.8575,63.59,44.7325,27.7887037,10.6077915,23.005,0,0.383,0.383,0.212777778,0.189135802,0.383,0,0,0,0,0,0,64,229,165,177.8888889,67.48971193,225
Zr0.95Nb0.05NiSn,400,8.212,Zr0.95 Nb0.05 Ni1 Sn1,28,50,22,39.35,7.566666667,28,44,80,36,61.71666667,12.18888889,61,58.6934,118.71,60.0166,89.57050633,20.58473756,58.6934,505.08,2750,2244.92,1464.06,639.32,505.08,4,14,10,9.35,3.533333333,10,4,5,1,4.666666667,0.444444444,4,124,175,51,145.8166667,19.08888889,124,1.33,1.96,0.63,1.737833333,0.262888889,1.91,1,2,1,1.983333333,0.032777778,2,0,2,2,0.666666667,0.888888889,0,2,10,8,6.7,3.066666667,8,0,0,0,0,0,0,4,14,10,9.35,3.533333333,10,0,1,1,0.016666667,0.032777778,0,0,4,4,1.333333333,1.777777778,0,0,8,8,3.3,3.066666667,0,0,0,0,0,0,0,2,8,6,4.65,2.2,2,10.32,33.285,22.965,22.18308333,8.042158333,10.32,0,0,0,0,0,0,0,0.5953947,0.5953947,0.1984649,0.264619867,0,141,229,88,187.25,30.83333333,141
Mg2Si,700,3.05,Mg2 Si1,12,14,2,12.66666667,0.888888889,12,68,78,10,71.33333333,4.444444444,68,24.305,28.0855,3.7805,25.56516667,1.680222222,24.305,923,1687,764,1177.666667,339.5555556,923,2,14,12,6,5.333333333,2,3,3,0,3,0,3,111,141,30,131,13.33333333,141,1.31,1.9,0.59,1.506666667,0.262222222,1.31,2,2,0,2,0,2,0,2,2,0.666666667,0.888888889,0,0,0,0,0,0,0,0,0,0,0,0,0,2,4,2,2.666666667,0.888888889,2,0,0,0,0,0,0,0,4,4,1.333333333,1.777777778,0,0,0,0,0,0,0,0,0,0,0,0,0,0,4,4,1.333333333,1.777777778,0,20.44,22.89,2.45,22.07333333,1.088888889,22.89,0,0.773,0.773,0.257666667,0.343555556,0,0,0,0,0,0,0,194,227,33,205,14.66666667,194
CuCr0.97Mg0.03O2,1000,4.776,Cu1 Cr0.97 Mg0.03 O2,8,29,21,17.16,9.2374,8,49,87,38,71.8925,15.1075,87,15.9994,63.546,47.5466,36.67754175,20.86372988,15.9994,54.8,2180,2125.2,902.415,847.615,54.8,2,16,14,12.22,3.78,16,2,4,2,2.9925,0.9925,2,66,141,75,100.765,34.765,66,1.31,3.44,2.13,2.607375,0.832625,3.44,1,2,1,1.5075,0.4998875,2,0,4,4,2,2,4,0,10,10,3.7125,3.7681875,0,0,0,0,0,0,0,2,11,9,7.22,1.89,6,0,1,1,0.4925,0.4998875,0,0,2,2,1,1,2,0,5,5,1.2125,1.8369375,0,0,0,0,0,0,0,0,6,6,2.705,1.598075,2,9.105,22.89,13.785,10.20525,1.10025,9.105,0,0,0,0,0,0,0,0,0,0,0,0,12,229,217,119.2375,107.2375,12
CaMnO3,700,2.165,Ca1 Mn1 O3,8,25,17,13.8,6.96,8,7,87,80,64,27.6,87,15.9994,54.938045,38.938645,28.602849,15.1241388,15.9994,54.8,1519,1464.2,559.68,605.856,54.8,2,16,14,11.4,5.52,16,2,4,2,2.8,0.96,2,66,176,110,102.6,43.92,66,1,3.44,2.44,2.574,1.0392,3.44,2,2,0,2,0,2,0,4,4,2.4,1.92,4,0,5,5,1,1.6,0,0,0,0,0,0,0,2,7,5,5.4,1.36,6,0,0,0,0,0,0,0,2,2,1.2,0.96,2,0,5,5,1,1.6,0,0,0,0,0,0,0,0,5,5,2.2,1.12,2,9.105,37.77,28.665,15.11451724,9.062193103,9.105,0,0,0,0,0,0,0,0.000310121,0.000310121,6.20E-05,9.92E-05,0,12,225,213,95.6,100.32,12
Fe1.3Mo6S8,400,1.852,Fe1.3 Mo6 S8,16,42,26,27.04575163,11.72882225,16,50,88,38,70.29411765,18.5159554,88,32.065,95.96,63.895,59.14238562,28.8765603,32.065,388.36,2896,2507.64,1492.626144,1154.788124,388.36,6,16,10,11.39869281,4.811824512,16,3,5,2,3.869281046,0.909052074,3,105,154,49,126.5098039,22.4939126,105,1.83,2.58,0.75,2.351568627,0.238882481,2.58,1,2,1,1.607843137,0.476739715,2,0,4,4,2.091503268,1.995813576,4,0,6,6,2.470588235,2.583621684,0,0,0,0,0,0,0,6,8,2,6.169934641,0.310991499,6,0,1,1,0.392156863,0.476739715,0,0,2,2,1.045751634,0.997906788,2,0,5,5,2.300653595,2.405912256,0,0,0,0,0,0,0,2,6,4,3.738562092,1.818104148,2,10.73,25.786875,15.056875,20.54797386,5.478589431,25.786875,0,2.202,2.202,1.151372549,1.098695374,2.202,0,2.1106628,2.1106628,0.179337362,0.328199094,0,70,229,159,145.8627451,79.33358965,70
Mg2Si0.6Ge0.4Bi0.02,700,1.94,Mg2 Si0.6 Ge0.4 Bi0.02,12,83,71,15.51655629,5.260295601,12,68,86,18,71.56291391,4.719091268,68,24.305,208.9804,184.6754,32.68109536,12.92023043,24.305,544.4,1687,1142.6,1110.47947,255.8149204,923,2,15,13,6.059602649,5.376957151,2,3,6,3,3.152317881,0.262269199,3,111,148,37,132.3046358,11.72492435,141,1.31,2.02,0.71,1.524635762,0.284285777,1.31,2,2,0,2,0,2,0,3,3,0.682119205,0.903469146,0,0,10,10,1.390728477,2.394631814,0,0,14,14,0.092715232,0.184202447,0,2,29,27,4.165562914,2.934081839,2,0,0,0,0,0,0,0,4,4,1.344370861,1.780623657,0,0,0,0,0,0,0,0,0,0,0,0,0,0,4,4,1.344370861,1.780623657,0,20.44,32.95,12.51,22.48509934,0.812622253,22.89,0,0.773,0.773,0.204304636,0.273308188,0,0,0,0,0,0,0,12,227,215,203.4569536,15.0616201,194
Sr1.6La0.4Nb2O7,300,1.8,Sr1.6 La0.4 Nb2 O7,8,57,49,20.14545455,15.45785124,8,8,87,79,65.54545455,27.30578512,87,15.9994,138.90547,122.90607,44.86934073,36.74356093,15.9994,54.8,2750,2695.2,730.9818182,860.5950413,54.8,2,16,14,11.49090909,5.738842975,16,2,6,4,3.127272727,1.434710744,2,66,207,141,107.7090909,53.08429752,66,0.95,3.44,2.49,2.658181818,0.995041322,3.44,1,2,1,1.818181818,0.297520661,2,0,4,4,2.545454545,1.851239669,4,0,4,4,0.763636364,1.194049587,0,0,0,0,0,0,0,2,6,4,5.127272727,1.110743802,6,0,1,1,0.181818182,0.297520661,0,0,2,2,1.272727273,0.925619835,2,0,9,9,1.418181818,2.217520661,0,0,0,0,0,0,0,0,9,9,2.872727273,1.946446281,2,9.105,54.23,45.125,18.32927273,11.79426446,9.105,0,0,0,0,0,0,0,0,0,0,0,0,12,229,217,89.05454545,98.06942149,12
Ba0.3Sr0.6La0.1TiO3,300,4.07,Ba0.3 Sr0.6 La0.1 Ti1 O3,8,57,49,18.26,12.312,8,8,87,79,62.56,29.328,87,15.9994,138.90547,122.90607,40.7051694,29.64692328,15.9994,54.8,1941,1886.2,630.94,691.368,54.8,2,16,14,10.82,6.216,16,2,6,4,3.08,1.296,2,66,215,149,112.04,55.248,66,0.89,3.44,2.55,2.5614,1.05432,3.44,2,2,0,2,0,2,0,4,4,2.4,1.92,4,0,2,2,0.42,0.6552,0,0,0,0,0,0,0,2,6,4,4.82,1.416,6,0,0,0,0,0,0,0,2,2,1.2,0.96,2,0,9,9,1.78,2.7768,0,0,0,0,0,0,0,0,9,9,2.98,2.2488,2,9.105,63.59,54.485,19.86195,14.17712,9.105,0,0,0,0,0,0,0,2.25E-05,2.25E-05,4.51E-06,7.21E-06,0,12,229,217,90.62,94.344,12
NbCo1.10Sn,400,5.83,Nb1 Co1.1 Sn1,27,50,23,38.93548387,8.470343392,27,47,80,33,61.5483871,11.90426639,58,58.933195,118.71,59.776805,89.17512726,21.46201644,58.933195,505.08,2750,2244.92,1677.380645,756.3229969,1768,5,14,9,9.322580645,3.017689906,9,4,5,1,4.64516129,0.4578564,4,126,164,38,142.4516129,13.90218522,126,1.6,1.96,0.36,1.815483871,0.139021852,1.88,1,2,1,1.677419355,0.437044745,2,0,2,2,0.64516129,0.87408949,0,4,10,6,7,1.935483871,7,0,0,0,0,0,0,5,14,9,9.322580645,3.017689906,9,0,1,1,0.322580645,0.437044745,0,0,4,4,1.290322581,1.74817898,0,0,6,6,3,1.935483871,3,0,0,0,0,0,0,3,7,4,4.612903226,1.540062435,3,10.245,33.285,23.04,20.23693548,8.418106139,10.245,0,0,0,0,0,0,0,1.5484712,1.5484712,0.549457523,0.708977448,1.5484712,141,229,88,188.1935484,30.44745057,194
Ca2.94Na0.06AlSb3,700,0.86,Ca2.94 Na0.06 Al1 Sb3,11,51,40,32.20857143,16.10693878,51,2,85,83,49.81428571,36.78367347,85,22.98976928,121.76,98.77023072,73.06717782,41.73670472,121.76,370.87,1115,744.13,992.1660286,103.180536,903.78,1,15,14,9.134285714,6.132244898,15,3,5,2,4.277142857,0.619591837,5,121,176,55,152.2,20.22857143,139,0.93,2.05,1.12,1.536542857,0.461093878,2.05,1,2,1,1.991428571,0.016995918,2,0,3,3,1.428571429,1.346938776,3,0,10,10,4.285714286,4.897959184,10,0,0,0,0,0,0,1,15,14,7.705714286,6.252244898,15,0,1,1,0.008571429,0.016995918,0,0,5,5,2,1.714285714,3,0,0,0,0,0,0,0,0,0,0,0,0,0,5,5,2.008571429,1.704489796,3,16.48,37.77,21.29,31.99405714,4.851792,31.56,0,0,0,0,0,0,0,0,0,0,0,0,166,229,63,199.7485714,28.92734694,166
Si0.7956Ge0.1989P0.0055,1000,3.666,Si0.7956 Ge0.1989 P0.0055,14,32,18,17.5857,5.73400854,14,78,83,5,78.2264,0.36024768,78,28.0855,72.64,44.5545,36.96327549,14.19220101,28.0855,317.3,1687,1369.7,1584.86981,162.5095583,1687,14,15,1,14.0055,0.0109395,14,3,4,1,3.1989,0.31867758,3,107,120,13,112.7681,2.87684982,111,1.9,2.19,0.29,1.923474,0.037351829,1.9,2,2,0,2,0,2,2,3,1,2.0055,0.0109395,2,0,10,10,1.989,3.1867758,0,0,0,0,0,0,0,4,14,10,5.9945,3.1845879,4,0,0,0,0,0,0,3,4,1,3.9945,0.0109395,4,0,0,0,0,0,0,0,0,0,0,0,0,3,4,1,3.9945,0.0109395,4,20.44,23.005,2.565,20.96189481,0.830439021,20.44,0.383,1.625,1.242,0.700115,0.126148347,0.773,0,0,0,0,0,0,2,227,225,225.3647,2.60208936,227
Zr0.5Hf0.5NiSn1.998Sb0.002,300,2.887,Zr0.5 Hf0.5 Ni1 Sn1.998 Sb0.002,28,72,44,46.0005,10.500375,50,44,85,41,66.3775,13.6275,80,58.6934,178.49,119.7966,107.744125,28.65539375,118.71,505.08,2506,2000.92,1263.98935,758.51065,505.08,4,15,11,10.5005,3.5005,14,4,6,2,4.875,0.4375,5,124,175,51,144.25,15.375,139,1.3,2.05,0.75,1.786295,0.2356475,1.96,2,2,0,2,0,2,0,3,3,1.0005,1.0005,2,2,10,8,7.5,2.75,10,0,14,14,1.75,3.0625,0,4,18,14,12.2505,3.187875,14,0,0,0,0,0,0,0,4,4,1.9995,1.9995,4,0,8,8,2.5,2.75,0,0,0,0,0,0,0,2,8,6,4.4995,1.75025,4,10.32,33.285,22.965,24.8960125,8.3872625,33.285,0,0,0,0,0,0,0,0.5953947,0.5953947,0.148848675,0.223273013,0,141,225,84,175.2625,34.2375,141
Ca0.9Y0.1MnO3,400,1.482,Ca0.9 Y0.1 Mn1 O3,8,39,31,14.18,7.416,8,7,87,80,64.1,27.48,87,15.9994,88.90585,72.90645,29.579406,16.2960072,15.9994,54.8,1799,1744.2,573.36,622.272,54.8,2,16,14,11.42,5.496,16,2,5,3,2.82,0.984,2,66,190,124,102.88,44.256,66,1,3.44,2.44,2.5784,1.03392,3.44,2,2,0,2,0,2,0,4,4,2.4,1.92,4,0,5,5,1.02,1.592,0,0,0,0,0,0,0,2,7,5,5.42,1.328,6,0,0,0,0,0,0,0,2,2,1.2,0.96,2,0,9,9,1.18,1.8408,0,0,0,0,0,0,0,0,9,9,2.38,1.3128,2,9.105,37.77,28.665,15.00641724,8.889233103,9.105,0,0,0,0,0,0,0,0.000310121,0.000310121,6.20E-05,9.92E-05,0,12,225,213,94.98,99.576,12
Pb0.98TeNa0.02,700,1.44,Pb0.98 Te1 Na0.02,11,82,71,66.29,15.3958,52,2,90,88,84.71,5.29,90,22.98976928,207.2,184.2102307,165.5578977,40.80926026,127.6,370.87,722.66,351.79,659.3376,63.3224,722.66,1,16,15,14.87,1.13,16,3,6,3,5.47,0.5194,5,138,166,28,142.2,4.2,138,0.93,2.33,1.4,2.201,0.12642,2.1,1,2,1,1.99,0.0198,2,0,4,4,2.98,1.02,4,0,10,10,9.9,0.198,10,0,14,14,6.86,6.9972,0,1,28,27,21.73,6.1446,16,0,1,1,0.01,0.0198,0,0,4,4,2.96,1.0192,2,0,0,0,0,0,0,0,0,0,0,0,0,1,4,3,2.97,1.0094,2,28.11,34.76333333,6.653333333,31.448,3.315333333,34.76333333,0,0.464,0.464,0.232,0.232,0.464,0,0,0,0,0,0,152,229,77,188.54,36.54,152
WO2.722,400,7.817,W1 O2.722,8,74,66,25.73240193,25.93637725,8,51,87,36,77.32778076,14.14711486,87,15.9994,183.84,167.8406,61.09359667,65.95722909,15.9994,54.8,3695,3640.2,1032.822569,1430.509098,54.8,6,16,10,13.31327243,3.929754129,16,2,6,4,3.074691026,1.571901652,2,66,162,96,91.79258463,37.72563964,66,2.36,3.44,1.08,3.149833423,0.424413446,3.44,2,2,0,2,0,2,0,4,4,2.925308974,1.571901652,4,0,4,4,1.074691026,1.571901652,0,0,14,14,3.761418592,5.501655781,0,6,20,14,9.761418592,5.501655781,6,0,0,0,0,0,0,0,2,2,1.462654487,0.785950826,2,0,6,6,1.612036539,2.357852477,0,0,0,0,0,0,0,2,6,4,3.074691026,1.571901652,2,9.105,16.05,6.945,10.97093229,2.729214243,9.105,0,0,0,0,0,0,0,0,0,0,0,0,12,229,217,70.30198818,85.2756646,12
TiNiSn,700,4.552,Ti1 Ni1 Sn1,22,50,28,33.33333333,11.11111111,22,43,80,37,61.33333333,12.44444444,43,47.867,118.71,70.843,75.09013333,29.07991111,47.867,505.08,1941,1435.92,1391.36,590.8533333,505.08,4,14,10,9.333333333,3.555555556,4,4,5,1,4.333333333,0.444444444,4,124,160,36,141,12.66666667,124,1.54,1.96,0.42,1.803333333,0.175555556,1.54,2,2,0,2,0,2,0,2,2,0.666666667,0.888888889,0,2,10,8,6.666666667,3.111111111,2,0,0,0,0,0,0,4,14,10,9.333333333,3.555555556,4,0,0,0,0,0,0,0,4,4,1.333333333,1.777777778,0,0,8,8,3.333333333,3.111111111,0,0,0,0,0,0,0,2,8,6,4.666666667,2.222222222,2,10.32,33.285,22.965,20.09833333,8.791111111,10.32,0,0,0,0,0,0,0,0.5953947,0.5953947,0.198472411,0.264614859,0,141,225,84,186.6666667,30.44444444,141
Ca2.85Na0.15AlSb3,400,1.24,Ca2.85 Na0.15 Al1 Sb3,11,51,40,32.09285714,16.20612245,51,2,85,83,49.75,36.85714286,85,22.98976928,121.76,98.77023072,72.847472,41.925024,121.76,370.87,1115,744.13,982.5986429,107.8125337,903.78,1,15,14,9.121428571,6.146938776,15,3,5,2,4.264285714,0.630612245,5,121,176,55,152.0714286,20.08163265,139,0.93,2.05,1.12,1.535642857,0.462122449,2.05,1,2,1,1.978571429,0.041938776,2,0,3,3,1.428571429,1.346938776,3,0,10,10,4.285714286,4.897959184,10,0,0,0,0,0,0,1,15,14,7.692857143,6.263265306,15,0,1,1,0.021428571,0.041938776,0,0,5,5,2,1.714285714,3,0,0,0,0,0,0,0,0,0,0,0,0,0,5,5,2.021428571,1.689795918,3,16.48,37.77,21.29,31.88442857,4.792536735,31.56,0,0,0,0,0,0,0,0,0,0,0,0,166,229,63,199.8,28.97142857,166
Zn0.99Al0.01O,1000,8.25,Zn0.99 Al0.01 O1,8,30,22,18.915,10.97415,8,69,87,18,78.02,8.98,87,15.9994,65.38,49.3806,40.49770769,24.63346938,15.9994,54.8,933.47,878.67,374.94395,320.14395,54.8,12,16,4,14.005,1.995,16,2,4,2,2.995,0.995,2,66,122,56,93.995,27.995,66,1.61,3.44,1.83,2.5448,0.8952,3.44,2,2,0,2,0,2,0,4,4,2.005,1.995,4,0,10,10,4.95,4.9995,0,0,0,0,0,0,0,3,12,9,8.955,3.01455,6,0,0,0,0,0,0,0,5,5,1.025,1.01475,2,0,0,0,0,0,0,0,0,0,0,0,0,0,5,5,1.025,1.01475,2,9.105,16.48,7.375,11.5451,2.4401,9.105,0,0,0,0,0,0,0,0,0,0,0,0,12,225,213,103.155,91.155,12
Ag0.15Sb0.15Te1.15Ge0.85,300,1.499,Ag0.15 Sb0.15 Te1.15 Ge0.85,32,52,20,44.2173913,9.030245747,52,65,90,25,83.97826087,6.155009452,90,72.64,127.6,54.96,105.6209696,24.37723837,127.6,722.66,1234.93,512.27,948.5023913,231.6757467,722.66,11,16,5,14.86956522,1.147448015,16,4,5,1,4.630434783,0.465973535,5,120,145,25,131.8695652,8.7731569,138,1.93,2.1,0.17,2.052391304,0.047608696,2.1,1,2,1,1.934782609,0.121928166,2,0,4,4,2.934782609,1.073724008,4,10,10,0,10,0,10,0,0,0,0,0,0,11,16,5,14.86956522,1.147448015,16,0,1,1,0.065217391,0.121928166,0,0,4,4,2.673913043,1.02268431,2,0,0,0,0,0,0,0,0,0,0,0,0,1,4,3,2.739130435,0.965973535,2,16.33,34.76333333,18.43333333,29.00677536,6.089587272,34.76333333,0,0.464,0.464,0.373543478,0.097446125,0.464,0,0,0,0,0,0,152,225,73,184.6521739,35.08506616,152
Ba8Ga16Ge30,400,2,Ba8 Ga16 Ge30,31,56,25,35.25925926,6.145404664,32,9,79,70,67.14814815,17.22908093,79,69.723,137.327,67.604,81.35896296,16.58312209,72.64,302.91,1211.4,908.49,910.8992593,360.2899314,1211.4,2,14,12,11.92592593,2.941015089,14,4,6,2,4.296296296,0.504801097,4,120,215,95,134.6666667,23.80246914,120,0.89,2.01,1.12,1.784814815,0.265130316,2.01,2,2,0,2,0,2,0,2,2,1.407407407,0.658436214,2,0,10,10,8.518518519,2.524005487,10,0,0,0,0,0,0,2,14,12,11.92592593,2.941015089,14,0,0,0,0,0,0,0,5,5,3.703703704,1.09739369,4,0,0,0,0,0,0,0,0,0,0,0,0,0,5,5,3.703703704,1.09739369,4,18.8575,63.59,44.7325,27.7887037,10.6077915,23.005,0,0.383,0.383,0.212777778,0.189135802,0.383,0,0,0,0,0,0,64,229,165,177.8888889,67.48971193,225
In0.15Co4Sb12,700,1.862,In0.15 Co4 Sb12,27,51,24,45.0371517,8.934811989,51,58,85,27,78.21981424,10.07581785,85,58.933195,121.76,62.826805,106.1347046,23.38155276,121.76,429.75,1768,1338.25,1113.425542,324.2474096,903.78,9,15,6,13.49535604,2.236003412,15,4,5,1,4.752321981,0.372667235,5,126,142,16,135.8080495,4.85847655,139,1.78,2.05,0.27,2.005386997,0.066297961,2.05,2,2,0,2,0,2,0,3,3,2.238390093,1.131804196,3,7,10,3,9.256965944,1.118001706,10,0,0,0,0,0,0,9,15,6,13.49535604,2.236003412,15,0,0,0,0,0,0,0,5,5,2.275541796,1.127203366,3,0,3,3,0.743034056,1.118001706,0,0,0,0,0,0,0,3,5,2,3.018575851,0.036806641,3,10.245,31.56,21.315,26.21294118,7.946093608,31.56,0,0,0,0,0,0,0,1.5484712,1.5484712,0.383522279,0.577064481,0,139,194,55,172.6842105,10.558905,166
Ca0.7Tb0.3MnO3,1000,1.681,Ca0.7 Tb0.3 Mn1 O3,8,65,57,16.5,10.2,8,7,87,80,65.32,26.016,87,15.9994,158.92535,142.92595,35.73369,23.681148,15.9994,54.8,1629,1574.2,590.52,642.864,54.8,2,16,14,11.46,5.448,16,2,6,4,2.92,1.104,2,66,194,128,103.68,45.216,66,1,3.44,2.44,2.5866,1.02408,3.44,2,2,0,2,0,2,0,4,4,2.4,1.92,4,0,5,5,1,1.6,0,0,9,9,0.54,1.0152,0,2,11,9,5.94,1.1032,6,0,0,0,0,0,0,0,2,2,1.2,0.96,2,0,5,5,1,1.6,0,0,5,5,0.3,0.564,0,0,5,5,2.5,1.3,2,9.105,37.77,28.665,14.75251724,8.482993103,9.105,0,0,0,0,0,0,0,0.000310121,0.000310121,6.20E-05,9.92E-05,0,12,225,213,93.74,98.088,12
NaCo2O4,300,19.08,Na1 Co2 O4,8,27,19,13.85714286,7.510204082,8,2,87,85,66.57142857,23.34693878,87,15.9994,58.933195,42.933795,29.26482275,16.95335557,15.9994,54.8,1768,1713.2,589.4385714,673.4636735,54.8,1,16,15,11.85714286,4.734693878,16,2,4,2,2.714285714,0.816326531,2,66,166,100,97.42857143,35.91836735,66,0.93,3.44,2.51,2.635714286,0.919183673,3.44,1,2,1,1.857142857,0.244897959,2,0,4,4,2.285714286,1.959183673,4,0,7,7,2,2.857142857,0,0,0,0,0,0,0,1,9,8,6.142857143,1.632653061,6,0,1,1,0.142857143,0.244897959,0,0,2,2,1.142857143,0.979591837,2,0,3,3,0.857142857,1.224489796,0,0,0,0,0,0,0,1,3,2,2.142857143,0.489795918,2,9.105,29.24333333,20.13833333,12.30761905,4.83877551,9.105,0,0,0,0,0,0,0,1.5484712,1.5484712,0.442420343,0.632029061,0,12,229,217,95,94.85714286,12
NbCoSn,400,7.958,Nb1 Co1 Sn1,27,50,23,39.33333333,8.222222222,27,47,80,33,61.66666667,12.22222222,47,58.933195,118.71,59.776805,90.18319167,20.83333111,58.933195,505.08,2750,2244.92,1674.36,779.52,505.08,5,14,9,9.333333333,3.111111111,5,4,5,1,4.666666667,0.444444444,4,126,164,38,143,14,126,1.6,1.96,0.36,1.813333333,0.142222222,1.6,1,2,1,1.666666667,0.444444444,1,0,2,2,0.666666667,0.888888889,0,4,10,6,7,2,4,0,0,0,0,0,0,5,14,9,9.333333333,3.111111111,5,0,1,1,0.333333333,0.444444444,0,0,4,4,1.333333333,1.777777778,0,0,6,6,3,2,0,0,0,0,0,0,0,3,7,4,4.666666667,1.555555556,3,10.245,33.285,23.04,20.57,8.476666667,10.245,0,0,0,0,0,0,0,1.5484712,1.5484712,0.516157067,0.688209422,0,141,229,88,188,31.33333333,141
Ba0.8Sr0.2PbO3,300,2.746,Ba0.8 Sr0.2 Pb1 O3,8,82,74,31.68,28.416,8,8,87,79,70.16,24.544,87,15.9994,207.2,191.2006,76.51676,72.620832,15.9994,54.8,1050,995.2,355.002,360.2424,54.8,2,16,14,12.8,4.32,16,2,6,4,3.56,1.872,2,66,215,149,111,54,66,0.89,3.44,2.55,2.7104,0.87552,3.44,2,2,0,2,0,2,0,4,4,2.8,1.44,4,0,10,10,2,3.2,0,0,14,14,2.8,4.48,0,2,28,26,9.6,7.36,6,0,0,0,0,0,0,0,4,4,2,0.8,2,0,0,0,0,0,0,0,0,0,0,0,0,0,4,4,2,0.8,2,9.105,63.59,54.485,23.4286,17.18832,9.105,0,0,0,0,0,0,0,0,0,0,0,0,12,229,217,97.84,103.008,12
Ba7SrAl16Si30,300,2.31,Ba7 Sr1 Al16 Si30,13,56,43,19.59259259,10.12071331,14,8,78,70,66.27777778,17.00823045,78,26.9815386,137.327,110.3454614,43.02182625,26.1012737,28.0855,933.47,1687,753.53,1362.88,360.1333333,1687,2,14,12,11.92592593,2.941015089,14,3,6,3,3.425925926,0.725651578,3,111,215,104,129,24.74074074,111,0.89,1.9,1.01,1.665555556,0.260493827,1.9,2,2,0,2,0,2,0,2,2,1.407407407,0.658436214,2,0,0,0,0,0,0,0,0,0,0,0,0,2,4,2,3.407407407,0.658436214,4,0,0,0,0,0,0,0,5,5,3.703703704,1.09739369,4,0,0,0,0,0,0,0,0,0,0,0,0,0,5,5,3.703703704,1.09739369,4,16.48,63.59,47.11,25.48592593,10.94342936,20.44,0,0.773,0.773,0.429444444,0.381728395,0.773,0,0,0,0,0,0,225,229,4,226.6296296,1.0260631,227
Sr0.147Ga0.298Ge0.555,300,1.216,Sr0.147 Ga0.298 Ge0.555,31,38,7,32.584,1.592304,32,8,79,71,67.073,17.367462,79,69.723,87.62,17.897,73.972794,4.012278564,72.64,302.91,1211.4,908.49,916.94418,365.9643713,1211.4,2,14,12,11.938,2.921772,14,4,5,1,4.147,0.250782,4,120,195,75,131.621,18.633426,120,0.95,2.01,1.06,1.79458,0.24830652,2.01,2,2,0,2,0,2,0,2,2,1.408,0.65712,2,0,10,10,8.53,2.50782,10,0,0,0,0,0,0,2,14,12,11.938,2.921772,14,0,0,0,0,0,0,0,5,5,3.71,1.09074,4,0,0,0,0,0,0,0,0,0,0,0,0,0,5,5,3.71,1.09074,4,18.8575,54.23,35.3725,26.35912,8.19403872,23.005,0,0.383,0.383,0.212565,0.18918285,0.383,0,0,0,0,0,0,64,225,161,177.022,67.361112,225
Ca4.75Na0.25Al2Sb6,300,1.45,Ca4.75 Na0.25 Al2 Sb6,11,51,40,33.05769231,16.56213018,51,2,85,83,53.05769231,35.62130178,85,22.98976928,121.76,98.77023072,75.43392458,42.76253116,121.76,370.87,1115,744.13,975.2759615,102.1060281,903.78,1,15,14,9.673076923,5.940828402,15,3,5,2,4.288461538,0.656804734,5,121,176,55,150.2692308,19.40828402,139,0.93,2.05,1.12,1.577115385,0.446627219,2.05,1,2,1,1.980769231,0.037721893,2,0,3,3,1.538461538,1.349112426,3,0,10,10,4.615384615,4.970414201,10,0,0,0,0,0,0,1,15,14,8.134615385,6.337278107,15,0,1,1,0.019230769,0.037721893,0,0,5,5,2.153846154,1.656804734,3,0,0,0,0,0,0,0,0,0,0,0,0,0,5,5,2.173076923,1.633136095,3,16.48,37.77,21.29,31.46448718,4.696040434,31.56,0,0,0,0,0,0,0,0,0,0,0,0,166,229,63,197.8461538,29.3964497,166
Sr0.61Ba0.39Nb2O6,300,1.667,Sr0.61 Ba0.39 Nb2 O6,8,56,48,19.44666667,15.26222222,8,8,87,79,69.37666667,23.49777778,87,15.9994,137.327,121.3276,43.20165444,36.26967259,15.9994,54.8,2750,2695.2,762.1444444,943.1259259,54.8,2,16,14,12,5.333333333,16,2,6,4,3.043333333,1.391111111,2,66,215,149,102.9777778,49.3037037,66,0.89,3.44,2.55,2.751844444,0.917540741,3.44,1,2,1,1.777777778,0.345679012,2,0,4,4,2.666666667,1.777777778,4,0,4,4,0.888888889,1.382716049,0,0,0,0,0,0,0,2,6,4,5.333333333,0.888888889,6,0,1,1,0.222222222,0.345679012,0,0,2,2,1.333333333,0.888888889,2,0,6,6,1.333333333,2.074074074,0,0,0,0,0,0,0,0,7,7,2.888888889,1.827160494,2,9.105,63.59,54.485,16.54115556,9.914874074,9.105,0,0,0,0,0,0,0,0,0,0,0,0,12,229,217,84.06222222,96.08296296,12
Li0.0024Ni0.9976O,400,16.172,Li0.0024 Ni0.9976 O1,3,28,25,17.97,10.005928,8,1,87,86,73.928,13.072,87,6.941,58.6934,51.7524,37.28429712,21.35772103,15.9994,54.8,1728,1673.2,889.870828,836.117662,54.8,1,16,15,12.9892,3.0108,16,2,4,2,2.9976,0.99999424,2,66,128,62,95.0048,29.0048,66,0.98,3.44,2.46,2.673884,0.766116,3.44,1,2,1,1.9988,0.00239712,2,0,4,4,2,2,4,0,8,8,3.9904,3.99997696,0,0,0,0,0,0,0,1,10,9,7.9892,2.00597408,6,0,1,1,0.0012,0.00239712,0,0,2,2,1,1,2,0,2,2,0.9976,0.99999424,0,0,0,0,0,0,0,1,2,1,1.9988,0.00239712,2,9.105,16.59333333,7.488333333,9.720028,0.615028,9.105,0,0,0,0,0,0,0,0.5953947,0.5953947,0.296982876,0.297695635,0,12,229,217,118.5048,106.5048,12
BaPbO3,300,3.78,Ba1 Pb1 O3,8,82,74,32.4,29.28,8,9,87,78,70.2,24.48,87,15.9994,207.2,191.2006,78.50504,75.006768,15.9994,54.8,1000,945.2,353.002,357.8424,54.8,2,16,14,12.8,4.32,16,2,6,4,3.6,1.92,2,66,215,149,111.8,54.96,66,0.89,3.44,2.55,2.708,0.8784,3.44,2,2,0,2,0,2,0,4,4,2.8,1.44,4,0,10,10,2,3.2,0,0,14,14,2.8,4.48,0,2,28,26,9.6,7.36,6,0,0,0,0,0,0,0,4,4,2,0.8,2,0,0,0,0,0,0,0,0,0,0,0,0,0,4,4,2,0.8,2,9.105,63.59,54.485,23.803,17.6376,9.105,0,0,0,0,0,0,0,0,0,0,0,0,12,229,217,98,103.2,12
Ca4.75Na0.25Al2Sb6,1000,0.703,Ca4.75 Na0.25 Al2 Sb6,11,51,40,33.05769231,16.56213018,51,2,85,83,53.05769231,35.62130178,85,22.98976928,121.76,98.77023072,75.43392458,42.76253116,121.76,370.87,1115,744.13,975.2759615,102.1060281,903.78,1,15,14,9.673076923,5.940828402,15,3,5,2,4.288461538,0.656804734,5,121,176,55,150.2692308,19.40828402,139,0.93,2.05,1.12,1.577115385,0.446627219,2.05,1,2,1,1.980769231,0.037721893,2,0,3,3,1.538461538,1.349112426,3,0,10,10,4.615384615,4.970414201,10,0,0,0,0,0,0,1,15,14,8.134615385,6.337278107,15,0,1,1,0.019230769,0.037721893,0,0,5,5,2.153846154,1.656804734,3,0,0,0,0,0,0,0,0,0,0,0,0,0,5,5,2.173076923,1.633136095,3,16.48,37.77,21.29,31.46448718,4.696040434,31.56,0,0,0,0,0,0,0,0,0,0,0,0,166,229,63,197.8461538,29.3964497,166
Nd2Cu0.98Ni0.02O4,700,5.25,Nd2 Cu0.98 Ni0.02 O4,8,60,52,25.85428571,20.40489796,8,19,87,68,64.27714286,25.96897959,87,15.9994,144.242,128.2426,59.41864971,49.62614396,15.9994,54.8,1728,1673.2,596.0535143,618.5754449,54.8,3,16,13,11.56857143,5.064489796,16,2,6,4,3.428571429,1.632653061,2,66,201,135,113.9771429,54.83102041,66,1.14,3.44,2.3,2.562885714,1.002416327,3.44,1,2,1,1.86,0.2408,2,0,4,4,2.285714286,1.959183673,4,0,10,10,1.422857143,2.439183673,0,0,4,4,1.142857143,1.632653061,0,6,11,5,6.711428571,1.219591837,6,0,1,1,0.14,0.2408,0,0,2,2,1.142857143,0.979591837,2,0,2,2,0.005714286,0.011395918,0,0,10,10,2.857142857,4.081632653,0,1,10,9,4.145714286,3.345306122,2,9.105,34.81,25.705,16.72785714,10.33265306,9.105,0,0,0,0,0,0,0,0.5953947,0.5953947,0.001701128,0.003392535,0,12,225,213,94.42857143,94.20408163,12
In0.1Co4Sb12,700,1.742,In0.1 Co4 Sb12,27,51,24,45.02484472,8.956444582,51,58,85,27,78.22981366,10.09220323,85,58.933195,121.76,62.826805,106.1077379,23.44076665,121.76,429.75,1768,1338.25,1115.548758,324.199375,903.78,9,15,6,13.49689441,2.240654296,15,4,5,1,4.751552795,0.373442383,5,126,142,16,135.7888199,4.864009876,139,1.78,2.05,0.27,2.006086957,0.065460437,2.05,2,2,0,2,0,2,0,3,3,2.242236025,1.12958605,3,7,10,3,9.254658385,1.120327148,10,0,0,0,0,0,0,9,15,6,13.49689441,2.240654296,15,0,0,0,0,0,0,0,5,5,2.267080745,1.126499749,3,0,3,3,0.745341615,1.120327148,0,0,0,0,0,0,0,3,5,2,3.01242236,0.024690405,3,10.245,31.56,21.315,26.21900621,7.961729872,31.56,0,0,0,0,0,0,0,1.5484712,1.5484712,0.384713342,0.578264774,0,139,194,55,172.7888199,10.53971683,166
Mg2Si0.98Bi0.02,700,3.6,Mg2 Si0.98 Bi0.02,12,83,71,13.12666667,1.502222222,12,68,86,18,71.38666667,4.515555556,68,24.305,208.9804,184.6754,26.77113267,3.288176889,24.305,544.4,1687,1142.6,1170.049333,337.7411022,923,2,15,13,6.006666667,5.342222222,2,3,6,3,3.02,0.039733333,3,111,148,37,131.2466667,13.22782222,141,1.31,2.02,0.71,1.507466667,0.263288889,1.31,2,2,0,2,0,2,0,3,3,0.673333333,0.897777778,0,0,10,10,0.066666667,0.132444444,0,0,14,14,0.093333333,0.185422222,0,2,29,27,2.833333333,1.111111111,2,0,0,0,0,0,0,0,4,4,1.326666667,1.768888889,0,0,0,0,0,0,0,0,0,0,0,0,0,0,4,4,1.326666667,1.768888889,0,20.44,32.95,12.51,22.15673333,1.121599111,22.89,0,0.773,0.773,0.252513333,0.340051289,0,0,0,0,0,0,0,12,227,215,203.5666667,15.30977778,194
Zr0.25Hf0.25Ti0.5NiSn,300,3.063,Zr0.25 Hf0.25 Ti0.5 Ni1 Sn1,22,72,50,39,13,28,43,80,37,61.58333333,12.27777778,61,47.867,178.49,130.623,89.58846667,34.50386667,58.6934,505.08,2506,2000.92,1454.026667,632.6311111,505.08,4,14,10,9.333333333,3.555555556,10,4,6,2,4.583333333,0.583333333,4,124,175,51,143.5,16,124,1.3,1.96,0.66,1.765833333,0.225555556,1.91,2,2,0,2,0,2,0,2,2,0.666666667,0.888888889,0,2,10,8,6.666666667,3.111111111,8,0,14,14,1.166666667,2.138888889,0,4,18,14,10.5,3.583333333,10,0,0,0,0,0,0,0,4,4,1.333333333,1.777777778,0,0,8,8,3.333333333,3.111111111,0,0,0,0,0,0,0,2,8,6,4.666666667,2.222222222,2,10.32,33.285,22.965,21.09958333,8.65625,10.32,0,0,0,0,0,0,0,0.5953947,0.5953947,0.198468656,0.264617363,0,141,225,84,186.6666667,30.44444444,141
In0.15Co4Sb12,400,1.995,In0.15 Co4 Sb12,27,51,24,45.0371517,8.934811989,51,58,85,27,78.21981424,10.07581785,85,58.933195,121.76,62.826805,106.1347046,23.38155276,121.76,429.75,1768,1338.25,1113.425542,324.2474096,903.78,9,15,6,13.49535604,2.236003412,15,4,5,1,4.752321981,0.372667235,5,126,142,16,135.8080495,4.85847655,139,1.78,2.05,0.27,2.005386997,0.066297961,2.05,2,2,0,2,0,2,0,3,3,2.238390093,1.131804196,3,7,10,3,9.256965944,1.118001706,10,0,0,0,0,0,0,9,15,6,13.49535604,2.236003412,15,0,0,0,0,0,0,0,5,5,2.275541796,1.127203366,3,0,3,3,0.743034056,1.118001706,0,0,0,0,0,0,0,3,5,2,3.018575851,0.036806641,3,10.245,31.56,21.315,26.21294118,7.946093608,31.56,0,0,0,0,0,0,0,1.5484712,1.5484712,0.383522279,0.577064481,0,139,194,55,172.6842105,10.558905,166
Fe0.978Co0.00196Si1.96Y0.12O0.18,400,2.64,Fe0.978 Co0.00196 Si1.96 Y0.12 O0.18,8,39,31,18.22273114,6.244919474,14,12,87,75,69.10075433,12.75595114,78,15.9994,88.90585,72.90645,38.06469619,14.52547429,28.0855,54.8,1811,1756.2,1637.948394,175.9075489,1687,3,16,13,11.88954185,3.010148551,14,2,5,3,3.320979271,0.535127372,3,66,190,124,117.7739725,13.94850627,111,1.22,3.44,2.22,1.939229126,0.166754378,1.9,2,2,0,2,0,2,0,4,4,1.432116446,0.972401391,2,0,7,7,1.852405585,2.510177053,0,0,0,0,0,0,0,3,9,6,5.284522031,1.723358205,4,0,0,0,0,0,0,0,4,4,2.530895443,1.777457087,4,0,9,9,1.5425746,2.037747159,0,0,0,0,0,0,0,2,9,7,4.073470043,0.36493265,4,9.105,32.365,23.26,17.31475703,4.896051414,20.44,0,0.773,0.773,0.467623057,0.369472961,0.773,0,2.1106628,2.1106628,0.638052081,0.890133029,0,12,229,217,214.4169187,24.02813169,227
CuCr0.97Mg0.03O2,300,7.14,Cu1 Cr0.97 Mg0.03 O2,8,29,21,17.16,9.2374,8,49,87,38,71.8925,15.1075,87,15.9994,63.546,47.5466,36.67754175,20.86372988,15.9994,54.8,2180,2125.2,902.415,847.615,54.8,2,16,14,12.22,3.78,16,2,4,2,2.9925,0.9925,2,66,141,75,100.765,34.765,66,1.31,3.44,2.13,2.607375,0.832625,3.44,1,2,1,1.5075,0.4998875,2,0,4,4,2,2,4,0,10,10,3.7125,3.7681875,0,0,0,0,0,0,0,2,11,9,7.22,1.89,6,0,1,1,0.4925,0.4998875,0,0,2,2,1,1,2,0,5,5,1.2125,1.8369375,0,0,0,0,0,0,0,0,6,6,2.705,1.598075,2,9.105,22.89,13.785,10.20525,1.10025,9.105,0,0,0,0,0,0,0,0,0,0,0,0,12,229,217,119.2375,107.2375,12
In1.985Ge0.015O3,1000,3.536,In1.985 Ge0.015 O3,8,49,41,24.349,19.6188,8,75,87,12,82.212,5.7456,87,15.9994,114.818,98.8186,55.400306,47.2810872,15.9994,54.8,1211.4,1156.6,207.12495,182.78994,54.8,13,16,3,14.803,1.4364,16,2,5,3,3.197,1.4364,2,66,142,76,96.334,36.4008,66,1.78,3.44,1.66,2.77669,0.795972,3.44,2,2,0,2,0,2,1,4,3,2.803,1.4364,4,0,10,10,4,4.8,0,0,0,0,0,0,0,6,14,8,8.803,3.3636,6,0,0,0,0,0,0,2,5,3,3.197,1.4364,2,0,0,0,0,0,0,0,0,0,0,0,0,2,5,3,3.197,1.4364,2,9.105,24.26,15.155,15.163235,7.269882,9.105,0,0.383,0.383,0.001149,0.002291106,0,0,0,0,0,0,0,12,225,213,63.058,61.2696,12
NaCo2O4,400,1.834,Na1 Co2 O4,8,27,19,13.85714286,7.510204082,8,2,87,85,66.57142857,23.34693878,87,15.9994,58.933195,42.933795,29.26482275,16.95335557,15.9994,54.8,1768,1713.2,589.4385714,673.4636735,54.8,1,16,15,11.85714286,4.734693878,16,2,4,2,2.714285714,0.816326531,2,66,166,100,97.42857143,35.91836735,66,0.93,3.44,2.51,2.635714286,0.919183673,3.44,1,2,1,1.857142857,0.244897959,2,0,4,4,2.285714286,1.959183673,4,0,7,7,2,2.857142857,0,0,0,0,0,0,0,1,9,8,6.142857143,1.632653061,6,0,1,1,0.142857143,0.244897959,0,0,2,2,1.142857143,0.979591837,2,0,3,3,0.857142857,1.224489796,0,0,0,0,0,0,0,1,3,2,2.142857143,0.489795918,2,9.105,29.24333333,20.13833333,12.30761905,4.83877551,9.105,0,0,0,0,0,0,0,1.5484712,1.5484712,0.442420343,0.632029061,0,12,229,217,95,94.85714286,12
WO2.9,400,3.176,W1 O2.9,8,74,66,24.92307692,25.16765286,8,51,87,36,77.76923077,13.72781065,87,15.9994,183.84,167.8406,59.03545128,64.00233268,15.9994,54.8,3695,3640.2,988.1846154,1388.110454,54.8,6,16,10,13.43589744,3.813280736,16,2,6,4,3.025641026,1.525312295,2,66,162,96,90.61538462,36.60749507,66,2.36,3.44,1.08,3.163076923,0.41183432,3.44,2,2,0,2,0,2,0,4,4,2.974358974,1.525312295,4,0,4,4,1.025641026,1.525312295,0,0,14,14,3.58974359,5.338593031,0,6,20,14,9.58974359,5.338593031,6,0,0,0,0,0,0,0,2,2,1.487179487,0.762656147,2,0,6,6,1.538461538,2.287968442,0,0,0,0,0,0,0,2,6,4,3.025641026,1.525312295,2,9.105,16.05,6.945,10.88576923,2.648323471,9.105,0,0,0,0,0,0,0,0,0,0,0,0,12,229,217,67.64102564,82.74819198,12
Ca4.95Na0.05Al2Sb6,300,1.49,Ca4.95 Na0.05 Al2 Sb6,11,51,40,33.19615385,16.43431953,51,2,85,83,53.13461538,35.52662722,85,22.98976928,121.76,98.77023072,75.69682044,42.51985806,121.76,370.87,1115,744.13,986.7241154,97.68701982,903.78,1,15,14,9.688461538,5.921893491,15,3,5,2,4.303846154,0.64260355,5,121,176,55,150.4230769,19.59763314,139,0.93,2.05,1.12,1.578192308,0.445301775,2.05,1,2,1,1.996153846,0.007662722,2,0,3,3,1.538461538,1.349112426,3,0,10,10,4.615384615,4.970414201,10,0,0,0,0,0,0,1,15,14,8.15,6.323076923,15,0,1,1,0.003846154,0.007662722,0,0,5,5,2.153846154,1.656804734,3,0,0,0,0,0,0,0,0,0,0,0,0,0,5,5,2.157692308,1.652071006,3,16.48,37.77,21.29,31.59566667,4.701992308,31.56,0,0,0,0,0,0,0,0,0,0,0,0,166,229,63,197.7846154,29.33964497,166
Mg2Si0.999Bi0.001,400,5.7,Mg2 Si0.999 Bi0.001,12,83,71,12.68966667,0.919555556,12,68,86,18,71.336,4.448,68,24.305,208.9804,184.6754,25.62546497,1.760619956,24.305,544.4,1687,1142.6,1177.2858,339.4696572,923,2,15,13,6.000333333,5.333777778,2,3,6,3,3.001,0.001999333,3,111,148,37,131.0123333,13.328214,141,1.31,2.02,0.71,1.506706667,0.262275556,1.31,2,2,0,2,0,2,0,3,3,0.667,0.889333333,0,0,10,10,0.003333333,0.006664444,0,0,14,14,0.004666667,0.009330222,0,2,29,27,2.675,0.9,2,0,0,0,0,0,0,0,4,4,1.333,1.777333333,0,0,0,0,0,0,0,0,0,0,0,0,0,0,4,4,1.333,1.777333333,0,20.44,32.95,12.51,22.07750333,1.09057722,22.89,0,0.773,0.773,0.257409,0.343383606,0,0,0,0,0,0,0,12,227,215,204.9283333,14.69973,194
Mg2Si0.6Ge0.4Ag0.02,300,4.11,Mg2 Si0.6 Ge0.4 Ag0.02,12,47,35,15.2781457,4.84978729,12,65,79,14,71.42384106,4.619972808,68,24.305,107.8682,83.5632,32.01147815,11.76724714,24.305,923,1687,764,1115.052517,254.3741941,923,2,14,12,6.033112583,5.341870971,2,3,5,2,3.145695364,0.25086619,3,111,145,34,132.2847682,11.71176703,141,1.31,2.01,0.7,1.524039735,0.283496338,1.31,1,2,1,1.993377483,0.013157318,2,0,2,2,0.662251656,0.885926056,0,0,10,10,1.390728477,2.394631814,0,0,0,0,0,0,0,2,14,12,4.046357616,2.728827683,2,0,1,1,0.006622517,0.013157318,0,0,4,4,1.324503311,1.771852112,0,0,0,0,0,0,0,0,0,0,0,0,0,0,4,4,1.331125828,1.767466339,0,16.33,23.005,6.675,22.37503311,0.848953993,22.89,0,0.773,0.773,0.204304636,0.273308188,0,0,0,0,0,0,0,194,227,33,204.8675497,14.39410552,194
Ca2.94Na0.06AlSb3,1000,0.698,Ca2.94 Na0.06 Al1 Sb3,11,51,40,32.20857143,16.10693878,51,2,85,83,49.81428571,36.78367347,85,22.98976928,121.76,98.77023072,73.06717782,41.73670472,121.76,370.87,1115,744.13,992.1660286,103.180536,903.78,1,15,14,9.134285714,6.132244898,15,3,5,2,4.277142857,0.619591837,5,121,176,55,152.2,20.22857143,139,0.93,2.05,1.12,1.536542857,0.461093878,2.05,1,2,1,1.991428571,0.016995918,2,0,3,3,1.428571429,1.346938776,3,0,10,10,4.285714286,4.897959184,10,0,0,0,0,0,0,1,15,14,7.705714286,6.252244898,15,0,1,1,0.008571429,0.016995918,0,0,5,5,2,1.714285714,3,0,0,0,0,0,0,0,0,0,0,0,0,0,5,5,2.008571429,1.704489796,3,16.48,37.77,21.29,31.99405714,4.851792,31.56,0,0,0,0,0,0,0,0,0,0,0,0,166,229,63,199.7485714,28.92734694,166
Zr0.5Hf0.5NiSn1.994Sb0.006,300,2.767,Zr0.5 Hf0.5 Ni1 Sn1.994 Sb0.006,28,72,44,46.0015,10.501125,50,44,85,41,66.3825,13.6325,80,58.6934,178.49,119.7966,107.747175,28.65768125,118.71,505.08,2506,2000.92,1264.38805,758.11195,505.08,4,15,11,10.5015,3.5015,14,4,6,2,4.875,0.4375,5,124,175,51,144.25,15.375,139,1.3,2.05,0.75,1.786385,0.2356925,1.96,2,2,0,2,0,2,0,3,3,1.0015,1.0015,2,2,10,8,7.5,2.75,10,0,14,14,1.75,3.0625,0,4,18,14,12.2515,3.188625,14,0,0,0,0,0,0,0,4,4,1.9985,1.9985,4,0,8,8,2.5,2.75,0,0,0,0,0,0,0,2,8,6,4.4985,1.75075,4,10.32,33.285,22.965,24.8942875,8.3855375,33.285,0,0,0,0,0,0,0,0.5953947,0.5953947,0.148848675,0.223273013,0,141,225,84,175.2875,34.2125,141
Cu1.98Se,700,1.45,Cu1.98 Se1,29,34,5,30.67785235,2.229629296,29,64,89,25,72.38926174,11.14814648,64,63.546,78.96,15.414,68.71848322,6.873501194,63.546,494,1357.77,863.77,1067.914295,385.1773794,1357.77,11,16,5,12.67785235,2.229629296,11,4,4,0,4,0,4,120,132,12,127.9731544,5.35111031,132,1.9,2.55,0.65,2.118120805,0.289851808,1.9,1,2,1,1.33557047,0.445925859,1,0,4,4,1.342281879,1.783703437,0,10,10,0,10,0,10,0,0,0,0,0,0,11,16,5,12.67785235,2.229629296,11,0,1,1,0.66442953,0.445925859,1,0,2,2,0.67114094,0.891851718,0,0,0,0,0,0,0,0,0,0,0,0,0,1,2,1,1.33557047,0.445925859,1,11.07,25.92,14.85,16.05322148,6.621999009,11.07,0,0.799,0.799,0.268120805,0.356294761,0,0,0,0,0,0,0,14,225,211,154.1946309,94.09035629,225
CaGd0.96Mn0.04O3,700,1.346,Ca1 Gd0.96 Mn0.04 O3,8,64,56,21.288,16.4608,8,7,87,80,59.2,33.36,87,15.9994,157.25,141.2506,48.24674436,41.96431098,15.9994,54.8,1586,1531.2,572.544,621.2928,54.8,2,16,14,10.632,6.4416,16,2,6,4,3.184,1.4208,2,66,196,130,113.544,57.0528,66,1,3.44,2.44,2.5068,1.11984,3.44,2,2,0,2,0,2,0,4,4,2.4,1.92,4,0,5,5,0.232,0.3712,0,0,7,7,1.344,2.171904,0,2,10,8,5.976,1.5904,6,0,0,0,0,0,0,0,2,2,1.2,0.96,2,0,9,9,1.768,2.8288,0,0,7,7,1.344,2.171904,0,0,16,16,4.312,4.4992,2,9.105,37.77,28.665,19.25450069,12.31967146,9.105,0,0,0,0,0,0,0,0.000310121,0.000310121,2.48E-06,4.92E-06,0,12,225,213,91.184,95.0208,12
Ca0.7Ho0.3MnO3,400,1.524,Ca0.7 Ho0.3 Mn1 O3,8,67,59,16.62,10.344,8,7,87,80,65.56,25.728,87,15.9994,164.93032,148.93092,36.0939882,24.11350584,15.9994,54.8,1747,1692.2,597.6,651.36,54.8,2,16,14,11.46,5.448,16,2,6,4,2.92,1.104,2,66,192,126,103.56,45.072,66,1,3.44,2.44,2.5878,1.02264,3.44,2,2,0,2,0,2,0,4,4,2.4,1.92,4,0,5,5,1,1.6,0,0,11,11,0.66,1.2408,0,2,13,11,6.06,1.2088,6,0,0,0,0,0,0,0,2,2,1.2,0.96,2,0,5,5,1,1.6,0,0,3,3,0.18,0.3384,0,0,5,5,2.38,1.1224,2,9.105,37.77,28.665,14.69231724,8.386673103,9.105,0,0,0,0,0,0,0,0.000310121,0.000310121,6.20E-05,9.92E-05,0,12,225,213,93.74,98.088,12
CaMn0.96Ru0.04O3,400,3.758,Ca1 Mn0.96 Ru0.04 O3,8,44,36,13.952,7.1424,8,7,87,80,64.032,27.5616,87,15.9994,101.07,85.0706,28.97190464,15.56700557,15.9994,54.8,2607,2552.2,568.384,616.3008,54.8,2,16,14,11.408,5.5104,16,2,5,3,2.808,0.9696,2,66,176,110,102.656,43.9872,66,1,3.44,2.44,2.5792,1.03296,3.44,1,2,1,1.992,0.015872,2,0,4,4,2.4,1.92,4,0,7,7,1.016,1.6256,0,0,0,0,0,0,0,2,8,6,5.408,1.3632,6,0,1,1,0.008,0.015872,0,0,2,2,1.2,0.96,2,0,5,5,0.984,1.5744,0,0,0,0,0,0,0,0,5,5,2.192,1.1072,2,9.105,37.77,28.665,15.13869655,9.052521379,9.105,0,0,0,0,0,0,0,0.000310121,0.000310121,5.95E-05,9.62E-05,0,12,225,213,95.416,100.0992,12
ZnO,700,14.65,Zn1 O1,8,30,22,19,11,8,69,87,18,78,9,69,15.9994,65.38,49.3806,40.6897,24.6903,15.9994,54.8,692.68,637.88,373.74,318.94,54.8,12,16,4,14,2,12,2,4,2,3,1,2,66,122,56,94,28,66,1.65,3.44,1.79,2.545,0.895,1.65,2,2,0,2,0,2,0,4,4,2,2,0,0,10,10,5,5,0,0,0,0,0,0,0,6,12,6,9,3,6,0,0,0,0,0,0,0,2,2,1,1,0,0,0,0,0,0,0,0,0,0,0,0,0,0,2,2,1,1,0,9.105,13.96,4.855,11.5325,2.4275,9.105,0,0,0,0,0,0,0,0,0,0,0,0,12,194,182,103,91,12
Bi2Sr2Co2O8,300,2.185,Bi2 Sr2 Co2 O8,8,83,75,25.71428571,20.24489796,8,8,87,79,71.42857143,21.95918367,87,15.9994,208.9804,192.981,59.93302786,50.49552694,15.9994,54.8,1768,1713.2,511.6571429,522.122449,54.8,2,16,14,12.85714286,4.204081633,16,2,6,4,3.285714286,1.469387755,2,66,195,129,104.7142857,44.24489796,66,0.95,3.44,2.49,2.658571429,0.893061224,3.44,2,2,0,2,0,2,0,4,4,2.714285714,1.551020408,4,0,10,10,2.428571429,3.469387755,0,0,14,14,2,3.428571429,0,2,29,27,9.142857143,5.673469388,6,0,0,0,0,0,0,0,3,3,1.571428571,0.897959184,2,0,3,3,0.428571429,0.734693878,0,0,0,0,0,0,0,0,3,3,2,0.571428571,2,9.105,54.23,45.125,19.12071429,13.98244898,9.105,0,0,0,0,0,0,0,1.5484712,1.5484712,0.221210171,0.379217437,0,12,225,213,68.42857143,80.6122449,12
Mg2Si0.6Ge0.4Bi0.02,400,2.62,Mg2 Si0.6 Ge0.4 Bi0.02,12,83,71,15.51655629,5.260295601,12,68,86,18,71.56291391,4.719091268,68,24.305,208.9804,184.6754,32.68109536,12.92023043,24.305,544.4,1687,1142.6,1110.47947,255.8149204,923,2,15,13,6.059602649,5.376957151,2,3,6,3,3.152317881,0.262269199,3,111,148,37,132.3046358,11.72492435,141,1.31,2.02,0.71,1.524635762,0.284285777,1.31,2,2,0,2,0,2,0,3,3,0.682119205,0.903469146,0,0,10,10,1.390728477,2.394631814,0,0,14,14,0.092715232,0.184202447,0,2,29,27,4.165562914,2.934081839,2,0,0,0,0,0,0,0,4,4,1.344370861,1.780623657,0,0,0,0,0,0,0,0,0,0,0,0,0,0,4,4,1.344370861,1.780623657,0,20.44,32.95,12.51,22.48509934,0.812622253,22.89,0,0.773,0.773,0.204304636,0.273308188,0,0,0,0,0,0,0,12,227,215,203.4569536,15.0616201,194
CuCr0.99Mg0.01O2,300,6.966,Cu1 Cr0.99 Mg0.01 O2,8,29,21,17.22,9.2461,8,49,87,38,71.7975,15.2025,87,15.9994,63.546,47.5466,36.81599725,20.87915224,15.9994,54.8,2180,2125.2,908.7,853.9,54.8,2,16,14,12.24,3.76,16,2,4,2,2.9975,0.9975,2,66,141,75,100.755,34.755,66,1.31,3.44,2.13,2.609125,0.830875,3.44,1,2,1,1.5025,0.4999875,2,0,4,4,2,2,4,0,10,10,3.7375,3.7561875,0,0,0,0,0,0,0,2,11,9,7.24,1.88,6,0,1,1,0.4975,0.4999875,0,0,2,2,1,1,2,0,5,5,1.2375,1.8624375,0,0,0,0,0,0,0,0,6,6,2.735,1.616175,2,9.105,22.89,13.785,10.14675,1.04175,9.105,0,0,0,0,0,0,0,0,0,0,0,0,12,229,217,119.4125,107.4125,12
SrDy0.08Ti0.92O3,400,3.74,Sr1 Dy0.08 Ti0.92 O3,8,66,58,17.504,11.4048,8,8,87,79,62.208,29.7504,87,15.9994,162.5,146.5006,38.531168,27.0381216,15.9994,54.8,1941,1886.2,626.984,686.6208,54.8,2,16,14,10.784,6.2592,16,2,6,4,3.032,1.2384,2,66,195,129,111.112,54.1344,66,0.95,3.44,2.49,2.55688,1.059744,3.44,2,2,0,2,0,2,0,4,4,2.4,1.92,4,0,2,2,0.368,0.600576,0,0,10,10,0.16,0.31488,0,2,12,10,4.928,1.512704,6,0,0,0,0,0,0,0,2,2,1.2,0.96,2,0,8,8,1.472,2.402304,0,0,4,4,0.064,0.125952,0,0,8,8,2.736,1.9776,2,9.105,54.23,45.125,19.8798,14.1036064,9.105,0,0,0,0,0,0,0,2.25E-05,2.25E-05,4.15E-06,6.77E-06,0,12,225,213,91,94.8,12
CuCr0.97Mg0.03O2,700,5.666,Cu1 Cr0.97 Mg0.03 O2,8,29,21,17.16,9.2374,8,49,87,38,71.8925,15.1075,87,15.9994,63.546,47.5466,36.67754175,20.86372988,15.9994,54.8,2180,2125.2,902.415,847.615,54.8,2,16,14,12.22,3.78,16,2,4,2,2.9925,0.9925,2,66,141,75,100.765,34.765,66,1.31,3.44,2.13,2.607375,0.832625,3.44,1,2,1,1.5075,0.4998875,2,0,4,4,2,2,4,0,10,10,3.7125,3.7681875,0,0,0,0,0,0,0,2,11,9,7.22,1.89,6,0,1,1,0.4925,0.4998875,0,0,2,2,1,1,2,0,5,5,1.2125,1.8369375,0,0,0,0,0,0,0,0,6,6,2.705,1.598075,2,9.105,22.89,13.785,10.20525,1.10025,9.105,0,0,0,0,0,0,0,0,0,0,0,0,12,229,217,119.2375,107.2375,12
Mg2Si0.98Ag0.02,1000,3.16,Mg2 Si0.98 Ag0.02,12,47,35,12.88666667,1.182222222,12,65,78,13,71.24666667,4.412177778,68,24.305,107.8682,83.5632,26.09705133,2.389401778,24.305,923,1687,764,1174.652867,335.5371556,923,2,14,12,5.98,5.306666667,2,3,5,2,3.013333333,0.026488889,3,111,145,34,131.2266667,13.21475556,141,1.31,1.93,0.62,1.506866667,0.262488889,1.31,1,2,1,1.993333333,0.013244444,2,0,2,2,0.653333333,0.879822222,0,0,10,10,0.066666667,0.132444444,0,0,0,0,0,0,0,2,11,9,2.713333333,0.951111111,2,0,1,1,0.006666667,0.013244444,0,0,4,4,1.306666667,1.759644444,0,0,0,0,0,0,0,0,0,0,0,0,0,0,4,4,1.313333333,1.755288889,0,16.33,22.89,6.56,22.04593333,1.125422222,22.89,0,0.773,0.773,0.252513333,0.340051289,0,0,0,0,0,0,0,194,227,33,204.9866667,14.64888889,194
Bi2Sr2Co2O8,1000,1.973,Bi2 Sr2 Co2 O8,8,83,75,25.71428571,20.24489796,8,8,87,79,71.42857143,21.95918367,87,15.9994,208.9804,192.981,59.93302786,50.49552694,15.9994,54.8,1768,1713.2,511.6571429,522.122449,54.8,2,16,14,12.85714286,4.204081633,16,2,6,4,3.285714286,1.469387755,2,66,195,129,104.7142857,44.24489796,66,0.95,3.44,2.49,2.658571429,0.893061224,3.44,2,2,0,2,0,2,0,4,4,2.714285714,1.551020408,4,0,10,10,2.428571429,3.469387755,0,0,14,14,2,3.428571429,0,2,29,27,9.142857143,5.673469388,6,0,0,0,0,0,0,0,3,3,1.571428571,0.897959184,2,0,3,3,0.428571429,0.734693878,0,0,0,0,0,0,0,0,3,3,2,0.571428571,2,9.105,54.23,45.125,19.12071429,13.98244898,9.105,0,0,0,0,0,0,0,1.5484712,1.5484712,0.221210171,0.379217437,0,12,225,213,68.42857143,80.6122449,12
CuCr0.96Mg0.04O2,400,8.767,Cu1 Cr0.96 Mg0.04 O2,8,29,21,17.13,9.2326,8,49,87,38,71.94,15.06,87,15.9994,63.546,47.5466,36.608314,20.85498028,15.9994,54.8,2180,2125.2,899.2725,844.4725,54.8,2,16,14,12.21,3.79,16,2,4,2,2.99,0.99,2,66,141,75,100.77,34.77,66,1.31,3.44,2.13,2.6065,0.8335,3.44,1,2,1,1.51,0.4998,2,0,4,4,2,2,4,0,10,10,3.7,3.774,0,0,0,0,0,0,0,2,11,9,7.21,1.895,6,0,1,1,0.49,0.4998,0,0,2,2,1,1,2,0,5,5,1.2,1.824,0,0,0,0,0,0,0,0,6,6,2.69,1.5888,2,9.105,22.89,13.785,10.2345,1.1295,9.105,0,0,0,0,0,0,0,0,0,0,0,0,12,229,217,119.15,107.15,12
Mo6Te6S2,400,2.374,Mo6 Te6 S2,16,52,36,42.57142857,8.081632653,42,50,90,40,72.57142857,19.34693878,50,32.065,127.6,95.535,100.3921429,23.32102041,95.96,388.36,2896,2507.64,1606.334286,1105.427755,722.66,6,16,10,11.71428571,4.897959184,6,3,5,2,4.714285714,0.489795918,5,105,154,49,140.1428571,11.87755102,138,2.1,2.58,0.48,2.194285714,0.110204082,2.1,1,2,1,1.571428571,0.489795918,1,0,4,4,2.285714286,1.959183673,0,0,10,10,6.428571429,3.06122449,5,0,0,0,0,0,0,6,16,10,10.28571429,4.897959184,6,0,1,1,0.428571429,0.489795918,0,0,2,2,1.142857143,0.979591837,0,0,5,5,2.142857143,2.448979592,0,0,0,0,0,0,0,2,6,4,3.714285714,1.959183673,2,15.69,34.76333333,19.07333333,25.30669643,8.242882653,15.69,0,2.202,2.202,0.513428571,0.48244898,0,0,0,0,0,0,0,70,229,159,173.2857143,47.75510204,152
Ca2.7Na0.3Co4O9,400,1.9,Ca2.7 Na0.3 Co4 O9,8,27,19,14.83125,7.828828125,8,2,87,85,64.65625,25.13671875,87,15.9994,58.933195,42.933795,30.92718192,17.09140764,15.9994,54.8,1768,1713.2,667.9350625,700.9168852,54.8,1,16,15,11.60625,4.94296875,16,2,4,2,2.85625,0.96328125,2,66,176,110,101.4375,39.8671875,66,0.93,3.44,2.51,2.5911875,0.954914062,3.44,1,2,1,1.98125,0.036796875,2,0,4,4,2.25,1.96875,4,0,7,7,1.75,2.625,0,0,0,0,0,0,0,1,9,8,5.98125,1.53046875,6,0,1,1,0.01875,0.036796875,0,0,2,2,1.125,0.984375,2,0,3,3,0.75,1.125,0,0,0,0,0,0,0,0,3,3,1.89375,0.67265625,2,9.105,37.77,28.665,14.6048125,8.367195312,9.105,0,0,0,0,0,0,0,1.5484712,1.5484712,0.3871178,0.5806767,0,12,229,217,97.5125,96.2015625,12
Ca0.9Bi0.1MnO3,1000,1.841,Ca0.9 Bi0.1 Mn1 O3,8,83,75,15.06,8.472,8,7,87,80,65.58,26.5208,87,15.9994,208.9804,192.981,31.980897,19.1777964,15.9994,54.8,1519,1464.2,548.268,592.31632,54.8,2,16,14,11.66,5.3416,16,2,6,4,2.84,1.008,2,66,176,110,102.04,43.248,66,1,3.44,2.44,2.5944,1.01472,3.44,2,2,0,2,0,2,0,4,4,2.46,1.8696,4,0,10,10,1.2,1.872,0,0,14,14,0.28,0.5488,0,2,29,27,5.94,1.4184,6,0,0,0,0,0,0,0,3,3,1.26,0.9576,2,0,5,5,1,1.6,0,0,0,0,0,0,0,0,5,5,2.26,1.1256,2,9.105,37.77,28.665,15.01811724,8.907953103,9.105,0,0,0,0,0,0,0,0.000310121,0.000310121,6.20E-05,9.92E-05,0,12,225,213,91.34,98.3816,12
CeFe4Sb12,400,1.57,Ce1 Fe4 Sb12,26,58,32,45.52941176,9.190311419,51,15,85,70,73.82352941,15.77854671,85,55.845,140.116,84.271,107.3303529,24.22840138,121.76,903.78,1811,907.22,1127.08,321.8447059,903.78,3,15,12,12.64705882,3.321799308,15,4,6,2,4.823529412,0.387543253,5,132,204,72,141.1764706,7.39100346,139,1.12,2.05,0.93,1.943529412,0.150311419,2.05,2,2,0,2,0,2,0,3,3,2.117647059,1.24567474,3,1,10,9,8.529411765,2.076124567,10,0,1,1,0.058823529,0.110726644,0,4,15,11,12.70588235,3.238754325,15,0,0,0,0,0,0,0,3,3,2.117647059,1.24567474,3,0,9,9,1.470588235,2.076124567,0,0,13,13,0.764705882,1.439446367,0,3,22,19,4.352941176,2.076124567,3,10.73,37.24,26.51,26.99294118,7.653148789,31.56,0,0,0,0,0,0,0,2.1106628,2.1106628,0.496626541,0.759546475,0,166,229,63,182.4705882,23.25259516,166
In0.2Co4Sb12,400,2.214,In0.2 Co4 Sb12,27,51,24,45.04938272,8.913275415,51,58,85,27,78.20987654,10.05944216,85,58.933195,121.76,62.826805,106.1615049,23.32262219,121.76,429.75,1768,1338.25,1111.315432,324.2886755,903.78,9,15,6,13.49382716,2.23136717,15,4,5,1,4.75308642,0.371894528,5,126,142,16,135.8271605,4.852918762,139,1.78,2.05,0.27,2.004691358,0.067123914,2.05,2,2,0,2,0,2,0,3,3,2.234567901,1.13397348,3,7,10,3,9.259259259,1.115683585,10,0,0,0,0,0,0,9,15,6,13.49382716,2.23136717,15,0,0,0,0,0,0,0,5,5,2.283950617,1.127876848,3,0,3,3,0.740740741,1.115683585,0,0,0,0,0,0,0,3,5,2,3.024691358,0.048773053,3,10.245,31.56,21.315,26.20691358,7.9304984,31.56,0,0,0,0,0,0,0,1.5484712,1.5484712,0.382338568,0.575867966,0,139,194,55,172.5802469,10.57765585,166
Tl0.02Pb0.98Te,700,1.01,Tl0.02 Pb0.98 Te1,52,82,30,66.99,14.99,52,76,90,14,85.45,4.55,90,127.6,207.2,79.6,167.371833,39.771833,127.6,577,722.66,145.66,661.3989,61.2611,722.66,13,16,3,14.99,1.01,16,5,6,1,5.5,0.5,5,138,146,8,141.99,3.99,138,1.62,2.33,0.71,2.2079,0.119658,2.1,2,2,0,2,0,2,1,4,3,2.99,1.01,4,10,10,0,10,0,10,0,14,14,7,7,0,16,28,12,21.99,5.99,16,0,0,0,0,0,0,2,5,3,3.01,1.01,2,0,0,0,0,0,0,0,0,0,0,0,0,2,5,3,3.01,1.01,2,26.91,34.76333333,7.853333333,31.42466667,3.338666667,34.76333333,0,0.464,0.464,0.232,0.232,0.464,0,0,0,0,0,0,152,225,73,188.19,36.19,152
In1.998Ge0.002O3,1000,2.931,In1.998 Ge0.002 O3,8,49,41,24.3932,19.67184,8,75,87,12,82.2016,5.75808,87,15.9994,114.818,98.8186,55.5099688,47.41268256,15.9994,54.8,1211.4,1156.6,205.09266,180.351192,54.8,13,16,3,14.8004,1.43952,16,2,5,3,3.1996,1.43952,2,66,142,76,96.3912,36.46944,66,1.78,3.44,1.66,2.776092,0.7966896,3.44,2,2,0,2,0,2,1,4,3,2.8004,1.43952,4,0,10,10,4,4.8,0,0,0,0,0,0,0,6,14,8,8.8004,3.36048,6,0,0,0,0,0,0,2,5,3,3.1996,1.43952,2,0,0,0,0,0,0,0,0,0,0,0,0,2,5,3,3.1996,1.43952,2,9.105,24.26,15.155,15.166498,7.2737976,9.105,0,0.383,0.383,0.0001532,0.000306277,0,0,0,0,0,0,0,12,225,213,62.8344,61.00128,12
Mg2Si0.98Bi0.02,400,5.63,Mg2 Si0.98 Bi0.02,12,83,71,13.12666667,1.502222222,12,68,86,18,71.38666667,4.515555556,68,24.305,208.9804,184.6754,26.77113267,3.288176889,24.305,544.4,1687,1142.6,1170.049333,337.7411022,923,2,15,13,6.006666667,5.342222222,2,3,6,3,3.02,0.039733333,3,111,148,37,131.2466667,13.22782222,141,1.31,2.02,0.71,1.507466667,0.263288889,1.31,2,2,0,2,0,2,0,3,3,0.673333333,0.897777778,0,0,10,10,0.066666667,0.132444444,0,0,14,14,0.093333333,0.185422222,0,2,29,27,2.833333333,1.111111111,2,0,0,0,0,0,0,0,4,4,1.326666667,1.768888889,0,0,0,0,0,0,0,0,0,0,0,0,0,0,4,4,1.326666667,1.768888889,0,20.44,32.95,12.51,22.15673333,1.121599111,22.89,0,0.773,0.773,0.252513333,0.340051289,0,0,0,0,0,0,0,12,227,215,203.5666667,15.30977778,194
Sr0.61Ba0.39Nb2O6,300,1.667,Sr0.61 Ba0.39 Nb2 O6,8,56,48,19.44666667,15.26222222,8,8,87,79,69.37666667,23.49777778,87,15.9994,137.327,121.3276,43.20165444,36.26967259,15.9994,54.8,2750,2695.2,762.1444444,943.1259259,54.8,2,16,14,12,5.333333333,16,2,6,4,3.043333333,1.391111111,2,66,215,149,102.9777778,49.3037037,66,0.89,3.44,2.55,2.751844444,0.917540741,3.44,1,2,1,1.777777778,0.345679012,2,0,4,4,2.666666667,1.777777778,4,0,4,4,0.888888889,1.382716049,0,0,0,0,0,0,0,2,6,4,5.333333333,0.888888889,6,0,1,1,0.222222222,0.345679012,0,0,2,2,1.333333333,0.888888889,2,0,6,6,1.333333333,2.074074074,0,0,0,0,0,0,0,0,7,7,2.888888889,1.827160494,2,9.105,63.59,54.485,16.54115556,9.914874074,9.105,0,0,0,0,0,0,0,0,0,0,0,0,12,229,217,84.06222222,96.08296296,12
SrNd0.24Ti0.76O3,300,5.98,Sr1 Nd0.24 Ti0.76 O3,8,60,52,18.624,12.7488,8,8,87,79,61.248,30.9024,87,15.9994,144.242,128.2426,41.32304,30.388368,15.9994,54.8,1941,1886.2,600.024,654.2688,54.8,2,16,14,10.752,6.2976,16,2,6,4,3.096,1.3152,2,66,201,135,112.568,55.8816,66,0.95,3.44,2.49,2.5428,1.07664,3.44,2,2,0,2,0,2,0,4,4,2.4,1.92,4,0,2,2,0.304,0.515584,0,0,4,4,0.192,0.365568,0,2,6,4,4.896,1.430784,6,0,0,0,0,0,0,0,2,2,1.2,0.96,2,0,8,8,1.216,2.062336,0,0,10,10,0.48,0.91392,0,0,10,10,2.896,2.2336,2,9.105,54.23,45.125,20.51676,14.85744704,9.105,0,0,0,0,0,0,0,2.25E-05,2.25E-05,3.43E-06,5.81E-06,0,12,225,213,91,94.8,12
ZrNiSn,1000,6.642,Zr1 Ni1 Sn1,28,50,22,39.33333333,7.555555556,28,44,80,36,61.66666667,12.22222222,44,58.6934,118.71,60.0166,89.54246667,20.56604444,58.6934,505.08,2128,1622.92,1453.693333,632.4088889,505.08,4,14,10,9.333333333,3.555555556,4,4,5,1,4.666666667,0.444444444,4,124,175,51,146,19.33333333,124,1.33,1.96,0.63,1.733333333,0.268888889,1.33,2,2,0,2,0,2,0,2,2,0.666666667,0.888888889,0,2,10,8,6.666666667,3.111111111,2,0,0,0,0,0,0,4,14,10,9.333333333,3.555555556,4,0,0,0,0,0,0,0,4,4,1.333333333,1.777777778,0,0,8,8,3.333333333,3.111111111,0,0,0,0,0,0,0,2,8,6,4.666666667,2.222222222,2,10.32,33.285,22.965,22.26666667,7.964444444,10.32,0,0,0,0,0,0,0,0.5953947,0.5953947,0.1984649,0.264619867,0,141,225,84,186.6666667,30.44444444,141
TiNiSn,400,5.195,Ti1 Ni1 Sn1,22,50,28,33.33333333,11.11111111,22,43,80,37,61.33333333,12.44444444,43,47.867,118.71,70.843,75.09013333,29.07991111,47.867,505.08,1941,1435.92,1391.36,590.8533333,505.08,4,14,10,9.333333333,3.555555556,4,4,5,1,4.333333333,0.444444444,4,124,160,36,141,12.66666667,124,1.54,1.96,0.42,1.803333333,0.175555556,1.54,2,2,0,2,0,2,0,2,2,0.666666667,0.888888889,0,2,10,8,6.666666667,3.111111111,2,0,0,0,0,0,0,4,14,10,9.333333333,3.555555556,4,0,0,0,0,0,0,0,4,4,1.333333333,1.777777778,0,0,8,8,3.333333333,3.111111111,0,0,0,0,0,0,0,2,8,6,4.666666667,2.222222222,2,10.32,33.285,22.965,20.09833333,8.791111111,10.32,0,0,0,0,0,0,0,0.5953947,0.5953947,0.198472411,0.264614859,0,141,225,84,186.6666667,30.44444444,141
LaCoO3,300,1.879,La1 Co1 O3,8,57,49,21.6,16.32,8,13,87,74,66.4,24.72,87,15.9994,138.90547,122.90607,49.167373,39.8015676,15.9994,54.8,1768,1713.2,625.08,684.336,54.8,3,16,13,12,4.8,16,2,6,4,3.2,1.44,2,66,207,141,106.2,48.24,66,1.1,3.44,2.34,2.66,0.936,3.44,2,2,0,2,0,2,0,4,4,2.4,1.92,4,0,7,7,1.6,2.16,0,0,0,0,0,0,0,3,9,6,6,1.2,6,0,0,0,0,0,0,0,2,2,1.2,0.96,2,0,9,9,2.4,2.88,0,0,0,0,0,0,0,2,9,7,3.6,2.16,2,9.105,36.8975,27.7925,14.8915,8.8024,9.105,0,0,0,0,0,0,0,1.5484712,1.5484712,0.30969424,0.495510784,0,12,194,182,84.8,87.36,12
Zn4Sb3,300,1.01,Zn4 Sb3,30,51,21,39,10.28571429,30,69,85,16,75.85714286,7.836734694,69,65.38,121.76,56.38,89.54285714,27.61469388,65.38,692.68,903.78,211.1,783.1514286,103.3959184,692.68,12,15,3,13.28571429,1.469387755,12,4,5,1,4.428571429,0.489795918,4,122,139,17,129.2857143,8.326530612,122,1.65,2.05,0.4,1.821428571,0.195918367,1.65,2,2,0,2,0,2,0,3,3,1.285714286,1.469387755,0,10,10,0,10,0,10,0,0,0,0,0,0,12,15,3,13.28571429,1.469387755,12,0,0,0,0,0,0,0,3,3,1.285714286,1.469387755,0,0,0,0,0,0,0,0,0,0,0,0,0,0,3,3,1.285714286,1.469387755,0,13.96,31.56,17.6,21.50285714,8.620408163,13.96,0,0,0,0,0,0,0,0,0,0,0,0,166,194,28,182,13.71428571,194
Si0.7956Ge0.1989P0.0055,400,4.229,Si0.7956 Ge0.1989 P0.0055,14,32,18,17.5857,5.73400854,14,78,83,5,78.2264,0.36024768,78,28.0855,72.64,44.5545,36.96327549,14.19220101,28.0855,317.3,1687,1369.7,1584.86981,162.5095583,1687,14,15,1,14.0055,0.0109395,14,3,4,1,3.1989,0.31867758,3,107,120,13,112.7681,2.87684982,111,1.9,2.19,0.29,1.923474,0.037351829,1.9,2,2,0,2,0,2,2,3,1,2.0055,0.0109395,2,0,10,10,1.989,3.1867758,0,0,0,0,0,0,0,4,14,10,5.9945,3.1845879,4,0,0,0,0,0,0,3,4,1,3.9945,0.0109395,4,0,0,0,0,0,0,0,0,0,0,0,0,3,4,1,3.9945,0.0109395,4,20.44,23.005,2.565,20.96189481,0.830439021,20.44,0.383,1.625,1.242,0.700115,0.126148347,0.773,0,0,0,0,0,0,2,227,225,225.3647,2.60208936,227
Nd2Cu0.98Zn0.02O4,300,17.1,Nd2 Cu0.98 Zn0.02 O4,8,60,52,25.86,20.41142857,8,19,87,68,64.3,25.96971429,87,15.9994,144.242,128.2426,59.43775429,49.64383347,15.9994,54.8,1357.77,1302.97,593.0954571,615.1948082,54.8,3,16,13,11.57428571,5.060391837,16,2,6,4,3.428571429,1.632653061,2,66,201,135,113.9714286,54.8244898,66,1.14,3.44,2.3,2.562142857,1.003265306,3.44,1,2,1,1.86,0.2408,2,0,4,4,2.285714286,1.959183673,4,0,10,10,1.428571429,2.448979592,0,0,4,4,1.142857143,1.632653061,0,6,12,6,6.717142857,1.229387755,6,0,1,1,0.14,0.2408,0,0,2,2,1.142857143,0.979591837,2,0,0,0,0,0,0,0,10,10,2.857142857,4.081632653,0,0,10,10,4.14,3.348571429,2,9.105,34.81,25.705,16.73825714,10.3267102,9.105,0,0,0,0,0,0,0,0,0,0,0,0,12,225,213,94.34,94.10285714,12
Zr0.35Hf0.35Ti0.3NiSn,300,3.17,Zr0.35 Hf0.35 Ti0.3 Ni1 Sn1,22,72,50,41.26666667,12.99333333,28,43,80,37,61.68333333,12.21111111,61,47.867,178.49,130.623,95.3878,34.93864667,58.6934,505.08,2506,2000.92,1479.093333,649.3422222,505.08,4,14,10,9.333333333,3.555555556,10,4,6,2,4.683333333,0.592222222,4,124,175,51,144.5,17.33333333,124,1.3,1.96,0.66,1.750833333,0.245555556,1.91,2,2,0,2,0,2,0,2,2,0.666666667,0.888888889,0,2,10,8,6.666666667,3.111111111,8,0,14,14,1.633333333,2.885555556,0,4,18,14,10.96666667,3.663333333,10,0,0,0,0,0,0,0,4,4,1.333333333,1.777777778,0,0,8,8,3.333333333,3.111111111,0,0,0,0,0,0,0,2,8,6,4.666666667,2.222222222,2,10.32,33.285,22.965,21.50008333,8.415405556,10.32,0,0,0,0,0,0,0,0.5953947,0.5953947,0.198467153,0.264618364,0,141,225,84,186.6666667,30.44444444,141
La3Te3.65Sb0.35,1000,1.85,La3 Te3.65 Sb0.35,51,57,6,54.09285714,2.491836735,52,13,90,77,56.75,37.5,90,121.76,138.90547,17.14547,132.1532014,5.787658776,127.6,722.66,1193,470.34,933.2902857,222.6083265,722.66,3,16,13,10.37857143,6.324489796,16,5,6,1,5.428571429,0.489795918,5,138,207,69,167.6214286,33.75306122,138,1.1,2.1,1,1.668928571,0.487653061,2.1,2,2,0,2,0,2,0,4,4,2.235714286,1.916326531,4,1,10,9,6.142857143,4.408163265,10,0,0,0,0,0,0,3,16,13,10.37857143,6.324489796,16,0,0,0,0,0,0,0,3,3,1.192857143,1.02244898,2,0,9,9,3.857142857,4.408163265,0,0,0,0,0,0,0,2,9,7,5.05,3.385714286,2,31.56,36.8975,5.3375,35.51780952,1.182591837,34.76333333,0,0.464,0.464,0.241942857,0.231573878,0.464,0,0,0,0,0,0,152,194,42,170.7,19.97142857,152
Zn4Sb3,700,0.743,Zn4 Sb3,30,51,21,39,10.28571429,30,69,85,16,75.85714286,7.836734694,69,65.38,121.76,56.38,89.54285714,27.61469388,65.38,692.68,903.78,211.1,783.1514286,103.3959184,692.68,12,15,3,13.28571429,1.469387755,12,4,5,1,4.428571429,0.489795918,4,122,139,17,129.2857143,8.326530612,122,1.65,2.05,0.4,1.821428571,0.195918367,1.65,2,2,0,2,0,2,0,3,3,1.285714286,1.469387755,0,10,10,0,10,0,10,0,0,0,0,0,0,12,15,3,13.28571429,1.469387755,12,0,0,0,0,0,0,0,3,3,1.285714286,1.469387755,0,0,0,0,0,0,0,0,0,0,0,0,0,0,3,3,1.285714286,1.469387755,0,13.96,31.56,17.6,21.50285714,8.620408163,13.96,0,0,0,0,0,0,0,0,0,0,0,0,166,194,28,182,13.71428571,194
Ba0.3Sr0.6La0.1TiO3,400,3.36,Ba0.3 Sr0.6 La0.1 Ti1 O3,8,57,49,18.26,12.312,8,8,87,79,62.56,29.328,87,15.9994,138.90547,122.90607,40.7051694,29.64692328,15.9994,54.8,1941,1886.2,630.94,691.368,54.8,2,16,14,10.82,6.216,16,2,6,4,3.08,1.296,2,66,215,149,112.04,55.248,66,0.89,3.44,2.55,2.5614,1.05432,3.44,2,2,0,2,0,2,0,4,4,2.4,1.92,4,0,2,2,0.42,0.6552,0,0,0,0,0,0,0,2,6,4,4.82,1.416,6,0,0,0,0,0,0,0,2,2,1.2,0.96,2,0,9,9,1.78,2.7768,0,0,0,0,0,0,0,0,9,9,2.98,2.2488,2,9.105,63.59,54.485,19.86195,14.17712,9.105,0,0,0,0,0,0,0,2.25E-05,2.25E-05,4.51E-06,7.21E-06,0,12,229,217,90.62,94.344,12
La2.74Te4,300,1.24,La2.74 Te4,52,57,5,54.03264095,2.412630207,52,13,90,77,58.69732938,37.15450519,90,127.6,138.90547,11.30547,132.1959923,5.455183686,127.6,722.66,1193,470.34,913.8664688,226.9512983,722.66,3,16,13,10.71513353,6.272838539,16,5,6,1,5.40652819,0.482526041,5,138,207,69,166.0504451,33.29429686,138,1.1,2.1,1,1.69347181,0.482526041,2.1,2,2,0,2,0,2,0,4,4,2.37388724,1.930104166,4,1,10,9,6.341246291,4.342734373,10,0,0,0,0,0,0,3,16,13,10.71513353,6.272838539,16,0,0,0,0,0,0,0,2,2,1.18694362,0.965052083,2,0,9,9,3.658753709,4.342734373,0,0,0,0,0,0,0,2,9,7,4.845697329,3.37768229,2,34.76333333,36.8975,2.134166667,35.63093225,1.029790993,34.76333333,0,0.464,0.464,0.27537092,0.223892083,0.464,0,0,0,0,0,0,152,194,42,169.074184,20.26609374,152
CaYb0.1Mn0.9O3,1000,1.583,Ca1 Yb0.1 Mn0.9 O3,8,70,62,14.7,8.04,8,7,87,80,63.74,27.912,87,15.9994,173.054,157.0546,30.9651681,17.95892172,15.9994,54.8,1519,1464.2,551.14,595.608,54.8,2,16,14,11.32,5.616,16,2,6,4,2.84,1.008,2,66,187,121,103.56,45.072,66,1,3.44,2.44,2.5682,1.04616,3.44,2,2,0,2,0,2,0,4,4,2.4,1.92,4,0,5,5,0.9,1.476,0,0,14,14,0.28,0.5488,0,2,16,14,5.58,1.432,6,0,0,0,0,0,0,0,2,2,1.2,0.96,2,0,5,5,0.9,1.476,0,0,0,0,0,0,0,0,5,5,2.1,1.044,2,9.105,37.77,28.665,15.58716552,9.614447172,9.105,0,0,0,0,0,0,0,0.000310121,0.000310121,5.58E-05,9.15E-05,0,12,225,213,95.76,100.512,12
CaGd0.96Mn0.04O3,400,1.615,Ca1 Gd0.96 Mn0.04 O3,8,64,56,21.288,16.4608,8,7,87,80,59.2,33.36,87,15.9994,157.25,141.2506,48.24674436,41.96431098,15.9994,54.8,1586,1531.2,572.544,621.2928,54.8,2,16,14,10.632,6.4416,16,2,6,4,3.184,1.4208,2,66,196,130,113.544,57.0528,66,1,3.44,2.44,2.5068,1.11984,3.44,2,2,0,2,0,2,0,4,4,2.4,1.92,4,0,5,5,0.232,0.3712,0,0,7,7,1.344,2.171904,0,2,10,8,5.976,1.5904,6,0,0,0,0,0,0,0,2,2,1.2,0.96,2,0,9,9,1.768,2.8288,0,0,7,7,1.344,2.171904,0,0,16,16,4.312,4.4992,2,9.105,37.77,28.665,19.25450069,12.31967146,9.105,0,0,0,0,0,0,0,0.000310121,0.000310121,2.48E-06,4.92E-06,0,12,225,213,91.184,95.0208,12
Ba8Au5.14Si39.51,400,1.61,Ba8 Au5.14 Si39.51,14,79,65,26.72744539,19.10204625,14,9,78,69,66.34415954,17.49372294,78,28.0855,196.966569,168.881069,61.17155308,49.6573583,28.0855,1000,1687,687,1548.475711,207.9048299,1687,2,14,12,11.88376068,3.176167726,14,3,6,3,3.748717949,1.123716853,3,111,215,104,129.2431149,27.38026477,111,0.89,2.54,1.65,1.809014245,0.279282582,1.9,1,2,1,1.902374169,0.176190056,2,0,2,2,1.500854701,0.749144569,2,0,10,10,0.97625831,1.761900562,0,0,14,14,1.366761633,2.466660786,0,2,25,23,5.746248813,3.759326917,4,0,1,1,0.097625831,0.176190056,0,0,4,4,3.001709402,1.498289137,4,0,0,0,0,0,0,0,0,0,0,0,0,0,4,4,3.099335233,1.35176695,4,16.7,63.59,46.89,26.63138462,11.23148806,20.44,0,0.773,0.773,0.580080342,0.289544376,0.773,0,0,0,0,0,0,225,229,4,227.108642,0.574771669,227
Zr0.4Hf0.4Ti0.2NiSn,300,3.814,Zr0.4 Hf0.4 Ti0.2 Ni1 Sn1,22,72,50,42.4,12.96,28,43,80,37,61.73333333,12.17777778,61,47.867,178.49,130.623,98.28746667,35.00236444,58.6934,505.08,2506,2000.92,1491.626667,657.6977778,505.08,4,14,10,9.333333333,3.555555556,10,4,6,2,4.733333333,0.586666667,4,124,175,51,145,18,124,1.3,1.96,0.66,1.743333333,0.255555556,1.91,2,2,0,2,0,2,0,2,2,0.666666667,0.888888889,0,2,10,8,6.666666667,3.111111111,8,0,14,14,1.866666667,3.235555556,0,4,18,14,11.2,3.68,10,0,0,0,0,0,0,0,4,4,1.333333333,1.777777778,0,0,8,8,3.333333333,3.111111111,0,0,0,0,0,0,0,2,8,6,4.666666667,2.222222222,2,10.32,33.285,22.965,21.70033333,8.254933333,10.32,0,0,0,0,0,0,0,0.5953947,0.5953947,0.198466402,0.264618865,0,141,225,84,186.6666667,30.44444444,141
Mo3Te4,1000,5.291,Mo3 Te4,42,52,10,47.71428571,4.897959184,52,50,90,40,72.85714286,19.59183673,90,95.96,127.6,31.64,114.04,15.49714286,127.6,722.66,2896,2173.34,1654.091429,1064.493061,722.66,6,16,10,11.71428571,4.897959184,16,5,5,0,5,0,5,138,154,16,144.8571429,7.836734694,138,2.1,2.16,0.06,2.125714286,0.029387755,2.1,1,2,1,1.571428571,0.489795918,2,0,4,4,2.285714286,1.959183673,4,5,10,5,7.857142857,2.448979592,10,0,0,0,0,0,0,6,16,10,11.71428571,4.897959184,16,0,1,1,0.428571429,0.489795918,0,0,2,2,1.142857143,0.979591837,2,0,5,5,2.142857143,2.448979592,0,0,0,0,0,0,0,2,6,4,3.714285714,1.959183673,2,15.69,34.76333333,19.07333333,26.58904762,9.342040816,34.76333333,0,0.464,0.464,0.265142857,0.227265306,0.464,0,0,0,0,0,0,152,229,77,185,37.71428571,152
Mg2Si0.98Bi0.02,300,7.13,Mg2 Si0.98 Bi0.02,12,83,71,13.12666667,1.502222222,12,68,86,18,71.38666667,4.515555556,68,24.305,208.9804,184.6754,26.77113267,3.288176889,24.305,544.4,1687,1142.6,1170.049333,337.7411022,923,2,15,13,6.006666667,5.342222222,2,3,6,3,3.02,0.039733333,3,111,148,37,131.2466667,13.22782222,141,1.31,2.02,0.71,1.507466667,0.263288889,1.31,2,2,0,2,0,2,0,3,3,0.673333333,0.897777778,0,0,10,10,0.066666667,0.132444444,0,0,14,14,0.093333333,0.185422222,0,2,29,27,2.833333333,1.111111111,2,0,0,0,0,0,0,0,4,4,1.326666667,1.768888889,0,0,0,0,0,0,0,0,0,0,0,0,0,0,4,4,1.326666667,1.768888889,0,20.44,32.95,12.51,22.15673333,1.121599111,22.89,0,0.773,0.773,0.252513333,0.340051289,0,0,0,0,0,0,0,12,227,215,203.5666667,15.30977778,194
La3Te3.8Sb0.2,1000,2.66,La3 Te3.8 Sb0.2,51,57,6,54.11428571,2.473469388,52,13,90,77,56.85714286,37.59183673,90,121.76,138.90547,17.14547,132.2783443,5.680393469,127.6,722.66,1193,470.34,929.4091429,225.9350204,722.66,3,16,13,10.4,6.342857143,16,5,6,1,5.428571429,0.489795918,5,138,207,69,167.6,33.77142857,138,1.1,2.1,1,1.67,0.488571429,2.1,2,2,0,2,0,2,0,4,4,2.257142857,1.934693878,4,1,10,9,6.142857143,4.408163265,10,0,0,0,0,0,0,3,16,13,10.4,6.342857143,16,0,0,0,0,0,0,0,3,3,1.171428571,1.004081633,2,0,9,9,3.857142857,4.408163265,0,0,0,0,0,0,0,2,9,7,5.028571429,3.404081633,2,31.56,36.8975,5.3375,35.58645238,1.123755102,34.76333333,0,0.464,0.464,0.251885714,0.23029551,0.464,0,0,0,0,0,0,152,194,42,170.4,20.22857143,152
Ba8Au6.10Si38.97,700,2.95,Ba8 Au6.1 Si38.97,14,79,65,27.80252497,20.27075176,14,9,78,69,66.21933296,17.30139795,78,28.0855,196.966569,168.881069,63.96465057,52.69306568,28.0855,1000,1687,687,1543.246712,211.1198657,1687,2,14,12,11.84624081,3.163067476,14,3,6,3,3.797060486,1.170584027,3,111,215,104,129.5509704,27.24444383,111,0.89,2.54,1.65,1.821311475,0.280779793,1.9,1,2,1,1.885057471,0.203461488,2,0,2,2,1.468626343,0.780389351,2,0,10,10,1.149425287,2.034614876,0,0,14,14,1.609195402,2.848460827,0,2,25,23,6.112304503,4.341998965,4,0,1,1,0.114942529,0.203461488,0,0,4,4,2.937252685,1.560778702,4,0,0,0,0,0,0,0,0,0,0,0,0,0,4,4,3.052195214,1.391971077,4,16.7,63.59,46.89,26.51473149,11.1777708,20.44,0,0.773,0.773,0.567624081,0.301620484,0.773,0,0,0,0,0,0,225,229,4,227.0716035,0.581389548,227
La2.74Te4,400,1.17,La2.74 Te4,52,57,5,54.03264095,2.412630207,52,13,90,77,58.69732938,37.15450519,90,127.6,138.90547,11.30547,132.1959923,5.455183686,127.6,722.66,1193,470.34,913.8664688,226.9512983,722.66,3,16,13,10.71513353,6.272838539,16,5,6,1,5.40652819,0.482526041,5,138,207,69,166.0504451,33.29429686,138,1.1,2.1,1,1.69347181,0.482526041,2.1,2,2,0,2,0,2,0,4,4,2.37388724,1.930104166,4,1,10,9,6.341246291,4.342734373,10,0,0,0,0,0,0,3,16,13,10.71513353,6.272838539,16,0,0,0,0,0,0,0,2,2,1.18694362,0.965052083,2,0,9,9,3.658753709,4.342734373,0,0,0,0,0,0,0,2,9,7,4.845697329,3.37768229,2,34.76333333,36.8975,2.134166667,35.63093225,1.029790993,34.76333333,0,0.464,0.464,0.27537092,0.223892083,0.464,0,0,0,0,0,0,152,194,42,169.074184,20.26609374,152
Mg2Si0.9985Bi0.0015,700,3.29,Mg2 Si0.9985 Bi0.0015,12,83,71,12.70116667,0.934888889,12,68,86,18,71.33733333,4.449777778,68,24.305,208.9804,184.6754,25.65561412,1.800818822,24.305,544.4,1687,1142.6,1177.095367,339.4265176,923,2,15,13,6.0005,5.334,2,3,6,3,3.0015,0.0029985,3,111,148,37,131.0185,13.32564817,141,1.31,2.02,0.71,1.506726667,0.262302222,1.31,2,2,0,2,0,2,0,3,3,0.667166667,0.889555556,0,0,10,10,0.005,0.009995,0,0,14,14,0.007,0.013993,0,2,29,27,2.679166667,0.905555556,2,0,0,0,0,0,0,0,4,4,1.332833333,1.777111111,0,0,0,0,0,0,0,0,0,0,0,0,0,0,4,4,1.332833333,1.777111111,0,20.44,32.95,12.51,22.07958833,1.091419301,22.89,0,0.773,0.773,0.257280167,0.343297502,0,0,0,0,0,0,0,12,227,215,204.8925,14.71622583,194
Ca3Co4O9,1000,1.75,Ca3 Co4 O9,8,27,19,15,7.875,8,7,87,80,64.75,25.03125,87,15.9994,58.933195,42.933795,31.24758625,17.15420953,15.9994,54.8,1768,1713.2,681.8875,705.4734375,54.8,2,16,14,11.625,4.921875,16,2,4,2,2.875,0.984375,2,66,176,110,101.625,40.078125,66,1,3.44,2.44,2.5925,0.9534375,3.44,2,2,0,2,0,2,0,4,4,2.25,1.96875,4,0,7,7,1.75,2.625,0,0,0,0,0,0,0,2,9,7,6,1.5,6,0,0,0,0,0,0,0,2,2,1.125,0.984375,2,0,3,3,0.75,1.125,0,0,0,0,0,0,0,0,3,3,1.875,0.703125,2,9.105,37.77,28.665,14.7646875,8.626992188,9.105,0,0,0,0,0,0,0,1.5484712,1.5484712,0.3871178,0.5806767,0,12,225,213,97.4375,96.1171875,12
Ca0.9Tb0.1MnO3,400,1.571,Ca0.9 Tb0.1 Mn1 O3,8,65,57,14.7,8.04,8,7,87,80,64.44,27.072,87,15.9994,158.92535,142.92595,30.979796,17.9764752,15.9994,54.8,1629,1574.2,569.96,618.192,54.8,2,16,14,11.42,5.496,16,2,6,4,2.84,1.008,2,66,194,128,102.96,44.352,66,1,3.44,2.44,2.5782,1.03416,3.44,2,2,0,2,0,2,0,4,4,2.4,1.92,4,0,5,5,1,1.6,0,0,9,9,0.18,0.3528,0,2,11,9,5.58,1.2888,6,0,0,0,0,0,0,0,2,2,1.2,0.96,2,0,5,5,1,1.6,0,0,5,5,0.1,0.196,0,0,5,5,2.3,1.188,2,9.105,37.77,28.665,14.99385057,8.869126437,9.105,0,0,0,0,0,0,0,0.000310121,0.000310121,6.20E-05,9.92E-05,0,12,225,213,94.98,99.576,12
Mg2Si0.98Ag0.02,300,7.83,Mg2 Si0.98 Ag0.02,12,47,35,12.88666667,1.182222222,12,65,78,13,71.24666667,4.412177778,68,24.305,107.8682,83.5632,26.09705133,2.389401778,24.305,923,1687,764,1174.652867,335.5371556,923,2,14,12,5.98,5.306666667,2,3,5,2,3.013333333,0.026488889,3,111,145,34,131.2266667,13.21475556,141,1.31,1.93,0.62,1.506866667,0.262488889,1.31,1,2,1,1.993333333,0.013244444,2,0,2,2,0.653333333,0.879822222,0,0,10,10,0.066666667,0.132444444,0,0,0,0,0,0,0,2,11,9,2.713333333,0.951111111,2,0,1,1,0.006666667,0.013244444,0,0,4,4,1.306666667,1.759644444,0,0,0,0,0,0,0,0,0,0,0,0,0,0,4,4,1.313333333,1.755288889,0,16.33,22.89,6.56,22.04593333,1.125422222,22.89,0,0.773,0.773,0.252513333,0.340051289,0,0,0,0,0,0,0,194,227,33,204.9866667,14.64888889,194
CaYb0.15Mn0.85O3,700,1.67,Ca1 Yb0.15 Mn0.85 O3,8,70,62,15.15,8.58,8,7,87,80,63.61,28.068,87,15.9994,173.054,157.0546,32.14632765,19.37631318,15.9994,54.8,1519,1464.2,546.87,590.484,54.8,2,16,14,11.28,5.664,16,2,6,4,2.86,1.032,2,66,187,121,104.04,45.648,66,1,3.44,2.44,2.5653,1.04964,3.44,2,2,0,2,0,2,0,4,4,2.4,1.92,4,0,5,5,0.85,1.411,0,0,14,14,0.42,0.8148,0,2,16,14,5.67,1.468,6,0,0,0,0,0,0,0,2,2,1.2,0.96,2,0,5,5,0.85,1.411,0,0,0,0,0,0,0,0,5,5,2.05,1.003,2,9.105,37.77,28.665,15.82348966,9.876394759,9.105,0,0,0,0,0,0,0,0.000310121,0.000310121,5.27E-05,8.75E-05,0,12,225,213,95.84,100.608,12
CuCr0.99Mg0.01O2,700,5.704,Cu1 Cr0.99 Mg0.01 O2,8,29,21,17.22,9.2461,8,49,87,38,71.7975,15.2025,87,15.9994,63.546,47.5466,36.81599725,20.87915224,15.9994,54.8,2180,2125.2,908.7,853.9,54.8,2,16,14,12.24,3.76,16,2,4,2,2.9975,0.9975,2,66,141,75,100.755,34.755,66,1.31,3.44,2.13,2.609125,0.830875,3.44,1,2,1,1.5025,0.4999875,2,0,4,4,2,2,4,0,10,10,3.7375,3.7561875,0,0,0,0,0,0,0,2,11,9,7.24,1.88,6,0,1,1,0.4975,0.4999875,0,0,2,2,1,1,2,0,5,5,1.2375,1.8624375,0,0,0,0,0,0,0,0,6,6,2.735,1.616175,2,9.105,22.89,13.785,10.14675,1.04175,9.105,0,0,0,0,0,0,0,0,0,0,0,0,12,229,217,119.4125,107.4125,12
Pb1.8S1.8Ti2S4,300,2.9,Pb1.8 S5.8 Ti2,16,82,66,29.625,19.640625,16,43,88,45,77.3125,14.296875,88,32.065,207.2,175.135,68.19489583,52.12691406,32.065,388.36,1941,1552.64,751.6235417,495.5735243,388.36,4,16,12,13.125,3.802083333,16,3,6,3,3.770833333,0.931423611,3,105,160,55,124.1458333,23.13454861,105,1.54,2.58,1.04,2.316458333,0.323524306,2.58,2,2,0,2,0,2,0,4,4,2.791666667,1.460069444,4,0,10,10,2.291666667,2.890625,0,0,14,14,2.625,4.265625,0,4,28,24,9.708333333,6.859375,6,0,0,0,0,0,0,0,4,4,1.958333333,0.815972222,2,0,8,8,1.666666667,2.638888889,0,0,0,0,0,0,0,2,8,6,3.625,1.963541667,2,16.69,28.11,11.42,24.32727865,3.182199436,25.786875,0,2.202,2.202,1.330375,1.053213542,2.202,0,2.25E-05,2.25E-05,4.69E-06,7.43E-06,0,70,225,155,124.8958333,66.33246528,70
Nd2Cu0.98Zn0.02O4,400,11.1,Nd2 Cu0.98 Zn0.02 O4,8,60,52,25.86,20.41142857,8,19,87,68,64.3,25.96971429,87,15.9994,144.242,128.2426,59.43775429,49.64383347,15.9994,54.8,1357.77,1302.97,593.0954571,615.1948082,54.8,3,16,13,11.57428571,5.060391837,16,2,6,4,3.428571429,1.632653061,2,66,201,135,113.9714286,54.8244898,66,1.14,3.44,2.3,2.562142857,1.003265306,3.44,1,2,1,1.86,0.2408,2,0,4,4,2.285714286,1.959183673,4,0,10,10,1.428571429,2.448979592,0,0,4,4,1.142857143,1.632653061,0,6,12,6,6.717142857,1.229387755,6,0,1,1,0.14,0.2408,0,0,2,2,1.142857143,0.979591837,2,0,0,0,0,0,0,0,10,10,2.857142857,4.081632653,0,0,10,10,4.14,3.348571429,2,9.105,34.81,25.705,16.73825714,10.3267102,9.105,0,0,0,0,0,0,0,0,0,0,0,0,12,225,213,94.34,94.10285714,12
SrNd0.24Ti0.76O3,1000,3.22,Sr1 Nd0.24 Ti0.76 O3,8,60,52,18.624,12.7488,8,8,87,79,61.248,30.9024,87,15.9994,144.242,128.2426,41.32304,30.388368,15.9994,54.8,1941,1886.2,600.024,654.2688,54.8,2,16,14,10.752,6.2976,16,2,6,4,3.096,1.3152,2,66,201,135,112.568,55.8816,66,0.95,3.44,2.49,2.5428,1.07664,3.44,2,2,0,2,0,2,0,4,4,2.4,1.92,4,0,2,2,0.304,0.515584,0,0,4,4,0.192,0.365568,0,2,6,4,4.896,1.430784,6,0,0,0,0,0,0,0,2,2,1.2,0.96,2,0,8,8,1.216,2.062336,0,0,10,10,0.48,0.91392,0,0,10,10,2.896,2.2336,2,9.105,54.23,45.125,20.51676,14.85744704,9.105,0,0,0,0,0,0,0,2.25E-05,2.25E-05,3.43E-06,5.81E-06,0,12,225,213,91,94.8,12
Ca2Co2O5,1000,2.9,Ca2 Co2 O5,8,27,19,14.88888889,7.654320988,8,7,87,80,62.77777778,26.91358025,87,15.9994,58.933195,42.933795,30.89104333,16.54627037,15.9994,54.8,1768,1713.2,671.1111111,684.7901235,54.8,2,16,14,11.33333333,5.185185185,16,2,4,2,2.888888889,0.987654321,2,66,176,110,103.7777778,41.97530864,66,1,3.44,2.44,2.551111111,0.987654321,3.44,2,2,0,2,0,2,0,4,4,2.222222222,1.975308642,4,0,7,7,1.555555556,2.419753086,0,0,0,0,0,0,0,2,9,7,5.777777778,1.679012346,6,0,0,0,0,0,0,0,2,2,1.111111111,0.987654321,2,0,3,3,0.666666667,1.037037037,0,0,0,0,0,0,0,0,3,3,1.777777778,0.790123457,2,9.105,37.77,28.665,15.72833333,9.796296296,9.105,0,0,0,0,0,0,0,1.5484712,1.5484712,0.344104711,0.535273995,0,12,225,213,99.77777778,97.5308642,12
Mg2Si0.6Ge0.4Bi0.02,300,2.98,Mg2 Si0.6 Ge0.4 Bi0.02,12,83,71,15.51655629,5.260295601,12,68,86,18,71.56291391,4.719091268,68,24.305,208.9804,184.6754,32.68109536,12.92023043,24.305,544.4,1687,1142.6,1110.47947,255.8149204,923,2,15,13,6.059602649,5.376957151,2,3,6,3,3.152317881,0.262269199,3,111,148,37,132.3046358,11.72492435,141,1.31,2.02,0.71,1.524635762,0.284285777,1.31,2,2,0,2,0,2,0,3,3,0.682119205,0.903469146,0,0,10,10,1.390728477,2.394631814,0,0,14,14,0.092715232,0.184202447,0,2,29,27,4.165562914,2.934081839,2,0,0,0,0,0,0,0,4,4,1.344370861,1.780623657,0,0,0,0,0,0,0,0,0,0,0,0,0,0,4,4,1.344370861,1.780623657,0,20.44,32.95,12.51,22.48509934,0.812622253,22.89,0,0.773,0.773,0.204304636,0.273308188,0,0,0,0,0,0,0,12,227,215,203.4569536,15.0616201,194
Si0.79936Ge0.19984B0.0008,700,3.817,Si0.79936 Ge0.19984 B0.0008,5,32,27,17.58992,5.759420774,14,72,79,7,78.19504,0.321726413,78,10.811,72.64,61.829,36.97545168,14.25440667,28.0855,1211.4,2348,1136.6,1592.484896,152.3120112,1687,13,14,1,13.9992,0.00159872,14,2,4,2,3.19904,0.320127693,3,84,120,36,112.77696,2.886904627,111,1.9,2.04,0.14,1.9220944,0.035322759,1.9,2,2,0,2,0,2,1,2,1,1.9992,0.00159872,2,0,10,10,1.9984,3.198079488,0,0,0,0,0,0,0,3,14,11,5.9976,3.198399232,4,0,0,0,0,0,0,4,5,1,4.0008,0.00159872,4,0,0,0,0,0,0,0,0,0,0,0,0,4,5,1,4.0008,0.00159872,4,7.1725,23.005,15.8325,20.9419756,0.824549592,20.44,0.383,1.524,1.141,0.6956632,0.124965228,0.773,0,0,0,0,0,0,166,227,61,226.55152,0.716993946,227
Nd2Cu0.98Zn0.02O4,700,5.22,Nd2 Cu0.98 Zn0.02 O4,8,60,52,25.86,20.41142857,8,19,87,68,64.3,25.96971429,87,15.9994,144.242,128.2426,59.43775429,49.64383347,15.9994,54.8,1357.77,1302.97,593.0954571,615.1948082,54.8,3,16,13,11.57428571,5.060391837,16,2,6,4,3.428571429,1.632653061,2,66,201,135,113.9714286,54.8244898,66,1.14,3.44,2.3,2.562142857,1.003265306,3.44,1,2,1,1.86,0.2408,2,0,4,4,2.285714286,1.959183673,4,0,10,10,1.428571429,2.448979592,0,0,4,4,1.142857143,1.632653061,0,6,12,6,6.717142857,1.229387755,6,0,1,1,0.14,0.2408,0,0,2,2,1.142857143,0.979591837,2,0,0,0,0,0,0,0,10,10,2.857142857,4.081632653,0,0,10,10,4.14,3.348571429,2,9.105,34.81,25.705,16.73825714,10.3267102,9.105,0,0,0,0,0,0,0,0,0,0,0,0,12,225,213,94.34,94.10285714,12
ZnO,300,48.7,Zn1 O1,8,30,22,19,11,8,69,87,18,78,9,69,15.9994,65.38,49.3806,40.6897,24.6903,15.9994,54.8,692.68,637.88,373.74,318.94,54.8,12,16,4,14,2,12,2,4,2,3,1,2,66,122,56,94,28,66,1.65,3.44,1.79,2.545,0.895,1.65,2,2,0,2,0,2,0,4,4,2,2,0,0,10,10,5,5,0,0,0,0,0,0,0,6,12,6,9,3,6,0,0,0,0,0,0,0,2,2,1,1,0,0,0,0,0,0,0,0,0,0,0,0,0,0,2,2,1,1,0,9.105,13.96,4.855,11.5325,2.4275,9.105,0,0,0,0,0,0,0,0,0,0,0,0,12,194,182,103,91,12
In1.8Ge0.2O3,1000,1.631,In1.8 Ge0.2 O3,8,49,41,23.72,18.864,8,75,87,12,82.36,5.568,87,15.9994,114.818,98.8186,53.83972,45.408384,15.9994,54.8,1211.4,1156.6,236.046,217.4952,54.8,13,16,3,14.84,1.392,16,2,5,3,3.16,1.392,2,66,142,76,95.52,35.424,66,1.78,3.44,1.66,2.7852,0.78576,3.44,2,2,0,2,0,2,1,4,3,2.84,1.392,4,0,10,10,4,4.8,0,0,0,0,0,0,0,6,14,8,8.84,3.408,6,0,0,0,0,0,0,2,5,3,3.16,1.392,2,0,0,0,0,0,0,0,0,0,0,0,0,2,5,3,3.16,1.392,2,9.105,24.26,15.155,15.1168,7.21416,9.105,0,0.383,0.383,0.01532,0.0294144,0,0,0,0,0,0,0,12,225,213,66.24,65.088,12
Ca0.9Y0.1MnO3,300,1.489,Ca0.9 Y0.1 Mn1 O3,8,39,31,14.18,7.416,8,7,87,80,64.1,27.48,87,15.9994,88.90585,72.90645,29.579406,16.2960072,15.9994,54.8,1799,1744.2,573.36,622.272,54.8,2,16,14,11.42,5.496,16,2,5,3,2.82,0.984,2,66,190,124,102.88,44.256,66,1,3.44,2.44,2.5784,1.03392,3.44,2,2,0,2,0,2,0,4,4,2.4,1.92,4,0,5,5,1.02,1.592,0,0,0,0,0,0,0,2,7,5,5.42,1.328,6,0,0,0,0,0,0,0,2,2,1.2,0.96,2,0,9,9,1.18,1.8408,0,0,0,0,0,0,0,0,9,9,2.38,1.3128,2,9.105,37.77,28.665,15.00641724,8.889233103,9.105,0,0,0,0,0,0,0,0.000310121,0.000310121,6.20E-05,9.92E-05,0,12,225,213,94.98,99.576,12
NbCo1.05Sn,400,7.01,Nb1 Co1.05 Sn1,27,50,23,39.13114754,8.352593389,27,47,80,33,61.60655738,12.06127385,58,58.933195,118.71,59.776805,89.67089664,21.16366342,58.933195,505.08,2750,2244.92,1675.895082,767.7475947,1768,5,14,9,9.327868852,3.063692556,9,4,5,1,4.655737705,0.451491535,4,126,164,38,142.7213115,13.95323838,126,1.6,1.96,0.36,1.81442623,0.140607364,1.88,1,2,1,1.672131148,0.440741736,2,0,2,2,0.655737705,0.881483472,0,4,10,6,7,1.967213115,7,0,0,0,0,0,0,5,14,9,9.327868852,3.063692556,9,0,1,1,0.327868852,0.440741736,0,0,4,4,1.31147541,1.762966944,0,0,6,6,3,1.967213115,3,0,0,0,0,0,0,3,7,4,4.639344262,1.547970976,3,10.245,33.285,23.04,20.4007377,8.448696587,10.245,0,0,0,0,0,0,0,1.5484712,1.5484712,0.533080249,0.699121638,1.5484712,141,229,88,188.0983607,30.88417092,194
SrNd0.2Ti0.8O3,700,3.45,Sr1 Nd0.2 Ti0.8 O3,8,60,52,18.32,12.384,8,8,87,79,61.44,30.672,87,15.9994,144.242,128.2426,40.55204,29.463168,15.9994,54.8,1941,1886.2,605.2,660.48,54.8,2,16,14,10.76,6.288,16,2,6,4,3.08,1.296,2,66,201,135,112.24,55.488,66,0.95,3.44,2.49,2.546,1.0728,3.44,2,2,0,2,0,2,0,4,4,2.4,1.92,4,0,2,2,0.32,0.5376,0,0,4,4,0.16,0.3072,0,2,6,4,4.88,1.4336,6,0,0,0,0,0,0,0,2,2,1.2,0.96,2,0,8,8,1.28,2.1504,0,0,10,10,0.4,0.768,0,0,10,10,2.88,2.208,2,9.105,54.23,45.125,20.3718,14.698336,9.105,0,0,0,0,0,0,0,2.25E-05,2.25E-05,3.61E-06,6.06E-06,0,12,225,213,91,94.8,12
Cr1.3Mo6S8,300,1.938,Cr1.3 Mo6 S8,16,42,26,26.87581699,11.86210432,16,49,88,39,69.78431373,19.04908369,88,32.065,95.96,63.895,58.8153549,29.13305498,32.065,388.36,2896,2507.64,1523.979085,1187.575514,388.36,6,16,10,11.22875817,4.98953394,16,3,5,2,3.869281046,0.909052074,3,105,154,49,127.1045752,23.1158956,105,1.66,2.58,0.92,2.337124183,0.253987782,2.58,1,2,1,1.522875817,0.498953394,2,0,4,4,2.091503268,1.995813576,4,0,5,5,2.385620915,2.49476697,0,0,0,0,0,0,0,6,6,0,6,8.88E-16,6,0,1,1,0.477124183,0.498953394,0,0,2,2,1.045751634,0.997906788,2,0,5,5,2.385620915,2.49476697,0,0,0,0,0,0,0,2,6,4,3.908496732,1.995813576,2,11.19,25.786875,14.596875,20.58705882,5.437716263,25.786875,0,2.202,2.202,1.151372549,1.098695374,2.202,0,0,0,0,0,0,70,229,159,145.8627451,79.33358965,70
Ba8Au5.59Si39.01,300,1.77,Ba8 Au5.59 Si39.01,14,79,65,27.29562738,19.72100471,14,9,78,69,66.23041825,17.45746707,78,28.0855,196.966569,168.881069,62.64780372,51.26522693,28.0855,1000,1687,687,1545.352561,210.1013917,1687,2,14,12,11.85608365,3.180006723,14,3,6,3,3.775095057,1.149675216,3,111,215,104,129.4743346,27.40242558,111,0.89,2.54,1.65,1.814403042,0.281187237,1.9,1,2,1,1.893726236,0.189959303,2,0,2,2,1.483269962,0.766450144,2,0,10,10,1.062737643,1.899593026,0,0,14,14,1.4878327,2.659430236,0,2,25,23,5.92756654,4.053798595,4,0,1,1,0.106273764,0.189959303,0,0,4,4,2.966539924,1.532900288,4,0,0,0,0,0,0,0,0,0,0,0,0,0,4,4,3.072813688,1.375267605,4,16.7,63.59,46.89,26.60527376,11.25010684,20.44,0,0.773,0.773,0.57328384,0.296232981,0.773,0,0,0,0,0,0,225,229,4,227.091635,0.580491261,227
In1.994Ge0.006O3,700,4.584,In1.994 Ge0.006 O3,8,49,41,24.3796,19.65552,8,75,87,12,82.2048,5.75424,87,15.9994,114.818,98.8186,55.4762264,47.37219168,15.9994,54.8,1211.4,1156.6,205.71798,181.101576,54.8,13,16,3,14.8012,1.43856,16,2,5,3,3.1988,1.43856,2,66,142,76,96.3736,36.44832,66,1.78,3.44,1.66,2.776276,0.7964688,3.44,2,2,0,2,0,2,1,4,3,2.8012,1.43856,4,0,10,10,4,4.8,0,0,0,0,0,0,0,6,14,8,8.8012,3.36144,6,0,0,0,0,0,0,2,5,3,3.1988,1.43856,2,0,0,0,0,0,0,0,0,0,0,0,0,2,5,3,3.1988,1.43856,2,9.105,24.26,15.155,15.165494,7.2725928,9.105,0,0.383,0.383,0.0004596,0.000918097,0,0,0,0,0,0,0,12,225,213,62.9032,61.08384,12
Ba8Ga16Ge30,300,1.52,Ba8 Ga16 Ge30,31,56,25,35.25925926,6.145404664,32,9,79,70,67.14814815,17.22908093,79,69.723,137.327,67.604,81.35896296,16.58312209,72.64,302.91,1211.4,908.49,910.8992593,360.2899314,1211.4,2,14,12,11.92592593,2.941015089,14,4,6,2,4.296296296,0.504801097,4,120,215,95,134.6666667,23.80246914,120,0.89,2.01,1.12,1.784814815,0.265130316,2.01,2,2,0,2,0,2,0,2,2,1.407407407,0.658436214,2,0,10,10,8.518518519,2.524005487,10,0,0,0,0,0,0,2,14,12,11.92592593,2.941015089,14,0,0,0,0,0,0,0,5,5,3.703703704,1.09739369,4,0,0,0,0,0,0,0,0,0,0,0,0,0,5,5,3.703703704,1.09739369,4,18.8575,63.59,44.7325,27.7887037,10.6077915,23.005,0,0.383,0.383,0.212777778,0.189135802,0.383,0,0,0,0,0,0,64,229,165,177.8888889,67.48971193,225
Pb0.97Sr0.02TeNa0.01,300,3.065,Pb0.97 Sr0.02 Te1 Na0.01,11,82,71,66.205,15.32115,52,2,90,88,84.375,5.625,90,22.98976928,207.2,184.2102307,165.2831488,40.65934562,127.6,370.87,1050,679.13,664.9802,65.380196,722.66,1,16,15,14.815,1.185,16,3,6,3,5.475,0.50925,5,138,195,57,142.59,4.59,138,0.93,2.33,1.4,2.1942,0.131726,2.1,1,2,1,1.995,0.00995,2,0,4,4,2.97,1.03,4,0,10,10,9.85,0.2955,10,0,14,14,6.79,6.9937,0,1,28,27,21.605,6.20315,16,0,1,1,0.005,0.00995,0,0,4,4,2.94,1.0282,2,0,0,0,0,0,0,0,0,0,0,0,0,0,4,4,2.945,1.02335,2,28.11,54.23,26.12,31.70353333,3.510329333,34.76333333,0,0.464,0.464,0.232,0.232,0.464,0,0,0,0,0,0,152,229,77,188.52,36.52,152
La3Te3.65Sb0.35,400,2.06,La3 Te3.65 Sb0.35,51,57,6,54.09285714,2.491836735,52,13,90,77,56.75,37.5,90,121.76,138.90547,17.14547,132.1532014,5.787658776,127.6,722.66,1193,470.34,933.2902857,222.6083265,722.66,3,16,13,10.37857143,6.324489796,16,5,6,1,5.428571429,0.489795918,5,138,207,69,167.6214286,33.75306122,138,1.1,2.1,1,1.668928571,0.487653061,2.1,2,2,0,2,0,2,0,4,4,2.235714286,1.916326531,4,1,10,9,6.142857143,4.408163265,10,0,0,0,0,0,0,3,16,13,10.37857143,6.324489796,16,0,0,0,0,0,0,0,3,3,1.192857143,1.02244898,2,0,9,9,3.857142857,4.408163265,0,0,0,0,0,0,0,2,9,7,5.05,3.385714286,2,31.56,36.8975,5.3375,35.51780952,1.182591837,34.76333333,0,0.464,0.464,0.241942857,0.231573878,0.464,0,0,0,0,0,0,152,194,42,170.7,19.97142857,152
CaMnO3,400,3.178,Ca1 Mn1 O3,8,25,17,13.8,6.96,8,7,87,80,64,27.6,87,15.9994,54.938045,38.938645,28.602849,15.1241388,15.9994,54.8,1519,1464.2,559.68,605.856,54.8,2,16,14,11.4,5.52,16,2,4,2,2.8,0.96,2,66,176,110,102.6,43.92,66,1,3.44,2.44,2.574,1.0392,3.44,2,2,0,2,0,2,0,4,4,2.4,1.92,4,0,5,5,1,1.6,0,0,0,0,0,0,0,2,7,5,5.4,1.36,6,0,0,0,0,0,0,0,2,2,1.2,0.96,2,0,5,5,1,1.6,0,0,0,0,0,0,0,0,5,5,2.2,1.12,2,9.105,37.77,28.665,15.11451724,9.062193103,9.105,0,0,0,0,0,0,0,0.000310121,0.000310121,6.20E-05,9.92E-05,0,12,225,213,95.6,100.32,12
Pb0.98TeNa0.02,400,3.18,Pb0.98 Te1 Na0.02,11,82,71,66.29,15.3958,52,2,90,88,84.71,5.29,90,22.98976928,207.2,184.2102307,165.5578977,40.80926026,127.6,370.87,722.66,351.79,659.3376,63.3224,722.66,1,16,15,14.87,1.13,16,3,6,3,5.47,0.5194,5,138,166,28,142.2,4.2,138,0.93,2.33,1.4,2.201,0.12642,2.1,1,2,1,1.99,0.0198,2,0,4,4,2.98,1.02,4,0,10,10,9.9,0.198,10,0,14,14,6.86,6.9972,0,1,28,27,21.73,6.1446,16,0,1,1,0.01,0.0198,0,0,4,4,2.96,1.0192,2,0,0,0,0,0,0,0,0,0,0,0,0,1,4,3,2.97,1.0094,2,28.11,34.76333333,6.653333333,31.448,3.315333333,34.76333333,0,0.464,0.464,0.232,0.232,0.464,0,0,0,0,0,0,152,229,77,188.54,36.54,152
Ca2.4Na0.3Bi0.3Co4O9,300,2,Ca2.4 Na0.3 Bi0.3 Co4 O9,8,83,75,16.0125,9.20203125,8,2,87,85,66.1375,24.21515625,87,15.9994,208.9804,192.981,34.09410192,20.77295214,15.9994,54.8,1768,1713.2,657.2363125,692.71095,54.8,1,16,15,11.85,4.786875,16,2,6,4,2.89375,1.00546875,2,66,176,110,100.9125,39.2765625,66,0.93,3.44,2.51,2.6103125,0.933398438,3.44,1,2,1,1.98125,0.036796875,2,0,4,4,2.30625,1.931484375,4,0,10,10,1.9375,2.83359375,0,0,14,14,0.2625,0.51515625,0,1,29,28,6.4875,2.10046875,6,0,1,1,0.01875,0.036796875,0,0,3,3,1.18125,0.989296875,2,0,3,3,0.75,1.125,0,0,0,0,0,0,0,0,3,3,1.95,0.620625,2,9.105,37.77,28.665,14.5144375,8.220335937,9.105,0,0,0,0,0,0,0,1.5484712,1.5484712,0.3871178,0.5806767,0,12,229,217,93.51875,94.76554688,12
CaYb0.15Mn0.85O3,400,1.571,Ca1 Yb0.15 Mn0.85 O3,8,70,62,15.15,8.58,8,7,87,80,63.61,28.068,87,15.9994,173.054,157.0546,32.14632765,19.37631318,15.9994,54.8,1519,1464.2,546.87,590.484,54.8,2,16,14,11.28,5.664,16,2,6,4,2.86,1.032,2,66,187,121,104.04,45.648,66,1,3.44,2.44,2.5653,1.04964,3.44,2,2,0,2,0,2,0,4,4,2.4,1.92,4,0,5,5,0.85,1.411,0,0,14,14,0.42,0.8148,0,2,16,14,5.67,1.468,6,0,0,0,0,0,0,0,2,2,1.2,0.96,2,0,5,5,0.85,1.411,0,0,0,0,0,0,0,0,5,5,2.05,1.003,2,9.105,37.77,28.665,15.82348966,9.876394759,9.105,0,0,0,0,0,0,0,0.000310121,0.000310121,5.27E-05,8.75E-05,0,12,225,213,95.84,100.608,12
Ca0.9Ho0.1MnO3,1000,1.471,Ca0.9 Ho0.1 Mn1 O3,8,67,59,14.74,8.088,8,7,87,80,64.52,26.976,87,15.9994,164.93032,148.93092,31.0998954,18.12059448,15.9994,54.8,1747,1692.2,572.32,621.024,54.8,2,16,14,11.42,5.496,16,2,6,4,2.84,1.008,2,66,192,126,102.92,44.304,66,1,3.44,2.44,2.5786,1.03368,3.44,2,2,0,2,0,2,0,4,4,2.4,1.92,4,0,5,5,1,1.6,0,0,11,11,0.22,0.4312,0,2,13,11,5.62,1.3032,6,0,0,0,0,0,0,0,2,2,1.2,0.96,2,0,5,5,1,1.6,0,0,3,3,0.06,0.1176,0,0,5,5,2.26,1.1256,2,9.105,37.77,28.665,14.97378391,8.83701977,9.105,0,0,0,0,0,0,0,0.000310121,0.000310121,6.20E-05,9.92E-05,0,12,225,213,94.98,99.576,12
NbCo1.10Sn,700,6.232,Nb1 Co1.1 Sn1,27,50,23,38.93548387,8.470343392,27,47,80,33,61.5483871,11.90426639,58,58.933195,118.71,59.776805,89.17512726,21.46201644,58.933195,505.08,2750,2244.92,1677.380645,756.3229969,1768,5,14,9,9.322580645,3.017689906,9,4,5,1,4.64516129,0.4578564,4,126,164,38,142.4516129,13.90218522,126,1.6,1.96,0.36,1.815483871,0.139021852,1.88,1,2,1,1.677419355,0.437044745,2,0,2,2,0.64516129,0.87408949,0,4,10,6,7,1.935483871,7,0,0,0,0,0,0,5,14,9,9.322580645,3.017689906,9,0,1,1,0.322580645,0.437044745,0,0,4,4,1.290322581,1.74817898,0,0,6,6,3,1.935483871,3,0,0,0,0,0,0,3,7,4,4.612903226,1.540062435,3,10.245,33.285,23.04,20.23693548,8.418106139,10.245,0,0,0,0,0,0,0,1.5484712,1.5484712,0.549457523,0.708977448,1.5484712,141,229,88,188.1935484,30.44745057,194
Mg2Si0.995Bi0.005,400,5.41,Mg2 Si0.995 Bi0.005,12,83,71,12.78166667,1.042222222,12,68,86,18,71.34666667,4.462222222,68,24.305,208.9804,184.6754,25.86665817,2.082210889,24.305,544.4,1687,1142.6,1175.762333,339.1209856,923,2,15,13,6.001666667,5.335555556,2,3,6,3,3.005,0.009983333,3,111,148,37,131.0616667,13.30757222,141,1.31,2.02,0.71,1.506866667,0.262488889,1.31,2,2,0,2,0,2,0,3,3,0.668333333,0.891111111,0,0,10,10,0.016666667,0.033277778,0,0,14,14,0.023333333,0.046588889,0,2,29,27,2.708333333,0.944444444,2,0,0,0,0,0,0,0,4,4,1.331666667,1.775555556,0,0,0,0,0,0,0,0,0,0,0,0,0,0,4,4,1.331666667,1.775555556,0,20.44,32.95,12.51,22.09418333,1.097274944,22.89,0,0.773,0.773,0.256378333,0.342692372,0,0,0,0,0,0,0,12,227,215,204.6416667,14.83102778,194
NbCo1.10Sn,300,5.802,Nb1 Co1.1 Sn1,27,50,23,38.93548387,8.470343392,27,47,80,33,61.5483871,11.90426639,58,58.933195,118.71,59.776805,89.17512726,21.46201644,58.933195,505.08,2750,2244.92,1677.380645,756.3229969,1768,5,14,9,9.322580645,3.017689906,9,4,5,1,4.64516129,0.4578564,4,126,164,38,142.4516129,13.90218522,126,1.6,1.96,0.36,1.815483871,0.139021852,1.88,1,2,1,1.677419355,0.437044745,2,0,2,2,0.64516129,0.87408949,0,4,10,6,7,1.935483871,7,0,0,0,0,0,0,5,14,9,9.322580645,3.017689906,9,0,1,1,0.322580645,0.437044745,0,0,4,4,1.290322581,1.74817898,0,0,6,6,3,1.935483871,3,0,0,0,0,0,0,3,7,4,4.612903226,1.540062435,3,10.245,33.285,23.04,20.23693548,8.418106139,10.245,0,0,0,0,0,0,0,1.5484712,1.5484712,0.549457523,0.708977448,1.5484712,141,229,88,188.1935484,30.44745057,194
In0.3Co4Sb12,400,2.159,In0.3 Co4 Sb12,27,51,24,45.07361963,8.870488163,51,58,85,27,78.19018405,10.02672287,85,58.933195,121.76,62.826805,106.2146123,23.20560357,121.76,429.75,1768,1338.25,1107.134049,324.351387,903.78,9,15,6,13.49079755,2.222138583,15,4,5,1,4.754601227,0.37035643,5,126,142,16,135.8650307,4.841732847,139,1.78,2.05,0.27,2.003312883,0.068741767,2.05,2,2,0,2,0,2,0,3,3,2.226993865,1.138168542,3,7,10,3,9.263803681,1.111069291,10,0,0,0,0,0,0,9,15,6,13.49079755,2.222138583,15,0,0,0,0,0,0,0,5,5,2.300613497,1.129135459,3,0,3,3,0.736196319,1.111069291,0,0,0,0,0,0,0,3,5,2,3.036809816,0.072264669,3,10.245,31.56,21.315,26.19496933,7.899431668,31.56,0,0,0,0,0,0,0,1.5484712,1.5484712,0.379992933,0.573486266,0,139,194,55,172.3742331,10.61387331,166
Nd2CuO4,700,4.19,Nd2 Cu1 O4,8,60,52,25.85714286,20.40816327,8,19,87,68,64.28571429,25.95918367,87,15.9994,144.242,128.2426,59.43251429,49.6378449,15.9994,54.8,1357.77,1302.97,594.9957143,617.3665306,54.8,3,16,13,11.57142857,5.06122449,16,2,6,4,3.428571429,1.632653061,2,66,201,135,114,54.85714286,66,1.14,3.44,2.3,2.562857143,1.00244898,3.44,1,2,1,1.857142857,0.244897959,2,0,4,4,2.285714286,1.959183673,4,0,10,10,1.428571429,2.448979592,0,0,4,4,1.142857143,1.632653061,0,6,11,5,6.714285714,1.224489796,6,0,1,1,0.142857143,0.244897959,0,0,2,2,1.142857143,0.979591837,2,0,0,0,0,0,0,0,10,10,2.857142857,4.081632653,0,1,10,9,4.142857143,3.346938776,2,9.105,34.81,25.705,16.73,10.33142857,9.105,0,0,0,0,0,0,0,0,0,0,0,0,12,225,213,94.42857143,94.20408163,12
Ca4.95Na0.05Al2Sb6,400,1.2,Ca4.95 Na0.05 Al2 Sb6,11,51,40,33.19615385,16.43431953,51,2,85,83,53.13461538,35.52662722,85,22.98976928,121.76,98.77023072,75.69682044,42.51985806,121.76,370.87,1115,744.13,986.7241154,97.68701982,903.78,1,15,14,9.688461538,5.921893491,15,3,5,2,4.303846154,0.64260355,5,121,176,55,150.4230769,19.59763314,139,0.93,2.05,1.12,1.578192308,0.445301775,2.05,1,2,1,1.996153846,0.007662722,2,0,3,3,1.538461538,1.349112426,3,0,10,10,4.615384615,4.970414201,10,0,0,0,0,0,0,1,15,14,8.15,6.323076923,15,0,1,1,0.003846154,0.007662722,0,0,5,5,2.153846154,1.656804734,3,0,0,0,0,0,0,0,0,0,0,0,0,0,5,5,2.157692308,1.652071006,3,16.48,37.77,21.29,31.59566667,4.701992308,31.56,0,0,0,0,0,0,0,0,0,0,0,0,166,229,63,197.7846154,29.33964497,166
Ti0.98Nb0.02NiSn,1000,5.975,Ti0.98 Nb0.02 Ni1 Sn1,22,50,28,33.46,11.1272,28,43,80,37,61.36,12.42666667,61,47.867,118.71,70.843,75.39039587,29.11328254,58.6934,505.08,2750,2244.92,1396.753333,594.4488889,505.08,4,14,10,9.34,3.546666667,10,4,5,1,4.34,0.4488,4,124,164,40,141.0266667,12.70222222,124,1.54,1.96,0.42,1.803733333,0.175022222,1.91,1,2,1,1.993333333,0.013244444,2,0,2,2,0.666666667,0.888888889,0,2,10,8,6.68,3.093333333,8,0,0,0,0,0,0,4,14,10,9.34,3.546666667,10,0,1,1,0.006666667,0.013244444,0,0,4,4,1.333333333,1.777777778,0,0,8,8,3.32,3.093333333,0,0,0,0,0,0,0,2,8,6,4.66,2.213333333,2,10.32,33.285,22.965,20.10826667,8.784488889,10.32,0,0,0,0,0,0,0,0.5953947,0.5953947,0.198472261,0.264614959,0,141,229,88,186.9,30.6,141
CuCrO2,1000,3.708,Cu1 Cr1 O2,8,29,21,17.25,9.25,8,49,87,38,71.75,15.25,87,15.9994,63.546,47.5466,36.885225,20.885825,15.9994,54.8,2180,2125.2,911.8425,857.0425,54.8,6,16,10,12.25,3.75,16,2,4,2,3,1,2,66,139,73,100.75,34.75,66,1.66,3.44,1.78,2.61,0.83,3.44,1,2,1,1.5,0.5,2,0,4,4,2,2,4,0,10,10,3.75,3.75,0,0,0,0,0,0,0,6,11,5,7.25,1.875,6,0,1,1,0.5,0.5,0,0,2,2,1,1,2,0,5,5,1.25,1.875,0,0,0,0,0,0,0,1,6,5,2.75,1.625,2,9.105,11.19,2.085,10.1175,1.0125,9.105,0,0,0,0,0,0,0,0,0,0,0,0,12,229,217,119.5,107.5,12
Ca0.9Yb0.1MnO3,1000,1.588,Ca0.9 Yb0.1 Mn1 O3,8,70,62,14.8,8.16,8,7,87,80,64.64,26.832,87,15.9994,173.054,157.0546,31.262369,18.3155628,15.9994,54.8,1519,1464.2,559.22,605.304,54.8,2,16,14,11.42,5.496,16,2,6,4,2.84,1.008,2,66,187,121,102.82,44.184,66,1,3.44,2.44,2.5792,1.03296,3.44,2,2,0,2,0,2,0,4,4,2.4,1.92,4,0,5,5,1,1.6,0,0,14,14,0.28,0.5488,0,2,16,14,5.68,1.3248,6,0,0,0,0,0,0,0,2,2,1.2,0.96,2,0,5,5,1,1.6,0,0,0,0,0,0,0,0,5,5,2.2,1.12,2,9.105,37.77,28.665,15.04151724,8.945393103,9.105,0,0,0,0,0,0,0,0.000310121,0.000310121,6.20E-05,9.92E-05,0,12,225,213,95.6,100.32,12
Ba8Ga18Ge28,300,1.5,Ba8 Ga18 Ge28,31,56,25,35.22222222,6.156378601,32,9,79,70,66.96296296,17.17421125,79,69.723,137.327,67.604,81.25092593,16.61513306,72.64,302.91,1211.4,908.49,877.2514815,382.894321,1211.4,2,14,12,11.88888889,2.930041152,14,4,6,2,4.296296296,0.504801097,4,120,215,95,134.7407407,23.78052126,120,0.89,2.01,1.12,1.777407407,0.262935528,2.01,2,2,0,2,0,2,0,2,2,1.37037037,0.652949246,2,0,10,10,8.518518519,2.524005487,10,0,0,0,0,0,0,2,14,12,11.88888889,2.930041152,14,0,0,0,0,0,0,0,5,5,3.740740741,1.108367627,4,0,0,0,0,0,0,0,0,0,0,0,0,0,5,5,3.740740741,1.108367627,4,18.8575,63.59,44.7325,27.63509259,10.6533059,23.005,0,0.383,0.383,0.198592593,0.191237311,0.383,0,0,0,0,0,0,64,229,165,171.9259259,71.95061728,225
Sr3Ti1.6Nb0.4O7,700,2.72,Sr3 Ti1.6 Nb0.4 O7,8,41,33,18.46666667,12.21111111,8,8,87,79,60.05,31.44166667,87,15.9994,92.90638,76.90698,40.71712933,28.83735089,15.9994,54.8,2750,2695.2,644.9333333,688.4888889,54.8,2,16,14,10.53333333,6.377777778,16,2,5,3,3.116666667,1.302777778,2,66,195,129,114.05,56.05833333,66,0.95,3.44,2.49,2.502833333,1.093361111,3.44,1,2,1,1.966666667,0.064444444,2,0,4,4,2.333333333,1.944444444,4,0,4,4,0.4,0.666666667,0,0,0,0,0,0,0,2,6,4,4.7,1.536666667,6,0,1,1,0.033333333,0.064444444,0,0,2,2,1.166666667,0.972222222,2,0,8,8,1.266666667,2.111111111,0,0,0,0,0,0,0,0,8,8,2.466666667,1.777777778,2,9.105,54.23,45.125,21.70008333,16.26495833,9.105,0,0,0,0,0,0,0,2.25E-05,2.25E-05,3.00E-06,5.21E-06,0,12,229,217,96.75,98.875,12
Zr0.5Hf0.5NiSn,700,3.274,Zr0.5 Hf0.5 Ni1 Sn1,28,72,44,44.66666667,12.66666667,28,44,80,36,61.83333333,12.11111111,61,58.6934,178.49,119.7966,104.0868,34.54986667,58.6934,505.08,2506,2000.92,1516.693333,674.4088889,505.08,4,14,10,9.333333333,3.555555556,10,4,6,2,4.833333333,0.555555556,4,124,175,51,146,19.33333333,124,1.3,1.96,0.66,1.728333333,0.275555556,1.91,2,2,0,2,0,2,0,2,2,0.666666667,0.888888889,0,2,10,8,6.666666667,3.111111111,8,0,14,14,2.333333333,3.888888889,0,4,18,14,11.66666667,3.666666667,10,0,0,0,0,0,0,0,4,4,1.333333333,1.777777778,0,0,8,8,3.333333333,3.111111111,0,0,0,0,0,0,0,2,8,6,4.666666667,2.222222222,2,10.32,33.285,22.965,22.10083333,7.853888889,10.32,0,0,0,0,0,0,0,0.5953947,0.5953947,0.1984649,0.264619867,0,141,225,84,186.6666667,30.44444444,141
Zr0.95Nb0.05NiSn,300,8.859,Zr0.95 Nb0.05 Ni1 Sn1,28,50,22,39.35,7.566666667,28,44,80,36,61.71666667,12.18888889,61,58.6934,118.71,60.0166,89.57050633,20.58473756,58.6934,505.08,2750,2244.92,1464.06,639.32,505.08,4,14,10,9.35,3.533333333,10,4,5,1,4.666666667,0.444444444,4,124,175,51,145.8166667,19.08888889,124,1.33,1.96,0.63,1.737833333,0.262888889,1.91,1,2,1,1.983333333,0.032777778,2,0,2,2,0.666666667,0.888888889,0,2,10,8,6.7,3.066666667,8,0,0,0,0,0,0,4,14,10,9.35,3.533333333,10,0,1,1,0.016666667,0.032777778,0,0,4,4,1.333333333,1.777777778,0,0,8,8,3.3,3.066666667,0,0,0,0,0,0,0,2,8,6,4.65,2.2,2,10.32,33.285,22.965,22.18308333,8.042158333,10.32,0,0,0,0,0,0,0,0.5953947,0.5953947,0.1984649,0.264619867,0,141,229,88,187.25,30.83333333,141
Ba8Ga16Ge30,1000,1.26,Ba8 Ga16 Ge30,31,56,25,35.25925926,6.145404664,32,9,79,70,67.14814815,17.22908093,79,69.723,137.327,67.604,81.35896296,16.58312209,72.64,302.91,1211.4,908.49,910.8992593,360.2899314,1211.4,2,14,12,11.92592593,2.941015089,14,4,6,2,4.296296296,0.504801097,4,120,215,95,134.6666667,23.80246914,120,0.89,2.01,1.12,1.784814815,0.265130316,2.01,2,2,0,2,0,2,0,2,2,1.407407407,0.658436214,2,0,10,10,8.518518519,2.524005487,10,0,0,0,0,0,0,2,14,12,11.92592593,2.941015089,14,0,0,0,0,0,0,0,5,5,3.703703704,1.09739369,4,0,0,0,0,0,0,0,0,0,0,0,0,0,5,5,3.703703704,1.09739369,4,18.8575,63.59,44.7325,27.7887037,10.6077915,23.005,0,0.383,0.383,0.212777778,0.189135802,0.383,0,0,0,0,0,0,64,229,165,177.8888889,67.48971193,225
NaCo2O4,400,13.53,Na1 Co2 O4,8,27,19,13.85714286,7.510204082,8,2,87,85,66.57142857,23.34693878,87,15.9994,58.933195,42.933795,29.26482275,16.95335557,15.9994,54.8,1768,1713.2,589.4385714,673.4636735,54.8,1,16,15,11.85714286,4.734693878,16,2,4,2,2.714285714,0.816326531,2,66,166,100,97.42857143,35.91836735,66,0.93,3.44,2.51,2.635714286,0.919183673,3.44,1,2,1,1.857142857,0.244897959,2,0,4,4,2.285714286,1.959183673,4,0,7,7,2,2.857142857,0,0,0,0,0,0,0,1,9,8,6.142857143,1.632653061,6,0,1,1,0.142857143,0.244897959,0,0,2,2,1.142857143,0.979591837,2,0,3,3,0.857142857,1.224489796,0,0,0,0,0,0,0,1,3,2,2.142857143,0.489795918,2,9.105,29.24333333,20.13833333,12.30761905,4.83877551,9.105,0,0,0,0,0,0,0,1.5484712,1.5484712,0.442420343,0.632029061,0,12,229,217,95,94.85714286,12
Ba8Ga16Ge30,300,2,Ba8 Ga16 Ge30,31,56,25,35.25925926,6.145404664,32,9,79,70,67.14814815,17.22908093,79,69.723,137.327,67.604,81.35896296,16.58312209,72.64,302.91,1211.4,908.49,910.8992593,360.2899314,1211.4,2,14,12,11.92592593,2.941015089,14,4,6,2,4.296296296,0.504801097,4,120,215,95,134.6666667,23.80246914,120,0.89,2.01,1.12,1.784814815,0.265130316,2.01,2,2,0,2,0,2,0,2,2,1.407407407,0.658436214,2,0,10,10,8.518518519,2.524005487,10,0,0,0,0,0,0,2,14,12,11.92592593,2.941015089,14,0,0,0,0,0,0,0,5,5,3.703703704,1.09739369,4,0,0,0,0,0,0,0,0,0,0,0,0,0,5,5,3.703703704,1.09739369,4,18.8575,63.59,44.7325,27.7887037,10.6077915,23.005,0,0.383,0.383,0.212777778,0.189135802,0.383,0,0,0,0,0,0,64,229,165,177.8888889,67.48971193,225
Mg2Si0.997Bi0.003,400,4.76,Mg2 Si0.997 Bi0.003,12,83,71,12.73566667,0.980888889,12,68,86,18,71.34133333,4.455111111,68,24.305,208.9804,184.6754,25.74606157,1.921415422,24.305,544.4,1687,1142.6,1176.524067,339.296337,923,2,15,13,6.001,5.334666667,2,3,6,3,3.003,0.005994,3,111,148,37,131.037,13.317926,141,1.31,2.02,0.71,1.506786667,0.262382222,1.31,2,2,0,2,0,2,0,3,3,0.667666667,0.890222222,0,0,10,10,0.01,0.01998,0,0,14,14,0.014,0.027972,0,2,29,27,2.691666667,0.922222222,2,0,0,0,0,0,0,0,4,4,1.332333333,1.776444444,0,0,0,0,0,0,0,0,0,0,0,0,0,0,4,4,1.332333333,1.776444444,0,20.44,32.95,12.51,22.08584333,1.093937202,22.89,0,0.773,0.773,0.256893667,0.343038676,0,0,0,0,0,0,0,12,227,215,204.785,14.76557,194
TiNiSn,1000,6.442,Ti1 Ni1 Sn1,22,50,28,33.33333333,11.11111111,22,43,80,37,61.33333333,12.44444444,43,47.867,118.71,70.843,75.09013333,29.07991111,47.867,505.08,1941,1435.92,1391.36,590.8533333,505.08,4,14,10,9.333333333,3.555555556,4,4,5,1,4.333333333,0.444444444,4,124,160,36,141,12.66666667,124,1.54,1.96,0.42,1.803333333,0.175555556,1.54,2,2,0,2,0,2,0,2,2,0.666666667,0.888888889,0,2,10,8,6.666666667,3.111111111,2,0,0,0,0,0,0,4,14,10,9.333333333,3.555555556,4,0,0,0,0,0,0,0,4,4,1.333333333,1.777777778,0,0,8,8,3.333333333,3.111111111,0,0,0,0,0,0,0,2,8,6,4.666666667,2.222222222,2,10.32,33.285,22.965,20.09833333,8.791111111,10.32,0,0,0,0,0,0,0,0.5953947,0.5953947,0.198472411,0.264614859,0,141,225,84,186.6666667,30.44444444,141
Ag9TlTe5,400,0.21,Ag9 Tl1 Te5,47,81,34,50.93333333,4.72,47,65,90,25,74.06666667,10.88,65,107.8682,204.3833,96.5151,120.8798067,15.613928,107.8682,577,1234.93,657.93,1020.311333,257.5424,1234.93,11,16,5,12.8,2.16,11,5,6,1,5.066666667,0.124444444,5,138,145,7,142.6666667,3.111111111,145,1.62,2.1,0.48,1.966,0.089333333,1.93,1,2,1,1.4,0.48,1,0,4,4,1.4,1.733333333,0,10,10,0,10,0,10,0,14,14,0.933333333,1.742222222,0,11,27,16,13.73333333,3.28,11,0,1,1,0.6,0.48,1,0,5,5,1,1.2,0,0,0,0,0,0,0,0,0,0,0,0,0,1,5,4,1.6,0.72,1,16.33,34.76333333,18.43333333,23.17977778,8.219733333,16.33,0,0.464,0.464,0.154666667,0.206222222,0,0,0,0,0,0,0,152,225,73,198.6,31.68,225
Ca2Co2O5,400,2.35,Ca2 Co2 O5,8,27,19,14.88888889,7.654320988,8,7,87,80,62.77777778,26.91358025,87,15.9994,58.933195,42.933795,30.89104333,16.54627037,15.9994,54.8,1768,1713.2,671.1111111,684.7901235,54.8,2,16,14,11.33333333,5.185185185,16,2,4,2,2.888888889,0.987654321,2,66,176,110,103.7777778,41.97530864,66,1,3.44,2.44,2.551111111,0.987654321,3.44,2,2,0,2,0,2,0,4,4,2.222222222,1.975308642,4,0,7,7,1.555555556,2.419753086,0,0,0,0,0,0,0,2,9,7,5.777777778,1.679012346,6,0,0,0,0,0,0,0,2,2,1.111111111,0.987654321,2,0,3,3,0.666666667,1.037037037,0,0,0,0,0,0,0,0,3,3,1.777777778,0.790123457,2,9.105,37.77,28.665,15.72833333,9.796296296,9.105,0,0,0,0,0,0,0,1.5484712,1.5484712,0.344104711,0.535273995,0,12,225,213,99.77777778,97.5308642,12
Sr0.61Ba0.39Nb2O6,700,2.172,Sr0.61 Ba0.39 Nb2 O6,8,56,48,19.44666667,15.26222222,8,8,87,79,69.37666667,23.49777778,87,15.9994,137.327,121.3276,43.20165444,36.26967259,15.9994,54.8,2750,2695.2,762.1444444,943.1259259,54.8,2,16,14,12,5.333333333,16,2,6,4,3.043333333,1.391111111,2,66,215,149,102.9777778,49.3037037,66,0.89,3.44,2.55,2.751844444,0.917540741,3.44,1,2,1,1.777777778,0.345679012,2,0,4,4,2.666666667,1.777777778,4,0,4,4,0.888888889,1.382716049,0,0,0,0,0,0,0,2,6,4,5.333333333,0.888888889,6,0,1,1,0.222222222,0.345679012,0,0,2,2,1.333333333,0.888888889,2,0,6,6,1.333333333,2.074074074,0,0,0,0,0,0,0,0,7,7,2.888888889,1.827160494,2,9.105,63.59,54.485,16.54115556,9.914874074,9.105,0,0,0,0,0,0,0,0,0,0,0,0,12,229,217,84.06222222,96.08296296,12
In1.94Ge0.06O3,700,3.9,In1.94 Ge0.06 O3,8,49,41,24.196,19.4352,8,75,87,12,82.248,5.7024,87,15.9994,114.818,98.8186,55.020704,46.8255648,15.9994,54.8,1211.4,1156.6,214.1598,191.23176,54.8,13,16,3,14.812,1.4256,16,2,5,3,3.188,1.4256,2,66,142,76,96.136,36.1632,66,1.78,3.44,1.66,2.77876,0.793488,3.44,2,2,0,2,0,2,1,4,3,2.812,1.4256,4,0,10,10,4,4.8,0,0,0,0,0,0,0,6,14,8,8.812,3.3744,6,0,0,0,0,0,0,2,5,3,3.188,1.4256,2,0,0,0,0,0,0,0,0,0,0,0,0,2,5,3,3.188,1.4256,2,9.105,24.26,15.155,15.15194,7.256328,9.105,0,0.383,0.383,0.004596,0.009081696,0,0,0,0,0,0,0,12,225,213,63.832,62.1984,12
Pb0.94Sr0.04TeNa0.02,300,2.85,Pb0.94 Sr0.04 Te1 Na0.02,11,82,71,65.41,15.5946,52,2,90,88,83.25,6.75,90,22.98976928,207.2,184.2102307,163.1662977,41.39168017,127.6,370.87,1050,679.13,668.3254,69.601584,722.66,1,16,15,14.63,1.37,16,3,6,3,5.45,0.517,5,138,195,57,143.18,5.18,138,0.93,2.33,1.4,2.1734,0.147204,2.1,1,2,1,1.99,0.0198,2,0,4,4,2.94,1.06,4,0,10,10,9.7,0.582,10,0,14,14,6.58,6.9748,0,1,28,27,21.21,6.3826,16,0,1,1,0.01,0.0198,0,0,4,4,2.88,1.0528,2,0,0,0,0,0,0,0,0,0,0,0,0,0,4,4,2.89,1.0434,2,28.11,54.23,26.12,31.9704,3.683317333,34.76333333,0,0.464,0.464,0.232,0.232,0.464,0,0,0,0,0,0,152,229,77,188.54,36.54,152
In0.25Co4Sb12,400,2.265,In0.25 Co4 Sb12,27,51,24,45.06153846,8.89183432,51,58,85,27,78.2,10.04307692,85,58.933195,121.76,62.826805,106.1881403,23.26397307,121.76,429.75,1768,1338.25,1109.218308,324.3232947,903.78,9,15,6,13.49230769,2.226745562,15,4,5,1,4.753846154,0.37112426,5,126,142,16,135.8461538,4.847337278,139,1.78,2.05,0.27,2.004,0.067938462,2.05,2,2,0,2,0,2,0,3,3,2.230769231,1.136094675,3,7,10,3,9.261538462,1.113372781,10,0,0,0,0,0,0,9,15,6,13.49230769,2.226745562,15,0,0,0,0,0,0,0,5,5,2.292307692,1.12852071,3,0,3,3,0.738461538,1.113372781,0,0,0,0,0,0,0,3,5,2,3.030769231,0.060591716,3,10.245,31.56,21.315,26.20092308,7.914944379,31.56,0,0,0,0,0,0,0,1.5484712,1.5484712,0.381162142,0.574675229,0,139,194,55,172.4769231,10.59597633,166
Ca0.96Bi0.04Mn0.96Nb0.04O3,300,2.268,Ca0.96 Bi0.04 Mn0.96 Nb0.04 O3,8,83,75,14.432,7.7184,8,7,87,80,64.592,27.232128,87,15.9994,208.9804,192.981,30.25781488,17.11009786,15.9994,54.8,2750,2695.2,564.9632,612.5248512,54.8,2,16,14,11.488,5.470592,16,2,6,4,2.824,0.9888,2,66,176,110,102.576,43.8912,66,1,3.44,2.44,2.58256,1.028928,3.44,1,2,1,1.992,0.015872,2,0,4,4,2.424,1.900416,4,0,10,10,1.072,1.698048,0,0,14,14,0.112,0.222208,0,2,29,27,5.6,1.392,6,0,1,1,0.008,0.015872,0,0,3,3,1.224,0.959616,2,0,6,6,1.008,1.6128,0,0,0,0,0,0,0,0,7,7,2.24,1.14816,2,9.105,37.77,28.665,15.13749655,9.024561434,9.105,0,0,0,0,0,0,0,0.000310121,0.000310121,5.95E-05,9.62E-05,0,12,229,217,93.992,99.702272,12
WO2.9,700,3.473,W1 O2.9,8,74,66,24.92307692,25.16765286,8,51,87,36,77.76923077,13.72781065,87,15.9994,183.84,167.8406,59.03545128,64.00233268,15.9994,54.8,3695,3640.2,988.1846154,1388.110454,54.8,6,16,10,13.43589744,3.813280736,16,2,6,4,3.025641026,1.525312295,2,66,162,96,90.61538462,36.60749507,66,2.36,3.44,1.08,3.163076923,0.41183432,3.44,2,2,0,2,0,2,0,4,4,2.974358974,1.525312295,4,0,4,4,1.025641026,1.525312295,0,0,14,14,3.58974359,5.338593031,0,6,20,14,9.58974359,5.338593031,6,0,0,0,0,0,0,0,2,2,1.487179487,0.762656147,2,0,6,6,1.538461538,2.287968442,0,0,0,0,0,0,0,2,6,4,3.025641026,1.525312295,2,9.105,16.05,6.945,10.88576923,2.648323471,9.105,0,0,0,0,0,0,0,0,0,0,0,0,12,229,217,67.64102564,82.74819198,12
Ca0.98Bi0.02Mn0.98Nb0.02O3,400,2.275,Ca0.98 Bi0.02 Mn0.98 Nb0.02 O3,8,83,75,14.116,7.3392,8,7,87,80,64.296,27.418432,87,15.9994,208.9804,192.981,29.43033194,16.11711833,15.9994,54.8,2750,2695.2,562.3216,609.1692928,54.8,2,16,14,11.444,5.495648,16,2,6,4,2.812,0.9744,2,66,176,110,102.588,43.9056,66,1,3.44,2.44,2.57828,1.034064,3.44,1,2,1,1.996,0.007968,2,0,4,4,2.412,1.910304,4,0,10,10,1.036,1.649312,0,0,14,14,0.056,0.111552,0,2,29,27,5.5,1.376,6,0,1,1,0.004,0.007968,0,0,3,3,1.212,0.959904,2,0,6,6,1.004,1.6064,0,0,0,0,0,0,0,0,7,7,2.22,1.13424,2,9.105,37.77,28.665,15.1260069,9.043469186,9.105,0,0,0,0,0,0,0,0.000310121,0.000310121,6.08E-05,9.77E-05,0,12,229,217,94.796,100.017568,12
Zr0.5Hf0.5NiSn1.998Sb0.002,400,2.713,Zr0.5 Hf0.5 Ni1 Sn1.998 Sb0.002,28,72,44,46.0005,10.500375,50,44,85,41,66.3775,13.6275,80,58.6934,178.49,119.7966,107.744125,28.65539375,118.71,505.08,2506,2000.92,1263.98935,758.51065,505.08,4,15,11,10.5005,3.5005,14,4,6,2,4.875,0.4375,5,124,175,51,144.25,15.375,139,1.3,2.05,0.75,1.786295,0.2356475,1.96,2,2,0,2,0,2,0,3,3,1.0005,1.0005,2,2,10,8,7.5,2.75,10,0,14,14,1.75,3.0625,0,4,18,14,12.2505,3.187875,14,0,0,0,0,0,0,0,4,4,1.9995,1.9995,4,0,8,8,2.5,2.75,0,0,0,0,0,0,0,2,8,6,4.4995,1.75025,4,10.32,33.285,22.965,24.8960125,8.3872625,33.285,0,0,0,0,0,0,0,0.5953947,0.5953947,0.148848675,0.223273013,0,141,225,84,175.2625,34.2375,141
CeFe3.5Co0.5Sb14,700,2.49,Ce1 Fe3.5 Co0.5 Sb14,26,58,32,46.13157895,8.423822715,51,15,85,70,75.07894737,14.62049861,85,55.845,140.116,84.271,108.9305314,22.18926614,121.76,903.78,1811,907.22,1102.443158,296.0765651,903.78,3,15,12,12.92105263,3.063711911,15,4,6,2,4.842105263,0.354570637,5,126,204,78,140.7894737,6.653739612,139,1.12,2.05,0.93,1.956052632,0.138448753,2.05,2,2,0,2,0,2,0,3,3,2.210526316,1.163434903,3,1,10,9,8.710526316,1.900277008,10,0,1,1,0.052631579,0.099722992,0,4,15,11,12.97368421,2.986149584,15,0,0,0,0,0,0,0,3,3,2.210526316,1.163434903,3,0,9,9,1.289473684,1.900277008,0,0,13,13,0.684210526,1.296398892,0,3,22,19,4.184210526,1.87534626,3,10.245,37.24,26.995,27.46092105,7.070124654,31.56,0,0,0,0,0,0,0,2.1106628,2.1106628,0.429555547,0.678245601,0,166,229,63,179.8157895,20.3601108,166
SrTi0.8Nb0.2O3,700,4.92,Sr1 Ti0.8 Nb0.2 O3,8,41,33,17.56,11.472,8,8,87,79,62.56,29.328,87,15.9994,92.90638,76.90698,38.4986152,26.99905824,15.9994,54.8,2750,2695.2,663.44,730.368,54.8,2,16,14,10.84,6.192,16,2,5,3,3.04,1.248,2,66,195,129,110.76,53.712,66,0.95,3.44,2.49,2.5644,1.05072,3.44,1,2,1,1.96,0.0768,2,0,4,4,2.4,1.92,4,0,4,4,0.48,0.768,0,0,0,0,0,0,0,2,6,4,4.84,1.4048,6,0,1,1,0.04,0.0768,0,0,2,2,1.2,0.96,2,0,8,8,1.52,2.432,0,0,0,0,0,0,0,0,8,8,2.76,2.016,2,9.105,54.23,45.125,19.7066,13.80936,9.105,0,0,0,0,0,0,0,2.25E-05,2.25E-05,3.61E-06,6.06E-06,0,12,229,217,92.4,96.48,12
NaCo2O4,700,2.093,Na1 Co2 O4,8,27,19,13.85714286,7.510204082,8,2,87,85,66.57142857,23.34693878,87,15.9994,58.933195,42.933795,29.26482275,16.95335557,15.9994,54.8,1768,1713.2,589.4385714,673.4636735,54.8,1,16,15,11.85714286,4.734693878,16,2,4,2,2.714285714,0.816326531,2,66,166,100,97.42857143,35.91836735,66,0.93,3.44,2.51,2.635714286,0.919183673,3.44,1,2,1,1.857142857,0.244897959,2,0,4,4,2.285714286,1.959183673,4,0,7,7,2,2.857142857,0,0,0,0,0,0,0,1,9,8,6.142857143,1.632653061,6,0,1,1,0.142857143,0.244897959,0,0,2,2,1.142857143,0.979591837,2,0,3,3,0.857142857,1.224489796,0,0,0,0,0,0,0,1,3,2,2.142857143,0.489795918,2,9.105,29.24333333,20.13833333,12.30761905,4.83877551,9.105,0,0,0,0,0,0,0,1.5484712,1.5484712,0.442420343,0.632029061,0,12,229,217,95,94.85714286,12
CuCrO2,700,4.884,Cu1 Cr1 O2,8,29,21,17.25,9.25,8,49,87,38,71.75,15.25,87,15.9994,63.546,47.5466,36.885225,20.885825,15.9994,54.8,2180,2125.2,911.8425,857.0425,54.8,6,16,10,12.25,3.75,16,2,4,2,3,1,2,66,139,73,100.75,34.75,66,1.66,3.44,1.78,2.61,0.83,3.44,1,2,1,1.5,0.5,2,0,4,4,2,2,4,0,10,10,3.75,3.75,0,0,0,0,0,0,0,6,11,5,7.25,1.875,6,0,1,1,0.5,0.5,0,0,2,2,1,1,2,0,5,5,1.25,1.875,0,0,0,0,0,0,0,1,6,5,2.75,1.625,2,9.105,11.19,2.085,10.1175,1.0125,9.105,0,0,0,0,0,0,0,0,0,0,0,0,12,229,217,119.5,107.5,12
Zr0.5Hf0.5NiSn,700,3.113,Zr0.5 Hf0.5 Ni1 Sn1,28,72,44,44.66666667,12.66666667,28,44,80,36,61.83333333,12.11111111,61,58.6934,178.49,119.7966,104.0868,34.54986667,58.6934,505.08,2506,2000.92,1516.693333,674.4088889,505.08,4,14,10,9.333333333,3.555555556,10,4,6,2,4.833333333,0.555555556,4,124,175,51,146,19.33333333,124,1.3,1.96,0.66,1.728333333,0.275555556,1.91,2,2,0,2,0,2,0,2,2,0.666666667,0.888888889,0,2,10,8,6.666666667,3.111111111,8,0,14,14,2.333333333,3.888888889,0,4,18,14,11.66666667,3.666666667,10,0,0,0,0,0,0,0,4,4,1.333333333,1.777777778,0,0,8,8,3.333333333,3.111111111,0,0,0,0,0,0,0,2,8,6,4.666666667,2.222222222,2,10.32,33.285,22.965,22.10083333,7.853888889,10.32,0,0,0,0,0,0,0,0.5953947,0.5953947,0.1984649,0.264619867,0,141,225,84,186.6666667,30.44444444,141
La2.74Te4,1000,0.893,La2.74 Te4,52,57,5,54.03264095,2.412630207,52,13,90,77,58.69732938,37.15450519,90,127.6,138.90547,11.30547,132.1959923,5.455183686,127.6,722.66,1193,470.34,913.8664688,226.9512983,722.66,3,16,13,10.71513353,6.272838539,16,5,6,1,5.40652819,0.482526041,5,138,207,69,166.0504451,33.29429686,138,1.1,2.1,1,1.69347181,0.482526041,2.1,2,2,0,2,0,2,0,4,4,2.37388724,1.930104166,4,1,10,9,6.341246291,4.342734373,10,0,0,0,0,0,0,3,16,13,10.71513353,6.272838539,16,0,0,0,0,0,0,0,2,2,1.18694362,0.965052083,2,0,9,9,3.658753709,4.342734373,0,0,0,0,0,0,0,2,9,7,4.845697329,3.37768229,2,34.76333333,36.8975,2.134166667,35.63093225,1.029790993,34.76333333,0,0.464,0.464,0.27537092,0.223892083,0.464,0,0,0,0,0,0,152,194,42,169.074184,20.26609374,152
Bi1.2S1.2Ti2S4,400,2.41,Bi1.2 S5.2 Ti2,16,83,67,27,16,16,43,88,45,77,16.19047619,88,32.065,208.9804,176.9154,61.10100952,42.25125442,32.065,388.36,1941,1552.64,780.327619,552.7011338,388.36,4,16,12,13,4.285714286,16,3,6,3,3.666666667,0.825396825,3,105,160,55,124.2380952,23.8185941,105,1.54,2.58,1.04,2.252380952,0.405623583,2.58,2,2,0,2,0,2,0,4,4,2.904761905,1.383219955,4,0,10,10,1.904761905,2.358276644,0,0,14,14,2,3.428571429,0,4,29,25,8.80952381,5.768707483,6,0,0,0,0,0,0,0,3,3,1.666666667,0.793650794,2,0,8,8,1.904761905,2.902494331,0,0,0,0,0,0,0,2,8,6,3.571428571,2.108843537,2,16.69,32.95,16.26,24.64425595,3.78774093,25.786875,0,2.202,2.202,1.363142857,1.038585034,2.202,0,2.25E-05,2.25E-05,5.37E-06,8.18E-06,0,12,194,182,91.23809524,48.93424036,70
Mn1.3Mo6S8,1000,2.882,Mn1.3 Mo6 S8,16,42,26,26.96078431,11.79546328,16,50,88,38,70.03921569,18.78251954,88,32.065,95.96,63.895,59.06532408,28.93700072,32.065,388.36,2896,2507.64,1467.815686,1128.842548,388.36,6,16,10,11.31372549,4.900679226,16,3,5,2,3.869281046,0.909052074,3,105,154,49,127.1045752,23.1158956,105,1.55,2.58,1.03,2.327777778,0.263761801,2.58,1,2,1,1.607843137,0.476739715,2,0,4,4,2.091503268,1.995813576,4,0,5,5,2.385620915,2.49476697,0,0,0,0,0,0,0,6,7,1,6.08496732,0.155495749,6,0,1,1,0.392156863,0.476739715,0,0,2,2,1.045751634,0.997906788,2,0,5,5,2.385620915,2.49476697,0,0,0,0,0,0,0,2,6,4,3.823529412,1.906958862,2,10.48758621,25.786875,15.29928879,20.52737661,5.50012904,25.786875,0,2.202,2.202,1.151372549,1.098695374,2.202,0,0.000310121,0.000310121,2.64E-05,4.82E-05,0,70,229,159,144.8431373,78.26733308,70
Zn0.99Al0.01O,700,13.525,Zn0.99 Al0.01 O1,8,30,22,18.915,10.97415,8,69,87,18,78.02,8.98,87,15.9994,65.38,49.3806,40.49770769,24.63346938,15.9994,54.8,933.47,878.67,374.94395,320.14395,54.8,12,16,4,14.005,1.995,16,2,4,2,2.995,0.995,2,66,122,56,93.995,27.995,66,1.61,3.44,1.83,2.5448,0.8952,3.44,2,2,0,2,0,2,0,4,4,2.005,1.995,4,0,10,10,4.95,4.9995,0,0,0,0,0,0,0,3,12,9,8.955,3.01455,6,0,0,0,0,0,0,0,5,5,1.025,1.01475,2,0,0,0,0,0,0,0,0,0,0,0,0,0,5,5,1.025,1.01475,2,9.105,16.48,7.375,11.5451,2.4401,9.105,0,0,0,0,0,0,0,0,0,0,0,0,12,225,213,103.155,91.155,12
CuCr0.99Mg0.01O2,400,6.403,Cu1 Cr0.99 Mg0.01 O2,8,29,21,17.22,9.2461,8,49,87,38,71.7975,15.2025,87,15.9994,63.546,47.5466,36.81599725,20.87915224,15.9994,54.8,2180,2125.2,908.7,853.9,54.8,2,16,14,12.24,3.76,16,2,4,2,2.9975,0.9975,2,66,141,75,100.755,34.755,66,1.31,3.44,2.13,2.609125,0.830875,3.44,1,2,1,1.5025,0.4999875,2,0,4,4,2,2,4,0,10,10,3.7375,3.7561875,0,0,0,0,0,0,0,2,11,9,7.24,1.88,6,0,1,1,0.4975,0.4999875,0,0,2,2,1,1,2,0,5,5,1.2375,1.8624375,0,0,0,0,0,0,0,0,6,6,2.735,1.616175,2,9.105,22.89,13.785,10.14675,1.04175,9.105,0,0,0,0,0,0,0,0,0,0,0,0,12,229,217,119.4125,107.4125,12
La3Te3.8Sb0.2,300,2.402,La3 Te3.8 Sb0.2,51,57,6,54.11428571,2.473469388,52,13,90,77,56.85714286,37.59183673,90,121.76,138.90547,17.14547,132.2783443,5.680393469,127.6,722.66,1193,470.34,929.4091429,225.9350204,722.66,3,16,13,10.4,6.342857143,16,5,6,1,5.428571429,0.489795918,5,138,207,69,167.6,33.77142857,138,1.1,2.1,1,1.67,0.488571429,2.1,2,2,0,2,0,2,0,4,4,2.257142857,1.934693878,4,1,10,9,6.142857143,4.408163265,10,0,0,0,0,0,0,3,16,13,10.4,6.342857143,16,0,0,0,0,0,0,0,3,3,1.171428571,1.004081633,2,0,9,9,3.857142857,4.408163265,0,0,0,0,0,0,0,2,9,7,5.028571429,3.404081633,2,31.56,36.8975,5.3375,35.58645238,1.123755102,34.76333333,0,0.464,0.464,0.251885714,0.23029551,0.464,0,0,0,0,0,0,152,194,42,170.4,20.22857143,152
Ca2.7Bi0.3Co4O9,700,2,Ca2.7 Bi0.3 Co4 O9,8,83,75,16.18125,9.20390625,8,7,87,80,66.23125,24.10617188,87,15.9994,208.9804,192.981,34.41450625,20.71699453,15.9994,54.8,1768,1713.2,671.18875,698.1919219,54.8,2,16,14,11.86875,4.765078125,16,2,6,4,2.9125,1.0265625,2,66,176,110,101.1,39.4875,66,1,3.44,2.44,2.611625,0.931921875,3.44,2,2,0,2,0,2,0,4,4,2.30625,1.931484375,4,0,10,10,1.9375,2.83359375,0,0,14,14,0.2625,0.51515625,0,2,29,27,6.50625,2.090390625,6,0,0,0,0,0,0,0,3,3,1.18125,0.989296875,2,0,3,3,0.75,1.125,0,0,0,0,0,0,0,0,3,3,1.93125,0.651796875,2,9.105,37.77,28.665,14.6743125,8.480132813,9.105,0,0,0,0,0,0,0,1.5484712,1.5484712,0.3871178,0.5806767,0,12,225,213,93.44375,94.67835938,12
In0.05Co4Sb12,700,1.564,In0.05 Co4 Sb12,27,51,24,45.01246106,8.978173737,51,58,85,27,78.23987539,10.10859755,85,58.933195,121.76,62.826805,106.0806031,23.50026573,121.76,429.75,1768,1338.25,1117.685202,324.1444474,903.78,9,15,6,13.49844237,2.245319824,15,4,5,1,4.750778816,0.374219971,5,126,142,16,135.7694704,4.869517959,139,1.78,2.05,0.27,2.006791277,0.064611174,2.05,2,2,0,2,0,2,0,3,3,2.246105919,1.127318252,3,7,10,3,9.252336449,1.122659912,10,0,0,0,0,0,0,9,15,6,13.49844237,2.245319824,15,0,0,0,0,0,0,0,5,5,2.258566978,1.125765472,3,0,3,3,0.747663551,1.122659912,0,0,0,0,0,0,0,3,5,2,3.00623053,0.01242224,3,10.245,31.56,21.315,26.22510903,7.977407052,31.56,0,0,0,0,0,0,0,1.5484712,1.5484712,0.385911826,0.579468847,0,139,194,55,172.894081,10.52008424,166
CaMn0.98Nb0.02O3,400,2.075,Ca1 Mn0.98 Nb0.02 O3,8,41,33,13.864,7.0368,8,7,87,80,63.98,27.624,87,15.9994,92.90638,76.90698,28.75472234,15.30638681,15.9994,54.8,2750,2695.2,564.604,611.7648,54.8,2,16,14,11.392,5.5296,16,2,5,3,2.804,0.9648,2,66,176,110,102.7,44.04,66,1,3.44,2.44,2.5742,1.03896,3.44,1,2,1,1.996,0.007968,2,0,4,4,2.4,1.92,4,0,5,5,0.996,1.5936,0,0,0,0,0,0,0,2,7,5,5.392,1.359936,6,0,1,1,0.004,0.007968,0,0,2,2,1.2,0.96,2,0,6,6,1.004,1.6064,0,0,0,0,0,0,0,0,7,7,2.208,1.1328,2,9.105,37.77,28.665,15.1452869,9.074162946,9.105,0,0,0,0,0,0,0,0.000310121,0.000310121,6.08E-05,9.77E-05,0,12,229,217,95.648,100.3776,12
Ba8Ga16Ge30,700,2,Ba8 Ga16 Ge30,31,56,25,35.25925926,6.145404664,32,9,79,70,67.14814815,17.22908093,79,69.723,137.327,67.604,81.35896296,16.58312209,72.64,302.91,1211.4,908.49,910.8992593,360.2899314,1211.4,2,14,12,11.92592593,2.941015089,14,4,6,2,4.296296296,0.504801097,4,120,215,95,134.6666667,23.80246914,120,0.89,2.01,1.12,1.784814815,0.265130316,2.01,2,2,0,2,0,2,0,2,2,1.407407407,0.658436214,2,0,10,10,8.518518519,2.524005487,10,0,0,0,0,0,0,2,14,12,11.92592593,2.941015089,14,0,0,0,0,0,0,0,5,5,3.703703704,1.09739369,4,0,0,0,0,0,0,0,0,0,0,0,0,0,5,5,3.703703704,1.09739369,4,18.8575,63.59,44.7325,27.7887037,10.6077915,23.005,0,0.383,0.383,0.212777778,0.189135802,0.383,0,0,0,0,0,0,64,229,165,177.8888889,67.48971193,225
CuCr0.95Mg0.05O2,400,9.016,Cu1 Cr0.95 Mg0.05 O2,8,29,21,17.1,9.2275,8,49,87,38,71.9875,15.0125,87,15.9994,63.546,47.5466,36.53908625,20.84553841,15.9994,54.8,2180,2125.2,896.13,841.33,54.8,2,16,14,12.2,3.8,16,2,4,2,2.9875,0.9875,2,66,141,75,100.775,34.775,66,1.31,3.44,2.13,2.605625,0.834375,3.44,1,2,1,1.5125,0.4996875,2,0,4,4,2,2,4,0,10,10,3.6875,3.7796875,0,0,0,0,0,0,0,2,11,9,7.2,1.9,6,0,1,1,0.4875,0.4996875,0,0,2,2,1,1,2,0,5,5,1.1875,1.8109375,0,0,0,0,0,0,0,0,6,6,2.675,1.579375,2,9.105,22.89,13.785,10.26375,1.15875,9.105,0,0,0,0,0,0,0,0,0,0,0,0,12,229,217,119.0625,107.0625,12
Zn0.9975Al0.0025O,300,2.78,Zn0.9975 Al0.0025 O1,8,30,22,18.97875,10.99369688,8,69,87,18,78.005,8.995,87,15.9994,65.38,49.3806,40.64170192,24.67645233,15.9994,54.8,933.47,878.67,374.0409875,319.2409875,54.8,12,16,4,14.00125,1.99875,16,2,4,2,2.99875,0.99875,2,66,122,56,93.99875,27.99875,66,1.61,3.44,1.83,2.54495,0.89505,3.44,2,2,0,2,0,2,0,4,4,2.00125,1.99875,4,0,10,10,4.9875,4.99996875,0,0,0,0,0,0,0,3,12,9,8.98875,3.003721875,6,0,0,0,0,0,0,0,5,5,1.00625,1.003734375,2,0,0,0,0,0,0,0,0,0,0,0,0,0,5,5,1.00625,1.003734375,2,9.105,16.48,7.375,11.53565,2.43065,9.105,0,0,0,0,0,0,0,0,0,0,0,0,12,225,213,103.03875,91.03875,12
Ag0.15Sb0.15Te1.15Ge0.85,400,1.531,Ag0.15 Sb0.15 Te1.15 Ge0.85,32,52,20,44.2173913,9.030245747,52,65,90,25,83.97826087,6.155009452,90,72.64,127.6,54.96,105.6209696,24.37723837,127.6,722.66,1234.93,512.27,948.5023913,231.6757467,722.66,11,16,5,14.86956522,1.147448015,16,4,5,1,4.630434783,0.465973535,5,120,145,25,131.8695652,8.7731569,138,1.93,2.1,0.17,2.052391304,0.047608696,2.1,1,2,1,1.934782609,0.121928166,2,0,4,4,2.934782609,1.073724008,4,10,10,0,10,0,10,0,0,0,0,0,0,11,16,5,14.86956522,1.147448015,16,0,1,1,0.065217391,0.121928166,0,0,4,4,2.673913043,1.02268431,2,0,0,0,0,0,0,0,0,0,0,0,0,1,4,3,2.739130435,0.965973535,2,16.33,34.76333333,18.43333333,29.00677536,6.089587272,34.76333333,0,0.464,0.464,0.373543478,0.097446125,0.464,0,0,0,0,0,0,152,225,73,184.6521739,35.08506616,152
In1.9Ge0.1O3,700,3.244,In1.9 Ge0.1 O3,8,49,41,24.06,19.272,8,75,87,12,82.28,5.664,87,15.9994,114.818,98.8186,54.68328,46.420656,15.9994,54.8,1211.4,1156.6,220.413,198.7356,54.8,13,16,3,14.82,1.416,16,2,5,3,3.18,1.416,2,66,142,76,95.96,35.952,66,1.78,3.44,1.66,2.7806,0.79128,3.44,2,2,0,2,0,2,1,4,3,2.82,1.416,4,0,10,10,4,4.8,0,0,0,0,0,0,0,6,14,8,8.82,3.384,6,0,0,0,0,0,0,2,5,3,3.18,1.416,2,0,0,0,0,0,0,0,0,0,0,0,0,2,5,3,3.18,1.416,2,9.105,24.26,15.155,15.1419,7.24428,9.105,0,0.383,0.383,0.00766,0.0150136,0,0,0,0,0,0,0,12,225,213,64.52,63.024,12
Zr0.4Hf0.4Ti0.2NiSn,400,3.345,Zr0.4 Hf0.4 Ti0.2 Ni1 Sn1,22,72,50,42.4,12.96,28,43,80,37,61.73333333,12.17777778,61,47.867,178.49,130.623,98.28746667,35.00236444,58.6934,505.08,2506,2000.92,1491.626667,657.6977778,505.08,4,14,10,9.333333333,3.555555556,10,4,6,2,4.733333333,0.586666667,4,124,175,51,145,18,124,1.3,1.96,0.66,1.743333333,0.255555556,1.91,2,2,0,2,0,2,0,2,2,0.666666667,0.888888889,0,2,10,8,6.666666667,3.111111111,8,0,14,14,1.866666667,3.235555556,0,4,18,14,11.2,3.68,10,0,0,0,0,0,0,0,4,4,1.333333333,1.777777778,0,0,8,8,3.333333333,3.111111111,0,0,0,0,0,0,0,2,8,6,4.666666667,2.222222222,2,10.32,33.285,22.965,21.70033333,8.254933333,10.32,0,0,0,0,0,0,0,0.5953947,0.5953947,0.198466402,0.264618865,0,141,225,84,186.6666667,30.44444444,141
Li0.0242Ni0.9758O,400,3.751,Li0.0242 Ni0.9758 O1,3,28,25,17.6975,10.0531795,8,1,87,86,73.274,13.726,87,6.941,58.6934,51.7524,36.72019596,21.4414525,15.9994,54.8,1728,1673.2,875.980849,831.4002875,54.8,1,16,15,12.8911,3.1089,16,2,4,2,2.9758,0.99941436,2,66,128,62,95.0484,29.0484,66,0.98,3.44,2.46,2.663747,0.776253,3.44,1,2,1,1.9879,0.02390718,2,0,4,4,2,2,4,0,8,8,3.9032,3.99765744,0,0,0,0,0,0,0,1,10,9,7.8911,2.05786462,6,0,1,1,0.0121,0.02390718,0,0,2,2,1,1,2,0,2,2,0.9758,0.99941436,0,0,0,0,0,0,0,1,2,1,1.9879,0.02390718,2,9.105,16.59333333,7.488333333,9.788407333,0.683407333,9.105,0,0,0,0,0,0,0,0.5953947,0.5953947,0.290493074,0.297523007,0,12,229,217,118.5484,106.5484,12
Ca0.7Tb0.3MnO3,300,2.17,Ca0.7 Tb0.3 Mn1 O3,8,65,57,16.5,10.2,8,7,87,80,65.32,26.016,87,15.9994,158.92535,142.92595,35.73369,23.681148,15.9994,54.8,1629,1574.2,590.52,642.864,54.8,2,16,14,11.46,5.448,16,2,6,4,2.92,1.104,2,66,194,128,103.68,45.216,66,1,3.44,2.44,2.5866,1.02408,3.44,2,2,0,2,0,2,0,4,4,2.4,1.92,4,0,5,5,1,1.6,0,0,9,9,0.54,1.0152,0,2,11,9,5.94,1.1032,6,0,0,0,0,0,0,0,2,2,1.2,0.96,2,0,5,5,1,1.6,0,0,5,5,0.3,0.564,0,0,5,5,2.5,1.3,2,9.105,37.77,28.665,14.75251724,8.482993103,9.105,0,0,0,0,0,0,0,0.000310121,0.000310121,6.20E-05,9.92E-05,0,12,225,213,93.74,98.088,12
TiNiSn,300,7.72,Ti1 Ni1 Sn1,22,50,28,33.33333333,11.11111111,22,43,80,37,61.33333333,12.44444444,43,47.867,118.71,70.843,75.09013333,29.07991111,47.867,505.08,1941,1435.92,1391.36,590.8533333,505.08,4,14,10,9.333333333,3.555555556,4,4,5,1,4.333333333,0.444444444,4,124,160,36,141,12.66666667,124,1.54,1.96,0.42,1.803333333,0.175555556,1.54,2,2,0,2,0,2,0,2,2,0.666666667,0.888888889,0,2,10,8,6.666666667,3.111111111,2,0,0,0,0,0,0,4,14,10,9.333333333,3.555555556,4,0,0,0,0,0,0,0,4,4,1.333333333,1.777777778,0,0,8,8,3.333333333,3.111111111,0,0,0,0,0,0,0,2,8,6,4.666666667,2.222222222,2,10.32,33.285,22.965,20.09833333,8.791111111,10.32,0,0,0,0,0,0,0,0.5953947,0.5953947,0.198472411,0.264614859,0,141,225,84,186.6666667,30.44444444,141
Ba8Ga16Ge30,700,1.56,Ba8 Ga16 Ge30,31,56,25,35.25925926,6.145404664,32,9,79,70,67.14814815,17.22908093,79,69.723,137.327,67.604,81.35896296,16.58312209,72.64,302.91,1211.4,908.49,910.8992593,360.2899314,1211.4,2,14,12,11.92592593,2.941015089,14,4,6,2,4.296296296,0.504801097,4,120,215,95,134.6666667,23.80246914,120,0.89,2.01,1.12,1.784814815,0.265130316,2.01,2,2,0,2,0,2,0,2,2,1.407407407,0.658436214,2,0,10,10,8.518518519,2.524005487,10,0,0,0,0,0,0,2,14,12,11.92592593,2.941015089,14,0,0,0,0,0,0,0,5,5,3.703703704,1.09739369,4,0,0,0,0,0,0,0,0,0,0,0,0,0,5,5,3.703703704,1.09739369,4,18.8575,63.59,44.7325,27.7887037,10.6077915,23.005,0,0.383,0.383,0.212777778,0.189135802,0.383,0,0,0,0,0,0,64,229,165,177.8888889,67.48971193,225
Fe1.94Ti0.06O3,1000,3.35,Fe1.94 Ti0.06 O3,8,26,18,15.152,8.5824,8,43,87,44,74.056,15.5328,87,15.9994,55.845,39.8456,31.841904,19.0110048,15.9994,54.8,1941,1886.2,758.84,844.848,54.8,4,16,12,12.752,3.8976,16,2,4,2,2.8,0.96,2,66,160,94,92.736,32.0832,66,1.54,3.44,1.9,2.79252,0.776976,3.44,2,2,0,2,0,2,0,4,4,2.4,1.92,4,0,6,6,2.352,2.830848,0,0,0,0,0,0,0,4,8,4,6.752,0.968448,6,0,0,0,0,0,0,0,2,2,1.2,0.96,2,0,8,8,1.648,1.9776,0,0,0,0,0,0,0,2,8,6,2.848,1.0176,2,9.105,16.69,7.585,9.82652,0.865824,9.105,0,0,0,0,0,0,0,2.1106628,2.1106628,0.818937437,1.002378882,0,12,229,217,98.38,103.656,12
Zn4Sb3,400,0.743,Zn4 Sb3,30,51,21,39,10.28571429,30,69,85,16,75.85714286,7.836734694,69,65.38,121.76,56.38,89.54285714,27.61469388,65.38,692.68,903.78,211.1,783.1514286,103.3959184,692.68,12,15,3,13.28571429,1.469387755,12,4,5,1,4.428571429,0.489795918,4,122,139,17,129.2857143,8.326530612,122,1.65,2.05,0.4,1.821428571,0.195918367,1.65,2,2,0,2,0,2,0,3,3,1.285714286,1.469387755,0,10,10,0,10,0,10,0,0,0,0,0,0,12,15,3,13.28571429,1.469387755,12,0,0,0,0,0,0,0,3,3,1.285714286,1.469387755,0,0,0,0,0,0,0,0,0,0,0,0,0,0,3,3,1.285714286,1.469387755,0,13.96,31.56,17.6,21.50285714,8.620408163,13.96,0,0,0,0,0,0,0,0,0,0,0,0,166,194,28,182,13.71428571,194
In1.9Ge0.1O3,300,6.847,In1.9 Ge0.1 O3,8,49,41,24.06,19.272,8,75,87,12,82.28,5.664,87,15.9994,114.818,98.8186,54.68328,46.420656,15.9994,54.8,1211.4,1156.6,220.413,198.7356,54.8,13,16,3,14.82,1.416,16,2,5,3,3.18,1.416,2,66,142,76,95.96,35.952,66,1.78,3.44,1.66,2.7806,0.79128,3.44,2,2,0,2,0,2,1,4,3,2.82,1.416,4,0,10,10,4,4.8,0,0,0,0,0,0,0,6,14,8,8.82,3.384,6,0,0,0,0,0,0,2,5,3,3.18,1.416,2,0,0,0,0,0,0,0,0,0,0,0,0,2,5,3,3.18,1.416,2,9.105,24.26,15.155,15.1419,7.24428,9.105,0,0.383,0.383,0.00766,0.0150136,0,0,0,0,0,0,0,12,225,213,64.52,63.024,12
Yb14MnSb11,300,0.84,Yb14 Mn1 Sb11,25,70,45,60.23076923,10.52071006,70,39,85,46,58.96153846,22.03254438,39,54.938045,173.054,118.115955,146.809771,28.26301589,173.054,903.78,1519,615.22,1028.791538,105.7789941,1092,3,15,12,8.230769231,5.727810651,3,4,6,2,5.5,0.538461538,6,139,187,48,164.8461538,23.85798817,187,1.26,2.05,0.79,1.605384615,0.376213018,1.26,2,2,0,2,0,2,0,3,3,1.269230769,1.464497041,0,0,10,10,4.423076923,4.763313609,0,0,14,14,7.538461538,6.958579882,14,7,16,9,15.23076923,0.828402367,16,0,0,0,0,0,0,0,3,3,1.269230769,1.464497041,0,0,5,5,0.192307692,0.369822485,0,0,0,0,0,0,0,0,5,5,1.461538462,1.573964497,0,10.48758621,34.12,23.63241379,32.12798408,2.145247909,34.12,0,0,0,0,0,0,0,0.000310121,0.000310121,1.19E-05,2.29E-05,0,166,225,59,199.7307692,28.54142012,225
BaPbO3,700,5.116,Ba1 Pb1 O3,8,82,74,32.4,29.28,8,9,87,78,70.2,24.48,87,15.9994,207.2,191.2006,78.50504,75.006768,15.9994,54.8,1000,945.2,353.002,357.8424,54.8,2,16,14,12.8,4.32,16,2,6,4,3.6,1.92,2,66,215,149,111.8,54.96,66,0.89,3.44,2.55,2.708,0.8784,3.44,2,2,0,2,0,2,0,4,4,2.8,1.44,4,0,10,10,2,3.2,0,0,14,14,2.8,4.48,0,2,28,26,9.6,7.36,6,0,0,0,0,0,0,0,4,4,2,0.8,2,0,0,0,0,0,0,0,0,0,0,0,0,0,4,4,2,0.8,2,9.105,63.59,54.485,23.803,17.6376,9.105,0,0,0,0,0,0,0,0,0,0,0,0,12,229,217,98,103.2,12
In0.05Co4Sb12,300,2.087,In0.05 Co4 Sb12,27,51,24,45.01246106,8.978173737,51,58,85,27,78.23987539,10.10859755,85,58.933195,121.76,62.826805,106.0806031,23.50026573,121.76,429.75,1768,1338.25,1117.685202,324.1444474,903.78,9,15,6,13.49844237,2.245319824,15,4,5,1,4.750778816,0.374219971,5,126,142,16,135.7694704,4.869517959,139,1.78,2.05,0.27,2.006791277,0.064611174,2.05,2,2,0,2,0,2,0,3,3,2.246105919,1.127318252,3,7,10,3,9.252336449,1.122659912,10,0,0,0,0,0,0,9,15,6,13.49844237,2.245319824,15,0,0,0,0,0,0,0,5,5,2.258566978,1.125765472,3,0,3,3,0.747663551,1.122659912,0,0,0,0,0,0,0,3,5,2,3.00623053,0.01242224,3,10.245,31.56,21.315,26.22510903,7.977407052,31.56,0,0,0,0,0,0,0,1.5484712,1.5484712,0.385911826,0.579468847,0,139,194,55,172.894081,10.52008424,166
SrNd0.24Ti0.76O3,400,5.29,Sr1 Nd0.24 Ti0.76 O3,8,60,52,18.624,12.7488,8,8,87,79,61.248,30.9024,87,15.9994,144.242,128.2426,41.32304,30.388368,15.9994,54.8,1941,1886.2,600.024,654.2688,54.8,2,16,14,10.752,6.2976,16,2,6,4,3.096,1.3152,2,66,201,135,112.568,55.8816,66,0.95,3.44,2.49,2.5428,1.07664,3.44,2,2,0,2,0,2,0,4,4,2.4,1.92,4,0,2,2,0.304,0.515584,0,0,4,4,0.192,0.365568,0,2,6,4,4.896,1.430784,6,0,0,0,0,0,0,0,2,2,1.2,0.96,2,0,8,8,1.216,2.062336,0,0,10,10,0.48,0.91392,0,0,10,10,2.896,2.2336,2,9.105,54.23,45.125,20.51676,14.85744704,9.105,0,0,0,0,0,0,0,2.25E-05,2.25E-05,3.43E-06,5.81E-06,0,12,225,213,91,94.8,12
CaMn0.98Nb0.02O3,700,1.631,Ca1 Mn0.98 Nb0.02 O3,8,41,33,13.864,7.0368,8,7,87,80,63.98,27.624,87,15.9994,92.90638,76.90698,28.75472234,15.30638681,15.9994,54.8,2750,2695.2,564.604,611.7648,54.8,2,16,14,11.392,5.5296,16,2,5,3,2.804,0.9648,2,66,176,110,102.7,44.04,66,1,3.44,2.44,2.5742,1.03896,3.44,1,2,1,1.996,0.007968,2,0,4,4,2.4,1.92,4,0,5,5,0.996,1.5936,0,0,0,0,0,0,0,2,7,5,5.392,1.359936,6,0,1,1,0.004,0.007968,0,0,2,2,1.2,0.96,2,0,6,6,1.004,1.6064,0,0,0,0,0,0,0,0,7,7,2.208,1.1328,2,9.105,37.77,28.665,15.1452869,9.074162946,9.105,0,0,0,0,0,0,0,0.000310121,0.000310121,6.08E-05,9.77E-05,0,12,229,217,95.648,100.3776,12
AgCrSe2,400,0.4,Ag1 Cr1 Se2,24,47,23,34.75,6.125,34,49,89,40,73,16,89,51.9961,107.8682,55.8721,79.446075,14.2110625,78.96,494,2180,1686,1100.7325,606.7325,494,6,16,10,12.25,3.75,16,4,5,1,4.25,0.375,4,120,145,25,131,11,120,1.66,2.55,0.89,2.1725,0.3775,2.55,1,2,1,1.5,0.5,2,0,4,4,2,2,4,5,10,5,8.75,1.875,10,0,0,0,0,0,0,6,16,10,12.25,3.75,16,0,1,1,0.5,0.5,0,0,2,2,1,1,2,0,5,5,1.25,1.875,0,0,0,0,0,0,0,1,6,5,2.75,1.625,2,11.19,25.92,14.73,19.84,6.08,25.92,0,0.799,0.799,0.3995,0.3995,0.799,0,0,0,0,0,0,14,229,215,120.5,106.5,14
Ba0.6Sr0.4PbO3,700,2.445,Ba0.6 Sr0.4 Pb1 O3,8,82,74,30.96,27.552,8,8,87,79,70.12,24.608,87,15.9994,207.2,191.2006,74.52848,70.234896,15.9994,54.8,1050,995.2,357.002,362.6424,54.8,2,16,14,12.8,4.32,16,2,6,4,3.52,1.824,2,66,215,149,110.2,53.04,66,0.89,3.44,2.55,2.7128,0.87264,3.44,2,2,0,2,0,2,0,4,4,2.8,1.44,4,0,10,10,2,3.2,0,0,14,14,2.8,4.48,0,2,28,26,9.6,7.36,6,0,0,0,0,0,0,0,4,4,2,0.8,2,0,0,0,0,0,0,0,0,0,0,0,0,0,4,4,2,0.8,2,9.105,63.59,54.485,23.0542,16.73904,9.105,0,0,0,0,0,0,0,0,0,0,0,0,12,229,217,97.68,102.816,12
Sb2Te3,300,3.378,Sb2 Te3,51,52,1,51.6,0.48,52,85,90,5,88,2.4,90,121.76,127.6,5.84,125.264,2.8032,127.6,722.66,903.78,181.12,795.108,86.9376,722.66,15,16,1,15.6,0.48,16,5,5,0,5,0,5,138,139,1,138.4,0.48,138,2.05,2.1,0.05,2.08,0.024,2.1,2,2,0,2,0,2,3,4,1,3.6,0.48,4,10,10,0,10,0,10,0,0,0,0,0,0,15,16,1,15.6,0.48,16,0,0,0,0,0,0,2,3,1,2.4,0.48,2,0,0,0,0,0,0,0,0,0,0,0,0,2,3,1,2.4,0.48,2,31.56,34.76333333,3.203333333,33.482,1.5376,34.76333333,0,0.464,0.464,0.2784,0.22272,0.464,0,0,0,0,0,0,152,166,14,157.6,6.72,152
In0.2Co4Sb12,400,2.08,In0.2 Co4 Sb12,27,51,24,45.04938272,8.913275415,51,58,85,27,78.20987654,10.05944216,85,58.933195,121.76,62.826805,106.1615049,23.32262219,121.76,429.75,1768,1338.25,1111.315432,324.2886755,903.78,9,15,6,13.49382716,2.23136717,15,4,5,1,4.75308642,0.371894528,5,126,142,16,135.8271605,4.852918762,139,1.78,2.05,0.27,2.004691358,0.067123914,2.05,2,2,0,2,0,2,0,3,3,2.234567901,1.13397348,3,7,10,3,9.259259259,1.115683585,10,0,0,0,0,0,0,9,15,6,13.49382716,2.23136717,15,0,0,0,0,0,0,0,5,5,2.283950617,1.127876848,3,0,3,3,0.740740741,1.115683585,0,0,0,0,0,0,0,3,5,2,3.024691358,0.048773053,3,10.245,31.56,21.315,26.20691358,7.9304984,31.56,0,0,0,0,0,0,0,1.5484712,1.5484712,0.382338568,0.575867966,0,139,194,55,172.5802469,10.57765585,166
Mn1.3Mo6S8,700,2.353,Mn1.3 Mo6 S8,16,42,26,26.96078431,11.79546328,16,50,88,38,70.03921569,18.78251954,88,32.065,95.96,63.895,59.06532408,28.93700072,32.065,388.36,2896,2507.64,1467.815686,1128.842548,388.36,6,16,10,11.31372549,4.900679226,16,3,5,2,3.869281046,0.909052074,3,105,154,49,127.1045752,23.1158956,105,1.55,2.58,1.03,2.327777778,0.263761801,2.58,1,2,1,1.607843137,0.476739715,2,0,4,4,2.091503268,1.995813576,4,0,5,5,2.385620915,2.49476697,0,0,0,0,0,0,0,6,7,1,6.08496732,0.155495749,6,0,1,1,0.392156863,0.476739715,0,0,2,2,1.045751634,0.997906788,2,0,5,5,2.385620915,2.49476697,0,0,0,0,0,0,0,2,6,4,3.823529412,1.906958862,2,10.48758621,25.786875,15.29928879,20.52737661,5.50012904,25.786875,0,2.202,2.202,1.151372549,1.098695374,2.202,0,0.000310121,0.000310121,2.64E-05,4.82E-05,0,70,229,159,144.8431373,78.26733308,70
In0.3Co4Sb12,700,2.014,In0.3 Co4 Sb12,27,51,24,45.07361963,8.870488163,51,58,85,27,78.19018405,10.02672287,85,58.933195,121.76,62.826805,106.2146123,23.20560357,121.76,429.75,1768,1338.25,1107.134049,324.351387,903.78,9,15,6,13.49079755,2.222138583,15,4,5,1,4.754601227,0.37035643,5,126,142,16,135.8650307,4.841732847,139,1.78,2.05,0.27,2.003312883,0.068741767,2.05,2,2,0,2,0,2,0,3,3,2.226993865,1.138168542,3,7,10,3,9.263803681,1.111069291,10,0,0,0,0,0,0,9,15,6,13.49079755,2.222138583,15,0,0,0,0,0,0,0,5,5,2.300613497,1.129135459,3,0,3,3,0.736196319,1.111069291,0,0,0,0,0,0,0,3,5,2,3.036809816,0.072264669,3,10.245,31.56,21.315,26.19496933,7.899431668,31.56,0,0,0,0,0,0,0,1.5484712,1.5484712,0.379992933,0.573486266,0,139,194,55,172.3742331,10.61387331,166
Ca0.9Y0.1MnO3,1000,1.629,Ca0.9 Y0.1 Mn1 O3,8,39,31,14.18,7.416,8,7,87,80,64.1,27.48,87,15.9994,88.90585,72.90645,29.579406,16.2960072,15.9994,54.8,1799,1744.2,573.36,622.272,54.8,2,16,14,11.42,5.496,16,2,5,3,2.82,0.984,2,66,190,124,102.88,44.256,66,1,3.44,2.44,2.5784,1.03392,3.44,2,2,0,2,0,2,0,4,4,2.4,1.92,4,0,5,5,1.02,1.592,0,0,0,0,0,0,0,2,7,5,5.42,1.328,6,0,0,0,0,0,0,0,2,2,1.2,0.96,2,0,9,9,1.18,1.8408,0,0,0,0,0,0,0,0,9,9,2.38,1.3128,2,9.105,37.77,28.665,15.00641724,8.889233103,9.105,0,0,0,0,0,0,0,0.000310121,0.000310121,6.20E-05,9.92E-05,0,12,225,213,94.98,99.576,12
Ca3Co4O9,300,2,Ca3 Co4 O9,8,27,19,15,7.875,8,7,87,80,64.75,25.03125,87,15.9994,58.933195,42.933795,31.24758625,17.15420953,15.9994,54.8,1768,1713.2,681.8875,705.4734375,54.8,2,16,14,11.625,4.921875,16,2,4,2,2.875,0.984375,2,66,176,110,101.625,40.078125,66,1,3.44,2.44,2.5925,0.9534375,3.44,2,2,0,2,0,2,0,4,4,2.25,1.96875,4,0,7,7,1.75,2.625,0,0,0,0,0,0,0,2,9,7,6,1.5,6,0,0,0,0,0,0,0,2,2,1.125,0.984375,2,0,3,3,0.75,1.125,0,0,0,0,0,0,0,0,3,3,1.875,0.703125,2,9.105,37.77,28.665,14.7646875,8.626992188,9.105,0,0,0,0,0,0,0,1.5484712,1.5484712,0.3871178,0.5806767,0,12,225,213,97.4375,96.1171875,12
Ca0.9Tb0.1MnO3,1000,1.842,Ca0.9 Tb0.1 Mn1 O3,8,65,57,14.7,8.04,8,7,87,80,64.44,27.072,87,15.9994,158.92535,142.92595,30.979796,17.9764752,15.9994,54.8,1629,1574.2,569.96,618.192,54.8,2,16,14,11.42,5.496,16,2,6,4,2.84,1.008,2,66,194,128,102.96,44.352,66,1,3.44,2.44,2.5782,1.03416,3.44,2,2,0,2,0,2,0,4,4,2.4,1.92,4,0,5,5,1,1.6,0,0,9,9,0.18,0.3528,0,2,11,9,5.58,1.2888,6,0,0,0,0,0,0,0,2,2,1.2,0.96,2,0,5,5,1,1.6,0,0,5,5,0.1,0.196,0,0,5,5,2.3,1.188,2,9.105,37.77,28.665,14.99385057,8.869126437,9.105,0,0,0,0,0,0,0,0.000310121,0.000310121,6.20E-05,9.92E-05,0,12,225,213,94.98,99.576,12
ZrNiSn0.98Sb0.02,300,8.5,Zr1 Ni1 Sn0.98 Sb0.02,28,51,23,39.34,7.56,28,44,85,41,61.7,12.26666667,44,58.6934,121.76,63.0666,89.5628,20.5796,58.6934,505.08,2128,1622.92,1456.351333,628.8648889,1728,4,15,11,9.34,3.56,4,4,5,1,4.666666667,0.444444444,4,124,175,51,146,19.33333333,124,1.33,2.05,0.72,1.733933333,0.269288889,1.33,2,2,0,2,0,2,0,3,3,0.673333333,0.897777778,0,2,10,8,6.666666667,3.111111111,2,0,0,0,0,0,0,4,15,11,9.34,3.56,4,0,0,0,0,0,0,0,4,4,1.326666667,1.768888889,0,0,8,8,3.333333333,3.111111111,2,0,0,0,0,0,0,2,8,6,4.66,2.226666667,2,10.32,33.285,22.965,22.25516667,7.956777778,10.32,0,0,0,0,0,0,0,0.5953947,0.5953947,0.1984649,0.264619867,0,141,225,84,186.8333333,30.22222222,194
Sr0.9Y0.1TiO3,700,5,Sr0.9 Y0.1 Ti1 O3,8,39,31,16.82,10.584,8,8,87,79,62.48,29.424,87,15.9994,88.90585,72.90645,36.722757,24.8680284,15.9994,54.8,1941,1886.2,646.06,709.512,54.8,2,16,14,10.82,6.216,16,2,5,3,3,1.2,2,66,195,129,110.5,53.4,66,0.95,3.44,2.49,2.5674,1.04712,3.44,2,2,0,2,0,2,0,4,4,2.4,1.92,4,0,2,2,0.42,0.6552,0,0,0,0,0,0,0,2,6,4,4.82,1.416,6,0,0,0,0,0,0,0,2,2,1.2,0.96,2,0,9,9,1.78,2.7768,0,0,0,0,0,0,0,0,9,9,2.98,2.2488,2,9.105,54.23,45.125,19.2097,13.13352,9.105,0,0,0,0,0,0,0,2.25E-05,2.25E-05,4.51E-06,7.21E-06,0,12,225,213,90.38,94.056,12
Fe0.998Co0.002Si2,400,5.34,Fe0.998 Co0.002 Si2,14,27,13,18.00066667,5.334222222,14,55,78,23,70.33533333,10.21955556,78,28.0855,58.933195,30.847695,37.34072546,12.34030062,28.0855,1687,1811,124,1728.304667,55.07288889,1687,8,14,6,12.00066667,2.665777778,14,3,4,1,3.333333333,0.444444444,3,111,132,21,117.996,9.328,111,1.83,1.9,0.07,1.8767,0.031071067,1.9,2,2,0,2,0,2,0,2,2,1.333333333,0.888888889,2,0,7,7,2.000666667,2.667555556,0,0,0,0,0,0,0,4,9,5,5.334,1.778666667,4,0,0,0,0,0,0,0,4,4,2.666666667,1.777777778,4,0,4,4,1.332666667,1.776888889,0,0,0,0,0,0,0,3,4,1,3.999333333,0.001332444,4,10.245,20.44,10.195,17.20301,4.315986667,20.44,0,0.773,0.773,0.515333333,0.343555556,0.773,0,2.1106628,2.1106628,0.703179472,0.93757263,0,194,229,35,227.6433333,0.902635556,227
Fe1.96Sn0.04O3,700,4.22,Fe1.96 Sn0.04 O3,8,50,42,15.392,8.8704,8,55,87,32,74.4,15.2096,87,15.9994,118.71,102.7106,32.44056,19.729392,15.9994,54.8,1811,1756.2,746.83264,834.3072102,54.8,8,16,8,12.848,3.800832,16,2,5,3,2.808,0.9696,2,66,139,73,92.456,31.7472,66,1.83,3.44,1.61,2.79704,0.771552,3.44,2,2,0,2,0,2,0,4,4,2.416,1.9008,4,0,10,10,2.432,2.9184,0,0,0,0,0,0,0,6,14,8,6.848,1.0176,6,0,0,0,0,0,0,0,4,4,1.232,0.965888,2,0,4,4,1.568,1.906688,0,0,0,0,0,0,0,2,4,2,2.8,0.96,2,9.105,33.285,24.18,9.93544,0.996528,9.105,0,0,0,0,0,0,0,2.1106628,2.1106628,0.827379818,1.006093858,0,12,229,217,98.096,103.3152,12
Ca0.9Yb0.1MnO3,700,1.609,Ca0.9 Yb0.1 Mn1 O3,8,70,62,14.8,8.16,8,7,87,80,64.64,26.832,87,15.9994,173.054,157.0546,31.262369,18.3155628,15.9994,54.8,1519,1464.2,559.22,605.304,54.8,2,16,14,11.42,5.496,16,2,6,4,2.84,1.008,2,66,187,121,102.82,44.184,66,1,3.44,2.44,2.5792,1.03296,3.44,2,2,0,2,0,2,0,4,4,2.4,1.92,4,0,5,5,1,1.6,0,0,14,14,0.28,0.5488,0,2,16,14,5.68,1.3248,6,0,0,0,0,0,0,0,2,2,1.2,0.96,2,0,5,5,1,1.6,0,0,0,0,0,0,0,0,5,5,2.2,1.12,2,9.105,37.77,28.665,15.04151724,8.945393103,9.105,0,0,0,0,0,0,0,0.000310121,0.000310121,6.20E-05,9.92E-05,0,12,225,213,95.6,100.32,12
Fe1.96Sn0.04O3,300,6.84,Fe1.96 Sn0.04 O3,8,50,42,15.392,8.8704,8,55,87,32,74.4,15.2096,87,15.9994,118.71,102.7106,32.44056,19.729392,15.9994,54.8,1811,1756.2,746.83264,834.3072102,54.8,8,16,8,12.848,3.800832,16,2,5,3,2.808,0.9696,2,66,139,73,92.456,31.7472,66,1.83,3.44,1.61,2.79704,0.771552,3.44,2,2,0,2,0,2,0,4,4,2.416,1.9008,4,0,10,10,2.432,2.9184,0,0,0,0,0,0,0,6,14,8,6.848,1.0176,6,0,0,0,0,0,0,0,4,4,1.232,0.965888,2,0,4,4,1.568,1.906688,0,0,0,0,0,0,0,2,4,2,2.8,0.96,2,9.105,33.285,24.18,9.93544,0.996528,9.105,0,0,0,0,0,0,0,2.1106628,2.1106628,0.827379818,1.006093858,0,12,229,217,98.096,103.3152,12
Na0.02Pb0.98Te0.75Se0.25,300,2.696,Na0.02 Pb0.98 Te0.75 Se0.25,11,82,71,64.04,17.6008,82,2,90,88,84.585,5.165,81,22.98976928,207.2,184.2102307,159.4778977,46.76766026,207.2,370.87,722.66,351.79,630.7551,68.928675,600.61,1,16,15,14.87,1.13,14,3,6,3,5.345,0.6419,6,120,166,46,139.95,6.45,146,0.93,2.55,1.62,2.25725,0.1444825,2.33,1,2,1,1.99,0.0198,2,0,4,4,2.98,1.02,2,0,10,10,9.9,0.198,10,0,14,14,6.86,6.9972,14,1,28,27,21.73,6.1446,28,0,1,1,0.01,0.0198,0,0,4,4,2.96,1.0192,4,0,0,0,0,0,0,0,0,0,0,0,0,1,4,3,2.97,1.0094,4,25.92,34.76333333,8.843333333,30.34258333,3.3155625,28.11,0,0.799,0.799,0.273875,0.273875,0,0,0,0,0,0,0,14,229,215,171.29,53.79,225
Fe0.978Co0.00196Si1.96Y0.04O0.06,400,4.09,Fe0.978 Co0.00196 Si1.96 Y0.04 O0.06,8,39,31,18.07948789,5.65834125,14,12,87,75,69.89686706,11.12404672,78,15.9994,88.90585,72.90645,37.59776348,13.11855302,28.0855,54.8,1811,1756.2,1696.203661,76.66113657,1687,3,16,13,11.96122317,2.788411156,14,2,5,3,3.328938539,0.476621961,3,66,190,124,117.9169989,10.96878761,111,1.22,3.44,2.22,1.898914723,0.062232569,1.9,2,2,0,2,0,2,0,4,4,1.368439058,0.918270702,2,0,7,7,1.947959842,2.613716808,0,0,0,0,0,0,0,3,9,6,5.3163989,1.758442743,4,0,0,0,0,0,0,0,4,4,2.618455506,1.781488709,4,0,9,9,1.407215884,1.870140454,0,0,0,0,0,0,0,2,9,7,4.02567139,0.130905107,4,9.105,32.365,23.26,17.24276642,4.520761565,20.44,0,0.773,0.773,0.498388137,0.35410943,0.773,0,2.1106628,2.1106628,0.680029744,0.921631386,0,12,229,217,222.9444598,9.125894499,227
Tl0.01Pb0.99Te,300,1.942,Tl0.01 Pb0.99 Te1,52,82,30,66.995,14.995,52,76,90,14,85.475,4.525,90,127.6,207.2,79.6,167.3859165,39.7859165,127.6,577,722.66,145.66,661.51695,61.14305,722.66,13,16,3,14.995,1.005,16,5,6,1,5.5,0.5,5,138,146,8,141.995,3.995,138,1.62,2.33,0.71,2.21145,0.1173645,2.1,2,2,0,2,0,2,1,4,3,2.995,1.005,4,10,10,0,10,0,10,0,14,14,7,7,0,16,28,12,21.995,5.995,16,0,0,0,0,0,0,2,5,3,3.005,1.005,2,0,0,0,0,0,0,0,0,0,0,0,0,2,5,3,3.005,1.005,2,26.91,34.76333333,7.853333333,31.43066667,3.332666667,34.76333333,0,0.464,0.464,0.232,0.232,0.464,0,0,0,0,0,0,152,225,73,188.345,36.345,152
LaFe3CoSb12,700,1.57,La1 Fe3 Co1 Sb12,26,57,31,45.52941176,9.07266436,51,13,85,72,73.88235294,15.69550173,85,55.845,138.90547,83.06047,107.4408038,23.91706121,121.76,903.78,1811,907.22,1131.727059,321.8076125,903.78,3,15,12,12.70588235,3.238754325,15,4,6,2,4.823529412,0.387543253,5,126,207,81,141,7.764705882,139,1.1,2.05,0.95,1.945294118,0.147820069,2.05,2,2,0,2,0,2,0,3,3,2.117647059,1.24567474,3,1,10,9,8.588235294,1.993079585,10,0,0,0,0,0,0,3,15,12,12.70588235,3.238754325,15,0,0,0,0,0,0,0,3,3,2.117647059,1.24567474,3,0,9,9,1.411764706,1.993079585,0,0,0,0,0,0,0,3,9,6,3.529411765,0.809688581,3,10.245,36.8975,26.6525,26.94426471,7.687301038,31.56,0,0,0,0,0,0,0,2.1106628,2.1106628,0.463556447,0.708968684,0,166,229,63,180.4117647,20.34602076,166
Mg1.95Ca0.05Si,300,5.6,Mg1.95 Ca0.05 Si1,12,20,8,12.8,1.04,12,7,78,71,70.31666667,5.122222222,68,24.305,40.078,15.773,25.82805,1.979965,24.305,923,1687,764,1180.866667,337.4222222,923,2,14,12,6,5.333333333,2,3,4,1,3.016666667,0.032777778,3,111,176,65,131.5833333,13.72222222,141,1,1.9,0.9,1.5015,0.265666667,1.31,2,2,0,2,0,2,0,2,2,0.666666667,0.888888889,0,0,0,0,0,0,0,0,0,0,0,0,0,2,4,2,2.666666667,0.888888889,2,0,0,0,0,0,0,0,4,4,1.333333333,1.777777778,0,0,0,0,0,0,0,0,0,0,0,0,0,0,4,4,1.333333333,1.777777778,0,20.44,37.77,17.33,22.32133333,1.254222222,22.89,0,0.773,0.773,0.257666667,0.343555556,0,0,0,0,0,0,0,194,227,33,205.5166667,14.97166667,194
SrNd0.2Ti0.8O3,400,4.83,Sr1 Nd0.2 Ti0.8 O3,8,60,52,18.32,12.384,8,8,87,79,61.44,30.672,87,15.9994,144.242,128.2426,40.55204,29.463168,15.9994,54.8,1941,1886.2,605.2,660.48,54.8,2,16,14,10.76,6.288,16,2,6,4,3.08,1.296,2,66,201,135,112.24,55.488,66,0.95,3.44,2.49,2.546,1.0728,3.44,2,2,0,2,0,2,0,4,4,2.4,1.92,4,0,2,2,0.32,0.5376,0,0,4,4,0.16,0.3072,0,2,6,4,4.88,1.4336,6,0,0,0,0,0,0,0,2,2,1.2,0.96,2,0,8,8,1.28,2.1504,0,0,10,10,0.4,0.768,0,0,10,10,2.88,2.208,2,9.105,54.23,45.125,20.3718,14.698336,9.105,0,0,0,0,0,0,0,2.25E-05,2.25E-05,3.61E-06,6.06E-06,0,12,225,213,91,94.8,12
Ca0.96Bi0.04Mn0.96Nb0.04O3,700,1.879,Ca0.96 Bi0.04 Mn0.96 Nb0.04 O3,8,83,75,14.432,7.7184,8,7,87,80,64.592,27.232128,87,15.9994,208.9804,192.981,30.25781488,17.11009786,15.9994,54.8,2750,2695.2,564.9632,612.5248512,54.8,2,16,14,11.488,5.470592,16,2,6,4,2.824,0.9888,2,66,176,110,102.576,43.8912,66,1,3.44,2.44,2.58256,1.028928,3.44,1,2,1,1.992,0.015872,2,0,4,4,2.424,1.900416,4,0,10,10,1.072,1.698048,0,0,14,14,0.112,0.222208,0,2,29,27,5.6,1.392,6,0,1,1,0.008,0.015872,0,0,3,3,1.224,0.959616,2,0,6,6,1.008,1.6128,0,0,0,0,0,0,0,0,7,7,2.24,1.14816,2,9.105,37.77,28.665,15.13749655,9.024561434,9.105,0,0,0,0,0,0,0,0.000310121,0.000310121,5.95E-05,9.62E-05,0,12,229,217,93.992,99.702272,12
Ca2.97Na0.03AlSb3,400,1.24,Ca2.97 Na0.03 Al1 Sb3,11,51,40,32.24714286,16.07387755,51,2,85,83,49.83571429,36.75918367,85,22.98976928,121.76,98.77023072,73.1404131,41.67393163,121.76,370.87,1115,744.13,995.3551571,101.5271952,903.78,1,15,14,9.138571429,6.127346939,15,3,5,2,4.281428571,0.615918367,5,121,176,55,152.2428571,20.27755102,139,0.93,2.05,1.12,1.536842857,0.46075102,2.05,1,2,1,1.995714286,0.008534694,2,0,3,3,1.428571429,1.346938776,3,0,10,10,4.285714286,4.897959184,10,0,0,0,0,0,0,1,15,14,7.71,6.248571429,15,0,1,1,0.004285714,0.008534694,0,0,5,5,2,1.714285714,3,0,0,0,0,0,0,0,0,0,0,0,0,0,5,5,2.004285714,1.709387755,3,16.48,37.77,21.29,32.0306,4.870290857,31.56,0,0,0,0,0,0,0,0,0,0,0,0,166,229,63,199.7314286,28.91265306,166
Ca2.7Bi0.3Co4O9,400,1.9,Ca2.7 Bi0.3 Co4 O9,8,83,75,16.18125,9.20390625,8,7,87,80,66.23125,24.10617188,87,15.9994,208.9804,192.981,34.41450625,20.71699453,15.9994,54.8,1768,1713.2,671.18875,698.1919219,54.8,2,16,14,11.86875,4.765078125,16,2,6,4,2.9125,1.0265625,2,66,176,110,101.1,39.4875,66,1,3.44,2.44,2.611625,0.931921875,3.44,2,2,0,2,0,2,0,4,4,2.30625,1.931484375,4,0,10,10,1.9375,2.83359375,0,0,14,14,0.2625,0.51515625,0,2,29,27,6.50625,2.090390625,6,0,0,0,0,0,0,0,3,3,1.18125,0.989296875,2,0,3,3,0.75,1.125,0,0,0,0,0,0,0,0,3,3,1.93125,0.651796875,2,9.105,37.77,28.665,14.6743125,8.480132813,9.105,0,0,0,0,0,0,0,1.5484712,1.5484712,0.3871178,0.5806767,0,12,225,213,93.44375,94.67835938,12
Cu2Se,300,0.97,Cu2 Se1,29,34,5,30.66666667,2.222222222,29,64,89,25,72.33333333,11.11111111,64,63.546,78.96,15.414,68.684,6.850666667,63.546,494,1357.77,863.77,1069.846667,383.8977778,1357.77,11,16,5,12.66666667,2.222222222,11,4,4,0,4,0,4,120,132,12,128,5.333333333,132,1.9,2.55,0.65,2.116666667,0.288888889,1.9,1,2,1,1.333333333,0.444444444,1,0,4,4,1.333333333,1.777777778,0,10,10,0,10,0,10,0,0,0,0,0,0,11,16,5,12.66666667,2.222222222,11,0,1,1,0.666666667,0.444444444,1,0,2,2,0.666666667,0.888888889,0,0,0,0,0,0,0,0,0,0,0,0,0,1,2,1,1.333333333,0.444444444,1,11.07,25.92,14.85,16.02,6.6,11.07,0,0.799,0.799,0.266333333,0.355111111,0,0,0,0,0,0,0,14,225,211,154.6666667,93.77777778,225
Ca4.75Na0.25Al2Sb6,400,1.16,Ca4.75 Na0.25 Al2 Sb6,11,51,40,33.05769231,16.56213018,51,2,85,83,53.05769231,35.62130178,85,22.98976928,121.76,98.77023072,75.43392458,42.76253116,121.76,370.87,1115,744.13,975.2759615,102.1060281,903.78,1,15,14,9.673076923,5.940828402,15,3,5,2,4.288461538,0.656804734,5,121,176,55,150.2692308,19.40828402,139,0.93,2.05,1.12,1.577115385,0.446627219,2.05,1,2,1,1.980769231,0.037721893,2,0,3,3,1.538461538,1.349112426,3,0,10,10,4.615384615,4.970414201,10,0,0,0,0,0,0,1,15,14,8.134615385,6.337278107,15,0,1,1,0.019230769,0.037721893,0,0,5,5,2.153846154,1.656804734,3,0,0,0,0,0,0,0,0,0,0,0,0,0,5,5,2.173076923,1.633136095,3,16.48,37.77,21.29,31.46448718,4.696040434,31.56,0,0,0,0,0,0,0,0,0,0,0,0,166,229,63,197.8461538,29.3964497,166
Sr0.9Y0.1TiO3,300,7,Sr0.9 Y0.1 Ti1 O3,8,39,31,16.82,10.584,8,8,87,79,62.48,29.424,87,15.9994,88.90585,72.90645,36.722757,24.8680284,15.9994,54.8,1941,1886.2,646.06,709.512,54.8,2,16,14,10.82,6.216,16,2,5,3,3,1.2,2,66,195,129,110.5,53.4,66,0.95,3.44,2.49,2.5674,1.04712,3.44,2,2,0,2,0,2,0,4,4,2.4,1.92,4,0,2,2,0.42,0.6552,0,0,0,0,0,0,0,2,6,4,4.82,1.416,6,0,0,0,0,0,0,0,2,2,1.2,0.96,2,0,9,9,1.78,2.7768,0,0,0,0,0,0,0,0,9,9,2.98,2.2488,2,9.105,54.23,45.125,19.2097,13.13352,9.105,0,0,0,0,0,0,0,2.25E-05,2.25E-05,4.51E-06,7.21E-06,0,12,225,213,90.38,94.056,12
In1.9Ge0.1O3,400,5.091,In1.9 Ge0.1 O3,8,49,41,24.06,19.272,8,75,87,12,82.28,5.664,87,15.9994,114.818,98.8186,54.68328,46.420656,15.9994,54.8,1211.4,1156.6,220.413,198.7356,54.8,13,16,3,14.82,1.416,16,2,5,3,3.18,1.416,2,66,142,76,95.96,35.952,66,1.78,3.44,1.66,2.7806,0.79128,3.44,2,2,0,2,0,2,1,4,3,2.82,1.416,4,0,10,10,4,4.8,0,0,0,0,0,0,0,6,14,8,8.82,3.384,6,0,0,0,0,0,0,2,5,3,3.18,1.416,2,0,0,0,0,0,0,0,0,0,0,0,0,2,5,3,3.18,1.416,2,9.105,24.26,15.155,15.1419,7.24428,9.105,0,0.383,0.383,0.00766,0.0150136,0,0,0,0,0,0,0,12,225,213,64.52,63.024,12
Ca0.9Y0.1MnO3,700,1.601,Ca0.9 Y0.1 Mn1 O3,8,39,31,14.18,7.416,8,7,87,80,64.1,27.48,87,15.9994,88.90585,72.90645,29.579406,16.2960072,15.9994,54.8,1799,1744.2,573.36,622.272,54.8,2,16,14,11.42,5.496,16,2,5,3,2.82,0.984,2,66,190,124,102.88,44.256,66,1,3.44,2.44,2.5784,1.03392,3.44,2,2,0,2,0,2,0,4,4,2.4,1.92,4,0,5,5,1.02,1.592,0,0,0,0,0,0,0,2,7,5,5.42,1.328,6,0,0,0,0,0,0,0,2,2,1.2,0.96,2,0,9,9,1.18,1.8408,0,0,0,0,0,0,0,0,9,9,2.38,1.3128,2,9.105,37.77,28.665,15.00641724,8.889233103,9.105,0,0,0,0,0,0,0,0.000310121,0.000310121,6.20E-05,9.92E-05,0,12,225,213,94.98,99.576,12
Mg1.95Ca0.05Si,400,4.9,Mg1.95 Ca0.05 Si1,12,20,8,12.8,1.04,12,7,78,71,70.31666667,5.122222222,68,24.305,40.078,15.773,25.82805,1.979965,24.305,923,1687,764,1180.866667,337.4222222,923,2,14,12,6,5.333333333,2,3,4,1,3.016666667,0.032777778,3,111,176,65,131.5833333,13.72222222,141,1,1.9,0.9,1.5015,0.265666667,1.31,2,2,0,2,0,2,0,2,2,0.666666667,0.888888889,0,0,0,0,0,0,0,0,0,0,0,0,0,2,4,2,2.666666667,0.888888889,2,0,0,0,0,0,0,0,4,4,1.333333333,1.777777778,0,0,0,0,0,0,0,0,0,0,0,0,0,0,4,4,1.333333333,1.777777778,0,20.44,37.77,17.33,22.32133333,1.254222222,22.89,0,0.773,0.773,0.257666667,0.343555556,0,0,0,0,0,0,0,194,227,33,205.5166667,14.97166667,194
Sm1.7Ca0.3MnO3,300,1.1,Sm1.7 Ca0.3 Mn1 O3,8,62,54,26.73333333,19.98444444,8,7,87,80,59.03333333,27.96666667,87,15.9994,150.36,134.3606,61.76194083,50.20556686,15.9994,54.8,1519,1464.2,717.4,662.6,54.8,2,16,14,10.11666667,5.883333333,16,2,6,4,3.566666667,1.566666667,2,66,198,132,121.0666667,55.06666667,66,1,3.44,2.44,2.359833333,1.080166667,3.44,2,2,0,2,0,2,0,4,4,2,2,4,0,5,5,0.833333333,1.388888889,0,0,6,6,1.7,2.436666667,0,2,8,6,6.533333333,0.986666667,6,0,0,0,0,0,0,0,2,2,1,1,2,0,5,5,0.833333333,1.388888889,0,0,8,8,2.266666667,3.248888889,0,0,8,8,4.1,2.51,2,9.105,37.77,28.665,17.6040977,10.8712682,9.105,0,0,0,0,0,0,0,0.000310121,0.000310121,5.17E-05,8.61E-05,0,12,225,213,100.45,88.45,12
Cu2Se,1000,0.745,Cu2 Se1,29,34,5,30.66666667,2.222222222,29,64,89,25,72.33333333,11.11111111,64,63.546,78.96,15.414,68.684,6.850666667,63.546,494,1357.77,863.77,1069.846667,383.8977778,1357.77,11,16,5,12.66666667,2.222222222,11,4,4,0,4,0,4,120,132,12,128,5.333333333,132,1.9,2.55,0.65,2.116666667,0.288888889,1.9,1,2,1,1.333333333,0.444444444,1,0,4,4,1.333333333,1.777777778,0,10,10,0,10,0,10,0,0,0,0,0,0,11,16,5,12.66666667,2.222222222,11,0,1,1,0.666666667,0.444444444,1,0,2,2,0.666666667,0.888888889,0,0,0,0,0,0,0,0,0,0,0,0,0,1,2,1,1.333333333,0.444444444,1,11.07,25.92,14.85,16.02,6.6,11.07,0,0.799,0.799,0.266333333,0.355111111,0,0,0,0,0,0,0,14,225,211,154.6666667,93.77777778,225
Mn1.3Mo6S8,300,1.432,Mn1.3 Mo6 S8,16,42,26,26.96078431,11.79546328,16,50,88,38,70.03921569,18.78251954,88,32.065,95.96,63.895,59.06532408,28.93700072,32.065,388.36,2896,2507.64,1467.815686,1128.842548,388.36,6,16,10,11.31372549,4.900679226,16,3,5,2,3.869281046,0.909052074,3,105,154,49,127.1045752,23.1158956,105,1.55,2.58,1.03,2.327777778,0.263761801,2.58,1,2,1,1.607843137,0.476739715,2,0,4,4,2.091503268,1.995813576,4,0,5,5,2.385620915,2.49476697,0,0,0,0,0,0,0,6,7,1,6.08496732,0.155495749,6,0,1,1,0.392156863,0.476739715,0,0,2,2,1.045751634,0.997906788,2,0,5,5,2.385620915,2.49476697,0,0,0,0,0,0,0,2,6,4,3.823529412,1.906958862,2,10.48758621,25.786875,15.29928879,20.52737661,5.50012904,25.786875,0,2.202,2.202,1.151372549,1.098695374,2.202,0,0.000310121,0.000310121,2.64E-05,4.82E-05,0,70,229,159,144.8431373,78.26733308,70
Ti0.98Nb0.02NiSn,400,6.328,Ti0.98 Nb0.02 Ni1 Sn1,22,50,28,33.46,11.1272,28,43,80,37,61.36,12.42666667,61,47.867,118.71,70.843,75.39039587,29.11328254,58.6934,505.08,2750,2244.92,1396.753333,594.4488889,505.08,4,14,10,9.34,3.546666667,10,4,5,1,4.34,0.4488,4,124,164,40,141.0266667,12.70222222,124,1.54,1.96,0.42,1.803733333,0.175022222,1.91,1,2,1,1.993333333,0.013244444,2,0,2,2,0.666666667,0.888888889,0,2,10,8,6.68,3.093333333,8,0,0,0,0,0,0,4,14,10,9.34,3.546666667,10,0,1,1,0.006666667,0.013244444,0,0,4,4,1.333333333,1.777777778,0,0,8,8,3.32,3.093333333,0,0,0,0,0,0,0,2,8,6,4.66,2.213333333,2,10.32,33.285,22.965,20.10826667,8.784488889,10.32,0,0,0,0,0,0,0,0.5953947,0.5953947,0.198472261,0.264614959,0,141,229,88,186.9,30.6,141
Ca3Co4O9,400,3.444,Ca3 Co4 O9,8,27,19,15,7.875,8,7,87,80,64.75,25.03125,87,15.9994,58.933195,42.933795,31.24758625,17.15420953,15.9994,54.8,1768,1713.2,681.8875,705.4734375,54.8,2,16,14,11.625,4.921875,16,2,4,2,2.875,0.984375,2,66,176,110,101.625,40.078125,66,1,3.44,2.44,2.5925,0.9534375,3.44,2,2,0,2,0,2,0,4,4,2.25,1.96875,4,0,7,7,1.75,2.625,0,0,0,0,0,0,0,2,9,7,6,1.5,6,0,0,0,0,0,0,0,2,2,1.125,0.984375,2,0,3,3,0.75,1.125,0,0,0,0,0,0,0,0,3,3,1.875,0.703125,2,9.105,37.77,28.665,14.7646875,8.626992188,9.105,0,0,0,0,0,0,0,1.5484712,1.5484712,0.3871178,0.5806767,0,12,225,213,97.4375,96.1171875,12
Sr2Ti0.8Nb0.2O4,1000,1.92,Sr2 Ti0.8 Nb0.2 O4,8,41,33,19.11428571,12.70204082,8,8,87,79,58.25714286,32.84897959,87,15.9994,92.90638,76.90698,42.30178229,30.05986547,15.9994,54.8,2750,2695.2,631.7142857,659.3306122,54.8,2,16,14,10.31428571,6.497959184,16,2,5,3,3.171428571,1.33877551,2,66,195,129,116.4,57.6,66,0.95,3.44,2.49,2.458857143,1.121306122,3.44,1,2,1,1.971428571,0.055510204,2,0,4,4,2.285714286,1.959183673,4,0,4,4,0.342857143,0.587755102,0,0,0,0,0,0,0,2,6,4,4.6,1.622857143,6,0,1,1,0.028571429,0.055510204,0,0,2,2,1.142857143,0.979591837,2,0,8,8,1.085714286,1.86122449,0,0,0,0,0,0,0,0,8,8,2.257142857,1.583673469,2,9.105,54.23,45.125,23.124,17.77485714,9.105,0,0,0,0,0,0,0,2.25E-05,2.25E-05,2.58E-06,4.56E-06,0,12,229,217,99.85714286,100.4081633,12
Zr0.98Nb0.02NiSn,400,8.678,Zr0.98 Nb0.02 Ni1 Sn1,28,50,22,39.34,7.56,28,44,80,36,61.68666667,12.20888889,61,58.6934,118.71,60.0166,89.55368253,20.57352169,58.6934,505.08,2750,2244.92,1457.84,635.1733333,505.08,4,14,10,9.34,3.546666667,10,4,5,1,4.666666667,0.444444444,4,124,175,51,145.9266667,19.23555556,124,1.33,1.96,0.63,1.735133333,0.266488889,1.91,1,2,1,1.993333333,0.013244444,2,0,2,2,0.666666667,0.888888889,0,2,10,8,6.68,3.093333333,8,0,0,0,0,0,0,4,14,10,9.34,3.546666667,10,0,1,1,0.006666667,0.013244444,0,0,4,4,1.333333333,1.777777778,0,0,8,8,3.32,3.093333333,0,0,0,0,0,0,0,2,8,6,4.66,2.213333333,2,10.32,33.285,22.965,22.23323333,7.996198667,10.32,0,0,0,0,0,0,0,0.5953947,0.5953947,0.1984649,0.264619867,0,141,229,88,186.9,30.6,141
Sn1.2S1.2Ti2S4,700,1.69,Sn1.2 S5.2 Ti2,16,50,34,22.28571429,7.918367347,16,43,88,45,76.14285714,15.78231293,88,32.065,118.71,86.645,48.2052381,20.14421769,32.065,388.36,1941,1552.64,774.7104762,555.3759637,388.36,4,16,12,12.85714286,4.217687075,16,3,5,2,3.523809524,0.648526077,3,105,160,55,122.952381,22.22675737,105,1.54,2.58,1.04,2.243809524,0.416235828,2.58,2,2,0,2,0,2,0,4,4,2.761904762,1.532879819,4,0,10,10,1.904761905,2.358276644,0,0,0,0,0,0,0,4,14,10,6.666666667,2.095238095,6,0,0,0,0,0,0,0,4,4,1.80952381,0.861678005,2,0,8,8,1.904761905,2.902494331,0,0,0,0,0,0,0,2,8,6,3.714285714,2.12244898,2,16.69,33.285,16.595,24.6921131,3.810530045,25.786875,0,2.202,2.202,1.363142857,1.038585034,2.202,0,2.25E-05,2.25E-05,5.37E-06,8.18E-06,0,70,194,124,109.6666667,49.11111111,70
In2O3,1000,2.976,In2 O3,8,49,41,24.4,19.68,8,75,87,12,82.2,5.76,87,15.9994,114.818,98.8186,55.52684,47.432928,15.9994,54.8,429.75,374.95,204.78,179.976,54.8,13,16,3,14.8,1.44,16,2,5,3,3.2,1.44,2,66,142,76,96.4,36.48,66,1.78,3.44,1.66,2.776,0.7968,3.44,2,2,0,2,0,2,1,4,3,2.8,1.44,4,0,10,10,4,4.8,0,0,0,0,0,0,0,6,13,7,8.8,3.36,6,0,0,0,0,0,0,2,5,3,3.2,1.44,2,0,0,0,0,0,0,0,0,0,0,0,0,2,5,3,3.2,1.44,2,9.105,24.26,15.155,15.167,7.2744,9.105,0,0,0,0,0,0,0,0,0,0,0,0,12,139,127,62.8,60.96,12
Ti0.99Nb0.01NiSn,700,4.818,Ti0.99 Nb0.01 Ni1 Sn1,22,50,28,33.39666667,11.11957778,28,43,80,37,61.34666667,12.43555556,61,47.867,118.71,70.843,75.2402646,29.0975977,58.6934,505.08,2750,2244.92,1394.056667,592.6511111,505.08,4,14,10,9.336666667,3.551111111,10,4,5,1,4.336666667,0.446644444,4,124,164,40,141.0133333,12.68444444,124,1.54,1.96,0.42,1.803533333,0.175288889,1.91,1,2,1,1.996666667,0.006644444,2,0,2,2,0.666666667,0.888888889,0,2,10,8,6.673333333,3.102222222,8,0,0,0,0,0,0,4,14,10,9.336666667,3.551111111,10,0,1,1,0.003333333,0.006644444,0,0,4,4,1.333333333,1.777777778,0,0,8,8,3.326666667,3.102222222,0,0,0,0,0,0,0,2,8,6,4.663333333,2.217777778,2,10.32,33.285,22.965,20.1033,8.7878,10.32,0,0,0,0,0,0,0,0.5953947,0.5953947,0.198472336,0.264614909,0,141,229,88,186.7833333,30.52222222,141
Fe1.94Ti0.06O3,300,6.39,Fe1.94 Ti0.06 O3,8,26,18,15.152,8.5824,8,43,87,44,74.056,15.5328,87,15.9994,55.845,39.8456,31.841904,19.0110048,15.9994,54.8,1941,1886.2,758.84,844.848,54.8,4,16,12,12.752,3.8976,16,2,4,2,2.8,0.96,2,66,160,94,92.736,32.0832,66,1.54,3.44,1.9,2.79252,0.776976,3.44,2,2,0,2,0,2,0,4,4,2.4,1.92,4,0,6,6,2.352,2.830848,0,0,0,0,0,0,0,4,8,4,6.752,0.968448,6,0,0,0,0,0,0,0,2,2,1.2,0.96,2,0,8,8,1.648,1.9776,0,0,0,0,0,0,0,2,8,6,2.848,1.0176,2,9.105,16.69,7.585,9.82652,0.865824,9.105,0,0,0,0,0,0,0,2.1106628,2.1106628,0.818937437,1.002378882,0,12,229,217,98.38,103.656,12
TlTiPS5,300,0.783,Tl1 Ti1 P1 S5,15,81,66,24.75,14.0625,16,43,88,45,80.25,10.375,88,30.973762,204.3833,173.409538,55.44363275,37.23491681,32.065,317.3,1941,1623.7,597.1375,335.965625,388.36,4,16,12,14,2.75,16,3,6,3,3.5,0.75,3,105,160,55,117.125,17.6875,105,1.54,2.58,1.04,2.28125,0.3734375,2.58,2,2,0,2,0,2,0,4,4,3,1.25,4,0,10,10,1.5,2.25,0,0,14,14,1.75,3.0625,0,4,27,23,8.25,4.6875,6,0,0,0,0,0,0,0,5,5,2.25,0.875,2,0,8,8,1,1.75,0,0,0,0,0,0,0,2,8,6,3.25,1.625,2,16.69,26.91,10.22,24.38807664,2.378978795,25.786875,0,2.202,2.202,1.579375,0.7896875,2.202,0,2.25E-05,2.25E-05,2.82E-06,4.93E-06,0,2,194,192,92.5,50.75,70
In0.3Co4Sb12,300,2.688,In0.3 Co4 Sb12,27,51,24,45.07361963,8.870488163,51,58,85,27,78.19018405,10.02672287,85,58.933195,121.76,62.826805,106.2146123,23.20560357,121.76,429.75,1768,1338.25,1107.134049,324.351387,903.78,9,15,6,13.49079755,2.222138583,15,4,5,1,4.754601227,0.37035643,5,126,142,16,135.8650307,4.841732847,139,1.78,2.05,0.27,2.003312883,0.068741767,2.05,2,2,0,2,0,2,0,3,3,2.226993865,1.138168542,3,7,10,3,9.263803681,1.111069291,10,0,0,0,0,0,0,9,15,6,13.49079755,2.222138583,15,0,0,0,0,0,0,0,5,5,2.300613497,1.129135459,3,0,3,3,0.736196319,1.111069291,0,0,0,0,0,0,0,3,5,2,3.036809816,0.072264669,3,10.245,31.56,21.315,26.19496933,7.899431668,31.56,0,0,0,0,0,0,0,1.5484712,1.5484712,0.379992933,0.573486266,0,139,194,55,172.3742331,10.61387331,166
WO2.9,1000,3.601,W1 O2.9,8,74,66,24.92307692,25.16765286,8,51,87,36,77.76923077,13.72781065,87,15.9994,183.84,167.8406,59.03545128,64.00233268,15.9994,54.8,3695,3640.2,988.1846154,1388.110454,54.8,6,16,10,13.43589744,3.813280736,16,2,6,4,3.025641026,1.525312295,2,66,162,96,90.61538462,36.60749507,66,2.36,3.44,1.08,3.163076923,0.41183432,3.44,2,2,0,2,0,2,0,4,4,2.974358974,1.525312295,4,0,4,4,1.025641026,1.525312295,0,0,14,14,3.58974359,5.338593031,0,6,20,14,9.58974359,5.338593031,6,0,0,0,0,0,0,0,2,2,1.487179487,0.762656147,2,0,6,6,1.538461538,2.287968442,0,0,0,0,0,0,0,2,6,4,3.025641026,1.525312295,2,9.105,16.05,6.945,10.88576923,2.648323471,9.105,0,0,0,0,0,0,0,0,0,0,0,0,12,229,217,67.64102564,82.74819198,12
La3Te3.8Sb0.2,700,2.72,La3 Te3.8 Sb0.2,51,57,6,54.11428571,2.473469388,52,13,90,77,56.85714286,37.59183673,90,121.76,138.90547,17.14547,132.2783443,5.680393469,127.6,722.66,1193,470.34,929.4091429,225.9350204,722.66,3,16,13,10.4,6.342857143,16,5,6,1,5.428571429,0.489795918,5,138,207,69,167.6,33.77142857,138,1.1,2.1,1,1.67,0.488571429,2.1,2,2,0,2,0,2,0,4,4,2.257142857,1.934693878,4,1,10,9,6.142857143,4.408163265,10,0,0,0,0,0,0,3,16,13,10.4,6.342857143,16,0,0,0,0,0,0,0,3,3,1.171428571,1.004081633,2,0,9,9,3.857142857,4.408163265,0,0,0,0,0,0,0,2,9,7,5.028571429,3.404081633,2,31.56,36.8975,5.3375,35.58645238,1.123755102,34.76333333,0,0.464,0.464,0.251885714,0.23029551,0.464,0,0,0,0,0,0,152,194,42,170.4,20.22857143,152
Si0.79936Ge0.19984B0.0008,1000,3.599,Si0.79936 Ge0.19984 B0.0008,5,32,27,17.58992,5.759420774,14,72,79,7,78.19504,0.321726413,78,10.811,72.64,61.829,36.97545168,14.25440667,28.0855,1211.4,2348,1136.6,1592.484896,152.3120112,1687,13,14,1,13.9992,0.00159872,14,2,4,2,3.19904,0.320127693,3,84,120,36,112.77696,2.886904627,111,1.9,2.04,0.14,1.9220944,0.035322759,1.9,2,2,0,2,0,2,1,2,1,1.9992,0.00159872,2,0,10,10,1.9984,3.198079488,0,0,0,0,0,0,0,3,14,11,5.9976,3.198399232,4,0,0,0,0,0,0,4,5,1,4.0008,0.00159872,4,0,0,0,0,0,0,0,0,0,0,0,0,4,5,1,4.0008,0.00159872,4,7.1725,23.005,15.8325,20.9419756,0.824549592,20.44,0.383,1.524,1.141,0.6956632,0.124965228,0.773,0,0,0,0,0,0,166,227,61,226.55152,0.716993946,227
Mg2Si0.98Ag0.02,400,6.06,Mg2 Si0.98 Ag0.02,12,47,35,12.88666667,1.182222222,12,65,78,13,71.24666667,4.412177778,68,24.305,107.8682,83.5632,26.09705133,2.389401778,24.305,923,1687,764,1174.652867,335.5371556,923,2,14,12,5.98,5.306666667,2,3,5,2,3.013333333,0.026488889,3,111,145,34,131.2266667,13.21475556,141,1.31,1.93,0.62,1.506866667,0.262488889,1.31,1,2,1,1.993333333,0.013244444,2,0,2,2,0.653333333,0.879822222,0,0,10,10,0.066666667,0.132444444,0,0,0,0,0,0,0,2,11,9,2.713333333,0.951111111,2,0,1,1,0.006666667,0.013244444,0,0,4,4,1.306666667,1.759644444,0,0,0,0,0,0,0,0,0,0,0,0,0,0,4,4,1.313333333,1.755288889,0,16.33,22.89,6.56,22.04593333,1.125422222,22.89,0,0.773,0.773,0.252513333,0.340051289,0,0,0,0,0,0,0,194,227,33,204.9866667,14.64888889,194
Mo6Te7S,400,3.097,Mo6 Te7 S1,16,52,36,45.14285714,6.857142857,52,50,90,40,72.71428571,19.46938776,90,32.065,127.6,95.535,107.2160714,20.38392857,127.6,388.36,2896,2507.64,1630.212857,1084.960408,722.66,6,16,10,11.71428571,4.897959184,16,3,5,2,4.857142857,0.265306122,5,105,154,49,142.5,9.857142857,138,2.1,2.58,0.48,2.16,0.06,2.1,1,2,1,1.571428571,0.489795918,2,0,4,4,2.285714286,1.959183673,4,0,10,10,7.142857143,2.857142857,10,0,0,0,0,0,0,6,16,10,11,5,16,0,1,1,0.428571429,0.489795918,0,0,2,2,1.142857143,0.979591837,2,0,5,5,2.142857143,2.448979592,0,0,0,0,0,0,0,2,6,4,3.714285714,1.959183673,2,15.69,34.76333333,19.07333333,25.94787202,8.81546131,34.76333333,0,2.202,2.202,0.389285714,0.333673469,0.464,0,0,0,0,0,0,70,229,159,179.1428571,42.73469388,152
Ca5Al2Sb6,700,0.764,Ca5 Al2 Sb6,13,51,38,33.23076923,16.40236686,51,7,85,78,53.15384615,35.50295858,85,26.9815386,121.76,94.7784614,75.7625444,42.45918978,121.76,903.78,1115,211.22,989.5861538,96.47218935,903.78,2,15,13,9.692307692,5.917159763,15,3,5,2,4.307692308,0.639053254,5,121,176,55,150.4615385,19.64497041,139,1,2.05,1.05,1.578461538,0.444970414,2.05,2,2,0,2,0,2,0,3,3,1.538461538,1.349112426,3,0,10,10,4.615384615,4.970414201,10,0,0,0,0,0,0,2,15,13,8.153846154,6.319526627,15,0,0,0,0,0,0,0,5,5,2.153846154,1.656804734,3,0,0,0,0,0,0,0,0,0,0,0,0,0,5,5,2.153846154,1.656804734,3,16.48,37.77,21.29,31.62846154,4.724260355,31.56,0,0,0,0,0,0,0,0,0,0,0,0,166,225,59,197.7692308,29.32544379,166
NaCo2O4,1000,2.224,Na1 Co2 O4,8,27,19,13.85714286,7.510204082,8,2,87,85,66.57142857,23.34693878,87,15.9994,58.933195,42.933795,29.26482275,16.95335557,15.9994,54.8,1768,1713.2,589.4385714,673.4636735,54.8,1,16,15,11.85714286,4.734693878,16,2,4,2,2.714285714,0.816326531,2,66,166,100,97.42857143,35.91836735,66,0.93,3.44,2.51,2.635714286,0.919183673,3.44,1,2,1,1.857142857,0.244897959,2,0,4,4,2.285714286,1.959183673,4,0,7,7,2,2.857142857,0,0,0,0,0,0,0,1,9,8,6.142857143,1.632653061,6,0,1,1,0.142857143,0.244897959,0,0,2,2,1.142857143,0.979591837,2,0,3,3,0.857142857,1.224489796,0,0,0,0,0,0,0,1,3,2,2.142857143,0.489795918,2,9.105,29.24333333,20.13833333,12.30761905,4.83877551,9.105,0,0,0,0,0,0,0,1.5484712,1.5484712,0.442420343,0.632029061,0,12,229,217,95,94.85714286,12
Cu4.0Mo6S8,700,1.791,Cu4 Mo6 S8,16,42,26,27.55555556,10.27160494,16,50,88,38,70,16,88,32.065,95.96,63.895,60.35911111,25.15032099,32.065,388.36,2896,2507.64,1439.664444,970.8903704,388.36,6,16,10,11.55555556,3.950617284,16,3,5,2,3.888888889,0.790123457,3,105,154,49,127.3333333,19.85185185,105,1.9,2.58,0.68,2.288888889,0.258765432,2.58,1,2,1,1.444444444,0.49382716,2,0,4,4,1.777777778,1.975308642,4,0,10,10,3.888888889,3.456790123,0,0,0,0,0,0,0,6,11,5,7.111111111,1.728395062,6,0,1,1,0.555555556,0.49382716,0,0,2,2,0.888888889,0.987654321,2,0,5,5,1.666666667,2.222222222,0,0,0,0,0,0,0,1,6,5,3.111111111,1.925925926,2,11.07,25.786875,14.716875,19.15083333,5.898703704,25.786875,0,2.202,2.202,0.978666667,1.087407407,2.202,0,0,0,0,0,0,70,229,159,157.4444444,77.72839506,70
Zn4Sb3,700,0.74,Zn4 Sb3,30,51,21,39,10.28571429,30,69,85,16,75.85714286,7.836734694,69,65.38,121.76,56.38,89.54285714,27.61469388,65.38,692.68,903.78,211.1,783.1514286,103.3959184,692.68,12,15,3,13.28571429,1.469387755,12,4,5,1,4.428571429,0.489795918,4,122,139,17,129.2857143,8.326530612,122,1.65,2.05,0.4,1.821428571,0.195918367,1.65,2,2,0,2,0,2,0,3,3,1.285714286,1.469387755,0,10,10,0,10,0,10,0,0,0,0,0,0,12,15,3,13.28571429,1.469387755,12,0,0,0,0,0,0,0,3,3,1.285714286,1.469387755,0,0,0,0,0,0,0,0,0,0,0,0,0,0,3,3,1.285714286,1.469387755,0,13.96,31.56,17.6,21.50285714,8.620408163,13.96,0,0,0,0,0,0,0,0,0,0,0,0,166,194,28,182,13.71428571,194
Zr0.5Hf0.5NiSn1.998Sb0.002,700,2.947,Zr0.5 Hf0.5 Ni1 Sn1.998 Sb0.002,28,72,44,46.0005,10.500375,50,44,85,41,66.3775,13.6275,80,58.6934,178.49,119.7966,107.744125,28.65539375,118.71,505.08,2506,2000.92,1263.98935,758.51065,505.08,4,15,11,10.5005,3.5005,14,4,6,2,4.875,0.4375,5,124,175,51,144.25,15.375,139,1.3,2.05,0.75,1.786295,0.2356475,1.96,2,2,0,2,0,2,0,3,3,1.0005,1.0005,2,2,10,8,7.5,2.75,10,0,14,14,1.75,3.0625,0,4,18,14,12.2505,3.187875,14,0,0,0,0,0,0,0,4,4,1.9995,1.9995,4,0,8,8,2.5,2.75,0,0,0,0,0,0,0,2,8,6,4.4995,1.75025,4,10.32,33.285,22.965,24.8960125,8.3872625,33.285,0,0,0,0,0,0,0,0.5953947,0.5953947,0.148848675,0.223273013,0,141,225,84,175.2625,34.2375,141
Ca0.9Ho0.1MnO3,400,1.546,Ca0.9 Ho0.1 Mn1 O3,8,67,59,14.74,8.088,8,7,87,80,64.52,26.976,87,15.9994,164.93032,148.93092,31.0998954,18.12059448,15.9994,54.8,1747,1692.2,572.32,621.024,54.8,2,16,14,11.42,5.496,16,2,6,4,2.84,1.008,2,66,192,126,102.92,44.304,66,1,3.44,2.44,2.5786,1.03368,3.44,2,2,0,2,0,2,0,4,4,2.4,1.92,4,0,5,5,1,1.6,0,0,11,11,0.22,0.4312,0,2,13,11,5.62,1.3032,6,0,0,0,0,0,0,0,2,2,1.2,0.96,2,0,5,5,1,1.6,0,0,3,3,0.06,0.1176,0,0,5,5,2.26,1.1256,2,9.105,37.77,28.665,14.97378391,8.83701977,9.105,0,0,0,0,0,0,0,0.000310121,0.000310121,6.20E-05,9.92E-05,0,12,225,213,94.98,99.576,12
Cu4.0Mo6S8,400,1.431,Cu4 Mo6 S8,16,42,26,27.55555556,10.27160494,16,50,88,38,70,16,88,32.065,95.96,63.895,60.35911111,25.15032099,32.065,388.36,2896,2507.64,1439.664444,970.8903704,388.36,6,16,10,11.55555556,3.950617284,16,3,5,2,3.888888889,0.790123457,3,105,154,49,127.3333333,19.85185185,105,1.9,2.58,0.68,2.288888889,0.258765432,2.58,1,2,1,1.444444444,0.49382716,2,0,4,4,1.777777778,1.975308642,4,0,10,10,3.888888889,3.456790123,0,0,0,0,0,0,0,6,11,5,7.111111111,1.728395062,6,0,1,1,0.555555556,0.49382716,0,0,2,2,0.888888889,0.987654321,2,0,5,5,1.666666667,2.222222222,0,0,0,0,0,0,0,1,6,5,3.111111111,1.925925926,2,11.07,25.786875,14.716875,19.15083333,5.898703704,25.786875,0,2.202,2.202,0.978666667,1.087407407,2.202,0,0,0,0,0,0,70,229,159,157.4444444,77.72839506,70
La3Te3.35Sb0.65,300,1.47,La3 Te3.35 Sb0.65,51,57,6,54.05,2.528571429,52,13,90,77,56.53571429,37.31632653,90,121.76,138.90547,17.14547,131.9029157,6.002189388,127.6,722.66,1193,470.34,941.0525714,215.9549388,722.66,3,16,13,10.33571429,6.287755102,16,5,6,1,5.428571429,0.489795918,5,138,207,69,167.6642857,33.71632653,138,1.1,2.1,1,1.666785714,0.485816327,2.1,2,2,0,2,0,2,0,4,4,2.192857143,1.879591837,4,1,10,9,6.142857143,4.408163265,10,0,0,0,0,0,0,3,16,13,10.33571429,6.287755102,16,0,0,0,0,0,0,0,3,3,1.235714286,1.059183673,2,0,9,9,3.857142857,4.408163265,0,0,0,0,0,0,0,2,9,7,5.092857143,3.348979592,2,31.56,36.8975,5.3375,35.38052381,1.300265306,34.76333333,0,0.464,0.464,0.222057143,0.231573878,0.464,0,0,0,0,0,0,152,194,42,171.3,19.45714286,152
Tl0.01Pb0.99Te,700,0.965,Tl0.01 Pb0.99 Te1,52,82,30,66.995,14.995,52,76,90,14,85.475,4.525,90,127.6,207.2,79.6,167.3859165,39.7859165,127.6,577,722.66,145.66,661.51695,61.14305,722.66,13,16,3,14.995,1.005,16,5,6,1,5.5,0.5,5,138,146,8,141.995,3.995,138,1.62,2.33,0.71,2.21145,0.1173645,2.1,2,2,0,2,0,2,1,4,3,2.995,1.005,4,10,10,0,10,0,10,0,14,14,7,7,0,16,28,12,21.995,5.995,16,0,0,0,0,0,0,2,5,3,3.005,1.005,2,0,0,0,0,0,0,0,0,0,0,0,0,2,5,3,3.005,1.005,2,26.91,34.76333333,7.853333333,31.43066667,3.332666667,34.76333333,0,0.464,0.464,0.232,0.232,0.464,0,0,0,0,0,0,152,225,73,188.345,36.345,152
La3Te3.65Sb0.35,300,2.05,La3 Te3.65 Sb0.35,51,57,6,54.09285714,2.491836735,52,13,90,77,56.75,37.5,90,121.76,138.90547,17.14547,132.1532014,5.787658776,127.6,722.66,1193,470.34,933.2902857,222.6083265,722.66,3,16,13,10.37857143,6.324489796,16,5,6,1,5.428571429,0.489795918,5,138,207,69,167.6214286,33.75306122,138,1.1,2.1,1,1.668928571,0.487653061,2.1,2,2,0,2,0,2,0,4,4,2.235714286,1.916326531,4,1,10,9,6.142857143,4.408163265,10,0,0,0,0,0,0,3,16,13,10.37857143,6.324489796,16,0,0,0,0,0,0,0,3,3,1.192857143,1.02244898,2,0,9,9,3.857142857,4.408163265,0,0,0,0,0,0,0,2,9,7,5.05,3.385714286,2,31.56,36.8975,5.3375,35.51780952,1.182591837,34.76333333,0,0.464,0.464,0.241942857,0.231573878,0.464,0,0,0,0,0,0,152,194,42,170.7,19.97142857,152
Ag0.15Sb0.15Te1.15Ge0.85,1000,2.272,Ag0.15 Sb0.15 Te1.15 Ge0.85,32,52,20,44.2173913,9.030245747,52,65,90,25,83.97826087,6.155009452,90,72.64,127.6,54.96,105.6209696,24.37723837,127.6,722.66,1234.93,512.27,948.5023913,231.6757467,722.66,11,16,5,14.86956522,1.147448015,16,4,5,1,4.630434783,0.465973535,5,120,145,25,131.8695652,8.7731569,138,1.93,2.1,0.17,2.052391304,0.047608696,2.1,1,2,1,1.934782609,0.121928166,2,0,4,4,2.934782609,1.073724008,4,10,10,0,10,0,10,0,0,0,0,0,0,11,16,5,14.86956522,1.147448015,16,0,1,1,0.065217391,0.121928166,0,0,4,4,2.673913043,1.02268431,2,0,0,0,0,0,0,0,0,0,0,0,0,1,4,3,2.739130435,0.965973535,2,16.33,34.76333333,18.43333333,29.00677536,6.089587272,34.76333333,0,0.464,0.464,0.373543478,0.097446125,0.464,0,0,0,0,0,0,152,225,73,184.6521739,35.08506616,152
CuCr0.96Mg0.04O2,700,7.973,Cu1 Cr0.96 Mg0.04 O2,8,29,21,17.13,9.2326,8,49,87,38,71.94,15.06,87,15.9994,63.546,47.5466,36.608314,20.85498028,15.9994,54.8,2180,2125.2,899.2725,844.4725,54.8,2,16,14,12.21,3.79,16,2,4,2,2.99,0.99,2,66,141,75,100.77,34.77,66,1.31,3.44,2.13,2.6065,0.8335,3.44,1,2,1,1.51,0.4998,2,0,4,4,2,2,4,0,10,10,3.7,3.774,0,0,0,0,0,0,0,2,11,9,7.21,1.895,6,0,1,1,0.49,0.4998,0,0,2,2,1,1,2,0,5,5,1.2,1.824,0,0,0,0,0,0,0,0,6,6,2.69,1.5888,2,9.105,22.89,13.785,10.2345,1.1295,9.105,0,0,0,0,0,0,0,0,0,0,0,0,12,229,217,119.15,107.15,12
Ba8Ga18Ge28,400,1.4,Ba8 Ga18 Ge28,31,56,25,35.22222222,6.156378601,32,9,79,70,66.96296296,17.17421125,79,69.723,137.327,67.604,81.25092593,16.61513306,72.64,302.91,1211.4,908.49,877.2514815,382.894321,1211.4,2,14,12,11.88888889,2.930041152,14,4,6,2,4.296296296,0.504801097,4,120,215,95,134.7407407,23.78052126,120,0.89,2.01,1.12,1.777407407,0.262935528,2.01,2,2,0,2,0,2,0,2,2,1.37037037,0.652949246,2,0,10,10,8.518518519,2.524005487,10,0,0,0,0,0,0,2,14,12,11.88888889,2.930041152,14,0,0,0,0,0,0,0,5,5,3.740740741,1.108367627,4,0,0,0,0,0,0,0,0,0,0,0,0,0,5,5,3.740740741,1.108367627,4,18.8575,63.59,44.7325,27.63509259,10.6533059,23.005,0,0.383,0.383,0.198592593,0.191237311,0.383,0,0,0,0,0,0,64,229,165,171.9259259,71.95061728,225
ZrNiSn,300,10.143,Zr1 Ni1 Sn1,28,50,22,39.33333333,7.555555556,28,44,80,36,61.66666667,12.22222222,44,58.6934,118.71,60.0166,89.54246667,20.56604444,58.6934,505.08,2128,1622.92,1453.693333,632.4088889,505.08,4,14,10,9.333333333,3.555555556,4,4,5,1,4.666666667,0.444444444,4,124,175,51,146,19.33333333,124,1.33,1.96,0.63,1.733333333,0.268888889,1.33,2,2,0,2,0,2,0,2,2,0.666666667,0.888888889,0,2,10,8,6.666666667,3.111111111,2,0,0,0,0,0,0,4,14,10,9.333333333,3.555555556,4,0,0,0,0,0,0,0,4,4,1.333333333,1.777777778,0,0,8,8,3.333333333,3.111111111,0,0,0,0,0,0,0,2,8,6,4.666666667,2.222222222,2,10.32,33.285,22.965,22.26666667,7.964444444,10.32,0,0,0,0,0,0,0,0.5953947,0.5953947,0.1984649,0.264619867,0,141,225,84,186.6666667,30.44444444,141
Pb0.94Sr0.04TeNa0.02,1000,0.98,Pb0.94 Sr0.04 Te1 Na0.02,11,82,71,65.41,15.5946,52,2,90,88,83.25,6.75,90,22.98976928,207.2,184.2102307,163.1662977,41.39168017,127.6,370.87,1050,679.13,668.3254,69.601584,722.66,1,16,15,14.63,1.37,16,3,6,3,5.45,0.517,5,138,195,57,143.18,5.18,138,0.93,2.33,1.4,2.1734,0.147204,2.1,1,2,1,1.99,0.0198,2,0,4,4,2.94,1.06,4,0,10,10,9.7,0.582,10,0,14,14,6.58,6.9748,0,1,28,27,21.21,6.3826,16,0,1,1,0.01,0.0198,0,0,4,4,2.88,1.0528,2,0,0,0,0,0,0,0,0,0,0,0,0,0,4,4,2.89,1.0434,2,28.11,54.23,26.12,31.9704,3.683317333,34.76333333,0,0.464,0.464,0.232,0.232,0.464,0,0,0,0,0,0,152,229,77,188.54,36.54,152
In1.8Ge0.2O3,700,1.836,In1.8 Ge0.2 O3,8,49,41,23.72,18.864,8,75,87,12,82.36,5.568,87,15.9994,114.818,98.8186,53.83972,45.408384,15.9994,54.8,1211.4,1156.6,236.046,217.4952,54.8,13,16,3,14.84,1.392,16,2,5,3,3.16,1.392,2,66,142,76,95.52,35.424,66,1.78,3.44,1.66,2.7852,0.78576,3.44,2,2,0,2,0,2,1,4,3,2.84,1.392,4,0,10,10,4,4.8,0,0,0,0,0,0,0,6,14,8,8.84,3.408,6,0,0,0,0,0,0,2,5,3,3.16,1.392,2,0,0,0,0,0,0,0,0,0,0,0,0,2,5,3,3.16,1.392,2,9.105,24.26,15.155,15.1168,7.21416,9.105,0,0.383,0.383,0.01532,0.0294144,0,0,0,0,0,0,0,12,225,213,66.24,65.088,12
TiNiSn,1000,7.71,Ti1 Ni1 Sn1,22,50,28,33.33333333,11.11111111,22,43,80,37,61.33333333,12.44444444,43,47.867,118.71,70.843,75.09013333,29.07991111,47.867,505.08,1941,1435.92,1391.36,590.8533333,505.08,4,14,10,9.333333333,3.555555556,4,4,5,1,4.333333333,0.444444444,4,124,160,36,141,12.66666667,124,1.54,1.96,0.42,1.803333333,0.175555556,1.54,2,2,0,2,0,2,0,2,2,0.666666667,0.888888889,0,2,10,8,6.666666667,3.111111111,2,0,0,0,0,0,0,4,14,10,9.333333333,3.555555556,4,0,0,0,0,0,0,0,4,4,1.333333333,1.777777778,0,0,8,8,3.333333333,3.111111111,0,0,0,0,0,0,0,2,8,6,4.666666667,2.222222222,2,10.32,33.285,22.965,20.09833333,8.791111111,10.32,0,0,0,0,0,0,0,0.5953947,0.5953947,0.198472411,0.264614859,0,141,225,84,186.6666667,30.44444444,141
La2.99Te4,300,2.46,La2.99 Te4,52,57,5,54.13876967,2.44780506,52,13,90,77,57.06294707,37.69619792,90,127.6,138.90547,11.30547,132.4359593,5.534717334,127.6,722.66,1193,470.34,923.8497854,230.2601264,722.66,3,16,13,10.43919886,6.364293155,16,5,6,1,5.427753934,0.489561012,5,138,207,69,167.5150215,33.77970982,138,1.1,2.1,1,1.672246066,0.489561012,2.1,2,2,0,2,0,2,0,4,4,2.288984263,1.958244048,4,1,10,9,6.150214592,4.406049108,10,0,0,0,0,0,0,3,16,13,10.43919886,6.364293155,16,0,0,0,0,0,0,0,2,2,1.144492132,0.979122024,2,0,9,9,3.849785408,4.406049108,0,0,0,0,0,0,0,2,9,7,4.994277539,3.426927084,2,34.76333333,36.8975,2.134166667,35.67623152,1.044804793,34.76333333,0,0.464,0.464,0.265522175,0.22715631,0.464,0,0,0,0,0,0,152,194,42,169.9656652,20.5615625,152
Ba7SrAl16Si30,1000,2.57,Ba7 Sr1 Al16 Si30,13,56,43,19.59259259,10.12071331,14,8,78,70,66.27777778,17.00823045,78,26.9815386,137.327,110.3454614,43.02182625,26.1012737,28.0855,933.47,1687,753.53,1362.88,360.1333333,1687,2,14,12,11.92592593,2.941015089,14,3,6,3,3.425925926,0.725651578,3,111,215,104,129,24.74074074,111,0.89,1.9,1.01,1.665555556,0.260493827,1.9,2,2,0,2,0,2,0,2,2,1.407407407,0.658436214,2,0,0,0,0,0,0,0,0,0,0,0,0,2,4,2,3.407407407,0.658436214,4,0,0,0,0,0,0,0,5,5,3.703703704,1.09739369,4,0,0,0,0,0,0,0,0,0,0,0,0,0,5,5,3.703703704,1.09739369,4,16.48,63.59,47.11,25.48592593,10.94342936,20.44,0,0.773,0.773,0.429444444,0.381728395,0.773,0,0,0,0,0,0,225,229,4,226.6296296,1.0260631,227
CuCrO2,300,6.586,Cu1 Cr1 O2,8,29,21,17.25,9.25,8,49,87,38,71.75,15.25,87,15.9994,63.546,47.5466,36.885225,20.885825,15.9994,54.8,2180,2125.2,911.8425,857.0425,54.8,6,16,10,12.25,3.75,16,2,4,2,3,1,2,66,139,73,100.75,34.75,66,1.66,3.44,1.78,2.61,0.83,3.44,1,2,1,1.5,0.5,2,0,4,4,2,2,4,0,10,10,3.75,3.75,0,0,0,0,0,0,0,6,11,5,7.25,1.875,6,0,1,1,0.5,0.5,0,0,2,2,1,1,2,0,5,5,1.25,1.875,0,0,0,0,0,0,0,1,6,5,2.75,1.625,2,9.105,11.19,2.085,10.1175,1.0125,9.105,0,0,0,0,0,0,0,0,0,0,0,0,12,229,217,119.5,107.5,12
Mg2Si0.995Bi0.005,700,4.29,Mg2 Si0.995 Bi0.005,12,83,71,12.78166667,1.042222222,12,68,86,18,71.34666667,4.462222222,68,24.305,208.9804,184.6754,25.86665817,2.082210889,24.305,544.4,1687,1142.6,1175.762333,339.1209856,923,2,15,13,6.001666667,5.335555556,2,3,6,3,3.005,0.009983333,3,111,148,37,131.0616667,13.30757222,141,1.31,2.02,0.71,1.506866667,0.262488889,1.31,2,2,0,2,0,2,0,3,3,0.668333333,0.891111111,0,0,10,10,0.016666667,0.033277778,0,0,14,14,0.023333333,0.046588889,0,2,29,27,2.708333333,0.944444444,2,0,0,0,0,0,0,0,4,4,1.331666667,1.775555556,0,0,0,0,0,0,0,0,0,0,0,0,0,0,4,4,1.331666667,1.775555556,0,20.44,32.95,12.51,22.09418333,1.097274944,22.89,0,0.773,0.773,0.256378333,0.342692372,0,0,0,0,0,0,0,12,227,215,204.6416667,14.83102778,194
Zr0.98Nb0.02NiSn,300,10.059,Zr0.98 Nb0.02 Ni1 Sn1,28,50,22,39.34,7.56,28,44,80,36,61.68666667,12.20888889,61,58.6934,118.71,60.0166,89.55368253,20.57352169,58.6934,505.08,2750,2244.92,1457.84,635.1733333,505.08,4,14,10,9.34,3.546666667,10,4,5,1,4.666666667,0.444444444,4,124,175,51,145.9266667,19.23555556,124,1.33,1.96,0.63,1.735133333,0.266488889,1.91,1,2,1,1.993333333,0.013244444,2,0,2,2,0.666666667,0.888888889,0,2,10,8,6.68,3.093333333,8,0,0,0,0,0,0,4,14,10,9.34,3.546666667,10,0,1,1,0.006666667,0.013244444,0,0,4,4,1.333333333,1.777777778,0,0,8,8,3.32,3.093333333,0,0,0,0,0,0,0,2,8,6,4.66,2.213333333,2,10.32,33.285,22.965,22.23323333,7.996198667,10.32,0,0,0,0,0,0,0,0.5953947,0.5953947,0.1984649,0.264619867,0,141,229,88,186.9,30.6,141
Fe1.96Ti0.04O3,400,6.87,Fe1.96 Ti0.04 O3,8,26,18,15.168,8.6016,8,43,87,44,74.104,15.4752,87,15.9994,55.845,39.8456,31.873816,19.0492992,15.9994,54.8,1941,1886.2,758.32,844.224,54.8,4,16,12,12.768,3.8784,16,2,4,2,2.8,0.96,2,66,160,94,92.624,31.9488,66,1.54,3.44,1.9,2.79368,0.775584,3.44,2,2,0,2,0,2,0,4,4,2.4,1.92,4,0,6,6,2.368,2.847488,0,0,0,0,0,0,0,4,8,4,6.768,0.965888,6,0,0,0,0,0,0,0,2,2,1.2,0.96,2,0,8,8,1.632,1.9584,0,0,0,0,0,0,0,2,8,6,2.832,0.9984,2,9.105,16.69,7.585,9.80268,0.837216,9.105,0,0,0,0,0,0,0,2.1106628,2.1106628,0.827379998,1.006093717,0,12,229,217,98.52,103.824,12
Fe0.978Co0.00196Si1.96Y0.04O0.06,700,3.95,Fe0.978 Co0.00196 Si1.96 Y0.04 O0.06,8,39,31,18.07948789,5.65834125,14,12,87,75,69.89686706,11.12404672,78,15.9994,88.90585,72.90645,37.59776348,13.11855302,28.0855,54.8,1811,1756.2,1696.203661,76.66113657,1687,3,16,13,11.96122317,2.788411156,14,2,5,3,3.328938539,0.476621961,3,66,190,124,117.9169989,10.96878761,111,1.22,3.44,2.22,1.898914723,0.062232569,1.9,2,2,0,2,0,2,0,4,4,1.368439058,0.918270702,2,0,7,7,1.947959842,2.613716808,0,0,0,0,0,0,0,3,9,6,5.3163989,1.758442743,4,0,0,0,0,0,0,0,4,4,2.618455506,1.781488709,4,0,9,9,1.407215884,1.870140454,0,0,0,0,0,0,0,2,9,7,4.02567139,0.130905107,4,9.105,32.365,23.26,17.24276642,4.520761565,20.44,0,0.773,0.773,0.498388137,0.35410943,0.773,0,2.1106628,2.1106628,0.680029744,0.921631386,0,12,229,217,222.9444598,9.125894499,227
Si0.8Ge0.2,300,2.449,Si0.8 Ge0.2,14,32,18,17.6,5.76,14,78,79,1,78.2,0.32,78,28.0855,72.64,44.5545,36.9964,14.25744,28.0855,1211.4,1687,475.6,1591.88,152.192,1687,14,14,0,14,1.78E-15,14,3,4,1,3.2,0.32,3,111,120,9,112.8,2.88,111,1.9,2.01,0.11,1.922,0.0352,1.9,2,2,0,2,0,2,2,2,0,2,0,2,0,10,10,2,3.2,0,0,0,0,0,0,0,4,14,10,6,3.2,4,0,0,0,0,0,0,4,4,0,4,0,4,0,0,0,0,0,0,0,0,0,0,0,0,4,4,0,4,0,4,20.44,23.005,2.565,20.953,0.8208,20.44,0.383,0.773,0.39,0.695,0.1248,0.773,0,0,0,0,0,0,225,227,2,226.6,0.64,227
Na0.02Pb0.98Te,700,1.393,Na0.02 Pb0.98 Te1,11,82,71,66.29,15.3958,52,2,90,88,84.71,5.29,90,22.98976928,207.2,184.2102307,165.5578977,40.80926026,127.6,370.87,722.66,351.79,659.3376,63.3224,722.66,1,16,15,14.87,1.13,16,3,6,3,5.47,0.5194,5,138,166,28,142.2,4.2,138,0.93,2.33,1.4,2.201,0.12642,2.1,1,2,1,1.99,0.0198,2,0,4,4,2.98,1.02,4,0,10,10,9.9,0.198,10,0,14,14,6.86,6.9972,0,1,28,27,21.73,6.1446,16,0,1,1,0.01,0.0198,0,0,4,4,2.96,1.0192,2,0,0,0,0,0,0,0,0,0,0,0,0,1,4,3,2.97,1.0094,2,28.11,34.76333333,6.653333333,31.448,3.315333333,34.76333333,0,0.464,0.464,0.232,0.232,0.464,0,0,0,0,0,0,152,229,77,188.54,36.54,152
Zn0.99Al0.01O,400,30.21,Zn0.99 Al0.01 O1,8,30,22,18.915,10.97415,8,69,87,18,78.02,8.98,87,15.9994,65.38,49.3806,40.49770769,24.63346938,15.9994,54.8,933.47,878.67,374.94395,320.14395,54.8,12,16,4,14.005,1.995,16,2,4,2,2.995,0.995,2,66,122,56,93.995,27.995,66,1.61,3.44,1.83,2.5448,0.8952,3.44,2,2,0,2,0,2,0,4,4,2.005,1.995,4,0,10,10,4.95,4.9995,0,0,0,0,0,0,0,3,12,9,8.955,3.01455,6,0,0,0,0,0,0,0,5,5,1.025,1.01475,2,0,0,0,0,0,0,0,0,0,0,0,0,0,5,5,1.025,1.01475,2,9.105,16.48,7.375,11.5451,2.4401,9.105,0,0,0,0,0,0,0,0,0,0,0,0,12,225,213,103.155,91.155,12
Zn0.9975Al0.0025O,400,2.687,Zn0.9975 Al0.0025 O1,8,30,22,18.97875,10.99369688,8,69,87,18,78.005,8.995,87,15.9994,65.38,49.3806,40.64170192,24.67645233,15.9994,54.8,933.47,878.67,374.0409875,319.2409875,54.8,12,16,4,14.00125,1.99875,16,2,4,2,2.99875,0.99875,2,66,122,56,93.99875,27.99875,66,1.61,3.44,1.83,2.54495,0.89505,3.44,2,2,0,2,0,2,0,4,4,2.00125,1.99875,4,0,10,10,4.9875,4.99996875,0,0,0,0,0,0,0,3,12,9,8.98875,3.003721875,6,0,0,0,0,0,0,0,5,5,1.00625,1.003734375,2,0,0,0,0,0,0,0,0,0,0,0,0,0,5,5,1.00625,1.003734375,2,9.105,16.48,7.375,11.53565,2.43065,9.105,0,0,0,0,0,0,0,0,0,0,0,0,12,225,213,103.03875,91.03875,12
Fe0.978Co0.00196Si1.96Y0.04O0.06,300,4.59,Fe0.978 Co0.00196 Si1.96 Y0.04 O0.06,8,39,31,18.07948789,5.65834125,14,12,87,75,69.89686706,11.12404672,78,15.9994,88.90585,72.90645,37.59776348,13.11855302,28.0855,54.8,1811,1756.2,1696.203661,76.66113657,1687,3,16,13,11.96122317,2.788411156,14,2,5,3,3.328938539,0.476621961,3,66,190,124,117.9169989,10.96878761,111,1.22,3.44,2.22,1.898914723,0.062232569,1.9,2,2,0,2,0,2,0,4,4,1.368439058,0.918270702,2,0,7,7,1.947959842,2.613716808,0,0,0,0,0,0,0,3,9,6,5.3163989,1.758442743,4,0,0,0,0,0,0,0,4,4,2.618455506,1.781488709,4,0,9,9,1.407215884,1.870140454,0,0,0,0,0,0,0,2,9,7,4.02567139,0.130905107,4,9.105,32.365,23.26,17.24276642,4.520761565,20.44,0,0.773,0.773,0.498388137,0.35410943,0.773,0,2.1106628,2.1106628,0.680029744,0.921631386,0,12,229,217,222.9444598,9.125894499,227
Ca0.9Tb0.1MnO3,300,1.484,Ca0.9 Tb0.1 Mn1 O3,8,65,57,14.7,8.04,8,7,87,80,64.44,27.072,87,15.9994,158.92535,142.92595,30.979796,17.9764752,15.9994,54.8,1629,1574.2,569.96,618.192,54.8,2,16,14,11.42,5.496,16,2,6,4,2.84,1.008,2,66,194,128,102.96,44.352,66,1,3.44,2.44,2.5782,1.03416,3.44,2,2,0,2,0,2,0,4,4,2.4,1.92,4,0,5,5,1,1.6,0,0,9,9,0.18,0.3528,0,2,11,9,5.58,1.2888,6,0,0,0,0,0,0,0,2,2,1.2,0.96,2,0,5,5,1,1.6,0,0,5,5,0.1,0.196,0,0,5,5,2.3,1.188,2,9.105,37.77,28.665,14.99385057,8.869126437,9.105,0,0,0,0,0,0,0,0.000310121,0.000310121,6.20E-05,9.92E-05,0,12,225,213,94.98,99.576,12
Zr0.98Nb0.02NiSn,1000,6.208,Zr0.98 Nb0.02 Ni1 Sn1,28,50,22,39.34,7.56,28,44,80,36,61.68666667,12.20888889,61,58.6934,118.71,60.0166,89.55368253,20.57352169,58.6934,505.08,2750,2244.92,1457.84,635.1733333,505.08,4,14,10,9.34,3.546666667,10,4,5,1,4.666666667,0.444444444,4,124,175,51,145.9266667,19.23555556,124,1.33,1.96,0.63,1.735133333,0.266488889,1.91,1,2,1,1.993333333,0.013244444,2,0,2,2,0.666666667,0.888888889,0,2,10,8,6.68,3.093333333,8,0,0,0,0,0,0,4,14,10,9.34,3.546666667,10,0,1,1,0.006666667,0.013244444,0,0,4,4,1.333333333,1.777777778,0,0,8,8,3.32,3.093333333,0,0,0,0,0,0,0,2,8,6,4.66,2.213333333,2,10.32,33.285,22.965,22.23323333,7.996198667,10.32,0,0,0,0,0,0,0,0.5953947,0.5953947,0.1984649,0.264619867,0,141,229,88,186.9,30.6,141
SrDy0.08Ti0.92O3,1000,2.97,Sr1 Dy0.08 Ti0.92 O3,8,66,58,17.504,11.4048,8,8,87,79,62.208,29.7504,87,15.9994,162.5,146.5006,38.531168,27.0381216,15.9994,54.8,1941,1886.2,626.984,686.6208,54.8,2,16,14,10.784,6.2592,16,2,6,4,3.032,1.2384,2,66,195,129,111.112,54.1344,66,0.95,3.44,2.49,2.55688,1.059744,3.44,2,2,0,2,0,2,0,4,4,2.4,1.92,4,0,2,2,0.368,0.600576,0,0,10,10,0.16,0.31488,0,2,12,10,4.928,1.512704,6,0,0,0,0,0,0,0,2,2,1.2,0.96,2,0,8,8,1.472,2.402304,0,0,4,4,0.064,0.125952,0,0,8,8,2.736,1.9776,2,9.105,54.23,45.125,19.8798,14.1036064,9.105,0,0,0,0,0,0,0,2.25E-05,2.25E-05,4.15E-06,6.77E-06,0,12,225,213,91,94.8,12
Fe0.998Co0.002Si2,700,4.9,Fe0.998 Co0.002 Si2,14,27,13,18.00066667,5.334222222,14,55,78,23,70.33533333,10.21955556,78,28.0855,58.933195,30.847695,37.34072546,12.34030062,28.0855,1687,1811,124,1728.304667,55.07288889,1687,8,14,6,12.00066667,2.665777778,14,3,4,1,3.333333333,0.444444444,3,111,132,21,117.996,9.328,111,1.83,1.9,0.07,1.8767,0.031071067,1.9,2,2,0,2,0,2,0,2,2,1.333333333,0.888888889,2,0,7,7,2.000666667,2.667555556,0,0,0,0,0,0,0,4,9,5,5.334,1.778666667,4,0,0,0,0,0,0,0,4,4,2.666666667,1.777777778,4,0,4,4,1.332666667,1.776888889,0,0,0,0,0,0,0,3,4,1,3.999333333,0.001332444,4,10.245,20.44,10.195,17.20301,4.315986667,20.44,0,0.773,0.773,0.515333333,0.343555556,0.773,0,2.1106628,2.1106628,0.703179472,0.93757263,0,194,229,35,227.6433333,0.902635556,227
Pb0.94Sr0.04TeNa0.02,700,1.18,Pb0.94 Sr0.04 Te1 Na0.02,11,82,71,65.41,15.5946,52,2,90,88,83.25,6.75,90,22.98976928,207.2,184.2102307,163.1662977,41.39168017,127.6,370.87,1050,679.13,668.3254,69.601584,722.66,1,16,15,14.63,1.37,16,3,6,3,5.45,0.517,5,138,195,57,143.18,5.18,138,0.93,2.33,1.4,2.1734,0.147204,2.1,1,2,1,1.99,0.0198,2,0,4,4,2.94,1.06,4,0,10,10,9.7,0.582,10,0,14,14,6.58,6.9748,0,1,28,27,21.21,6.3826,16,0,1,1,0.01,0.0198,0,0,4,4,2.88,1.0528,2,0,0,0,0,0,0,0,0,0,0,0,0,0,4,4,2.89,1.0434,2,28.11,54.23,26.12,31.9704,3.683317333,34.76333333,0,0.464,0.464,0.232,0.232,0.464,0,0,0,0,0,0,152,229,77,188.54,36.54,152
Sr0.146Ga0.285Ge0.569,300,1.06,Sr0.146 Ga0.285 Ge0.569,31,38,7,32.591,1.579428,32,8,79,71,67.209,17.289028,79,69.723,87.62,17.897,73.995735,3.97828538,72.64,302.91,1211.4,908.49,928.91595,356.8233915,1211.4,2,14,12,11.963,2.909196,14,4,5,1,4.146,0.249368,4,120,195,75,131.52,18.53616,120,0.95,2.01,1.06,1.79824,0.24768608,2.01,2,2,0,2,0,2,0,2,2,1.423,0.656626,2,0,10,10,8.54,2.49368,10,0,0,0,0,0,0,2,14,12,11.963,2.909196,14,0,0,0,0,0,0,0,5,5,3.701,1.080692,4,0,0,0,0,0,0,0,0,0,0,0,0,0,5,5,3.701,1.080692,4,18.8575,54.23,35.3725,26.3818125,8.13167075,23.005,0,0.383,0.383,0.217927,0.187853074,0.383,0,0,0,0,0,0,64,225,161,179.115,65.61555,225
Zr0.99Nb0.01NiSn,300,9.676,Zr0.99 Nb0.01 Ni1 Sn1,28,50,22,39.33666667,7.557777778,28,44,80,36,61.67666667,12.21555556,61,58.6934,118.71,60.0166,89.5480746,20.56978307,58.6934,505.08,2750,2244.92,1455.766667,633.7911111,505.08,4,14,10,9.336666667,3.551111111,10,4,5,1,4.666666667,0.444444444,4,124,175,51,145.9633333,19.28444444,124,1.33,1.96,0.63,1.734233333,0.267688889,1.91,1,2,1,1.996666667,0.006644444,2,0,2,2,0.666666667,0.888888889,0,2,10,8,6.673333333,3.102222222,8,0,0,0,0,0,0,4,14,10,9.336666667,3.551111111,10,0,1,1,0.003333333,0.006644444,0,0,4,4,1.333333333,1.777777778,0,0,8,8,3.326666667,3.102222222,0,0,0,0,0,0,0,2,8,6,4.663333333,2.217777778,2,10.32,33.285,22.965,22.24995,7.980433,10.32,0,0,0,0,0,0,0,0.5953947,0.5953947,0.1984649,0.264619867,0,141,229,88,186.7833333,30.52222222,141
SrNd0.17Ti0.83O3,700,3.87,Sr1 Nd0.17 Ti0.83 O3,8,60,52,18.092,12.1104,8,8,87,79,61.584,30.4992,87,15.9994,144.242,128.2426,39.97379,28.769268,15.9994,54.8,1941,1886.2,609.082,665.1384,54.8,2,16,14,10.766,6.2808,16,2,6,4,3.068,1.2816,2,66,201,135,111.994,55.1928,66,0.95,3.44,2.49,2.5484,1.06992,3.44,2,2,0,2,0,2,0,4,4,2.4,1.92,4,0,2,2,0.332,0.553776,0,0,4,4,0.136,0.262752,0,2,6,4,4.868,1.435376,6,0,0,0,0,0,0,0,2,2,1.2,0.96,2,0,8,8,1.328,2.215104,0,0,10,10,0.34,0.65688,0,0,10,10,2.868,2.1888,2,9.105,54.23,45.125,20.26308,14.57595856,9.105,0,0,0,0,0,0,0,2.25E-05,2.25E-05,3.74E-06,6.24E-06,0,12,225,213,91,94.8,12
Si0.7956Ge0.1989P0.0055,300,4.139,Si0.7956 Ge0.1989 P0.0055,14,32,18,17.5857,5.73400854,14,78,83,5,78.2264,0.36024768,78,28.0855,72.64,44.5545,36.96327549,14.19220101,28.0855,317.3,1687,1369.7,1584.86981,162.5095583,1687,14,15,1,14.0055,0.0109395,14,3,4,1,3.1989,0.31867758,3,107,120,13,112.7681,2.87684982,111,1.9,2.19,0.29,1.923474,0.037351829,1.9,2,2,0,2,0,2,2,3,1,2.0055,0.0109395,2,0,10,10,1.989,3.1867758,0,0,0,0,0,0,0,4,14,10,5.9945,3.1845879,4,0,0,0,0,0,0,3,4,1,3.9945,0.0109395,4,0,0,0,0,0,0,0,0,0,0,0,0,3,4,1,3.9945,0.0109395,4,20.44,23.005,2.565,20.96189481,0.830439021,20.44,0.383,1.625,1.242,0.700115,0.126148347,0.773,0,0,0,0,0,0,2,227,225,225.3647,2.60208936,227
AgCrSe2,700,0.206,Ag1 Cr1 Se2,24,47,23,34.75,6.125,34,49,89,40,73,16,89,51.9961,107.8682,55.8721,79.446075,14.2110625,78.96,494,2180,1686,1100.7325,606.7325,494,6,16,10,12.25,3.75,16,4,5,1,4.25,0.375,4,120,145,25,131,11,120,1.66,2.55,0.89,2.1725,0.3775,2.55,1,2,1,1.5,0.5,2,0,4,4,2,2,4,5,10,5,8.75,1.875,10,0,0,0,0,0,0,6,16,10,12.25,3.75,16,0,1,1,0.5,0.5,0,0,2,2,1,1,2,0,5,5,1.25,1.875,0,0,0,0,0,0,0,1,6,5,2.75,1.625,2,11.19,25.92,14.73,19.84,6.08,25.92,0,0.799,0.799,0.3995,0.3995,0.799,0,0,0,0,0,0,14,229,215,120.5,106.5,14
CuCr0.96Mg0.04O2,300,9.293,Cu1 Cr0.96 Mg0.04 O2,8,29,21,17.13,9.2326,8,49,87,38,71.94,15.06,87,15.9994,63.546,47.5466,36.608314,20.85498028,15.9994,54.8,2180,2125.2,899.2725,844.4725,54.8,2,16,14,12.21,3.79,16,2,4,2,2.99,0.99,2,66,141,75,100.77,34.77,66,1.31,3.44,2.13,2.6065,0.8335,3.44,1,2,1,1.51,0.4998,2,0,4,4,2,2,4,0,10,10,3.7,3.774,0,0,0,0,0,0,0,2,11,9,7.21,1.895,6,0,1,1,0.49,0.4998,0,0,2,2,1,1,2,0,5,5,1.2,1.824,0,0,0,0,0,0,0,0,6,6,2.69,1.5888,2,9.105,22.89,13.785,10.2345,1.1295,9.105,0,0,0,0,0,0,0,0,0,0,0,0,12,229,217,119.15,107.15,12
Mg2Si0.98Ag0.02,700,3.67,Mg2 Si0.98 Ag0.02,12,47,35,12.88666667,1.182222222,12,65,78,13,71.24666667,4.412177778,68,24.305,107.8682,83.5632,26.09705133,2.389401778,24.305,923,1687,764,1174.652867,335.5371556,923,2,14,12,5.98,5.306666667,2,3,5,2,3.013333333,0.026488889,3,111,145,34,131.2266667,13.21475556,141,1.31,1.93,0.62,1.506866667,0.262488889,1.31,1,2,1,1.993333333,0.013244444,2,0,2,2,0.653333333,0.879822222,0,0,10,10,0.066666667,0.132444444,0,0,0,0,0,0,0,2,11,9,2.713333333,0.951111111,2,0,1,1,0.006666667,0.013244444,0,0,4,4,1.306666667,1.759644444,0,0,0,0,0,0,0,0,0,0,0,0,0,0,4,4,1.313333333,1.755288889,0,16.33,22.89,6.56,22.04593333,1.125422222,22.89,0,0.773,0.773,0.252513333,0.340051289,0,0,0,0,0,0,0,194,227,33,204.9866667,14.64888889,194
NbCoSn,700,9.741,Nb1 Co1 Sn1,27,50,23,39.33333333,8.222222222,27,47,80,33,61.66666667,12.22222222,47,58.933195,118.71,59.776805,90.18319167,20.83333111,58.933195,505.08,2750,2244.92,1674.36,779.52,505.08,5,14,9,9.333333333,3.111111111,5,4,5,1,4.666666667,0.444444444,4,126,164,38,143,14,126,1.6,1.96,0.36,1.813333333,0.142222222,1.6,1,2,1,1.666666667,0.444444444,1,0,2,2,0.666666667,0.888888889,0,4,10,6,7,2,4,0,0,0,0,0,0,5,14,9,9.333333333,3.111111111,5,0,1,1,0.333333333,0.444444444,0,0,4,4,1.333333333,1.777777778,0,0,6,6,3,2,0,0,0,0,0,0,0,3,7,4,4.666666667,1.555555556,3,10.245,33.285,23.04,20.57,8.476666667,10.245,0,0,0,0,0,0,0,1.5484712,1.5484712,0.516157067,0.688209422,0,141,229,88,188,31.33333333,141
Zr0.5Hf0.5NiSn,300,3.949,Zr0.5 Hf0.5 Ni1 Sn1,28,72,44,44.66666667,12.66666667,28,44,80,36,61.83333333,12.11111111,61,58.6934,178.49,119.7966,104.0868,34.54986667,58.6934,505.08,2506,2000.92,1516.693333,674.4088889,505.08,4,14,10,9.333333333,3.555555556,10,4,6,2,4.833333333,0.555555556,4,124,175,51,146,19.33333333,124,1.3,1.96,0.66,1.728333333,0.275555556,1.91,2,2,0,2,0,2,0,2,2,0.666666667,0.888888889,0,2,10,8,6.666666667,3.111111111,8,0,14,14,2.333333333,3.888888889,0,4,18,14,11.66666667,3.666666667,10,0,0,0,0,0,0,0,4,4,1.333333333,1.777777778,0,0,8,8,3.333333333,3.111111111,0,0,0,0,0,0,0,2,8,6,4.666666667,2.222222222,2,10.32,33.285,22.965,22.10083333,7.853888889,10.32,0,0,0,0,0,0,0,0.5953947,0.5953947,0.1984649,0.264619867,0,141,225,84,186.6666667,30.44444444,141
Zn4Sb3,400,0.74,Zn4 Sb3,30,51,21,39,10.28571429,30,69,85,16,75.85714286,7.836734694,69,65.38,121.76,56.38,89.54285714,27.61469388,65.38,692.68,903.78,211.1,783.1514286,103.3959184,692.68,12,15,3,13.28571429,1.469387755,12,4,5,1,4.428571429,0.489795918,4,122,139,17,129.2857143,8.326530612,122,1.65,2.05,0.4,1.821428571,0.195918367,1.65,2,2,0,2,0,2,0,3,3,1.285714286,1.469387755,0,10,10,0,10,0,10,0,0,0,0,0,0,12,15,3,13.28571429,1.469387755,12,0,0,0,0,0,0,0,3,3,1.285714286,1.469387755,0,0,0,0,0,0,0,0,0,0,0,0,0,0,3,3,1.285714286,1.469387755,0,13.96,31.56,17.6,21.50285714,8.620408163,13.96,0,0,0,0,0,0,0,0,0,0,0,0,166,194,28,182,13.71428571,194
Mg2Si0.6Ge0.4Bi0.02,1000,1.73,Mg2 Si0.6 Ge0.4 Bi0.02,12,83,71,15.51655629,5.260295601,12,68,86,18,71.56291391,4.719091268,68,24.305,208.9804,184.6754,32.68109536,12.92023043,24.305,544.4,1687,1142.6,1110.47947,255.8149204,923,2,15,13,6.059602649,5.376957151,2,3,6,3,3.152317881,0.262269199,3,111,148,37,132.3046358,11.72492435,141,1.31,2.02,0.71,1.524635762,0.284285777,1.31,2,2,0,2,0,2,0,3,3,0.682119205,0.903469146,0,0,10,10,1.390728477,2.394631814,0,0,14,14,0.092715232,0.184202447,0,2,29,27,4.165562914,2.934081839,2,0,0,0,0,0,0,0,4,4,1.344370861,1.780623657,0,0,0,0,0,0,0,0,0,0,0,0,0,0,4,4,1.344370861,1.780623657,0,20.44,32.95,12.51,22.48509934,0.812622253,22.89,0,0.773,0.773,0.204304636,0.273308188,0,0,0,0,0,0,0,12,227,215,203.4569536,15.0616201,194
Fe1.96Sn0.04O3,1000,3.08,Fe1.96 Sn0.04 O3,8,50,42,15.392,8.8704,8,55,87,32,74.4,15.2096,87,15.9994,118.71,102.7106,32.44056,19.729392,15.9994,54.8,1811,1756.2,746.83264,834.3072102,54.8,8,16,8,12.848,3.800832,16,2,5,3,2.808,0.9696,2,66,139,73,92.456,31.7472,66,1.83,3.44,1.61,2.79704,0.771552,3.44,2,2,0,2,0,2,0,4,4,2.416,1.9008,4,0,10,10,2.432,2.9184,0,0,0,0,0,0,0,6,14,8,6.848,1.0176,6,0,0,0,0,0,0,0,4,4,1.232,0.965888,2,0,4,4,1.568,1.906688,0,0,0,0,0,0,0,2,4,2,2.8,0.96,2,9.105,33.285,24.18,9.93544,0.996528,9.105,0,0,0,0,0,0,0,2.1106628,2.1106628,0.827379818,1.006093858,0,12,229,217,98.096,103.3152,12
Ca2.7Na0.3Co4O9,300,2,Ca2.7 Na0.3 Co4 O9,8,27,19,14.83125,7.828828125,8,2,87,85,64.65625,25.13671875,87,15.9994,58.933195,42.933795,30.92718192,17.09140764,15.9994,54.8,1768,1713.2,667.9350625,700.9168852,54.8,1,16,15,11.60625,4.94296875,16,2,4,2,2.85625,0.96328125,2,66,176,110,101.4375,39.8671875,66,0.93,3.44,2.51,2.5911875,0.954914062,3.44,1,2,1,1.98125,0.036796875,2,0,4,4,2.25,1.96875,4,0,7,7,1.75,2.625,0,0,0,0,0,0,0,1,9,8,5.98125,1.53046875,6,0,1,1,0.01875,0.036796875,0,0,2,2,1.125,0.984375,2,0,3,3,0.75,1.125,0,0,0,0,0,0,0,0,3,3,1.89375,0.67265625,2,9.105,37.77,28.665,14.6048125,8.367195312,9.105,0,0,0,0,0,0,0,1.5484712,1.5484712,0.3871178,0.5806767,0,12,229,217,97.5125,96.2015625,12
In0.2Co4Sb12,700,1.941,In0.2 Co4 Sb12,27,51,24,45.04938272,8.913275415,51,58,85,27,78.20987654,10.05944216,85,58.933195,121.76,62.826805,106.1615049,23.32262219,121.76,429.75,1768,1338.25,1111.315432,324.2886755,903.78,9,15,6,13.49382716,2.23136717,15,4,5,1,4.75308642,0.371894528,5,126,142,16,135.8271605,4.852918762,139,1.78,2.05,0.27,2.004691358,0.067123914,2.05,2,2,0,2,0,2,0,3,3,2.234567901,1.13397348,3,7,10,3,9.259259259,1.115683585,10,0,0,0,0,0,0,9,15,6,13.49382716,2.23136717,15,0,0,0,0,0,0,0,5,5,2.283950617,1.127876848,3,0,3,3,0.740740741,1.115683585,0,0,0,0,0,0,0,3,5,2,3.024691358,0.048773053,3,10.245,31.56,21.315,26.20691358,7.9304984,31.56,0,0,0,0,0,0,0,1.5484712,1.5484712,0.382338568,0.575867966,0,139,194,55,172.5802469,10.57765585,166
Tl0.02Pb0.98Te,400,1.656,Tl0.02 Pb0.98 Te1,52,82,30,66.99,14.99,52,76,90,14,85.45,4.55,90,127.6,207.2,79.6,167.371833,39.771833,127.6,577,722.66,145.66,661.3989,61.2611,722.66,13,16,3,14.99,1.01,16,5,6,1,5.5,0.5,5,138,146,8,141.99,3.99,138,1.62,2.33,0.71,2.2079,0.119658,2.1,2,2,0,2,0,2,1,4,3,2.99,1.01,4,10,10,0,10,0,10,0,14,14,7,7,0,16,28,12,21.99,5.99,16,0,0,0,0,0,0,2,5,3,3.01,1.01,2,0,0,0,0,0,0,0,0,0,0,0,0,2,5,3,3.01,1.01,2,26.91,34.76333333,7.853333333,31.42466667,3.338666667,34.76333333,0,0.464,0.464,0.232,0.232,0.464,0,0,0,0,0,0,152,225,73,188.19,36.19,152
In0.15Co4Sb12,300,2.299,In0.15 Co4 Sb12,27,51,24,45.0371517,8.934811989,51,58,85,27,78.21981424,10.07581785,85,58.933195,121.76,62.826805,106.1347046,23.38155276,121.76,429.75,1768,1338.25,1113.425542,324.2474096,903.78,9,15,6,13.49535604,2.236003412,15,4,5,1,4.752321981,0.372667235,5,126,142,16,135.8080495,4.85847655,139,1.78,2.05,0.27,2.005386997,0.066297961,2.05,2,2,0,2,0,2,0,3,3,2.238390093,1.131804196,3,7,10,3,9.256965944,1.118001706,10,0,0,0,0,0,0,9,15,6,13.49535604,2.236003412,15,0,0,0,0,0,0,0,5,5,2.275541796,1.127203366,3,0,3,3,0.743034056,1.118001706,0,0,0,0,0,0,0,3,5,2,3.018575851,0.036806641,3,10.245,31.56,21.315,26.21294118,7.946093608,31.56,0,0,0,0,0,0,0,1.5484712,1.5484712,0.383522279,0.577064481,0,139,194,55,172.6842105,10.558905,166
Ba0.4Sr0.6PbO3,400,2.133,Ba0.4 Sr0.6 Pb1 O3,8,82,74,30.24,26.688,8,8,87,79,70.08,24.672,87,15.9994,207.2,191.2006,72.5402,67.84896,15.9994,54.8,1050,995.2,359.002,365.0424,54.8,2,16,14,12.8,4.32,16,2,6,4,3.48,1.776,2,66,215,149,109.4,52.08,66,0.89,3.44,2.55,2.7152,0.86976,3.44,2,2,0,2,0,2,0,4,4,2.8,1.44,4,0,10,10,2,3.2,0,0,14,14,2.8,4.48,0,2,28,26,9.6,7.36,6,0,0,0,0,0,0,0,4,4,2,0.8,2,0,0,0,0,0,0,0,0,0,0,0,0,0,4,4,2,0.8,2,9.105,63.59,54.485,22.6798,16.28976,9.105,0,0,0,0,0,0,0,0,0,0,0,0,12,229,217,97.52,102.624,12
In0.1Co4Sb12,400,1.909,In0.1 Co4 Sb12,27,51,24,45.02484472,8.956444582,51,58,85,27,78.22981366,10.09220323,85,58.933195,121.76,62.826805,106.1077379,23.44076665,121.76,429.75,1768,1338.25,1115.548758,324.199375,903.78,9,15,6,13.49689441,2.240654296,15,4,5,1,4.751552795,0.373442383,5,126,142,16,135.7888199,4.864009876,139,1.78,2.05,0.27,2.006086957,0.065460437,2.05,2,2,0,2,0,2,0,3,3,2.242236025,1.12958605,3,7,10,3,9.254658385,1.120327148,10,0,0,0,0,0,0,9,15,6,13.49689441,2.240654296,15,0,0,0,0,0,0,0,5,5,2.267080745,1.126499749,3,0,3,3,0.745341615,1.120327148,0,0,0,0,0,0,0,3,5,2,3.01242236,0.024690405,3,10.245,31.56,21.315,26.21900621,7.961729872,31.56,0,0,0,0,0,0,0,1.5484712,1.5484712,0.384713342,0.578264774,0,139,194,55,172.7888199,10.53971683,166
Pb0.97Sr0.02TeNa0.01,700,1.03,Pb0.97 Sr0.02 Te1 Na0.01,11,82,71,66.205,15.32115,52,2,90,88,84.375,5.625,90,22.98976928,207.2,184.2102307,165.2831488,40.65934562,127.6,370.87,1050,679.13,664.9802,65.380196,722.66,1,16,15,14.815,1.185,16,3,6,3,5.475,0.50925,5,138,195,57,142.59,4.59,138,0.93,2.33,1.4,2.1942,0.131726,2.1,1,2,1,1.995,0.00995,2,0,4,4,2.97,1.03,4,0,10,10,9.85,0.2955,10,0,14,14,6.79,6.9937,0,1,28,27,21.605,6.20315,16,0,1,1,0.005,0.00995,0,0,4,4,2.94,1.0282,2,0,0,0,0,0,0,0,0,0,0,0,0,0,4,4,2.945,1.02335,2,28.11,54.23,26.12,31.70353333,3.510329333,34.76333333,0,0.464,0.464,0.232,0.232,0.464,0,0,0,0,0,0,152,229,77,188.52,36.52,152
CaMnO3,300,2.99,Ca1 Mn1 O3,8,25,17,13.8,6.96,8,7,87,80,64,27.6,87,15.9994,54.938045,38.938645,28.602849,15.1241388,15.9994,54.8,1519,1464.2,559.68,605.856,54.8,2,16,14,11.4,5.52,16,2,4,2,2.8,0.96,2,66,176,110,102.6,43.92,66,1,3.44,2.44,2.574,1.0392,3.44,2,2,0,2,0,2,0,4,4,2.4,1.92,4,0,5,5,1,1.6,0,0,0,0,0,0,0,2,7,5,5.4,1.36,6,0,0,0,0,0,0,0,2,2,1.2,0.96,2,0,5,5,1,1.6,0,0,0,0,0,0,0,0,5,5,2.2,1.12,2,9.105,37.77,28.665,15.11451724,9.062193103,9.105,0,0,0,0,0,0,0,0.000310121,0.000310121,6.20E-05,9.92E-05,0,12,225,213,95.6,100.32,12
Si0.79936Ge0.19984B0.0008,300,4.34,Si0.79936 Ge0.19984 B0.0008,5,32,27,17.58992,5.759420774,14,72,79,7,78.19504,0.321726413,78,10.811,72.64,61.829,36.97545168,14.25440667,28.0855,1211.4,2348,1136.6,1592.484896,152.3120112,1687,13,14,1,13.9992,0.00159872,14,2,4,2,3.19904,0.320127693,3,84,120,36,112.77696,2.886904627,111,1.9,2.04,0.14,1.9220944,0.035322759,1.9,2,2,0,2,0,2,1,2,1,1.9992,0.00159872,2,0,10,10,1.9984,3.198079488,0,0,0,0,0,0,0,3,14,11,5.9976,3.198399232,4,0,0,0,0,0,0,4,5,1,4.0008,0.00159872,4,0,0,0,0,0,0,0,0,0,0,0,0,4,5,1,4.0008,0.00159872,4,7.1725,23.005,15.8325,20.9419756,0.824549592,20.44,0.383,1.524,1.141,0.6956632,0.124965228,0.773,0,0,0,0,0,0,166,227,61,226.55152,0.716993946,227
BiSb(Se0.92Br0.08)3,600,0.51,Bi1 Sb1 Se2.76 Br0.24,34,83,49,47.248,15.8016,34,85,95,10,87.888,1.9104,89,78.96,208.9804,130.0204,113.569392,41.4406464,78.96,265.8,903.78,637.98,575.0824,131.47904,494,15,17,2,15.648,0.5184,16,4,6,2,4.6,0.72,4,120,148,28,129.4,11.28,120,2.02,2.96,0.94,2.36368,0.262944,2.55,2,2,0,2,0,2,3,5,2,3.648,0.5184,4,10,10,0,10,0,10,0,14,14,2.8,4.48,0,15,29,14,18.448,4.2208,16,0,0,0,0,0,0,1,3,2,2.352,0.5184,2,0,0,0,0,0,0,0,0,0,0,0,0,1,3,2,2.352,0.5184,2,25.92,32.95,7.03,28.62488,2.98618752,25.92,0,1.457,1.457,0.510984,0.4087872,0.799,0,0,0,0,0,0,12,166,154,46.4,49.5296,14
Cu2.025Cd0.975SnSe4,500,1.13,Cu2.025 Cd0.975 Sn1 Se4,29,50,21,36.440625,6.207441406,34,64,89,25,79.23125,9.9609375,89,63.546,118.71,55.164,84.10392188,15.55136982,78.96,494,1357.77,863.77,726.2410938,319.7115088,494,11,16,5,13.996875,2.00390625,16,4,5,1,4.246875,0.371855469,4,120,144,24,128.3375,8.3375,120,1.69,2.55,0.86,2.20690625,0.34309375,2.55,1,2,1,1.746875,0.378105469,2,0,4,4,2.25,1.75,4,10,10,0,10,0,10,0,0,0,0,0,0,11,16,5,13.996875,2.00390625,16,0,1,1,0.253125,0.378105469,0,0,4,4,1.5,1.125,2,0,0,0,0,0,0,0,0,0,0,0,0,0,4,4,1.753125,0.80859375,2,11.07,33.285,22.215,22.29867188,6.367910156,25.92,0,0.799,0.799,0.3995,0.3995,0.799,0,0,0,0,0,0,14,225,211,105.221875,91.221875,14
Cu2.1Cd0.9SnSe4,500,1.008,Cu2.1 Cd0.9 Sn1 Se4,29,50,21,36.2625,6.0753125,34,64,89,25,79.175,10.03125,89,63.546,118.71,55.164,83.6458125,15.23821406,78.96,494,1357.77,863.77,733.399375,327.7945781,494,11,16,5,13.9875,2.015625,16,4,5,1,4.2375,0.3621875,4,120,144,24,128.225,8.225,120,1.69,2.55,0.86,2.208875,0.341125,2.55,1,2,1,1.7375,0.3871875,2,0,4,4,2.25,1.75,4,10,10,0,10,0,10,0,0,0,0,0,0,11,16,5,13.9875,2.015625,16,0,1,1,0.2625,0.3871875,0,0,4,4,1.5,1.125,2,0,0,0,0,0,0,0,0,0,0,0,0,0,4,4,1.7625,0.796875,2,11.07,33.285,22.215,22.2196875,6.466640625,25.92,0,0.799,0.799,0.3995,0.3995,0.799,0,0,0,0,0,0,14,225,211,105.5125,91.5125,14
Cu2CdSnSe4,700,1.012,Cu2 Cd1 Sn1 Se4,29,50,21,36.5,6.25,34,64,89,25,79.25,9.9375,89,63.546,118.71,55.164,84.256625,15.6519375,78.96,494,1357.77,863.77,723.855,316.9575,494,11,16,5,14,2,16,4,5,1,4.25,0.375,4,120,144,24,128.375,8.375,120,1.69,2.55,0.86,2.20625,0.34375,2.55,1,2,1,1.75,0.375,2,0,4,4,2.25,1.75,4,10,10,0,10,0,10,0,0,0,0,0,0,11,16,5,14,2,16,0,1,1,0.25,0.375,0,0,4,4,1.5,1.125,2,0,0,0,0,0,0,0,0,0,0,0,0,0,4,4,1.75,0.8125,2,11.07,33.285,22.215,22.325,6.335,25.92,0,0.799,0.799,0.3995,0.3995,0.799,0,0,0,0,0,0,14,225,211,105.125,91.125,14
In4Se2.32Cl0.03,700,0.725,In4 Se2.32 Cl0.03,17,49,32,43.36850394,7.09479819,49,75,94,19,80.20472441,6.557133114,75,35.453,114.818,79.365,101.3421717,16.97742154,114.818,171.6,494,322.4,452.0044094,30.68654176,429.75,13,17,4,14.11496063,1.404674809,13,3,5,2,4.62519685,0.472192944,5,102,142,40,133.7732283,10.36443673,142,1.78,3.16,1.38,2.06784252,0.362636245,1.78,2,2,0,2,0,2,1,5,4,2.11496063,1.404674809,1,0,10,10,9.952755906,0.094041788,10,0,0,0,0,0,0,7,16,9,14.06771654,1.411936264,13,0,0,0,0,0,0,1,5,4,3.88503937,1.404674809,5,0,0,0,0,0,0,0,0,0,0,0,0,1,5,4,3.88503937,1.404674809,5,24.26,25.92,1.66,24.86761024,0.768990316,24.26,0,2.493,2.493,0.303696063,0.382609213,0,0,0,0,0,0,0,14,139,125,92.97637795,57.98251597,139
In3.99Pb0.01Se3,500,0.88,In3.99 Pb0.01 Se3,34,82,48,42.61857143,7.387346939,49,75,89,14,81.00857143,6.849795918,75,78.96,207.2,128.24,99.58226,17.67622286,114.818,429.75,600.61,170.86,457.5298,31.668972,429.75,13,16,3,14.28714286,1.468163265,13,4,6,2,4.572857143,0.491020408,5,120,146,26,132.5771429,10.78040816,142,1.78,2.55,0.77,2.110785714,0.377095714,1.78,2,2,0,2,0,2,1,4,3,2.287142857,1.468163265,1,10,10,0,10,0,10,0,14,14,0.02,0.039942857,0,13,28,15,14.30714286,1.490142857,13,0,0,0,0,0,0,2,5,3,3.712857143,1.468163265,5,0,0,0,0,0,0,0,0,0,0,0,0,2,5,3,3.712857143,1.468163265,5,24.26,28.11,3.85,24.97692857,0.817298571,24.26,0,0.799,0.799,0.342428571,0.391346939,0,0,0,0,0,0,0,14,225,211,85.55142857,61.32979592,139
Cu2Se,400,0.856,Cu2 Se1,29,34,5,30.66666667,2.222222222,29,64,89,25,72.33333333,11.11111111,64,63.546,78.96,15.414,68.684,6.850666667,63.546,494,1357.77,863.77,1069.846667,383.8977778,1357.77,11,16,5,12.66666667,2.222222222,11,4,4,0,4,0,4,120,132,12,128,5.333333333,132,1.9,2.55,0.65,2.116666667,0.288888889,1.9,1,2,1,1.333333333,0.444444444,1,0,4,4,1.333333333,1.777777778,0,10,10,0,10,0,10,0,0,0,0,0,0,11,16,5,12.66666667,2.222222222,11,0,1,1,0.666666667,0.444444444,1,0,2,2,0.666666667,0.888888889,0,0,0,0,0,0,0,0,0,0,0,0,0,1,2,1,1.333333333,0.444444444,1,11.07,25.92,14.85,16.02,6.6,11.07,0,0.799,0.799,0.266333333,0.355111111,0,0,0,0,0,0,0,14,225,211,154.6666667,93.77777778,225
Cu2Se0.92I0.08,400,0.518,Cu2 Se0.92 I0.08,29,53,24,31.17333333,2.897777778,29,64,96,32,72.52,11.36,64,63.546,126.90447,63.35847,69.9625192,8.555358933,63.546,386.85,1357.77,970.92,1066.989333,387.7075556,1357.77,11,17,6,12.69333333,2.257777778,11,4,5,1,4.026666667,0.051911111,4,120,139,19,128.5066667,5.217422222,132,1.9,2.66,0.76,2.1196,0.2928,1.9,1,2,1,1.333333333,0.444444444,1,0,5,5,1.36,1.813333333,0,10,10,0,10,1.78E-15,10,0,0,0,0,0,0,11,17,6,12.69333333,2.257777778,11,0,1,1,0.666666667,0.444444444,1,0,2,2,0.64,0.853333333,0,0,0,0,0,0,0,0,0,0,0,0,0,1,2,1,1.306666667,0.425244444,1,11.07,43.015,31.945,16.47586667,7.207822222,11.07,0,1.062,1.062,0.273346667,0.364462222,0,0,0,0,0,0,0,14,225,211,156,92,225
TmCuTe2,600,1.164,Tm1 Cu1 Te2,29,69,40,50.5,10.75,52,37,90,53,70.25,19.75,90,63.546,168.93421,105.38821,121.9200525,29.18702625,127.6,722.66,1818,1095.34,1155.2725,432.6125,722.66,3,16,13,11.5,4.5,16,4,6,2,5,0.5,5,132,190,58,149.5,20.25,138,1.25,2.1,0.85,1.8375,0.29375,2.1,1,2,1,1.75,0.375,2,0,4,4,2,2,4,0,10,10,7.5,3.75,10,0,13,13,3.25,4.875,0,11,16,5,14.5,1.75,16,0,1,1,0.25,0.375,0,0,2,2,1,1,2,0,0,0,0,0,0,0,1,1,0.25,0.375,0,1,2,1,1.5,0.5,2,11.07,34.76333333,23.69333333,27.59416667,8.262083333,34.76333333,0,0.464,0.464,0.232,0.232,0.464,0,0,0,0,0,0,152,225,73,180.75,28.75,152
Ag8GeTe6,700,0.34,Ag8 Ge1 Te6,32,52,20,48,3.2,47,65,90,25,75.93333333,11.66222222,65,72.64,127.6,54.96,113.4123733,11.35010133,107.8682,722.66,1234.93,512.27,1028.453333,244.6346667,1234.93,11,16,5,13.2,2.346666667,11,4,5,1,4.933333333,0.124444444,5,120,145,25,140.5333333,4.764444444,145,1.93,2.1,0.17,2.003333333,0.078222222,1.93,1,2,1,1.466666667,0.497777778,1,0,4,4,1.733333333,1.848888889,0,10,10,0,10,0,10,0,0,0,0,0,0,11,16,5,13.2,2.346666667,11,0,1,1,0.533333333,0.497777778,1,0,4,4,1.066666667,1.137777778,0,0,0,0,0,0,0,0,0,0,0,0,0,1,4,3,1.6,0.64,1,16.33,34.76333333,18.43333333,24.14833333,8.492,16.33,0,0.464,0.464,0.211133333,0.225208889,0,0,0,0,0,0,0,152,225,73,195.8,35.04,225
YbSi2,300,8.6,Yb1 Si2,14,70,56,32.66666667,24.88888889,14,39,78,39,65,17.33333333,78,28.0855,173.054,144.9685,76.40833333,64.43044444,28.0855,1092,1687,595,1488.666667,264.4444444,1687,3,14,11,10.33333333,4.888888889,14,3,6,3,4,1.333333333,3,111,187,76,136.3333333,33.77777778,111,1.26,1.9,0.64,1.686666667,0.284444444,1.9,2,2,0,2,0,2,0,2,2,1.333333333,0.888888889,2,0,0,0,0,0,0,0,14,14,4.666666667,6.222222222,0,4,16,12,8,5.333333333,4,0,0,0,0,0,0,0,4,4,2.666666667,1.777777778,4,0,0,0,0,0,0,0,0,0,0,0,0,0,4,4,2.666666667,1.777777778,4,20.44,34.12,13.68,25,6.08,20.44,0,0.773,0.773,0.515333333,0.343555556,0.773,0,0,0,0,0,0,225,227,2,226.3333333,0.888888889,227
Sr0.11Ba0.18Co4Sb12.09,600,3.93,Sr0.11 Ba0.18 Co4 Sb12.09,27,56,29,45.10683761,8.938840362,51,8,85,77,77.05433455,11.72931566,85,58.933195,137.327,78.393805,106.3594774,23.41470967,121.76,903.78,1768,864.22,1116.862039,318.0160981,903.78,2,15,13,13.3046398,2.502674574,15,4,6,2,4.766788767,0.374500008,5,126,215,89,137.03663,5.3902955,139,0.89,2.05,1.16,1.988351648,0.09100471,2.05,2,2,0,2,0,2,0,3,3,2.214285714,1.159863946,3,0,10,10,9.09035409,1.342810629,10,0,0,0,0,0,0,2,15,13,13.3046398,2.502674574,15,0,0,0,0,0,0,0,3,3,2.214285714,1.159863946,3,0,3,3,0.732600733,1.10739891,0,0,0,0,0,0,0,0,3,3,2.946886447,0.104346407,3,10.245,63.59,53.345,26.85909035,8.114329843,31.56,0,0,0,0,0,0,0,1.5484712,1.5484712,0.378137045,0.571591773,0,166,229,63,173.9261294,11.70047677,166
Sr0.21Co4Sb12.25,500,3.92,Sr0.21 Co4 Sb12.25,27,51,24,45.0018226,8.928028329,51,8,85,77,77.45625759,11.22853517,85,58.933195,121.76,62.826805,106.0566817,23.373712,121.76,903.78,1768,864.22,1115.662515,317.0534556,903.78,2,15,13,13.37606318,2.417159903,15,4,5,1,4.756986634,0.36791574,5,126,195,69,136.5552855,5.130150931,139,0.95,2.05,1.1,1.994653706,0.082380571,2.05,2,2,0,2,0,2,0,3,3,2.232685298,1.142114836,3,0,10,10,9.143377886,1.275045067,10,0,0,0,0,0,0,2,15,13,13.37606318,2.417159903,15,0,0,0,0,0,0,0,3,3,2.232685298,1.142114836,3,0,3,3,0.729040097,1.103747219,0,0,0,0,0,0,0,0,3,3,2.961725395,0.07557258,3,10.245,54.23,43.985,26.66939854,7.98269674,31.56,0,0,0,0,0,0,0,1.5484712,1.5484712,0.376299198,0.569706927,0,166,225,59,173.5571081,11.24842949,166
Sr0.21Yb0.03Co4Sb12.12,800,3.64,Sr0.21 Yb0.03 Co4 Sb12.12,27,70,43,45,8.981662592,51,8,85,77,77.32579462,11.37058303,85,58.933195,173.054,114.120805,106.0547555,23.51559177,121.76,903.78,1768,864.22,1117.302787,318.1893461,903.78,2,15,13,13.34413203,2.453437629,15,4,6,2,4.757334963,0.370334945,5,126,195,69,136.6283619,5.197242962,139,0.95,2.05,1.1,1.992866748,0.084652202,2.05,2,2,0,2,0,2,0,3,3,2.222493888,1.152001722,3,0,10,10,9.119804401,1.304152892,10,0,14,14,0.025672372,0.05125059,0,2,16,14,13.36797066,2.427769741,15,0,0,0,0,0,0,0,3,3,2.222493888,1.152001722,3,0,3,3,0.733496333,1.108314752,0,0,0,0,0,0,0,0,3,3,2.95599022,0.086728319,3,10.245,54.23,43.985,26.64419927,8.019168345,31.56,0,0,0,0,0,0,0,1.5484712,1.5484712,0.378599315,0.572064491,0,166,225,59,173.7114914,11.4258284,166
Yb13CaMnSb11,800,0.877,Yb13 Ca1 Mn1 Sb11,20,70,50,58.30769231,11.69230769,70,7,85,78,57.73076923,23.0739645,39,40.078,173.054,132.976,141.6953094,31.35869058,173.054,903.78,1519,615.22,1029.676154,106.5275148,1092,2,15,13,8.192307692,5.76035503,3,4,6,2,5.423076923,0.576923077,6,139,187,48,164.4230769,23.46745562,187,1,2.05,1.05,1.595384615,0.384674556,1.26,2,2,0,2,0,2,0,3,3,1.269230769,1.464497041,0,0,10,10,4.423076923,4.763313609,0,0,14,14,7,7,14,2,16,14,14.69230769,1.568047337,16,0,0,0,0,0,0,0,3,3,1.269230769,1.464497041,0,0,5,5,0.192307692,0.369822485,0,0,0,0,0,0,0,0,5,5,1.461538462,1.573964497,0,10.48758621,37.77,27.28241379,32.2683687,2.274833707,34.12,0,0,0,0,0,0,0,0.000310121,0.000310121,1.19E-05,2.29E-05,0,166,225,59,199.7307692,28.54142012,225
Yb14MnSb11,500,1.06,Yb14 Mn1 Sb11,25,70,45,60.23076923,10.52071006,70,39,85,46,58.96153846,22.03254438,39,54.938045,173.054,118.115955,146.809771,28.26301589,173.054,903.78,1519,615.22,1028.791538,105.7789941,1092,3,15,12,8.230769231,5.727810651,3,4,6,2,5.5,0.538461538,6,139,187,48,164.8461538,23.85798817,187,1.26,2.05,0.79,1.605384615,0.376213018,1.26,2,2,0,2,0,2,0,3,3,1.269230769,1.464497041,0,0,10,10,4.423076923,4.763313609,0,0,14,14,7.538461538,6.958579882,14,7,16,9,15.23076923,0.828402367,16,0,0,0,0,0,0,0,3,3,1.269230769,1.464497041,0,0,5,5,0.192307692,0.369822485,0,0,0,0,0,0,0,0,5,5,1.461538462,1.573964497,0,10.48758621,34.12,23.63241379,32.12798408,2.145247909,34.12,0,0,0,0,0,0,0,0.000310121,0.000310121,1.19E-05,2.29E-05,0,166,225,59,199.7307692,28.54142012,225
FeVSb,700,6.3,Fe1 V1 Sb1,23,51,28,33.33333333,11.77777778,23,46,85,39,62,15.33333333,46,50.9415,121.76,70.8185,76.18216667,30.38522222,50.9415,903.78,2183,1279.22,1632.593333,485.8755556,903.78,5,15,10,9.333333333,3.777777778,5,4,5,1,4.333333333,0.444444444,4,132,153,21,141.3333333,7.777777778,132,1.63,2.05,0.42,1.836666667,0.142222222,1.63,2,2,0,2,0,2,0,3,3,1,1.333333333,0,3,10,7,6.333333333,2.444444444,3,0,0,0,0,0,0,5,15,10,9.333333333,3.777777778,5,0,0,0,0,0,0,0,3,3,1,1.333333333,0,0,7,7,3.666666667,2.444444444,0,0,0,0,0,0,0,3,7,4,4.666666667,1.555555556,3,10.73,31.56,20.83,18.43333333,8.751111111,10.73,0,0,0,0,0,0,0,2.1106628,2.1106628,0.703554267,0.938072356,0,166,229,63,208,28,166
Ca3Co3.8Ti0.2O9,700,2.11,Ca3 Co3.8 Ti0.2 O9,8,27,19,14.9375,7.8046875,8,7,87,80,64.5625,25.2421875,87,15.9994,58.933195,42.933795,31.10925881,16.99859116,15.9994,54.8,1941,1886.2,684.05,707.90625,54.8,2,16,14,11.5625,4.9921875,16,2,4,2,2.875,0.984375,2,66,176,110,102.05,40.55625,66,1,3.44,2.44,2.58825,0.95821875,3.44,2,2,0,2,0,2,0,4,4,2.25,1.96875,4,0,7,7,1.6875,2.53125,0,0,0,0,0,0,0,2,9,7,5.9375,1.525,6,0,0,0,0,0,0,0,2,2,1.125,0.984375,2,0,8,8,0.8125,1.21875,0,0,0,0,0,0,0,0,8,8,1.9375,0.7265625,2,9.105,37.77,28.665,14.84525,8.6429,9.105,0,0,0,0,0,0,0,1.5484712,1.5484712,0.367762192,0.560836779,0,12,225,213,97.4375,96.1171875,12
Ca3Co4O9,900,2.264,Ca3 Co4 O9,8,27,19,15,7.875,8,7,87,80,64.75,25.03125,87,15.9994,58.933195,42.933795,31.24758625,17.15420953,15.9994,54.8,1768,1713.2,681.8875,705.4734375,54.8,2,16,14,11.625,4.921875,16,2,4,2,2.875,0.984375,2,66,176,110,101.625,40.078125,66,1,3.44,2.44,2.5925,0.9534375,3.44,2,2,0,2,0,2,0,4,4,2.25,1.96875,4,0,7,7,1.75,2.625,0,0,0,0,0,0,0,2,9,7,6,1.5,6,0,0,0,0,0,0,0,2,2,1.125,0.984375,2,0,3,3,0.75,1.125,0,0,0,0,0,0,0,0,3,3,1.875,0.703125,2,9.105,37.77,28.665,14.7646875,8.626992188,9.105,0,0,0,0,0,0,0,1.5484712,1.5484712,0.3871178,0.5806767,0,12,225,213,97.4375,96.1171875,12
Cu3Sb0.925Ge0.075S4,300,2.039,Cu3 Sb0.925 Ge0.075 S4,16,51,35,25.071875,9.071875,16,64,88,24,78.56875,10.9265625,88,32.065,121.76,89.695,54.62175,22.55675,32.065,388.36,1357.77,969.41,819.2001875,430.8401875,388.36,11,16,5,13.990625,2.24296875,16,3,5,2,3.615625,0.615625,3,105,139,34,119.196875,14.196875,105,1.9,2.58,0.68,2.258375,0.321625,2.58,1,2,1,1.625,0.46875,2,0,4,4,2.365625,1.781074219,4,0,10,10,5,5,0,0,0,0,0,0,0,6,15,9,8.990625,2.990625,6,0,1,1,0.375,0.46875,0,0,4,4,1.384375,1.03828125,2,0,0,0,0,0,0,0,0,0,0,0,0,1,4,3,1.759375,0.56953125,2,11.07,31.56,20.49,20.90948437,7.379613281,25.786875,0,2.202,2.202,1.104590625,1.097409375,2.202,0,0,0,0,0,0,70,225,155,140.678125,70.678125,70
Cu3Sb0.975Ge0.025S4,500,1.052,Cu3 Sb0.975 Ge0.025 S4,16,51,35,25.190625,9.190625,16,64,88,24,78.60625,10.9546875,88,32.065,121.76,89.695,54.92875,22.86375,32.065,388.36,1357.77,969.41,817.2775625,428.9175625,388.36,11,16,5,13.996875,2.24765625,16,3,5,2,3.621875,0.621875,3,105,139,34,119.315625,14.315625,105,1.9,2.58,0.68,2.258625,0.321375,2.58,1,2,1,1.625,0.46875,2,0,4,4,2.371875,1.781230469,4,0,10,10,5,5,0,0,0,0,0,0,0,6,15,9,8.996875,2.996875,6,0,1,1,0.375,0.46875,0,0,4,4,1.378125,1.03359375,2,0,0,0,0,0,0,0,0,0,0,0,0,1,4,3,1.753125,0.56484375,2,11.07,31.56,20.49,20.96295313,7.419714844,25.786875,0,2.202,2.202,1.102196875,1.099803125,2.202,0,0,0,0,0,0,70,225,155,140.309375,70.309375,70
Cu3SbS4,300,1.865,Cu3 Sb1 S4,16,51,35,25.25,9.25,16,64,88,24,78.625,10.96875,88,32.065,121.76,89.695,55.08225,23.01725,32.065,388.36,1357.77,969.41,816.31625,427.95625,388.36,11,16,5,14,2.25,16,3,5,2,3.625,0.625,3,105,139,34,119.375,14.375,105,1.9,2.58,0.68,2.25875,0.32125,2.58,1,2,1,1.625,0.46875,2,0,4,4,2.375,1.78125,4,0,10,10,5,5,0,0,0,0,0,0,0,6,15,9,9,3,6,0,1,1,0.375,0.46875,0,0,3,3,1.375,1.03125,2,0,0,0,0,0,0,0,0,0,0,0,0,1,3,2,1.75,0.5625,2,11.07,31.56,20.49,20.9896875,7.439765625,25.786875,0,2.202,2.202,1.101,1.101,2.202,0,0,0,0,0,0,70,225,155,140.125,70.125,70
CuFe0.92In0.08S2,500,2.037,Cu1 Fe0.92 In0.08 S2,16,49,33,22.21,6.21,16,55,88,33,74.15,13.884,88,32.065,114.818,82.753,47.05971,14.99471,32.065,388.36,1811,1422.64,958.7475,591.5474,388.36,8,16,8,12.85,3.156,16,3,5,2,3.52,0.52,3,105,142,37,118.7,13.7,105,1.78,2.58,0.8,2.2215,0.3585,2.58,1,2,1,1.75,0.375,2,0,4,4,2.02,1.98,4,0,10,10,4.08,4.08,0,0,0,0,0,0,0,6,13,7,7.85,1.85,6,0,1,1,0.25,0.375,0,0,5,5,1.1,1.056,2,0,4,4,0.92,1.4168,0,0,0,0,0,0,0,1,5,4,2.27,0.905,2,10.73,25.786875,15.056875,18.6140375,7.398676,25.786875,0,2.202,2.202,1.101,1.101,2.202,0,2.1106628,2.1106628,0.485452444,0.747596764,0,70,229,159,146.7,77.008,70
CuFeS2,600,2.615,Cu1 Fe1 S2,16,29,13,21.75,5.75,16,55,88,33,73.75,14.25,88,32.065,63.546,31.481,45.88025,13.81525,32.065,388.36,1811,1422.64,986.3725,598.0125,388.36,8,16,8,12.75,3.25,16,3,4,1,3.5,0.5,3,105,132,27,118.5,13.5,105,1.83,2.58,0.75,2.2225,0.3575,2.58,1,2,1,1.75,0.375,2,0,4,4,2,2,4,0,10,10,4,4,0,0,0,0,0,0,0,6,11,5,7.75,1.75,6,0,1,1,0.25,0.375,0,0,2,2,1,1,2,0,4,4,1,1.5,0,0,0,0,0,0,0,1,4,3,2.25,0.875,2,10.73,25.786875,15.056875,18.3434375,7.4434375,25.786875,0,2.202,2.202,1.101,1.101,2.202,0,2.1106628,2.1106628,0.5276657,0.79149855,0,70,229,159,148.5,78.5,70
Mg2Cu3In3Te8,900,0.497,Mg2 Cu3 In3 Te8,12,52,40,42.125,12.453125,52,64,90,26,79.5625,10.4375,90,24.305,127.6,103.295,100.281375,32.76985937,127.6,429.75,1357.77,928.02,811.865,232.498125,722.66,2,16,14,12.75,3.34375,16,3,5,2,4.5625,0.6015625,5,132,142,10,138,2.25,138,1.31,2.1,0.79,1.90375,0.19625,2.1,1,2,1,1.8125,0.3046875,2,0,4,4,2.1875,1.8125,4,0,10,10,8.75,2.1875,10,0,0,0,0,0,0,2,16,14,12.75,3.34375,16,0,1,1,0.1875,0.3046875,0,0,5,5,1.9375,1.2109375,2,0,0,0,0,0,0,0,0,0,0,0,0,0,5,5,2.125,1.078125,2,11.07,34.76333333,23.69333333,26.86729167,7.896041667,34.76333333,0,0.464,0.464,0.232,0.232,0.464,0,0,0,0,0,0,139,225,86,168.5,27.5625,152
Cu10.5Ni0.5ZnSb4S13,400,0.446,Cu10.5 Ni0.5 Zn1 Sb4 S13,16,51,35,26.22413793,9.16646849,16,61,88,27,77.77586207,11.15933413,88,32.065,121.76,89.695,57.44292069,22.75261855,32.065,388.36,1728,1339.64,844.0367241,418.9761474,388.36,10,16,6,13.81034483,2.291319857,16,3,5,2,3.689655172,0.618311534,3,105,139,34,120.3793103,13.78834721,105,1.65,2.58,0.93,2.217068966,0.325386445,2.58,1,2,1,1.637931034,0.461950059,2,0,4,4,2.206896552,1.826397146,4,0,10,10,5.482758621,4.915576694,0,0,0,0,0,0,0,6,15,9,9.327586207,2.983353151,6,0,1,1,0.362068966,0.461950059,0,0,3,3,1.310344828,1.084423306,2,0,2,2,0.034482759,0.067776457,0,0,0,0,0,0,0,0,3,3,1.706896552,0.62960761,2,10.32,31.56,21.24,20.58015086,7.697021403,25.786875,0,2.202,2.202,0.987103448,1.089217598,2.202,0,0.5953947,0.5953947,0.010265426,0.020176872,0,70,225,155,146.3103448,68.41617122,70
Cu10.5Ni1.5Sb4S13,600,0.758,Cu10.5 Ni1.5 Sb4 S13,16,51,35,26.15517241,9.104637337,16,61,88,27,77.5,11.48275862,88,32.065,121.76,89.695,57.21234828,22.54589845,32.065,388.36,1728,1339.64,879.7374138,440.5452675,388.36,10,16,6,13.74137931,2.372175981,16,3,5,2,3.689655172,0.618311534,3,105,139,34,120.4482759,13.85017836,105,1.9,2.58,0.68,2.226034483,0.317348395,2.58,1,2,1,1.637931034,0.461950059,2,0,4,4,2.206896552,1.826397146,4,0,10,10,5.413793103,4.853745541,0,0,0,0,0,0,0,6,15,9,9.25862069,2.921521998,6,0,1,1,0.362068966,0.461950059,0,0,3,3,1.310344828,1.084423306,2,0,2,2,0.103448276,0.196195006,0,0,0,0,0,0,0,1,3,2,1.775862069,0.561831153,2,10.32,31.56,21.24,20.45463362,7.844179548,25.786875,0,2.202,2.202,0.987103448,1.089217598,2.202,0,0.5953947,0.5953947,0.030796278,0.058406733,0,70,225,155,147.3793103,69.3745541,70
Ca14MgSb11,800,0.693,Ca14 Mg1 Sb11,12,51,39,32.80769231,15.39349112,20,7,85,78,42.34615385,38.06508876,7,24.305,121.76,97.455,74.02911538,40.3876716,40.078,903.78,1115,211.22,1018.253077,104.1889941,1115,2,15,13,7.5,6.346153846,2,3,5,2,4.384615385,0.520710059,4,139,176,37,159,18.30769231,176,1,2.05,1.05,1.456153846,0.502485207,1,2,2,0,2,0,2,0,3,3,1.269230769,1.464497041,0,0,10,10,4.230769231,4.881656805,0,0,0,0,0,0,0,2,15,13,7.5,6.346153846,2,0,0,0,0,0,0,0,3,3,1.269230769,1.464497041,0,0,0,0,0,0,0,0,0,0,0,0,0,0,3,3,1.269230769,1.464497041,0,22.89,37.77,14.88,34.57038462,3.445739645,37.77,0,0,0,0,0,0,0,0,0,0,0,0,166,225,59,198.8461538,28.16568047,225
Ag0.96Nb0.04BiSe2.0,400,0.715,Ag0.96 Nb0.04 Bi1 Se2,34,83,49,49.44,16.78,34,47,89,42,82.07,8.895,89,78.96,208.9804,130.0204,118.5425318,45.2189341,78.96,494,2750,2256,706.9832,294.2748,494,5,16,11,14.44,1.84,16,4,6,2,4.75,0.75,4,120,164,44,133.44,13.44,120,1.6,2.55,0.95,2.2592,0.2908,2.55,1,2,1,1.75,0.375,2,0,4,4,2.75,1.375,4,4,10,6,9.94,0.1188,10,0,14,14,3.5,5.25,0,5,29,24,17.94,5.53,16,0,1,1,0.25,0.375,0,0,3,3,1.75,0.875,2,0,6,6,0.06,0.1188,0,0,0,0,0,0,0,1,7,6,2.06,0.5688,2,16.33,32.95,16.62,25.2985,4.44725,25.92,0,0.799,0.799,0.3995,0.3995,0.799,0,0,0,0,0,0,12,229,217,66.29,79.435,14
AgBiSe2.0,400,0.674,Ag1 Bi1 Se2,34,83,49,49.5,16.75,34,65,89,24,82.25,8.625,89,78.96,208.9804,130.0204,118.69215,45.144125,78.96,494,1234.93,740.93,691.8325,271.54875,494,11,16,5,14.5,1.75,16,4,6,2,4.75,0.75,4,120,148,28,133.25,13.25,120,1.93,2.55,0.62,2.2625,0.2875,2.55,1,2,1,1.75,0.375,2,0,4,4,2.75,1.375,4,10,10,0,10,0,10,0,14,14,3.5,5.25,0,11,29,18,18,5.5,16,0,1,1,0.25,0.375,0,0,3,3,1.75,0.875,2,0,0,0,0,0,0,0,0,0,0,0,0,1,3,2,2,0.5,2,16.33,32.95,16.62,25.28,4.475,25.92,0,0.799,0.799,0.3995,0.3995,0.799,0,0,0,0,0,0,12,225,213,66.25,79.375,14
FeNb0.86Hf0.14Sb,500,5.763,Fe1 Nb0.86 Hf0.14 Sb1,26,72,46,40.78,9.853333333,26,45,85,40,62.24,15.17333333,55,55.845,178.49,122.645,94.16436227,26.26748468,55.845,903.78,2750,1846.22,1810.206667,604.2844444,903.78,4,15,11,9.286666667,3.808888889,8,4,6,2,4.713333333,0.475555556,4,132,175,43,145.5133333,13.35111111,132,1.3,2.05,0.75,1.812666667,0.169777778,1.83,1,2,1,1.713333333,0.408977778,2,0,3,3,1,1.333333333,0,2,10,8,6.573333333,2.284444444,6,0,14,14,0.653333333,1.245688889,0,5,18,13,9.94,4.1256,8,0,1,1,0.286666667,0.408977778,0,0,3,3,1,1.333333333,0,0,8,8,3.426666667,2.284444444,0,0,0,0,0,0,0,3,8,5,4.713333333,1.617777778,3,10.73,31.56,20.83,20.34426667,7.650357333,10.73,0,0,0,0,0,0,0,2.1106628,2.1106628,0.703554267,0.938072356,0,166,229,63,206.3666667,28.06533333,166
FeNb0.86Zr0.14Sb,400,9.644,Fe1 Nb0.86 Zr0.14 Sb1,26,51,25,39.28666667,8.857777778,26,44,85,41,62.19333333,15.20444444,55,55.845,121.76,65.915,90.09194893,22.83129929,55.845,903.78,2750,1846.22,1792.566667,592.5244444,903.78,4,15,11,9.286666667,3.808888889,8,4,5,1,4.666666667,0.444444444,4,132,175,43,145.5133333,13.35111111,132,1.33,2.05,0.72,1.814066667,0.167911111,1.83,1,2,1,1.713333333,0.408977778,2,0,3,3,1,1.333333333,0,2,10,8,6.573333333,2.284444444,6,0,0,0,0,0,0,4,15,11,9.286666667,3.808888889,8,0,1,1,0.286666667,0.408977778,0,0,3,3,1,1.333333333,0,0,8,8,3.426666667,2.284444444,0,0,0,0,0,0,0,3,8,5,4.713333333,1.617777778,3,10.73,31.56,20.83,20.3907,7.707934667,10.73,0,0,0,0,0,0,0,2.1106628,2.1106628,0.703554267,0.938072356,0,166,229,63,206.3666667,28.06533333,166
FeNb0.9Hf0.1Sb,400,7.862,Fe1 Nb0.9 Hf0.1 Sb1,26,72,46,40.36666667,9.577777778,26,45,85,40,62.26666667,15.15555556,55,55.845,178.49,122.645,93.02324733,24.85561862,55.845,903.78,2750,1846.22,1813.46,608.0933333,903.78,4,15,11,9.3,3.8,8,4,6,2,4.7,0.466666667,4,132,175,43,145.3666667,13.15555556,132,1.3,2.05,0.75,1.816666667,0.164444444,1.83,1,2,1,1.7,0.42,2,0,3,3,1,1.333333333,0,2,10,8,6.6,2.266666667,6,0,14,14,0.466666667,0.902222222,0,5,18,13,9.766666667,4.037777778,8,0,1,1,0.3,0.42,0,0,3,3,1,1.333333333,0,0,8,8,3.4,2.266666667,0,0,0,0,0,0,0,3,8,5,4.7,1.6,3,10.73,31.56,20.83,20.29066667,7.640177778,10.73,0,0,0,0,0,0,0,2.1106628,2.1106628,0.703554267,0.938072356,0,166,229,63,206.8333333,28.07777778,166
Cu2Sn0.8Zn0.2S3,400,2.258,Cu2 Sn0.8 Zn0.2 S3,16,50,34,25.33333333,9.333333333,16,64,88,24,78.3,10.15333333,88,32.065,118.71,86.645,55.22183333,23.15683333,32.065,388.36,1357.77,969.41,737.2033333,413.7111111,388.36,11,16,5,13.93333333,2.084444444,16,3,5,2,3.633333333,0.633333333,3,105,139,34,119.1,14.1,105,1.65,2.58,0.93,2.239666667,0.340333333,2.58,1,2,1,1.666666667,0.444444444,2,0,4,4,2.266666667,1.733333333,4,0,10,10,5,5,0,0,0,0,0,0,0,6,14,8,8.933333333,2.933333333,6,0,1,1,0.333333333,0.444444444,0,0,4,4,1.533333333,1.124444444,2,0,0,0,0,0,0,0,0,0,0,0,0,0,4,4,1.866666667,0.702222222,2,11.07,33.285,22.215,21.48677083,7.446298611,25.786875,0,2.202,2.202,1.101,1.101,2.202,0,0,0,0,0,0,70,225,155,135.2666667,65.26666667,70
Cu2Sn0.95Zn0.05S3,700,0.492,Cu2 Sn0.95 Zn0.05 S3,16,50,34,25.83333333,9.833333333,16,64,88,24,78.575,9.87625,88,32.065,118.71,86.645,56.55508333,24.49008333,32.065,388.36,1357.77,969.41,732.5133333,416.8377778,388.36,11,16,5,13.98333333,2.021944444,16,3,5,2,3.658333333,0.658333333,3,105,139,34,119.525,14.525,105,1.65,2.58,0.93,2.247416667,0.332583333,2.58,1,2,1,1.666666667,0.444444444,2,0,4,4,2.316666667,1.683333333,4,0,10,10,5,5,0,0,0,0,0,0,0,6,14,8,8.983333333,2.983333333,6,0,1,1,0.333333333,0.444444444,0,0,4,4,1.633333333,1.116111111,2,0,0,0,0,0,0,0,0,0,0,0,0,0,4,4,1.966666667,0.677222222,2,11.07,33.285,22.215,21.96989583,7.400095486,25.786875,0,2.202,2.202,1.101,1.101,2.202,0,0,0,0,0,0,70,225,155,133.9416667,63.94166667,70
Cu2SnS3,700,0.792,Cu2 Sn1 S3,16,50,34,26,10,16,64,88,24,78.66666667,9.777777778,88,32.065,118.71,86.645,56.9995,24.9345,32.065,388.36,1357.77,969.41,730.95,417.88,388.36,11,16,5,14,2,16,3,5,2,3.666666667,0.666666667,3,105,139,34,119.6666667,14.66666667,105,1.9,2.58,0.68,2.25,0.33,2.58,1,2,1,1.666666667,0.444444444,2,0,4,4,2.333333333,1.666666667,4,0,10,10,5,5,0,0,0,0,0,0,0,6,14,8,9,3,6,0,1,1,0.333333333,0.444444444,0,0,4,4,1.666666667,1.111111111,2,0,0,0,0,0,0,0,0,0,0,0,0,1,4,3,2,0.666666667,2,11.07,33.285,22.215,22.1309375,7.373958333,25.786875,0,2.202,2.202,1.101,1.101,2.202,0,0,0,0,0,0,70,225,155,133.5,63.5,70
Eu(Zn0.5Cd0.5)2Sb2,300,1.595,Eu1 Zn1 Cd1 Sb2,30,63,33,48.6,7.68,51,25,85,60,66.8,16.72,85,65.38,151.964,86.584,114.655,20.6076,121.76,594.22,1095,500.78,837.892,155.5536,903.78,3,15,12,11.4,3.36,15,4,6,2,5,0.4,5,122,198,76,148.4,19.84,139,1.185,2.05,0.865,1.725,0.26,2.05,2,2,0,2,0,2,0,3,3,1.2,1.44,3,0,10,10,8,3.2,10,0,7,7,1.4,2.24,0,9,15,6,12.6,1.92,15,0,0,0,0,0,0,0,3,3,1.2,1.44,3,0,0,0,0,0,0,0,7,7,1.4,2.24,0,0,7,7,2.6,2.08,3,13.96,36.46,22.5,26.607,7.9036,31.56,0,0,0,0,0,0,0,0,0,0,0,0,166,229,63,189.8,19.04,166
Eu(Zn0.5Cd0.5)2Sb2,400,1.3,Eu1 Zn1 Cd1 Sb2,30,63,33,48.6,7.68,51,25,85,60,66.8,16.72,85,65.38,151.964,86.584,114.655,20.6076,121.76,594.22,1095,500.78,837.892,155.5536,903.78,3,15,12,11.4,3.36,15,4,6,2,5,0.4,5,122,198,76,148.4,19.84,139,1.185,2.05,0.865,1.725,0.26,2.05,2,2,0,2,0,2,0,3,3,1.2,1.44,3,0,10,10,8,3.2,10,0,7,7,1.4,2.24,0,9,15,6,12.6,1.92,15,0,0,0,0,0,0,0,3,3,1.2,1.44,3,0,0,0,0,0,0,0,7,7,1.4,2.24,0,0,7,7,2.6,2.08,3,13.96,36.46,22.5,26.607,7.9036,31.56,0,0,0,0,0,0,0,0,0,0,0,0,166,229,63,189.8,19.04,166
Eu(Zn0.5Cd0.5)2Sb2,600,1,Eu1 Zn1 Cd1 Sb2,30,63,33,48.6,7.68,51,25,85,60,66.8,16.72,85,65.38,151.964,86.584,114.655,20.6076,121.76,594.22,1095,500.78,837.892,155.5536,903.78,3,15,12,11.4,3.36,15,4,6,2,5,0.4,5,122,198,76,148.4,19.84,139,1.185,2.05,0.865,1.725,0.26,2.05,2,2,0,2,0,2,0,3,3,1.2,1.44,3,0,10,10,8,3.2,10,0,7,7,1.4,2.24,0,9,15,6,12.6,1.92,15,0,0,0,0,0,0,0,3,3,1.2,1.44,3,0,0,0,0,0,0,0,7,7,1.4,2.24,0,0,7,7,2.6,2.08,3,13.96,36.46,22.5,26.607,7.9036,31.56,0,0,0,0,0,0,0,0,0,0,0,0,166,229,63,189.8,19.04,166
EuCd2Sb2,400,1.08,Eu1 Cd2 Sb2,48,63,15,52.2,4.32,48,25,85,60,67,16.8,70,112.411,151.964,39.553,124.0612,11.16112,112.411,594.22,1095,500.78,818.2,179.184,594.22,3,15,12,11.4,3.36,12,5,6,1,5.2,0.32,5,139,198,59,152.8,18.08,139,1.185,2.05,0.865,1.733,0.2536,1.69,2,2,0,2,0,2,0,3,3,1.2,1.44,0,0,10,10,8,3.2,10,0,7,7,1.4,2.24,0,9,15,6,12.6,1.92,12,0,0,0,0,0,0,0,3,3,1.2,1.44,0,0,0,0,0,0,0,0,7,7,1.4,2.24,0,0,7,7,2.6,2.08,0,19.495,36.46,16.965,27.714,6.5752,19.495,0,0,0,0,0,0,0,0,0,0,0,0,166,229,63,189.8,19.04,166
(PbTe)0.05(Ag2Te)0.95,600,0.441,Pb0.05 Te1 Ag1.9,47,82,35,49.28813559,2.9474289,47,65,90,25,73.74576271,11.26572824,65,107.8682,207.2,99.3318,116.2405356,10.78470348,107.8682,600.61,1234.93,634.32,1050.527966,237.5348233,1234.93,11,16,5,12.74576271,2.248779086,11,5,6,1,5.016949153,0.033323758,5,138,146,8,142.6440678,3.14852054,145,1.93,2.33,0.4,1.99440678,0.082964665,1.93,1,2,1,1.355932203,0.45848894,1,0,4,4,1.389830508,1.790290147,0,10,10,0,10,0,10,0,14,14,0.237288136,0.466532606,0,11,28,17,12.98305085,2.55443838,11,0,1,1,0.644067797,0.45848894,1,0,4,4,0.745762712,0.960643493,0,0,0,0,0,0,0,0,0,0,0,0,0,1,4,3,1.389830508,0.502154553,1,16.33,34.76333333,18.43333333,22.77824859,8.30621852,16.33,0,0.464,0.464,0.157288136,0.207940247,0,0,0,0,0,0,0,152,225,73,200.2542373,32.71473714,225
(PbTe)0.1(Ag2Te)0.9,600,0.515,Pb0.1 Te1 Ag1.8,47,82,35,49.93103448,3.638525565,47,65,90,25,74.17241379,11.38644471,65,107.8682,207.2,99.3318,118.0975034,12.69844566,107.8682,600.61,1234.93,634.32,1036.412069,246.4360523,1234.93,11,16,5,12.82758621,2.268727705,11,5,6,1,5.034482759,0.066587396,5,138,146,8,142.6206897,3.186682521,145,1.93,2.33,0.4,2.002413793,0.089892985,1.93,1,2,1,1.379310345,0.470868014,1,0,4,4,1.448275862,1.797859691,0,10,10,0,10,1.78E-15,10,0,14,14,0.482758621,0.932223543,0,11,28,17,13.31034483,2.868014269,11,0,1,1,0.620689655,0.470868014,1,0,4,4,0.827586207,1.027348395,0,0,0,0,0,0,0,0,0,0,0,0,0,1,4,3,1.448275862,0.55648038,1,16.33,34.76333333,18.43333333,23.09252874,8.394863258,16.33,0,0.464,0.464,0.16,0.209655172,0,0,0,0,0,0,0,152,225,73,199.8275862,32.98454221,225
(PbTe)0.15(Ag2Te)0.85,600,0.493,Pb0.15 Te1 Ag1.7,47,82,35,50.59649123,4.290550939,47,65,90,25,74.61403509,11.46937519,65,107.8682,207.2,99.3318,120.0196281,14.4964405,107.8682,600.61,1234.93,634.32,1021.800877,254.2593044,1234.93,11,16,5,12.9122807,2.281317328,11,5,6,1,5.052631579,0.099722992,5,138,146,8,142.5964912,3.225607879,145,1.93,2.33,0.4,2.010701754,0.096275777,1.93,1,2,1,1.403508772,0.481378886,1,0,4,4,1.50877193,1.799938443,0,10,10,0,10,1.78E-15,10,0,14,14,0.736842105,1.396121884,0,11,28,17,13.64912281,3.160357033,11,0,1,1,0.596491228,0.481378886,1,0,4,4,0.912280702,1.088334872,0,0,0,0,0,0,0,0,0,0,0,0,0,1,4,3,1.50877193,0.606955986,1,16.33,34.76333333,18.43333333,23.41783626,8.455664307,16.33,0,0.464,0.464,0.162807018,0.211363496,0,0,0,0,0,0,0,152,225,73,199.3859649,33.25330871,225
Ag2Te,500,0.576,Ag2 Te1,47,52,5,48.66666667,2.222222222,47,65,90,25,73.33333333,11.11111111,65,107.8682,127.6,19.7318,114.4454667,8.769688889,107.8682,722.66,1234.93,512.27,1064.173333,227.6755556,1234.93,11,16,5,12.66666667,2.222222222,11,5,5,0,5,0,5,138,145,7,142.6666667,3.111111111,145,1.93,2.1,0.17,1.986666667,0.075555556,1.93,1,2,1,1.333333333,0.444444444,1,0,4,4,1.333333333,1.777777778,0,10,10,0,10,0,10,0,0,0,0,0,0,11,16,5,12.66666667,2.222222222,11,0,1,1,0.666666667,0.444444444,1,0,2,2,0.666666667,0.888888889,0,0,0,0,0,0,0,0,0,0,0,0,0,1,2,1,1.333333333,0.444444444,1,16.33,34.76333333,18.43333333,22.47444444,8.192592593,16.33,0,0.464,0.464,0.154666667,0.206222222,0,0,0,0,0,0,0,152,225,73,200.6666667,32.44444444,225
BiCuSeO,800,0.48,Bi1 Cu1 Se1 O1,8,83,75,38.5,22.25,8,64,89,25,81.5,8.75,64,15.9994,208.9804,192.981,91.87145,58.554475,15.9994,54.8,1357.77,1302.97,612.7425,372.51375,54.8,11,16,5,14.5,1.75,11,2,6,4,4,1,2,66,148,82,116.5,25.25,66,1.9,3.44,1.54,2.4775,0.5175,1.9,1,2,1,1.75,0.375,1,0,4,4,2.75,1.375,0,0,10,10,7.5,3.75,0,0,14,14,3.5,5.25,0,6,29,23,15.5,7,6,0,1,1,0.25,0.375,0,0,3,3,1.75,0.875,0,0,0,0,0,0,0,0,0,0,0,0,0,1,3,2,2,0.5,1,9.105,32.95,23.845,19.76125,9.67375,9.105,0,0.799,0.799,0.19975,0.299625,0,0,0,0,0,0,0,12,225,213,65.75,79.625,12
Hf0.7Ti0.3CoSb0.8Sn0.2,600,2.83,Hf0.7 Ti0.3 Co1 Sb0.8 Sn0.2,22,72,50,44.93333333,16.54222222,27,43,85,42,62.13333333,14.57777778,58,47.867,178.49,130.623,106.4620983,43.40495522,58.933195,505.08,2506,2000.92,1642.846667,545.8711111,1768,4,15,11,9.266666667,3.688888889,9,4,6,2,4.8,0.693333333,4,126,175,49,145.1666667,16.88888889,126,1.3,2.05,0.75,1.761333333,0.259555556,1.88,2,2,0,2,0,2,0,3,3,0.933333333,1.244444444,0,2,10,8,6.333333333,2.888888889,7,0,14,14,3.266666667,5.008888889,0,4,18,14,12.53333333,4.062222222,9,0,0,0,0,0,0,0,4,4,1.066666667,1.422222222,0,0,8,8,3.666666667,2.888888889,3,0,0,0,0,0,0,3,8,5,4.733333333,2.177777778,3,10.245,33.285,23.04,20.899,7.944466667,10.245,0,0,0,0,0,0,0,1.5484712,1.5484712,0.51615932,0.68820792,1.5484712,141,194,53,183,14.66666667,194
Hf0.8Ti0.2CoSb0.8Sn0.2,600,2.8,Hf0.8 Ti0.2 Co1 Sb0.8 Sn0.2,22,72,50,46.6,16.34666667,27,43,85,42,62.2,14.53333333,58,47.867,178.49,130.623,110.8161983,42.98189533,58.933195,505.08,2506,2000.92,1661.68,558.4266667,1768,4,15,11,9.266666667,3.688888889,9,4,6,2,4.866666667,0.693333333,4,126,175,49,145.6666667,17.55555556,126,1.3,2.05,0.75,1.753333333,0.270222222,1.88,2,2,0,2,0,2,0,3,3,0.933333333,1.244444444,0,2,10,8,6.333333333,2.888888889,7,0,14,14,3.733333333,5.475555556,0,4,18,14,13,3.866666667,9,0,0,0,0,0,0,0,4,4,1.066666667,1.422222222,0,0,8,8,3.666666667,2.888888889,3,0,0,0,0,0,0,3,8,5,4.733333333,2.177777778,3,10.245,33.285,23.04,21.08266667,7.8108,10.245,0,0,0,0,0,0,0,1.5484712,1.5484712,0.516158569,0.688208421,1.5484712,141,194,53,183,14.66666667,194
Hf0.9Ti0.1CoSb0.8Sn0.2,600,3.353,Hf0.9 Ti0.1 Co1 Sb0.8 Sn0.2,22,72,50,48.26666667,15.92888889,27,43,85,42,62.26666667,14.48888889,58,47.867,178.49,130.623,115.1702983,41.97828878,58.933195,505.08,2506,2000.92,1680.513333,570.9822222,1768,4,15,11,9.266666667,3.688888889,9,4,6,2,4.933333333,0.684444444,4,126,175,49,146.1666667,18.22222222,126,1.3,2.05,0.75,1.745333333,0.280888889,1.88,2,2,0,2,0,2,0,3,3,0.933333333,1.244444444,0,2,10,8,6.333333333,2.888888889,7,0,14,14,4.2,5.88,0,4,18,14,13.46666667,3.608888889,9,0,0,0,0,0,0,0,4,4,1.066666667,1.422222222,0,0,8,8,3.666666667,2.888888889,3,0,0,0,0,0,0,3,8,5,4.733333333,2.177777778,3,10.245,33.285,23.04,21.26633333,7.652644444,10.245,0,0,0,0,0,0,0,1.5484712,1.5484712,0.516157818,0.688208921,1.5484712,141,194,53,183,14.66666667,194
Ca3Al0.98Zn0.02Sb3,400,1.103,Ca3 Al0.98 Zn0.02 Sb3,13,51,38,32.33428571,15.99918367,20,7,85,78,49.84571429,36.72489796,7,26.9815386,121.76,94.7784614,73.32335826,41.51712149,40.078,692.68,1115,422.32,997.8563143,100.4088735,903.78,2,15,13,9.14,6.12,2,3,5,2,4.288571429,0.609795918,4,121,176,55,152.2885714,20.32408163,139,1,2.05,1.05,1.537257143,0.460506122,1,2,2,0,2,0,2,0,3,3,1.425714286,1.349387755,0,0,10,10,4.314285714,4.905959184,0,0,0,0,0,0,0,2,15,13,7.74,6.2472,2,0,0,0,0,0,0,0,5,5,1.985714286,1.713387755,0,0,0,0,0,0,0,0,0,0,0,0,0,0,5,5,1.985714286,1.713387755,0,13.96,37.77,23.81,32.05994286,4.894334694,31.56,0,0,0,0,0,0,0,0,0,0,0,0,166,225,59,199.6257143,28.85418776,166
Ca3AlSb3,400,0.988,Ca3 Al1 Sb3,13,51,38,32.28571429,16.04081633,20,7,85,78,49.85714286,36.73469388,7,26.9815386,121.76,94.7784614,73.21364837,41.61115854,40.078,903.78,1115,211.22,998.5442857,99.81918367,903.78,2,15,13,9.142857143,6.12244898,2,3,5,2,4.285714286,0.612244898,4,121,176,55,152.2857143,20.32653061,139,1,2.05,1.05,1.537142857,0.460408163,1,2,2,0,2,0,2,0,3,3,1.428571429,1.346938776,0,0,10,10,4.285714286,4.897959184,0,0,0,0,0,0,0,2,15,13,7.714285714,6.244897959,2,0,0,0,0,0,0,0,5,5,2,1.714285714,0,0,0,0,0,0,0,0,0,0,0,0,0,0,5,5,2,1.714285714,0,16.48,37.77,21.29,32.06714286,4.888163265,31.56,0,0,0,0,0,0,0,0,0,0,0,0,166,225,59,199.7142857,28.89795918,166
Ca5In1.95Zn0.05Sb6,600,0.91,Ca5 In1.95 Zn0.05 Sb6,20,51,31,38.69615385,14.4485503,51,7,85,78,53.43846154,35.72189349,85,40.078,121.76,81.682,89.0857,37.88058231,121.76,429.75,1115,685.25,913.1020385,155.3061243,903.78,2,15,13,9.688461538,5.914201183,15,4,5,1,4.611538462,0.475118343,5,122,176,54,153.6153846,17.21893491,139,1,2.05,1.05,1.604115385,0.464704142,2.05,2,2,0,2,0,2,0,3,3,1.534615385,1.352662722,3,0,10,10,6.153846154,4.733727811,10,0,0,0,0,0,0,2,15,13,9.688461538,5.914201183,15,0,0,0,0,0,0,0,5,5,2.134615385,1.658431953,3,0,0,0,0,0,0,0,0,0,0,0,0,0,5,5,2.134615385,1.658431953,3,13.96,37.77,23.81,32.78576923,3.834023669,31.56,0,0,0,0,0,0,0,0,0,0,0,0,139,225,86,184.75,31.03269231,166
Ca5In2Sb6,500,0.75,Ca5 In2 Sb6,20,51,31,38.76923077,14.43786982,51,7,85,78,53.46153846,35.73964497,85,40.078,121.76,81.682,89.27584615,37.84449704,121.76,429.75,1115,685.25,912.0907692,156.0840237,903.78,2,15,13,9.692307692,5.917159763,15,4,5,1,4.615384615,0.473372781,5,139,176,37,153.6923077,17.15976331,139,1,2.05,1.05,1.604615385,0.465088757,2.05,2,2,0,2,0,2,0,3,3,1.538461538,1.349112426,3,0,10,10,6.153846154,4.733727811,10,0,0,0,0,0,0,2,15,13,9.692307692,5.917159763,15,0,0,0,0,0,0,0,5,5,2.153846154,1.656804734,3,0,0,0,0,0,0,0,0,0,0,0,0,0,5,5,2.153846154,1.656804734,3,24.26,37.77,13.51,32.82538462,3.803550296,31.56,0,0,0,0,0,0,0,0,0,0,0,0,139,225,86,184.5384615,31.12426036,166
Mg3Sb1.8Bi0.2,300,1.17,Mg3 Sb1.8 Bi0.2,12,83,71,28.88,20.256,12,68,86,18,74.84,8.208,68,24.305,208.9804,184.6754,66.775816,50.9649792,24.305,544.4,923,378.6,900.9368,28.522944,923,2,15,13,7.2,6.24,2,3,6,3,3.84,1.008,3,139,148,9,140.56,1.1232,141,1.31,2.05,0.74,1.6048,0.35376,1.31,2,2,0,2,0,2,0,3,3,1.2,1.44,0,0,10,10,4,4.8,0,0,14,14,0.56,1.0752,0,2,29,27,7.76,6.912,2,0,0,0,0,0,0,0,3,3,1.2,1.44,0,0,0,0,0,0,0,0,0,0,0,0,0,0,3,3,1.2,1.44,0,22.89,32.95,10.06,26.4136,4.22832,22.89,0,0,0,0,0,0,0,0,0,0,0,0,12,194,182,176.64,20.832,194
Mg3Sb2,800,0.6,Mg3 Sb2,12,51,39,27.6,18.72,12,68,85,17,74.8,8.16,68,24.305,121.76,97.455,63.287,46.7784,24.305,903.78,923,19.22,915.312,9.2256,923,2,15,13,7.2,6.24,2,3,5,2,3.8,0.96,3,139,141,2,140.2,0.96,141,1.31,2.05,0.74,1.606,0.3552,1.31,2,2,0,2,0,2,0,3,3,1.2,1.44,0,0,10,10,4,4.8,0,0,0,0,0,0,0,2,15,13,7.2,6.24,2,0,0,0,0,0,0,0,3,3,1.2,1.44,0,0,0,0,0,0,0,0,0,0,0,0,0,0,3,3,1.2,1.44,0,22.89,31.56,8.67,26.358,4.1616,22.89,0,0,0,0,0,0,0,0,0,0,0,0,166,194,28,182.8,13.44,194
Ca5Al1.9Zn0.1Sb6,400,1.27,Ca5 Al1.9 Zn0.1 Sb6,13,51,38,33.36153846,16.2816568,51,7,85,78,53.12307692,35.47928994,85,26.9815386,121.76,94.7784614,76.05791718,42.18653799,121.76,692.68,1115,422.32,987.7339231,97.89698225,903.78,2,15,13,9.684615385,5.911242604,15,3,5,2,4.315384615,0.631952663,5,121,176,55,150.4692308,19.63905325,139,1,2.05,1.05,1.578769231,0.445207101,2.05,2,2,0,2,0,2,0,3,3,1.530769231,1.356213018,3,0,10,10,4.692307692,4.981065089,10,0,0,0,0,0,0,2,15,13,8.223076923,6.313727811,15,0,0,0,0,0,0,0,5,5,2.115384615,1.659763314,3,0,0,0,0,0,0,0,0,0,0,0,0,0,5,5,2.115384615,1.659763314,3,13.96,37.77,23.81,31.60907692,4.739171598,31.56,0,0,0,0,0,0,0,0,0,0,0,0,166,225,59,197.5307692,29.15964497,166
Ca5Ga1.7Zn0.3Sb6,800,1.3,Ca5 Ga1.7 Zn0.3 Sb6,20,51,31,35.97692308,13.86745562,51,7,85,78,53.19230769,35.53254438,85,40.078,121.76,81.682,82.23793077,36.48191006,121.76,302.91,1115,812.09,901.5716154,166.2141893,903.78,2,15,13,9.669230769,5.899408284,15,4,5,1,4.461538462,0.49704142,5,122,176,54,150.6153846,19.52662722,139,1,2.05,1.05,1.605538462,0.465798817,2.05,2,2,0,2,0,2,0,3,3,1.515384615,1.370414201,3,0,10,10,6.153846154,4.733727811,10,0,0,0,0,0,0,2,15,13,9.669230769,5.899408284,15,0,0,0,0,0,0,0,5,5,2.038461538,1.662130178,3,0,0,0,0,0,0,0,0,0,0,0,0,0,5,5,2.038461538,1.662130178,3,13.96,37.77,23.81,31.88121154,4.529837278,31.56,0,0,0,0,0,0,0,0,0,0,0,0,64,225,161,176,38.52307692,166
Ca5Ga1.95Zn0.05Sb6,400,1.186,Ca5 Ga1.95 Zn0.05 Sb6,20,51,31,35.99615385,13.84970414,51,7,85,78,53.28846154,35.60650888,85,40.078,121.76,81.682,82.32145,36.40481538,121.76,302.91,1115,812.09,894.0760385,178.8990118,903.78,2,15,13,9.688461538,5.914201183,15,4,5,1,4.461538462,0.49704142,5,122,176,54,150.6153846,19.52662722,139,1,2.05,1.05,1.608615385,0.46816568,2.05,2,2,0,2,0,2,0,3,3,1.534615385,1.352662722,3,0,10,10,6.153846154,4.733727811,10,0,0,0,0,0,0,2,15,13,9.688461538,5.914201183,15,0,0,0,0,0,0,0,5,5,2.134615385,1.658431953,3,0,0,0,0,0,0,0,0,0,0,0,0,0,5,5,2.134615385,1.658431953,3,13.96,37.77,23.81,31.97539423,4.457389053,31.56,0,0,0,0,0,0,0,0,0,0,0,0,64,225,161,173.5,39.77307692,166
Ca5Ga1.9Zn0.1Sb6,500,1.258,Ca5 Ga1.9 Zn0.1 Sb6,20,51,31,35.99230769,13.85325444,51,7,85,78,53.26923077,35.59171598,85,40.078,121.76,81.682,82.30474615,36.42023432,121.76,302.91,1115,812.09,895.5751538,176.3620473,903.78,2,15,13,9.684615385,5.911242604,15,4,5,1,4.461538462,0.49704142,5,122,176,54,150.6153846,19.52662722,139,1,2.05,1.05,1.608,0.467692308,2.05,2,2,0,2,0,2,0,3,3,1.530769231,1.356213018,3,0,10,10,6.153846154,4.733727811,10,0,0,0,0,0,0,2,15,13,9.684615385,5.911242604,15,0,0,0,0,0,0,0,5,5,2.115384615,1.659763314,3,0,0,0,0,0,0,0,0,0,0,0,0,0,5,5,2.115384615,1.659763314,3,13.96,37.77,23.81,31.95655769,4.471878698,31.56,0,0,0,0,0,0,0,0,0,0,0,0,64,225,161,174,39.53846154,166
Ca5Ga2Sb6,600,1.032,Ca5 Ga2 Sb6,20,51,31,36,13.84615385,51,7,85,78,53.30769231,35.62130178,85,40.078,121.76,81.682,82.33815385,36.38939645,121.76,302.91,1115,812.09,892.5769231,181.4359763,903.78,2,15,13,9.692307692,5.917159763,15,4,5,1,4.461538462,0.49704142,5,122,176,54,150.6153846,19.52662722,139,1,2.05,1.05,1.609230769,0.468639053,2.05,2,2,0,2,0,2,0,3,3,1.538461538,1.349112426,3,0,10,10,6.153846154,4.733727811,10,0,0,0,0,0,0,2,15,13,9.692307692,5.917159763,15,0,0,0,0,0,0,0,5,5,2.153846154,1.656804734,3,0,0,0,0,0,0,0,0,0,0,0,0,0,5,5,2.153846154,1.656804734,3,18.8575,37.77,18.9125,31.99423077,4.442899408,31.56,0,0,0,0,0,0,0,0,0,0,0,0,64,225,161,173,40,166
Bi0.985Na0.015CuSeO,300,0.81,Bi0.985 Na0.015 Cu1 Se1 O1,8,83,75,38.23,22.049225,8,2,89,87,81.185,9.1863875,64,15.9994,208.9804,192.981,91.17398513,58.01965932,15.9994,54.8,1357.77,1302.97,612.0917625,372.8391188,54.8,1,16,15,14.4475,1.82460625,11,2,6,4,3.98875,1.001790625,2,66,166,100,116.5675,25.28375,66,0.93,3.44,2.51,2.4734125,0.5215875,1.9,1,2,1,1.74625,0.378721875,1,0,4,4,2.73875,1.389915625,0,0,10,10,7.4625,3.78721875,0,0,14,14,3.4475,5.19710625,0,1,29,28,15.395,7.0029625,6,0,1,1,0.25375,0.378721875,0,0,3,3,1.73875,0.882415625,0,0,0,0,0,0,0,0,0,0,0,0,0,1,3,2,1.9925,0.50369375,1,9.105,32.95,23.845,19.74735,9.65985,9.105,0,0.799,0.799,0.19975,0.299625,0,0,0,0,0,0,0,12,229,217,66.56375,80.43639688,12
Bi0.985Na0.015CuSeO,900,0.5,Bi0.985 Na0.015 Cu1 Se1 O1,8,83,75,38.23,22.049225,8,2,89,87,81.185,9.1863875,64,15.9994,208.9804,192.981,91.17398513,58.01965932,15.9994,54.8,1357.77,1302.97,612.0917625,372.8391188,54.8,1,16,15,14.4475,1.82460625,11,2,6,4,3.98875,1.001790625,2,66,166,100,116.5675,25.28375,66,0.93,3.44,2.51,2.4734125,0.5215875,1.9,1,2,1,1.74625,0.378721875,1,0,4,4,2.73875,1.389915625,0,0,10,10,7.4625,3.78721875,0,0,14,14,3.4475,5.19710625,0,1,29,28,15.395,7.0029625,6,0,1,1,0.25375,0.378721875,0,0,3,3,1.73875,0.882415625,0,0,0,0,0,0,0,0,0,0,0,0,0,1,3,2,1.9925,0.50369375,1,9.105,32.95,23.845,19.74735,9.65985,9.105,0,0.799,0.799,0.19975,0.299625,0,0,0,0,0,0,0,12,229,217,66.56375,80.43639688,12
In4Pb0.01Sn0.03Se2.9Cl0.02,400,0.846,In4 Pb0.01 Sn0.03 Se2.9 Cl0.02,17,82,65,42.70977011,7.405899062,49,75,94,19,80.91810345,6.810332442,75,35.453,207.2,171.747,99.79861494,17.73531484,114.818,171.6,600.61,429.01,456.3492098,32.21029404,429.75,13,17,4,14.26724138,1.459671027,13,3,6,3,4.579022989,0.491594002,5,102,146,44,132.7112069,10.7691736,142,1.78,3.16,1.38,2.106364943,0.376393885,1.78,2,2,0,2,0,2,1,5,4,2.267241379,1.459671027,1,0,10,10,9.971264368,0.057306117,10,0,14,14,0.020114943,0.040172083,0,7,28,21,14.25862069,1.490636147,13,0,0,0,0,0,0,1,5,4,3.732758621,1.459671027,5,0,0,0,0,0,0,0,0,0,0,0,0,1,5,4,3.732758621,1.459671027,5,24.26,33.285,9.025,24.99678161,0.849744847,24.26,0,2.493,2.493,0.34008046,0.394806051,0,0,0,0,0,0,0,14,225,211,86.83333333,60.8256705,139
In4Pb0.01Sn0.03Se2.9Cl0.04,700,0.542,In4 Pb0.01 Sn0.03 Se2.9 Cl0.04,17,82,65,42.63610315,7.469955091,49,75,94,19,80.95558739,6.834102347,75,35.453,207.2,171.747,99.61424355,17.89792437,114.818,171.6,600.61,429.01,455.5333095,32.80532097,429.75,13,17,4,14.27507163,1.464552836,13,3,6,3,4.574498567,0.495422862,5,102,146,44,132.6232092,10.84018194,142,1.78,3.16,1.38,2.109383954,0.378801529,1.78,2,2,0,2,0,2,1,5,4,2.275071633,1.464552836,1,0,10,10,9.94269341,0.113956371,10,0,14,14,0.020057307,0.040057142,0,7,28,21,14.23782235,1.503706866,13,0,0,0,0,0,0,1,5,4,3.724928367,1.464552836,5,0,0,0,0,0,0,0,0,0,0,0,0,1,5,4,3.724928367,1.464552836,5,24.26,33.285,9.025,24.995351,0.848515201,24.26,0,2.493,2.493,0.346249284,0.40081579,0,0,0,0,0,0,0,14,225,211,86.76790831,60.72712047,139
BiCu0.90SeO,300,1.19,Bi1 Cu0.9 Se1 O1,8,83,75,38.74358974,22.695595,8,64,89,25,81.94871795,8.284023669,86,15.9994,208.9804,192.981,92.59774359,59.68341354,15.9994,54.8,1357.77,1302.97,593.6392308,352.6757396,54.8,11,16,5,14.58974359,1.656804734,15,2,6,4,4,1.025641026,2,66,148,82,116.1025641,25.69362262,66,1.9,3.44,1.54,2.492307692,0.515581854,2.02,1,2,1,1.769230769,0.355029586,2,0,4,4,2.820512821,1.301775148,3,0,10,10,7.435897436,3.813280736,0,0,14,14,3.58974359,5.338593031,0,6,29,23,15.61538462,7.061143984,6,0,1,1,0.230769231,0.355029586,0,0,3,3,1.794871795,0.828402367,2,0,0,0,0,0,0,0,0,0,0,0,0,1,3,2,2.025641026,0.499671269,2,9.105,32.95,23.845,19.98410256,9.693228139,9.105,0,0.799,0.799,0.204871795,0.304681131,0,0,0,0,0,0,0,12,225,213,61.66666667,75.38461538,12
BiCu0.925SeO,300,1.4,Bi1 Cu0.925 Se1 O1,8,83,75,38.68152866,22.58266055,8,64,89,25,81.8343949,8.406020528,86,15.9994,208.9804,192.981,92.41270064,59.39755382,15.9994,54.8,1357.77,1302.97,598.5063057,357.8695119,54.8,11,16,5,14.56687898,1.681204106,15,2,6,4,4,1.01910828,2,66,148,82,116.2038217,25.58156518,66,1.9,3.44,1.54,2.488535032,0.516142643,2.02,1,2,1,1.76433121,0.360258023,2,0,4,4,2.802547771,1.320946083,3,0,10,10,7.452229299,3.797314293,0,0,14,14,3.566878981,5.31624001,0,6,29,23,15.58598726,7.046127632,6,0,1,1,0.23566879,0.360258023,0,0,3,3,1.78343949,0.840602053,2,0,0,0,0,0,0,0,0,0,0,0,0,1,3,2,2.01910828,0.499817437,2,9.105,32.95,23.845,19.92732484,9.689350481,9.105,0,0.799,0.799,0.203566879,0.303405412,0,0,0,0,0,0,0,12,225,213,62.70700637,76.49478681,12
BiCuSeO,500,0.497,Bi1 Cu1 Se1 O1,8,83,75,38.5,22.25,8,64,89,25,81.5,8.75,64,15.9994,208.9804,192.981,91.87145,58.554475,15.9994,54.8,1357.77,1302.97,612.7425,372.51375,54.8,11,16,5,14.5,1.75,11,2,6,4,4,1,2,66,148,82,116.5,25.25,66,1.9,3.44,1.54,2.4775,0.5175,1.9,1,2,1,1.75,0.375,1,0,4,4,2.75,1.375,0,0,10,10,7.5,3.75,0,0,14,14,3.5,5.25,0,6,29,23,15.5,7,6,0,1,1,0.25,0.375,0,0,3,3,1.75,0.875,0,0,0,0,0,0,0,0,0,0,0,0,0,1,3,2,2,0.5,1,9.105,32.95,23.845,19.76125,9.67375,9.105,0,0.799,0.799,0.19975,0.299625,0,0,0,0,0,0,0,12,225,213,65.75,79.625,12
FeNb0.80Ti0.20Sb,900,4.7,Fe1 Nb0.8 Ti0.2 Sb1,22,51,29,38.06666667,10.18666667,26,43,85,42,62.06666667,15.28888889,55,47.867,121.76,73.893,87.16783467,26.12200107,55.845,903.78,2750,1846.22,1767.66,575.92,903.78,4,15,11,9.266666667,3.822222222,8,4,5,1,4.6,0.48,4,132,164,32,144.7333333,12.31111111,132,1.54,2.05,0.51,1.822666667,0.156444444,1.83,1,2,1,1.733333333,0.391111111,2,0,3,3,1,1.333333333,0,2,10,8,6.533333333,2.311111111,6,0,0,0,0,0,0,4,15,11,9.266666667,3.822222222,8,0,1,1,0.266666667,0.391111111,0,0,3,3,1,1.333333333,0,0,8,8,3.466666667,2.311111111,0,0,0,0,0,0,0,3,8,5,4.733333333,1.644444444,3,10.73,31.56,20.83,20.05733333,7.668444444,10.73,0,0,0,0,0,0,0,2.1106628,2.1106628,0.703555769,0.938071354,0,166,229,63,205.6666667,28,166
FeNb0.88Ti0.12Sb,500,8.24,Fe1 Nb0.88 Ti0.12 Sb1,22,51,29,38.57333333,9.708088889,26,43,85,42,62.17333333,15.21777778,55,47.867,121.76,73.893,88.3688848,24.92274065,55.845,903.78,2750,1846.22,1789.233333,590.3022222,903.78,4,15,11,9.293333333,3.804444444,8,4,5,1,4.626666667,0.467911111,4,132,164,32,144.84,12.45333333,132,1.54,2.05,0.51,1.824266667,0.154311111,1.83,1,2,1,1.706666667,0.414577778,2,0,3,3,1,1.333333333,0,2,10,8,6.586666667,2.275555556,6,0,0,0,0,0,0,4,15,11,9.293333333,3.804444444,8,0,1,1,0.293333333,0.414577778,0,0,3,3,1,1.333333333,0,0,8,8,3.413333333,2.275555556,0,0,0,0,0,0,0,3,8,5,4.706666667,1.608888889,3,10.73,31.56,20.83,20.09706667,7.641955556,10.73,0,0,0,0,0,0,0,2.1106628,2.1106628,0.703555168,0.938071755,0,166,229,63,206.6,28.07466667,166
FeNb0.92Ti0.08Sb,700,7.4,Fe1 Nb0.92 Ti0.08 Sb1,22,51,29,38.82666667,9.448533333,26,43,85,42,62.22666667,15.18222222,55,47.867,121.76,73.893,88.96940987,24.27506844,55.845,903.78,2750,1846.22,1800.02,597.4933333,903.78,4,15,11,9.306666667,3.795555556,8,4,5,1,4.64,0.4608,4,132,164,32,144.8933333,12.52444444,132,1.54,2.05,0.51,1.825066667,0.153244444,1.83,1,2,1,1.693333333,0.425244444,2,0,3,3,1,1.333333333,0,2,10,8,6.613333333,2.257777778,6,0,0,0,0,0,0,4,15,11,9.306666667,3.795555556,8,0,1,1,0.306666667,0.425244444,0,0,3,3,1,1.333333333,0,0,8,8,3.386666667,2.257777778,0,0,0,0,0,0,0,3,8,5,4.693333333,1.591111111,3,10.73,31.56,20.83,20.11693333,7.628711111,10.73,0,0,0,0,0,0,0,2.1106628,2.1106628,0.703554868,0.938071955,0,166,229,63,207.0666667,28.07466667,166
AgSn15.0BiTe17.0,400,2.41,Ag1 Sn15 Bi1 Te17,47,83,36,51.88235294,1.948096886,52,65,90,25,84.73529412,5.339100346,90,107.8682,208.9804,101.1122,125.4911353,7.019997924,127.6,505.08,1234.93,729.85,636.4926471,121.3695502,722.66,11,16,5,14.94117647,1.062283737,16,5,6,1,5.029411765,0.057093426,5,138,148,10,138.9411765,0.941176471,138,1.93,2.1,0.17,2.030882353,0.069117647,2.1,1,2,1,1.970588235,0.057093426,2,0,4,4,2.970588235,1.031141869,4,10,10,0,10,0,10,0,14,14,0.411764706,0.799307958,0,11,29,18,15.35294118,1.44982699,16,0,1,1,0.029411765,0.057093426,0,0,4,4,2.852941176,1.020761246,2,0,0,0,0,0,0,0,0,0,0,0,0,1,4,3,2.882352941,0.993079585,2,16.33,34.76333333,18.43333333,33.51563725,1.247696078,34.76333333,0,0.464,0.464,0.232,0.232,0.464,0,0,0,0,0,0,12,225,213,145.1764706,11.51903114,152
AgSn25.0BiTe27.0,400,3.19,Ag1 Sn25 Bi1 Te27,47,83,36,51.55555556,1.609053498,52,65,90,25,84.83333333,5.209876543,90,107.8682,208.9804,101.1122,124.6259,6.098340741,127.6,505.08,1234.93,729.85,628.1138889,117.0207819,722.66,11,16,5,14.96296296,1.038408779,16,5,6,1,5.018518519,0.036351166,5,138,148,10,138.7777778,0.777777778,138,1.93,2.1,0.17,2.030555556,0.069444444,2.1,1,2,1,1.981481481,0.036351166,2,0,4,4,2.981481481,1.01920439,4,10,10,0,10,0,10,0,14,14,0.259259259,0.508916324,0,11,29,18,15.22222222,1.288065844,16,0,1,1,0.018518519,0.036351166,0,0,4,4,2.907407407,1.015089163,2,0,0,0,0,0,0,0,0,0,0,0,0,1,4,3,2.925925926,0.997256516,2,16.33,34.76333333,18.43333333,33.70398148,1.059351852,34.76333333,0,0.464,0.464,0.232,0.232,0.464,0,0,0,0,0,0,12,225,213,145.6666667,9.271604938,152
SnTe,400,7.365,Sn1 Te1,50,52,2,51,1,50,80,90,10,85,5,80,118.71,127.6,8.89,123.155,4.445,118.71,505.08,722.66,217.58,613.87,108.79,505.08,14,16,2,15,1,14,5,5,0,5,0,5,138,139,1,138.5,0.5,138,1.96,2.1,0.14,2.03,0.07,1.96,2,2,0,2,0,2,2,4,2,3,1,2,10,10,0,10,0,10,0,0,0,0,0,0,14,16,2,15,1,14,0,0,0,0,0,0,2,4,2,3,1,2,0,0,0,0,0,0,0,0,0,0,0,0,2,4,2,3,1,2,33.285,34.76333333,1.478333333,34.02416667,0.739166667,33.285,0,0.464,0.464,0.232,0.232,0,0,0,0,0,0,0,141,152,11,146.5,5.5,141
SnTe,600,5.61,Sn1 Te1,50,52,2,51,1,50,80,90,10,85,5,80,118.71,127.6,8.89,123.155,4.445,118.71,505.08,722.66,217.58,613.87,108.79,505.08,14,16,2,15,1,14,5,5,0,5,0,5,138,139,1,138.5,0.5,138,1.96,2.1,0.14,2.03,0.07,1.96,2,2,0,2,0,2,2,4,2,3,1,2,10,10,0,10,0,10,0,0,0,0,0,0,14,16,2,15,1,14,0,0,0,0,0,0,2,4,2,3,1,2,0,0,0,0,0,0,0,0,0,0,0,0,2,4,2,3,1,2,33.285,34.76333333,1.478333333,34.02416667,0.739166667,33.285,0,0.464,0.464,0.232,0.232,0,0,0,0,0,0,0,141,152,11,146.5,5.5,141
Zn0.85Cd0.15Sc0.02O1.03,900,3.8,Zn0.85 Cd0.15 Sc0.02 O1.03,8,48,40,20.17560976,12.23500297,8,11,87,76,77.55121951,9.4948721,87,15.9994,112.411,96.4116,43.8112928,27.94756057,15.9994,54.8,1814,1759.2,375.9195122,322.6859488,54.8,3,16,13,13.92195122,2.088185604,16,2,5,3,3.068292683,1.073503867,2,66,170,104,95.94146341,30.08751933,66,1.36,3.44,2.08,2.549463415,0.894880666,3.44,2,2,0,2,0,2,0,4,4,2.009756098,1.999952409,4,0,10,10,4.887804878,4.987507436,0,0,0,0,0,0,0,3,12,9,8.897560976,3.02676978,6,0,0,0,0,0,0,0,2,2,1.004878049,0.999976205,2,0,9,9,0.087804878,0.17389649,0,0,0,0,0,0,0,0,9,9,1.092682927,1.066032124,2,9.105,22.235,13.13,12.00639024,2.915543367,9.105,0,0,0,0,0,0,0,6.35E-06,6.35E-06,6.20E-08,1.23E-07,0,12,194,182,102.5560976,90.99783462,12
Zn0.875Cd0.125Sc0.02O1.03,500,5.08,Zn0.875 Cd0.125 Sc0.02 O1.03,8,48,40,19.95609756,12.01441999,8,11,87,76,77.53902439,9.50712671,87,15.9994,112.411,96.4116,43.23774402,27.37121399,15.9994,54.8,1814,1759.2,377.1202439,323.8925378,54.8,3,16,13,13.92195122,2.088185604,16,2,5,3,3.056097561,1.061249256,2,66,170,104,95.67317073,29.81791791,66,1.36,3.44,2.08,2.54897561,0.895370851,3.44,2,2,0,2,0,2,0,4,4,2.009756098,1.999952409,4,0,10,10,4.887804878,4.987507436,0,0,0,0,0,0,0,3,12,9,8.897560976,3.02676978,6,0,0,0,0,0,0,0,2,2,1.004878049,0.999976205,2,0,9,9,0.087804878,0.17389649,0,0,0,0,0,0,0,0,9,9,1.092682927,1.066032124,2,9.105,22.235,13.13,11.93889024,2.847714099,9.105,0,0,0,0,0,0,0,6.35E-06,6.35E-06,6.20E-08,1.23E-07,0,12,194,182,102.5560976,90.99783462,12
Zn0.95Cd0.05Sc0.02O1.03,600,6.75,Zn0.95 Cd0.05 Sc0.02 O1.03,8,48,40,19.29756098,11.35267103,8,11,87,76,77.50243902,9.543890541,87,15.9994,112.411,96.4116,41.51709768,25.64217425,15.9994,54.8,1814,1759.2,380.722439,327.5123046,54.8,3,16,13,13.92195122,2.088185604,16,2,5,3,3.019512195,1.024485425,2,66,170,104,94.86829268,29.00911362,66,1.36,3.44,2.08,2.547512195,0.896841404,3.44,2,2,0,2,0,2,0,4,4,2.009756098,1.999952409,4,0,10,10,4.887804878,4.987507436,0,0,0,0,0,0,0,3,12,9,8.897560976,3.02676978,6,0,0,0,0,0,0,0,2,2,1.004878049,0.999976205,2,0,9,9,0.087804878,0.17389649,0,0,0,0,0,0,0,0,9,9,1.092682927,1.066032124,2,9.105,22.235,13.13,11.73639024,2.644226294,9.105,0,0,0,0,0,0,0,6.35E-06,6.35E-06,6.20E-08,1.23E-07,0,12,194,182,102.5560976,90.99783462,12
Zn0.9Cd0.1Sc0.006O1.009,300,8.44,Zn0.9 Cd0.1 Sc0.006 O1.009,8,48,40,19.85012407,11.86776693,8,11,87,76,77.89032258,9.123240215,87,15.9994,112.411,96.4116,42.92616877,26.96685825,15.9994,54.8,1814,1759.2,371.7177171,317.3895549,54.8,3,16,13,13.97617866,2.026834473,16,2,5,3,3.048138958,1.049699462,2,66,170,104,95.19305211,29.23651571,66,1.36,3.44,2.08,2.547454094,0.893874758,3.44,2,2,0,2,0,2,0,4,4,2.002977667,1.999995567,4,0,10,10,4.965756824,4.996767421,0,0,0,0,0,0,0,3,12,9,8.968734491,3.008700257,6,0,0,0,0,0,0,0,2,2,1.001488834,0.999997783,2,0,9,9,0.026799007,0.053438418,0,0,0,0,0,0,0,0,9,9,1.028287841,1.020633093,2,9.105,22.235,13.13,11.82821588,2.727270297,9.105,0,0,0,0,0,0,0,6.35E-06,6.35E-06,1.89E-08,3.77E-08,0,12,194,182,102.8645161,90.99979829,12
Zn0.9Cd0.1Sc0.01O1.015,500,5.7,Zn0.9 Cd0.1 Sc0.01 O1.015,8,48,40,19.81728395,11.84646243,8,11,87,76,77.78518519,9.237567444,87,15.9994,112.411,96.4116,42.85039512,26.91729387,15.9994,54.8,1814,1759.2,373.6276543,319.6148831,54.8,3,16,13,13.96049383,2.044541991,16,2,5,3,3.04691358,1.049498552,2,66,170,104,95.25432099,29.32655388,66,1.36,3.44,2.08,2.547753086,0.894449992,3.44,2,2,0,2,0,2,0,4,4,2.004938272,1.999987807,4,0,10,10,4.943209877,4.994360616,0,0,0,0,0,0,0,3,12,9,8.948148148,3.014174668,6,0,0,0,0,0,0,0,2,2,1.002469136,0.999993903,2,0,9,9,0.044444444,0.088449931,0,0,0,0,0,0,0,0,9,9,1.04691358,1.033988721,2,9.105,22.235,13.13,11.8407037,2.742458528,9.105,0,0,0,0,0,0,0,6.35E-06,6.35E-06,3.14E-08,6.24E-08,0,12,194,182,102.7753086,90.99944521,12
Zn0.9Cd0.1Sc0.02O1.03,300,7.83,Zn0.9 Cd0.1 Sc0.02 O1.03,8,48,40,19.73658537,11.793837,8,11,87,76,77.52682927,9.519381321,87,15.9994,112.411,96.4116,42.66419524,26.79486741,15.9994,54.8,1814,1759.2,378.3209756,325.0991267,54.8,3,16,13,13.92195122,2.088185604,16,2,5,3,3.043902439,1.048994646,2,66,170,104,95.40487805,29.54831648,66,1.36,3.44,2.08,2.548487805,0.895861035,3.44,2,2,0,2,0,2,0,4,4,2.009756098,1.999952409,4,0,10,10,4.887804878,4.987507436,0,0,0,0,0,0,0,3,12,9,8.897560976,3.02676978,6,0,0,0,0,0,0,0,2,2,1.004878049,0.999976205,2,0,9,9,0.087804878,0.17389649,0,0,0,0,0,0,0,0,9,9,1.092682927,1.066032124,2,9.105,22.235,13.13,11.87139024,2.77988483,9.105,0,0,0,0,0,0,0,6.35E-06,6.35E-06,6.20E-08,1.23E-07,0,12,194,182,102.5560976,90.99783462,12
Zn0.9Cd0.1Sc0.03O1.045,300,7.91,Zn0.9 Cd0.1 Sc0.03 O1.045,8,48,40,19.65783133,11.7421048,8,11,87,76,77.2746988,9.795604587,87,15.9994,112.411,96.4116,42.4824821,26.67452607,15.9994,54.8,1814,1759.2,382.9012048,330.4730208,54.8,3,16,13,13.88433735,2.130956597,16,2,5,3,3.040963855,1.048488895,2,66,170,104,95.55180723,29.76543475,66,1.36,3.44,2.08,2.549204819,0.897234664,3.44,2,2,0,2,0,2,0,4,4,2.014457831,1.999895486,4,0,10,10,4.83373494,4.979532588,0,0,0,0,0,0,0,3,12,9,8.848192771,3.037886486,6,0,0,0,0,0,0,0,2,2,1.007228916,0.999947743,2,0,9,9,0.130120482,0.256478444,0,0,0,0,0,0,0,0,9,9,1.137349398,1.096240383,2,9.105,22.235,13.13,11.90133735,2.816551836,9.105,0,0,0,0,0,0,0,6.35E-06,6.35E-06,9.18E-08,1.81E-07,0,12,194,182,102.3421687,90.99524459,12
Zn0.9Cd0.1Sc0.03O1.045,500,5.62,Zn0.9 Cd0.1 Sc0.03 O1.045,8,48,40,19.65783133,11.7421048,8,11,87,76,77.2746988,9.795604587,87,15.9994,112.411,96.4116,42.4824821,26.67452607,15.9994,54.8,1814,1759.2,382.9012048,330.4730208,54.8,3,16,13,13.88433735,2.130956597,16,2,5,3,3.040963855,1.048488895,2,66,170,104,95.55180723,29.76543475,66,1.36,3.44,2.08,2.549204819,0.897234664,3.44,2,2,0,2,0,2,0,4,4,2.014457831,1.999895486,4,0,10,10,4.83373494,4.979532588,0,0,0,0,0,0,0,3,12,9,8.848192771,3.037886486,6,0,0,0,0,0,0,0,2,2,1.007228916,0.999947743,2,0,9,9,0.130120482,0.256478444,0,0,0,0,0,0,0,0,9,9,1.137349398,1.096240383,2,9.105,22.235,13.13,11.90133735,2.816551836,9.105,0,0,0,0,0,0,0,6.35E-06,6.35E-06,9.18E-08,1.81E-07,0,12,194,182,102.3421687,90.99524459,12
Zn0.9Cd0.1Sc0.04O1.06,400,6.8,Zn0.9 Cd0.1 Sc0.04 O1.06,8,48,40,19.58095238,11.69124717,8,11,87,76,77.02857143,10.06639456,87,15.9994,112.411,96.4116,42.30509547,26.5562259,15.9994,54.8,1814,1759.2,387.372381,335.739737,54.8,3,16,13,13.84761905,2.172879819,16,2,5,3,3.038095238,1.047981859,2,66,170,104,95.6952381,29.97804989,66,1.36,3.44,2.08,2.549904762,0.898572336,3.44,2,2,0,2,0,2,0,4,4,2.019047619,1.999818594,4,0,10,10,4.780952381,4.970521542,0,0,0,0,0,0,0,3,12,9,8.8,3.047619048,6,0,0,0,0,0,0,0,2,2,1.00952381,0.999909297,2,0,9,9,0.171428571,0.336326531,0,0,0,0,0,0,0,0,9,9,1.180952381,1.124716553,2,9.105,22.235,13.13,11.93057143,2.852481633,9.105,0,0,0,0,0,0,0,6.35E-06,6.35E-06,1.21E-07,2.37E-07,0,12,194,182,102.1333333,90.99174603,12
ZnSc0.02O1.03,300,52.167,Zn1 Sc0.02 O1.03,8,30,22,18.85853659,10.91150506,8,11,87,76,77.47804878,9.568399762,87,15.9994,65.38,49.3806,40.37000012,24.48948109,15.9994,54.8,1814,1759.2,383.1239024,329.9254825,54.8,3,16,13,13.92195122,2.088185604,16,2,4,2,2.995121951,0.999976205,2,66,170,104,94.33170732,28.46991077,66,1.36,3.44,2.08,2.546536585,0.897821773,3.44,2,2,0,2,0,2,0,4,4,2.009756098,1.999952409,4,0,10,10,4.887804878,4.987507436,0,0,0,0,0,0,0,3,12,9,8.897560976,3.02676978,6,0,0,0,0,0,0,0,2,2,1.004878049,0.999976205,2,0,9,9,0.087804878,0.17389649,0,0,0,0,0,0,0,0,9,9,1.092682927,1.066032124,2,9.105,22.235,13.13,11.60139024,2.508567757,9.105,0,0,0,0,0,0,0,6.35E-06,6.35E-06,6.20E-08,1.23E-07,0,12,194,182,102.5560976,90.99783462,12
ZnSc0.02O1.03,700,15.083,Zn1 Sc0.02 O1.03,8,30,22,18.85853659,10.91150506,8,11,87,76,77.47804878,9.568399762,87,15.9994,65.38,49.3806,40.37000012,24.48948109,15.9994,54.8,1814,1759.2,383.1239024,329.9254825,54.8,3,16,13,13.92195122,2.088185604,16,2,4,2,2.995121951,0.999976205,2,66,170,104,94.33170732,28.46991077,66,1.36,3.44,2.08,2.546536585,0.897821773,3.44,2,2,0,2,0,2,0,4,4,2.009756098,1.999952409,4,0,10,10,4.887804878,4.987507436,0,0,0,0,0,0,0,3,12,9,8.897560976,3.02676978,6,0,0,0,0,0,0,0,2,2,1.004878049,0.999976205,2,0,9,9,0.087804878,0.17389649,0,0,0,0,0,0,0,0,9,9,1.092682927,1.066032124,2,9.105,22.235,13.13,11.60139024,2.508567757,9.105,0,0,0,0,0,0,0,6.35E-06,6.35E-06,6.20E-08,1.23E-07,0,12,194,182,102.5560976,90.99783462,12
ZnSc0.02O1.03,900,10,Zn1 Sc0.02 O1.03,8,30,22,18.85853659,10.91150506,8,11,87,76,77.47804878,9.568399762,87,15.9994,65.38,49.3806,40.37000012,24.48948109,15.9994,54.8,1814,1759.2,383.1239024,329.9254825,54.8,3,16,13,13.92195122,2.088185604,16,2,4,2,2.995121951,0.999976205,2,66,170,104,94.33170732,28.46991077,66,1.36,3.44,2.08,2.546536585,0.897821773,3.44,2,2,0,2,0,2,0,4,4,2.009756098,1.999952409,4,0,10,10,4.887804878,4.987507436,0,0,0,0,0,0,0,3,12,9,8.897560976,3.02676978,6,0,0,0,0,0,0,0,2,2,1.004878049,0.999976205,2,0,9,9,0.087804878,0.17389649,0,0,0,0,0,0,0,0,9,9,1.092682927,1.066032124,2,9.105,22.235,13.13,11.60139024,2.508567757,9.105,0,0,0,0,0,0,0,6.35E-06,6.35E-06,6.20E-08,1.23E-07,0,12,194,182,102.5560976,90.99783462,12
CuGa0.97Mn0.03Te2,400,5.234,Cu1 Ga0.97 Mn0.03 Te2,25,52,27,40.955,11.045,52,52,90,38,79.335,10.665,90,54.938045,127.6,72.661955,97.00636284,30.59363716,127.6,302.91,1519,1216.09,785.620675,297.0753524,722.66,7,16,9,13.955,2.045,16,4,5,1,4.5,0.5,5,122,139,17,132.6275,5.4680875,138,1.55,2.1,0.55,1.97555,0.12445,2.1,1,2,1,1.75,0.375,2,0,4,4,2.2425,1.7575,4,5,10,5,9.9625,0.0744375,10,0,0,0,0,0,0,7,16,9,13.955,2.045,16,0,1,1,0.25,0.375,0,0,5,5,2.2125,1.3519375,2,0,5,5,0.0375,0.0744375,0,0,0,0,0,0,0,1,5,4,2.5,1.25,2,10.48758621,34.76333333,24.27574713,24.80076731,9.96256602,34.76333333,0,0.464,0.464,0.232,0.232,0.464,0,0.000310121,0.000310121,2.33E-06,4.62E-06,0,64,225,161,149.3975,41.4177875,152
CuGa0.97Mn0.03Te2,500,3.184,Cu1 Ga0.97 Mn0.03 Te2,25,52,27,40.955,11.045,52,52,90,38,79.335,10.665,90,54.938045,127.6,72.661955,97.00636284,30.59363716,127.6,302.91,1519,1216.09,785.620675,297.0753524,722.66,7,16,9,13.955,2.045,16,4,5,1,4.5,0.5,5,122,139,17,132.6275,5.4680875,138,1.55,2.1,0.55,1.97555,0.12445,2.1,1,2,1,1.75,0.375,2,0,4,4,2.2425,1.7575,4,5,10,5,9.9625,0.0744375,10,0,0,0,0,0,0,7,16,9,13.955,2.045,16,0,1,1,0.25,0.375,0,0,5,5,2.2125,1.3519375,2,0,5,5,0.0375,0.0744375,0,0,0,0,0,0,0,1,5,4,2.5,1.25,2,10.48758621,34.76333333,24.27574713,24.80076731,9.96256602,34.76333333,0,0.464,0.464,0.232,0.232,0.464,0,0.000310121,0.000310121,2.33E-06,4.62E-06,0,64,225,161,149.3975,41.4177875,152
CuGaTe2,700,2.568,Cu1 Ga1 Te2,29,52,23,41,11,52,64,90,26,79.5,10.5,90,63.546,127.6,64.054,97.11725,30.48275,127.6,302.91,1357.77,1054.86,776.5,290.635,722.66,11,16,5,14,2,16,4,5,1,4.5,0.5,5,122,138,16,132.5,5.5,138,1.81,2.1,0.29,1.9775,0.1225,2.1,1,2,1,1.75,0.375,2,0,4,4,2.25,1.75,4,10,10,0,10,0,10,0,0,0,0,0,0,11,16,5,14,2,16,0,1,1,0.25,0.375,0,0,5,5,2.25,1.375,2,0,0,0,0,0,0,0,0,0,0,0,0,1,5,4,2.5,1.25,2,11.07,34.76333333,23.69333333,24.86354167,9.899791667,34.76333333,0,0.464,0.464,0.232,0.232,0.464,0,0,0,0,0,0,64,225,161,148.25,42.125,152
(Sn0.8Ge0.2)0.82Mn0.18Te,300,2.134,Sn0.656 Ge0.164 Mn0.18 Te1,25,52,27,47.274,6.514256,52,52,90,38,82.398,7.602,90,54.938045,127.6,72.661955,113.6377841,17.28958961,127.6,505.08,1519,1013.92,763.04104,209.6034822,722.66,7,16,9,14.37,1.63,16,4,5,1,4.828,0.284832,5,120,139,19,136.942,2.778488,138,1.55,2.1,0.55,1.9972,0.1048992,2.1,2,2,0,2,0,2,0,4,4,2.82,1.18,4,5,10,5,9.55,0.819,10,0,0,0,0,0,0,7,16,9,14.37,1.63,16,0,0,0,0,0,0,0,4,4,2.64,1.1152,2,0,5,5,0.45,0.819,0,0,0,0,0,0,0,2,5,3,3.09,1.09,2,10.48758621,34.76333333,24.27574713,31.12943943,5.047941645,34.76333333,0,0.464,0.464,0.263406,0.220207416,0.464,0,0.000310121,0.000310121,2.79E-05,5.08E-05,0,141,225,84,160.228,20.841568,152
(Sn0.8Ge0.2)0.85Mn0.15Te,800,1.408,Sn0.68 Ge0.17 Mn0.15 Te1,25,52,27,47.595,6.0404,52,52,90,38,82.815,7.185,90,54.938045,127.6,72.661955,114.4561534,16.03646233,127.6,505.08,1519,1013.92,749.9512,193.803616,722.66,7,16,9,14.475,1.525,16,4,5,1,4.84,0.2688,5,120,139,19,136.885,2.87045,138,1.55,2.1,0.55,2.0035,0.097605,2.1,2,2,0,2,0,2,0,4,4,2.85,1.15,4,5,10,5,9.625,0.69375,10,0,0,0,0,0,0,7,16,9,14.475,1.525,16,0,0,0,0,0,0,0,4,4,2.7,1.105,2,0,5,5,0.375,0.69375,0,0,0,0,0,0,0,2,5,3,3.075,1.075,2,10.48758621,34.76333333,24.27574713,31.44056063,4.576991471,34.76333333,0,0.464,0.464,0.264555,0.21958065,0.464,0,0.000310121,0.000310121,2.33E-05,4.30E-05,0,141,225,84,159.34,19.8112,152
(Sn0.8Ge0.2)0.8Mn0.2Te,400,1.984,Sn0.64 Ge0.16 Mn0.2 Te1,25,52,27,47.06,6.8216,52,52,90,38,82.12,7.88,90,54.938045,127.6,72.661955,113.0922045,18.10318462,127.6,505.08,1519,1013.92,771.7676,219.787664,722.66,7,16,9,14.3,1.7,16,4,5,1,4.82,0.2952,5,120,139,19,136.98,2.7168,138,1.55,2.1,0.55,1.993,0.10972,2.1,2,2,0,2,0,2,0,4,4,2.8,1.2,4,5,10,5,9.5,0.9,10,0,0,0,0,0,0,7,16,9,14.3,1.7,16,0,0,0,0,0,0,0,4,4,2.6,1.12,2,0,5,5,0.5,0.9,0,0,0,0,0,0,0,2,5,3,3.1,1.1,2,10.48758621,34.76333333,24.27574713,30.92202529,5.353611862,34.76333333,0,0.464,0.464,0.26264,0.2206176,0.464,0,0.000310121,0.000310121,3.10E-05,5.58E-05,0,141,225,84,160.82,21.5048,152
(Sn0.8Ge0.2)0.91Mn0.09Te,500,2.213,Sn0.728 Ge0.182 Mn0.09 Te1,25,52,27,48.237,5.046464,52,52,90,38,83.649,6.351,90,54.938045,127.6,72.661955,116.092892,13.41236258,127.6,505.08,1519,1013.92,723.77152,160.3189466,722.66,7,16,9,14.685,1.315,16,4,5,1,4.864,0.235008,5,120,139,19,136.771,3.052322,138,1.55,2.1,0.55,2.0161,0.0839,2.1,2,2,0,2,0,2,0,4,4,2.91,1.09,4,5,10,5,9.775,0.42975,10,0,0,0,0,0,0,7,16,9,14.685,1.315,16,0,0,0,0,0,0,0,4,4,2.82,1.0738,2,0,5,5,0.225,0.42975,0,0,0,0,0,0,0,2,5,3,3.045,1.045,2,10.48758621,34.76333333,24.27574713,32.06280305,3.59028967,34.76333333,0,0.464,0.464,0.266853,0.218285754,0.464,0,0.000310121,0.000310121,1.40E-05,2.67E-05,0,141,225,84,157.564,17.622592,152
Sn0.8Ge0.2Te,500,4.719,Sn0.8 Ge0.2 Te1,32,52,20,49.2,3.44,52,79,90,11,84.9,5.1,90,72.64,127.6,54.96,118.548,9.1816,127.6,505.08,1211.4,706.32,684.502,143.5376,722.66,14,16,2,15,1,16,4,5,1,4.9,0.18,5,120,139,19,136.6,3.32,138,1.96,2.1,0.14,2.035,0.065,2.1,2,2,0,2,0,2,2,4,2,3,1,4,10,10,0,10,0,10,0,0,0,0,0,0,14,16,2,15,1,16,0,0,0,0,0,0,2,4,2,3,1,2,0,0,0,0,0,0,0,0,0,0,0,0,2,4,2,3,1,2,23.005,34.76333333,11.75833333,32.99616667,1.998233333,34.76333333,0,0.464,0.464,0.2703,0.21624,0.464,0,0,0,0,0,0,141,225,84,154.9,14.02,152
SnTe,900,3.602,Sn1 Te1,50,52,2,51,1,50,80,90,10,85,5,80,118.71,127.6,8.89,123.155,4.445,118.71,505.08,722.66,217.58,613.87,108.79,505.08,14,16,2,15,1,14,5,5,0,5,0,5,138,139,1,138.5,0.5,138,1.96,2.1,0.14,2.03,0.07,1.96,2,2,0,2,0,2,2,4,2,3,1,2,10,10,0,10,0,10,0,0,0,0,0,0,14,16,2,15,1,14,0,0,0,0,0,0,2,4,2,3,1,2,0,0,0,0,0,0,0,0,0,0,0,0,2,4,2,3,1,2,33.285,34.76333333,1.478333333,34.02416667,0.739166667,33.285,0,0.464,0.464,0.232,0.232,0,0,0,0,0,0,0,141,152,11,146.5,5.5,141
AgBiSe2.0,400,0.59,Ag1 Bi1 Se2,34,83,49,49.5,16.75,34,65,89,24,82.25,8.625,89,78.96,208.9804,130.0204,118.69215,45.144125,78.96,494,1234.93,740.93,691.8325,271.54875,494,11,16,5,14.5,1.75,16,4,6,2,4.75,0.75,4,120,148,28,133.25,13.25,120,1.93,2.55,0.62,2.2625,0.2875,2.55,1,2,1,1.75,0.375,2,0,4,4,2.75,1.375,4,10,10,0,10,0,10,0,14,14,3.5,5.25,0,11,29,18,18,5.5,16,0,1,1,0.25,0.375,0,0,3,3,1.75,0.875,2,0,0,0,0,0,0,0,0,0,0,0,0,1,3,2,2,0.5,2,16.33,32.95,16.62,25.28,4.475,25.92,0,0.799,0.799,0.3995,0.3995,0.799,0,0,0,0,0,0,12,225,213,66.25,79.375,14
AgBiSe2.0,700,0.466,Ag1 Bi1 Se2,34,83,49,49.5,16.75,34,65,89,24,82.25,8.625,89,78.96,208.9804,130.0204,118.69215,45.144125,78.96,494,1234.93,740.93,691.8325,271.54875,494,11,16,5,14.5,1.75,16,4,6,2,4.75,0.75,4,120,148,28,133.25,13.25,120,1.93,2.55,0.62,2.2625,0.2875,2.55,1,2,1,1.75,0.375,2,0,4,4,2.75,1.375,4,10,10,0,10,0,10,0,14,14,3.5,5.25,0,11,29,18,18,5.5,16,0,1,1,0.25,0.375,0,0,3,3,1.75,0.875,2,0,0,0,0,0,0,0,0,0,0,0,0,1,3,2,2,0.5,2,16.33,32.95,16.62,25.28,4.475,25.92,0,0.799,0.799,0.3995,0.3995,0.799,0,0,0,0,0,0,12,225,213,66.25,79.375,14
Ge0.99Te,400,4.72,Ge0.99 Te1,32,52,20,42.05025126,9.999747481,52,79,90,11,84.52763819,5.499861115,90,72.64,127.6,54.96,100.2580905,27.47930608,127.6,722.66,1211.4,488.74,965.8020101,244.3638292,722.66,14,16,2,15.00502513,0.999974748,16,4,5,1,4.502512563,0.499987374,5,120,138,18,129.0452261,8.999772733,138,2.01,2.1,0.09,2.055226131,0.044998864,2.1,2,2,0,2,0,2,2,4,2,3.005025126,0.999974748,4,10,10,0,10,0,10,0,0,0,0,0,0,14,16,2,15.00502513,0.999974748,16,0,0,0,0,0,0,2,4,2,2.994974874,0.999974748,2,0,0,0,0,0,0,0,0,0,0,0,0,2,4,2,2.994974874,0.999974748,2,23.005,34.76333333,11.75833333,28.91371022,5.879018207,34.76333333,0.383,0.464,0.081,0.423703518,0.040498977,0.464,0,0,0,0,0,0,152,225,73,188.3165829,36.49907831,152
Ge0.99Te,700,3.5,Ge0.99 Te1,32,52,20,42.05025126,9.999747481,52,79,90,11,84.52763819,5.499861115,90,72.64,127.6,54.96,100.2580905,27.47930608,127.6,722.66,1211.4,488.74,965.8020101,244.3638292,722.66,14,16,2,15.00502513,0.999974748,16,4,5,1,4.502512563,0.499987374,5,120,138,18,129.0452261,8.999772733,138,2.01,2.1,0.09,2.055226131,0.044998864,2.1,2,2,0,2,0,2,2,4,2,3.005025126,0.999974748,4,10,10,0,10,0,10,0,0,0,0,0,0,14,16,2,15.00502513,0.999974748,16,0,0,0,0,0,0,2,4,2,2.994974874,0.999974748,2,0,0,0,0,0,0,0,0,0,0,0,0,2,4,2,2.994974874,0.999974748,2,23.005,34.76333333,11.75833333,28.91371022,5.879018207,34.76333333,0.383,0.464,0.081,0.423703518,0.040498977,0.464,0,0,0,0,0,0,152,225,73,188.3165829,36.49907831,152
GeTe,400,4.72,Ge1 Te1,32,52,20,42,10,32,79,90,11,84.5,5.5,79,72.64,127.6,54.96,100.12,27.48,72.64,722.66,1211.4,488.74,967.03,244.37,722.66,14,16,2,15,1,14,4,5,1,4.5,0.5,4,120,138,18,129,9,120,2.01,2.1,0.09,2.055,0.045,2.01,2,2,0,2,0,2,2,4,2,3,1,2,10,10,0,10,0,10,0,0,0,0,0,0,14,16,2,15,1,14,0,0,0,0,0,0,2,4,2,3,1,2,0,0,0,0,0,0,0,0,0,0,0,0,2,4,2,3,1,2,23.005,34.76333333,11.75833333,28.88416667,5.879166667,23.005,0.383,0.464,0.081,0.4235,0.0405,0.383,0,0,0,0,0,0,152,225,73,188.5,36.5,152
Cu2.82Ag0.18SbSe4,400,1.15,Cu2.82 Ag0.18 Sb1 Se4,29,51,22,34.655,4.641775,34,64,89,25,79.1475,11.315625,89,63.546,121.76,58.214,79.5269995,11.83360415,78.96,494,1357.77,863.77,866.37235,372.37235,494,11,16,5,14,2.25,16,4,5,1,4.1475,0.2514875,4,120,145,25,127.1675,7.1675,120,1.9,2.55,0.65,2.244425,0.305575,2.55,1,2,1,1.625,0.46875,2,0,4,4,2.375,1.78125,4,10,10,0,10,0,10,0,0,0,0,0,0,11,16,5,14,2.25,16,0,1,1,0.375,0.46875,0,0,3,3,1.375,1.03125,2,0,0,0,0,0,0,0,0,0,0,0,0,1,3,2,1.75,0.5625,2,11.07,31.56,20.49,21.1746,7.34175,25.92,0,0.799,0.799,0.3995,0.3995,0.799,0,0,0,0,0,0,14,225,211,112.125,98.125,14
Cu2.82Ag0.18SbSe4,500,0.9,Cu2.82 Ag0.18 Sb1 Se4,29,51,22,34.655,4.641775,34,64,89,25,79.1475,11.315625,89,63.546,121.76,58.214,79.5269995,11.83360415,78.96,494,1357.77,863.77,866.37235,372.37235,494,11,16,5,14,2.25,16,4,5,1,4.1475,0.2514875,4,120,145,25,127.1675,7.1675,120,1.9,2.55,0.65,2.244425,0.305575,2.55,1,2,1,1.625,0.46875,2,0,4,4,2.375,1.78125,4,10,10,0,10,0,10,0,0,0,0,0,0,11,16,5,14,2.25,16,0,1,1,0.375,0.46875,0,0,3,3,1.375,1.03125,2,0,0,0,0,0,0,0,0,0,0,0,0,1,3,2,1.75,0.5625,2,11.07,31.56,20.49,21.1746,7.34175,25.92,0,0.799,0.799,0.3995,0.3995,0.799,0,0,0,0,0,0,14,225,211,112.125,98.125,14
Cu2.82Ag0.18SbSe4,600,0.76,Cu2.82 Ag0.18 Sb1 Se4,29,51,22,34.655,4.641775,34,64,89,25,79.1475,11.315625,89,63.546,121.76,58.214,79.5269995,11.83360415,78.96,494,1357.77,863.77,866.37235,372.37235,494,11,16,5,14,2.25,16,4,5,1,4.1475,0.2514875,4,120,145,25,127.1675,7.1675,120,1.9,2.55,0.65,2.244425,0.305575,2.55,1,2,1,1.625,0.46875,2,0,4,4,2.375,1.78125,4,10,10,0,10,0,10,0,0,0,0,0,0,11,16,5,14,2.25,16,0,1,1,0.375,0.46875,0,0,3,3,1.375,1.03125,2,0,0,0,0,0,0,0,0,0,0,0,0,1,3,2,1.75,0.5625,2,11.07,31.56,20.49,21.1746,7.34175,25.92,0,0.799,0.799,0.3995,0.3995,0.799,0,0,0,0,0,0,14,225,211,112.125,98.125,14
Cu2.88Ag0.12SbSe4,600,0.79,Cu2.88 Ag0.12 Sb1 Se4,29,51,22,34.52,4.4944,34,64,89,25,79.14,11.325,89,63.546,121.76,58.214,79.194583,11.50156276,78.96,494,1357.77,863.77,867.29365,373.29365,494,11,16,5,14,2.25,16,4,5,1,4.14,0.2408,4,120,145,25,127.07,7.07,120,1.9,2.55,0.65,2.2442,0.3058,2.55,1,2,1,1.625,0.46875,2,0,4,4,2.375,1.78125,4,10,10,0,10,0,10,0,0,0,0,0,0,11,16,5,14,2.25,16,0,1,1,0.375,0.46875,0,0,3,3,1.375,1.03125,2,0,0,0,0,0,0,0,0,0,0,0,0,1,3,2,1.75,0.5625,2,11.07,31.56,20.49,21.13515,7.3910625,25.92,0,0.799,0.799,0.3995,0.3995,0.799,0,0,0,0,0,0,14,225,211,112.125,98.125,14
Cu2.94Ag0.06SbSe4,400,1.42,Cu2.94 Ag0.06 Sb1 Se4,29,51,22,34.385,4.342975,34,64,89,25,79.1325,11.334375,89,63.546,121.76,58.214,78.8621665,11.25738238,78.96,494,1357.77,863.77,868.21495,374.21495,494,11,16,5,14,2.25,16,4,5,1,4.1325,0.2298875,4,120,145,25,126.9725,6.9725,120,1.9,2.55,0.65,2.243975,0.306025,2.55,1,2,1,1.625,0.46875,2,0,4,4,2.375,1.78125,4,10,10,0,10,0,10,0,0,0,0,0,0,11,16,5,14,2.25,16,0,1,1,0.375,0.46875,0,0,3,3,1.375,1.03125,2,0,0,0,0,0,0,0,0,0,0,0,0,1,3,2,1.75,0.5625,2,11.07,31.56,20.49,21.0957,7.440375,25.92,0,0.799,0.799,0.3995,0.3995,0.799,0,0,0,0,0,0,14,225,211,112.125,98.125,14
Cu2.94Ag0.06SbSe4,600,0.93,Cu2.94 Ag0.06 Sb1 Se4,29,51,22,34.385,4.342975,34,64,89,25,79.1325,11.334375,89,63.546,121.76,58.214,78.8621665,11.25738238,78.96,494,1357.77,863.77,868.21495,374.21495,494,11,16,5,14,2.25,16,4,5,1,4.1325,0.2298875,4,120,145,25,126.9725,6.9725,120,1.9,2.55,0.65,2.243975,0.306025,2.55,1,2,1,1.625,0.46875,2,0,4,4,2.375,1.78125,4,10,10,0,10,0,10,0,0,0,0,0,0,11,16,5,14,2.25,16,0,1,1,0.375,0.46875,0,0,3,3,1.375,1.03125,2,0,0,0,0,0,0,0,0,0,0,0,0,1,3,2,1.75,0.5625,2,11.07,31.56,20.49,21.0957,7.440375,25.92,0,0.799,0.799,0.3995,0.3995,0.799,0,0,0,0,0,0,14,225,211,112.125,98.125,14
Cu3.0SbSe4,400,1.76,Cu3 Sb1 Se4,29,51,22,34.25,4.1875,34,64,89,25,79.125,11.34375,89,63.546,121.76,58.214,78.52975,11.2378125,78.96,494,1357.77,863.77,869.13625,375.13625,494,11,16,5,14,2.25,16,4,5,1,4.125,0.21875,4,120,139,19,126.875,6.875,120,1.9,2.55,0.65,2.24375,0.30625,2.55,1,2,1,1.625,0.46875,2,0,4,4,2.375,1.78125,4,10,10,0,10,0,10,0,0,0,0,0,0,11,16,5,14,2.25,16,0,1,1,0.375,0.46875,0,0,3,3,1.375,1.03125,2,0,0,0,0,0,0,0,0,0,0,0,0,1,3,2,1.75,0.5625,2,11.07,31.56,20.49,21.05625,7.4896875,25.92,0,0.799,0.799,0.3995,0.3995,0.799,0,0,0,0,0,0,14,225,211,112.125,98.125,14
Cu3.0SbSe4,600,1.02,Cu3 Sb1 Se4,29,51,22,34.25,4.1875,34,64,89,25,79.125,11.34375,89,63.546,121.76,58.214,78.52975,11.2378125,78.96,494,1357.77,863.77,869.13625,375.13625,494,11,16,5,14,2.25,16,4,5,1,4.125,0.21875,4,120,139,19,126.875,6.875,120,1.9,2.55,0.65,2.24375,0.30625,2.55,1,2,1,1.625,0.46875,2,0,4,4,2.375,1.78125,4,10,10,0,10,0,10,0,0,0,0,0,0,11,16,5,14,2.25,16,0,1,1,0.375,0.46875,0,0,3,3,1.375,1.03125,2,0,0,0,0,0,0,0,0,0,0,0,0,1,3,2,1.75,0.5625,2,11.07,31.56,20.49,21.05625,7.4896875,25.92,0,0.799,0.799,0.3995,0.3995,0.799,0,0,0,0,0,0,14,225,211,112.125,98.125,14
Bi1.2Sb0.8Se2.76Cl0.24,500,0.65,Bi1.2 Sb0.8 Se2.76 Cl0.24,17,83,66,47.664,18.0288,34,85,94,9,87.88,1.824,89,35.453,208.9804,173.5274,114.92456,47.334144,78.96,171.6,903.78,732.18,556.1856,111.230208,494,15,17,2,15.648,0.5184,16,3,6,3,4.592,0.8064,4,102,148,46,128.896,12.4032,120,2.02,3.16,1.14,2.37208,0.272064,2.55,2,2,0,2,0,2,3,5,2,3.648,0.5184,4,0,10,10,9.52,0.91392,10,0,14,14,3.36,5.1072,0,7,29,22,18.528,5.02656,16,0,0,0,0,0,0,1,3,2,2.352,0.5184,2,0,0,0,0,0,0,0,0,0,0,0,0,1,3,2,2.352,0.5184,2,24.4975,32.95,8.4525,28.44132,3.162144,25.92,0,2.493,2.493,0.560712,0.4485696,0.799,0,0,0,0,0,0,12,166,154,40.24,42.52416,14
Bi1.2Sb0.8Se2.82Cl0.18,700,0.62,Bi1.2 Sb0.8 Se2.82 Cl0.18,17,83,66,47.868,17.8656,34,85,94,9,87.82,1.776,89,35.453,208.9804,173.5274,115.446644,46.9164768,78.96,171.6,903.78,732.18,560.0544,109.992192,494,15,17,2,15.636,0.5088,16,3,6,3,4.604,0.7968,4,102,148,46,129.112,12.2304,120,2.02,3.16,1.14,2.36476,0.266208,2.55,2,2,0,2,0,2,3,5,2,3.636,0.5088,4,0,10,10,9.64,0.69408,10,0,14,14,3.36,5.1072,0,7,29,22,18.636,4.97472,16,0,0,0,0,0,0,1,3,2,2.364,0.5088,2,0,0,0,0,0,0,0,0,0,0,0,0,1,3,2,2.364,0.5088,2,24.4975,32.95,8.4525,28.45839,3.148488,25.92,0,2.493,2.493,0.540384,0.4323072,0.799,0,0,0,0,0,0,12,166,154,39.64,42.18912,14
Bi1.2Sb0.8Se2.88Cl0.12,700,0.62,Bi1.2 Sb0.8 Se2.88 Cl0.12,17,83,66,48.072,17.7024,34,85,94,9,87.76,1.728,89,35.453,208.9804,173.5274,115.968728,46.4988096,78.96,171.6,903.78,732.18,563.9232,108.754176,494,15,17,2,15.624,0.4992,16,3,6,3,4.616,0.7872,4,102,148,46,129.328,12.0576,120,2.02,3.16,1.14,2.35744,0.260352,2.55,2,2,0,2,0,2,3,5,2,3.624,0.4992,4,0,10,10,9.76,0.46848,10,0,14,14,3.36,5.1072,0,7,29,22,18.744,4.92288,16,0,0,0,0,0,0,1,3,2,2.376,0.4992,2,0,0,0,0,0,0,0,0,0,0,0,0,1,3,2,2.376,0.4992,2,24.4975,32.95,8.4525,28.47546,3.134832,25.92,0,2.493,2.493,0.520056,0.4160448,0.799,0,0,0,0,0,0,12,166,154,39.04,41.82528,14
BiSbSe2.76Cl0.24,400,0.54,Bi1 Sb1 Se2.76 Cl0.24,17,83,66,46.384,16.4928,34,85,94,9,87.84,1.872,89,35.453,208.9804,173.5274,111.435744,43.1475648,78.96,171.6,903.78,732.18,570.5608,133.28768,494,15,17,2,15.648,0.5184,16,3,6,3,4.552,0.7584,4,102,148,46,128.536,11.9712,120,2.02,3.16,1.14,2.37328,0.270624,2.55,2,2,0,2,0,2,3,5,2,3.648,0.5184,4,0,10,10,9.52,0.91392,10,0,14,14,2.8,4.48,0,7,29,22,17.968,4.4128,16,0,0,0,0,0,0,1,3,2,2.352,0.5184,2,0,0,0,0,0,0,0,0,0,0,0,0,1,3,2,2.352,0.5184,2,24.4975,32.95,8.4525,28.38572,3.095424,25.92,0,2.493,2.493,0.560712,0.4485696,0.799,0,0,0,0,0,0,12,166,154,46.4,49.5296,14
BiSbSe2.76Cl0.24,700,0.41,Bi1 Sb1 Se2.76 Cl0.24,17,83,66,46.384,16.4928,34,85,94,9,87.84,1.872,89,35.453,208.9804,173.5274,111.435744,43.1475648,78.96,171.6,903.78,732.18,570.5608,133.28768,494,15,17,2,15.648,0.5184,16,3,6,3,4.552,0.7584,4,102,148,46,128.536,11.9712,120,2.02,3.16,1.14,2.37328,0.270624,2.55,2,2,0,2,0,2,3,5,2,3.648,0.5184,4,0,10,10,9.52,0.91392,10,0,14,14,2.8,4.48,0,7,29,22,17.968,4.4128,16,0,0,0,0,0,0,1,3,2,2.352,0.5184,2,0,0,0,0,0,0,0,0,0,0,0,0,1,3,2,2.352,0.5184,2,24.4975,32.95,8.4525,28.38572,3.095424,25.92,0,2.493,2.493,0.560712,0.4485696,0.799,0,0,0,0,0,0,12,166,154,46.4,49.5296,14
Sr14.1Ga29.6Ge56.3,700,1.625,Sr14.1 Ga29.6 Ge56.3,31,38,7,32.55,1.5369,32,8,79,71,67.509,16.781538,79,69.723,87.62,17.897,73.888748,3.872213064,72.64,302.91,1211.4,908.49,919.72956,365.1571795,1211.4,2,14,12,12.012,2.823384,14,4,5,1,4.141,0.242238,4,120,195,75,131.167,18.000906,120,0.95,2.01,1.06,1.80134,0.24007788,2.01,2,2,0,2,0,2,0,2,2,1.422,0.650828,2,0,10,10,8.59,2.42238,10,0,0,0,0,0,0,2,14,12,12.012,2.823384,14,0,0,0,0,0,0,0,5,5,3.732,1.052424,4,0,0,0,0,0,0,0,0,0,0,0,0,0,5,5,3.732,1.052424,4,18.8575,54.23,35.3725,26.180065,7.91008167,23.005,0,0.383,0.383,0.215629,0.188459746,0.383,0,0,0,0,0,0,64,225,161,177.344,67.099648,225
Sr14.8Ga28.6Ge56.6,400,2.151,Sr14.8 Ga28.6 Ge56.6,31,38,7,32.602,1.597808,32,8,79,71,67.062,17.482352,79,69.723,87.62,17.897,74.022778,4.024777712,72.64,302.91,1211.4,908.49,927.68466,357.3711055,1211.4,2,14,12,11.938,2.941648,14,4,5,1,4.148,0.252192,4,120,195,75,131.672,18.745088,120,0.95,2.01,1.06,1.79592,0.25039232,2.01,2,2,0,2,0,2,0,2,2,1.418,0.658824,2,0,10,10,8.52,2.52192,10,0,0,0,0,0,0,2,14,12,11.938,2.941648,14,0,0,0,0,0,0,0,5,5,3.694,1.093424,4,0,0,0,0,0,0,0,0,0,0,0,0,0,5,5,3.694,1.093424,4,18.8575,54.23,35.3725,26.440115,8.22580596,23.005,0,0.383,0.383,0.216778,0.188163304,0.383,0,0,0,0,0,0,64,225,161,178.954,65.753688,225
BaCu3.96S3.0,500,0.773,Ba1 Cu3.96 S3,16,56,40,27.49246231,8.662660034,29,9,88,79,66.13567839,16.48064443,64,32.065,137.327,105.262,60.95027136,21.77281761,63.546,388.36,1357.77,969.41,947.4684925,421.4385622,1357.77,2,16,14,11.75376884,3.200676751,11,3,6,3,3.874371859,0.659074266,4,105,215,110,132.2512563,20.79114164,132,0.89,2.58,1.69,2.029396985,0.415027398,1.9,1,2,1,1.502512563,0.499987374,1,0,4,4,1.507537688,1.878740436,0,0,10,10,4.974874372,4.999873741,10,0,0,0,0,0,0,2,11,9,7.984924623,2.999924244,11,0,1,1,0.497487437,0.499987374,1,0,2,2,0.753768844,0.939370218,0,0,0,0,0,0,0,0,0,0,0,0,0,0,2,2,1.251256281,0.564379687,1,11.07,63.59,52.52,23.21455088,12.08352299,11.07,0,2.202,2.202,0.829899497,1.03424661,0,0,0,0,0,0,0,70,229,159,167.0854271,73.1799702,225
TiS2,300,67.8,Ti1 S2,16,22,6,18,2.666666667,16,43,88,45,73,20,88,32.065,47.867,15.802,37.33233333,7.023111111,32.065,388.36,1941,1552.64,905.9066667,690.0622222,388.36,4,16,12,12,5.333333333,16,3,4,1,3.333333333,0.444444444,3,105,160,55,123.3333333,24.44444444,105,1.54,2.58,1.04,2.233333333,0.462222222,2.58,2,2,0,2,0,2,0,4,4,2.666666667,1.777777778,4,0,2,2,0.666666667,0.888888889,0,0,0,0,0,0,0,4,6,2,5.333333333,0.888888889,6,0,0,0,0,0,0,0,2,2,1.333333333,0.888888889,2,0,8,8,2.666666667,3.555555556,0,0,0,0,0,0,0,2,8,6,4,2.666666667,2,16.69,25.786875,9.096875,22.75458333,4.043055556,25.786875,0,2.202,2.202,1.468,0.978666667,2.202,0,2.25E-05,2.25E-05,7.51E-06,1.00E-05,0,70,194,124,111.3333333,55.11111111,70
Ba8.02Cu4.98Si35Ge5.99,400,2.17,Ba8.02 Cu4.98 Si35 Ge5.99,14,56,42,23.61955918,12.47210858,14,9,79,70,66.56992036,17.57766122,78,28.0855,137.327,109.2415,52.52690721,31.689174,28.0855,1000,1687,687,1501.814792,240.0993626,1687,2,14,12,11.94072976,3.126856342,14,3,6,3,3.648823856,0.841223744,3,111,215,104,129.3843304,25.91827021,111,0.89,2.01,1.12,1.762172625,0.259115557,1.9,1,2,1,1.907760696,0.167462429,2,0,2,2,1.518429339,0.731231021,2,0,10,10,2.031857751,3.238026318,0,0,0,0,0,0,0,2,14,12,5.458047787,2.917770542,4,0,1,1,0.092239304,0.167462429,0,0,4,4,3.036858678,1.462462041,4,0,0,0,0,0,0,0,0,0,0,0,0,0,4,4,3.129097981,1.322403177,4,11.07,63.59,52.52,26.27005649,11.08745868,20.44,0,0.773,0.773,0.543603816,0.297420502,0.773,0,0,0,0,0,0,225,229,4,226.8907205,0.768335022,227
Ba8.02Cu5.04Si6Ge34.93,800,1.39,Ba8.02 Cu5.04 Si6 Ge34.93,14,56,42,33.28468235,6.74854038,32,9,79,70,67.09038711,17.83517154,79,28.0855,137.327,109.2415,76.44864938,18.08647424,72.64,1000,1687,687,1246.515332,118.6749965,1211.4,2,14,12,11.93739581,3.127334296,14,3,6,3,4.185960363,0.538936762,4,111,215,104,134.2318948,23.99556228,120,0.89,2.01,1.12,1.821135395,0.276632927,2.01,1,2,1,1.90664938,0.169272564,2,0,2,2,1.516206705,0.733530638,2,0,10,10,7.403222819,3.844904016,10,0,0,0,0,0,0,2,14,12,10.8260789,4.139345295,14,0,1,1,0.09335062,0.169272564,0,0,4,4,3.03241341,1.467061276,4,0,0,0,0,0,0,0,0,0,0,0,0,0,4,4,3.12576403,1.325522439,4,11.07,63.59,52.52,27.63454806,10.68207907,23.005,0,0.773,0.773,0.333694944,0.161439376,0.383,0,0,0,0,0,0,225,229,4,225.8164475,1.208868538,225
Ba8.03Cu5Ge40.97,400,1.32,Ba8.03 Cu5 Ge40.97,29,56,27,35.29111111,6.158976955,32,9,79,70,67.20185185,17.90259739,79,63.546,137.327,73.781,81.41715944,16.62800073,72.64,1000,1357.77,357.77,1193.516815,57.55333418,1211.4,2,14,12,11.93777778,3.129231276,14,4,6,2,4.297407407,0.506363649,4,120,215,95,135.237963,23.72182064,120,0.89,2.01,1.12,1.833266667,0.280534494,2.01,1,2,1,1.907407407,0.168038409,2,0,2,2,1.517407407,0.732289575,2,0,10,10,8.512962963,2.531818244,10,0,0,0,0,0,0,2,14,12,11.93777778,3.129231276,14,0,1,1,0.092592593,0.168038409,0,0,4,4,3.034814815,1.46457915,4,0,0,0,0,0,0,0,0,0,0,0,0,0,4,4,3.127407407,1.324078464,4,11.07,63.59,52.52,27.93504722,10.60404707,23.005,0,0.383,0.383,0.290583519,0.140233454,0.383,0,0,0,0,0,0,225,229,4,225.5948148,1.012727298,225
Ba8.04Cu4.99Si18Ge22.98,700,1.76,Ba8.04 Cu4.99 Si18 Ge22.98,14,56,42,29.29661174,10.25066113,32,9,79,70,66.86058137,17.7549852,79,28.0855,137.327,109.2415,66.58044473,26.21925141,72.64,1000,1687,687,1351.957865,224.3940374,1211.4,2,14,12,11.93649324,3.131364819,14,3,6,3,3.964451028,0.642848306,4,111,215,104,132.2510646,24.63623183,120,0.89,2.01,1.12,1.796452509,0.269871438,2.01,1,2,1,1.907609702,0.167708662,2,0,2,2,1.51749676,0.732197104,2,0,10,10,5.178670617,4.993615362,10,0,0,0,0,0,0,2,14,12,8.603777078,5.034710428,14,0,1,1,0.092390298,0.167708662,0,0,4,4,3.03499352,1.464394207,4,0,0,0,0,0,0,0,0,0,0,0,0,0,4,4,3.127383818,1.324192229,4,11.07,63.59,52.52,27.08901685,10.86716921,23.005,0,0.773,0.773,0.42057656,0.234905459,0.383,0,0,0,0,0,0,225,229,4,226.2619885,1.307084574,225
Ba8.04Cu4.9Si3.23Ge37.83,400,1.563,Ba8.04 Cu4.9 Si3.23 Ge37.83,14,56,42,34.22444444,6.484276543,32,9,79,70,67.15685185,17.89072826,79,28.0855,137.327,109.2415,78.78096009,17.43370966,72.64,1000,1687,687,1221.654537,80.37154126,1211.4,2,14,12,11.94111111,3.131036214,14,3,6,3,4.237962963,0.524695473,4,111,215,104,134.695,23.91304444,120,0.89,2.01,1.12,1.826683333,0.278923481,2.01,1,2,1,1.909259259,0.165013717,2,0,2,2,1.520740741,0.728829081,2,0,10,10,7.912962963,3.302929355,10,0,0,0,0,0,0,2,14,12,11.34296296,3.722804115,14,0,1,1,0.090740741,0.165013717,0,0,4,4,3.041481481,1.457658162,4,0,0,0,0,0,0,0,0,0,0,0,0,0,4,4,3.132222222,1.319665021,4,11.07,63.59,52.52,27.81123981,10.6541197,23.005,0,0.773,0.773,0.31454963,0.150750822,0.383,0,0,0,0,0,0,225,229,4,225.7151852,1.131846776,225
Ba8.04Cu4.9Si3.23Ge37.83,800,1.526,Ba8.04 Cu4.9 Si3.23 Ge37.83,14,56,42,34.22444444,6.484276543,32,9,79,70,67.15685185,17.89072826,79,28.0855,137.327,109.2415,78.78096009,17.43370966,72.64,1000,1687,687,1221.654537,80.37154126,1211.4,2,14,12,11.94111111,3.131036214,14,3,6,3,4.237962963,0.524695473,4,111,215,104,134.695,23.91304444,120,0.89,2.01,1.12,1.826683333,0.278923481,2.01,1,2,1,1.909259259,0.165013717,2,0,2,2,1.520740741,0.728829081,2,0,10,10,7.912962963,3.302929355,10,0,0,0,0,0,0,2,14,12,11.34296296,3.722804115,14,0,1,1,0.090740741,0.165013717,0,0,4,4,3.041481481,1.457658162,4,0,0,0,0,0,0,0,0,0,0,0,0,0,4,4,3.132222222,1.319665021,4,11.07,63.59,52.52,27.81123981,10.6541197,23.005,0,0.773,0.773,0.31454963,0.150750822,0.383,0,0,0,0,0,0,225,229,4,225.7151852,1.131846776,225
Ba8.07Cu4.89Si41.03,500,2.7,Ba8.07 Cu4.89 Si41.03,14,56,42,21.63641415,11.60667059,14,9,78,69,66.41841082,17.60298589,78,28.0855,137.327,109.2415,47.62579913,29.69951744,28.0855,1000,1687,687,1554.493523,201.3980647,1687,2,14,12,11.93461752,3.139197743,14,3,6,3,3.538988702,0.819214907,3,111,215,104,128.4471198,26.51807101,111,0.89,1.9,1.01,1.749033154,0.256803021,1.9,1,2,1,1.909427672,0.164737963,2,0,2,2,1.519911095,0.729692454,2,0,10,10,0.905723282,1.647379631,0,0,0,0,0,0,0,2,11,9,4.335062049,1.207317895,4,0,1,1,0.090572328,0.164737963,0,0,4,4,3.039822189,1.459384907,4,0,0,0,0,0,0,0,0,0,0,0,0,0,4,4,3.130394518,1.321723021,4,11.07,63.59,52.52,26.04105946,11.22503983,20.44,0,0.773,0.773,0.587445638,0.282026133,0.773,0,0,0,0,0,0,225,229,4,227.1177996,0.562672987,227
Ba8Cu5.04Si13.01Ge27.96,500,1.864,Ba8 Cu5.04 Si13.01 Ge27.96,14,56,42,30.93908535,8.522514003,32,9,79,70,66.99092761,17.73751883,79,28.0855,137.327,109.2415,70.64052203,21.8254852,72.64,1000,1687,687,1308.309106,191.6701145,1211.4,2,14,12,11.94260322,3.121331087,14,3,6,3,4.055360118,0.576082912,4,111,215,104,133.023329,24.28488679,120,0.89,2.01,1.12,1.807343085,0.271755033,2.01,1,2,1,1.906683947,0.169216334,2,0,2,2,1.517126458,0.732580226,2,0,10,10,6.109979633,4.753589043,10,0,0,0,0,0,0,2,14,12,9.533790039,4.897794065,14,0,1,1,0.093316053,0.169216334,0,0,4,4,3.034252916,1.465160453,4,0,0,0,0,0,0,0,0,0,0,0,0,0,4,4,3.127568969,1.3235882,4,11.07,63.59,52.52,27.28489169,10.75507745,23.005,0,0.773,0.773,0.384473431,0.187177584,0.383,0,0,0,0,0,0,225,229,4,226.0742455,1.312723638,225
Ba8Cu5.18Si9.98Ge30.85,700,1.666,Ba8 Cu5.18 Si9.98 Ge30.85,14,56,42,31.94112201,7.194497676,32,9,79,70,67.00814664,17.76142835,79,28.0855,137.327,109.2415,73.11648898,19.02181404,72.64,1000,1687,687,1282.00701,164.2022711,1211.4,2,14,12,11.93482688,3.122422453,14,3,6,3,4.111460841,0.559463554,4,111,215,104,133.5593409,24.12609787,120,0.89,2.01,1.12,1.813229032,0.273498695,2.01,1,2,1,1.904091835,0.173419578,2,0,2,2,1.511942233,0.73791515,2,0,10,10,6.670986854,4.441560587,10,0,0,0,0,0,0,2,14,12,10.08702092,4.645237407,14,0,1,1,0.095908165,0.173419578,0,0,4,4,3.023884466,1.4758303,4,0,0,0,0,0,0,0,0,0,0,0,0,0,4,4,3.119792631,1.330822695,4,11.07,63.59,52.52,27.39785318,10.72161358,23.005,0,0.773,0.773,0.36160137,0.176482357,0.383,0,0,0,0,0,0,225,229,4,225.9620441,1.283556663,225
Ba8Cu5Si25Ge16,400,1.88,Ba8 Cu5 Si25 Ge16,14,56,42,26.94444444,11.98559671,14,9,79,70,66.77777778,17.63374486,78,28.0855,137.327,109.2415,60.75413889,30.24873971,28.0855,1000,1687,687,1413.819444,252.9449588,1687,2,14,12,11.94444444,3.121399177,14,3,6,3,3.833333333,0.771604938,3,111,215,104,131.0185185,25.06515775,111,0.89,2.01,1.12,1.782962963,0.264581619,1.9,1,2,1,1.907407407,0.168038409,2,0,2,2,1.518518519,0.731138546,2,0,10,10,3.888888889,4.75308642,0,0,0,0,0,0,0,2,14,12,7.314814815,4.644032922,4,0,1,1,0.092592593,0.168038409,0,0,4,4,3.037037037,1.462277092,4,0,0,0,0,0,0,0,0,0,0,0,0,0,4,4,3.12962963,1.321673525,4,11.07,63.59,52.52,26.725,10.92296296,20.44,0,0.773,0.773,0.471351852,0.279303841,0.773,0,0,0,0,0,0,225,229,4,226.5185185,1.181069959,227
SnS,400,2.155,Sn1 S1,16,50,34,33,17,16,80,88,8,84,4,80,32.065,118.71,86.645,75.3875,43.3225,32.065,388.36,505.08,116.72,446.72,58.36,388.36,14,16,2,15,1,14,3,5,2,4,1,3,105,139,34,122,17,105,1.96,2.58,0.62,2.27,0.31,1.96,2,2,0,2,0,2,2,4,2,3,1,2,0,10,10,5,5,0,0,0,0,0,0,0,6,14,8,10,4,6,0,0,0,0,0,0,2,4,2,3,1,2,0,0,0,0,0,0,0,0,0,0,0,0,2,4,2,3,1,2,25.786875,33.285,7.498125,29.5359375,3.7490625,25.786875,0,2.202,2.202,1.101,1.101,0,0,0,0,0,0,0,70,141,71,105.5,35.5,70
SnS0.88Se0.12,600,1.27,Sn1 S0.88 Se0.12,16,50,34,34.08,15.92,50,80,89,9,84.06,4.06,80,32.065,118.71,86.645,78.2012,40.599856,118.71,388.36,505.08,116.72,453.0584,56.934592,505.08,14,16,2,15,1,14,3,5,2,4.06,0.94,5,105,139,34,122.9,16.1,139,1.96,2.58,0.62,2.2682,0.3082,1.96,2,2,0,2,0,2,2,4,2,3,1,2,0,10,10,5.6,4.928,10,0,0,0,0,0,0,6,16,10,10.6,4.048,14,0,0,0,0,0,0,2,4,2,3,1,4,0,0,0,0,0,0,0,0,0,0,0,0,2,4,2,3,1,4,25.786875,33.285,7.498125,29.543925,3.741075,33.285,0,2.202,2.202,1.01682,1.0429584,0,0,0,0,0,0,0,14,141,127,102.14,38.86,141
SnS0.91Se0.09,700,0.873,Sn1 S0.91 Se0.09,16,50,34,33.81,16.2071,50,80,89,9,84.045,4.045,80,32.065,118.71,86.645,77.497775,41.34382525,118.71,388.36,505.08,116.72,451.4738,57.433558,505.08,14,16,2,15,1,14,3,5,2,4.045,0.955,5,105,139,34,122.675,16.325,139,1.96,2.58,0.62,2.26865,0.30865,1.96,2,2,0,2,0,2,2,4,2,3,1,2,0,10,10,5.45,4.9595,10,0,0,0,0,0,0,6,16,10,10.45,4.0495,14,0,0,0,0,0,0,2,4,2,3,1,4,0,0,0,0,0,0,0,0,0,0,0,0,2,4,2,3,1,4,25.786875,33.285,7.498125,29.54192812,3.743071875,33.285,0,2.202,2.202,1.037865,1.05936285,0,0,0,0,0,0,0,14,141,127,102.98,38.02,141
TlCr5Se8,400,0.706,Tl1 Cr5 Se8,24,81,57,33.78571429,6.989795918,34,49,89,40,73.78571429,17.70408163,89,51.9961,204.3833,152.3872,78.28884286,18.78053061,78.96,494,2180,1686,1102.071429,769.9489796,494,6,16,10,12.21428571,4.43877551,16,4,6,2,4.142857143,0.265306122,4,120,145,25,128.5714286,9.795918367,120,1.62,2.55,0.93,2.165714286,0.439183673,2.55,1,2,1,1.642857143,0.459183673,2,0,4,4,2.357142857,1.87755102,4,5,10,5,8.214285714,2.295918367,10,0,14,14,1,1.857142857,0,6,27,21,13.21428571,5.153061224,16,0,1,1,0.357142857,0.459183673,0,0,5,5,1.5,1.071428571,2,0,5,5,1.785714286,2.295918367,0,0,0,0,0,0,0,2,6,4,3.642857143,1.87755102,2,11.19,26.91,15.72,20.73,6.814285714,25.92,0,0.799,0.799,0.456571429,0.391346939,0.799,0,0,0,0,0,0,14,229,215,103.6428571,102.4489796,14
TlCr5Se8,800,0.705,Tl1 Cr5 Se8,24,81,57,33.78571429,6.989795918,34,49,89,40,73.78571429,17.70408163,89,51.9961,204.3833,152.3872,78.28884286,18.78053061,78.96,494,2180,1686,1102.071429,769.9489796,494,6,16,10,12.21428571,4.43877551,16,4,6,2,4.142857143,0.265306122,4,120,145,25,128.5714286,9.795918367,120,1.62,2.55,0.93,2.165714286,0.439183673,2.55,1,2,1,1.642857143,0.459183673,2,0,4,4,2.357142857,1.87755102,4,5,10,5,8.214285714,2.295918367,10,0,14,14,1,1.857142857,0,6,27,21,13.21428571,5.153061224,16,0,1,1,0.357142857,0.459183673,0,0,5,5,1.5,1.071428571,2,0,5,5,1.785714286,2.295918367,0,0,0,0,0,0,0,2,6,4,3.642857143,1.87755102,2,11.19,26.91,15.72,20.73,6.814285714,25.92,0,0.799,0.799,0.456571429,0.391346939,0.799,0,0,0,0,0,0,14,229,215,103.6428571,102.4489796,14
LaCo0.75Ni0.25O3,300,0.33,La1 Co0.75 Ni0.25 O3,8,57,49,21.65,16.38,8,13,87,74,66.55,24.54,87,15.9994,138.90547,122.90607,49.15538325,39.7871799,15.9994,54.8,1768,1713.2,623.08,681.936,54.8,3,16,13,12.05,4.74,16,2,6,4,3.2,1.44,2,66,207,141,106.1,48.12,66,1.1,3.44,2.34,2.6615,0.9342,3.44,2,2,0,2,0,2,0,4,4,2.4,1.92,4,0,8,8,1.65,2.24,0,0,0,0,0,0,0,3,10,7,6.05,1.28,6,0,0,0,0,0,0,0,2,2,1.2,0.96,2,0,9,9,2.35,2.855,0,0,0,0,0,0,0,2,9,7,3.55,2.18,2,9.105,36.8975,27.7925,14.89525,8.8009,9.105,0,0,0,0,0,0,0,1.5484712,1.5484712,0.262040415,0.419264664,0,12,225,213,86.35,89.22,12
Bi0.92Ag0.08CuSeO,500,0.44,Bi0.92 Ag0.08 Cu1 Se1 O1,8,83,75,37.78,21.17,8,64,89,25,81.08,9.1832,64,15.9994,208.9804,192.981,89.849206,55.521109,15.9994,54.8,1357.77,1302.97,626.5531,389.943526,54.8,11,16,5,14.42,1.8468,11,2,6,4,3.98,0.99,2,66,148,82,116.44,25.22,66,1.9,3.44,1.54,2.4757,0.5193,1.9,1,2,1,1.73,0.3942,1,0,4,4,2.69,1.4526,0,0,10,10,7.5,3.75,0,0,14,14,3.22,4.9588,0,6,29,23,15.14,6.8056,6,0,1,1,0.27,0.3942,0,0,3,3,1.69,0.9126,0,0,0,0,0,0,0,0,0,0,0,0,0,1,3,2,1.96,0.5184,1,9.105,32.95,23.845,19.42885,9.465304,9.105,0,0.799,0.799,0.19975,0.299625,0,0,0,0,0,0,0,12,225,213,70.01,83.6946,12
Bi0.94Ag0.06CuSeO,400,0.518,Bi0.94 Ag0.06 Cu1 Se1 O1,8,83,75,37.96,21.44,8,64,89,25,81.185,9.07805,64,15.9994,208.9804,192.981,90.354767,56.2794505,15.9994,54.8,1357.77,1302.97,623.10045,385.6896615,54.8,11,16,5,14.44,1.8232,11,2,6,4,3.985,0.9925,2,66,148,82,116.455,25.2275,66,1.9,3.44,1.54,2.47615,0.51885,1.9,1,2,1,1.735,0.38955,1,0,4,4,2.705,1.43365,0,0,10,10,7.5,3.75,0,0,14,14,3.29,5.0337,0,6,29,23,15.23,6.8569,6,0,1,1,0.265,0.38955,0,0,3,3,1.705,0.90365,0,0,0,0,0,0,0,0,0,0,0,0,0,1,3,2,1.97,0.5141,1,9.105,32.95,23.845,19.51195,9.5199085,9.105,0,0.799,0.799,0.19975,0.299625,0,0,0,0,0,0,0,12,225,213,68.945,82.70915,12
Bi0.9Ag0.1CuSeO,700,0.464,Bi0.9 Ag0.1 Cu1 Se1 O1,8,83,75,37.6,20.9,8,64,89,25,80.975,9.28625,64,15.9994,208.9804,192.981,89.343645,54.7627675,15.9994,54.8,1357.77,1302.97,630.00575,394.1283375,54.8,11,16,5,14.4,1.87,11,2,6,4,3.975,0.9875,2,66,148,82,116.425,25.2125,66,1.9,3.44,1.54,2.47525,0.51975,1.9,1,2,1,1.725,0.39875,1,0,4,4,2.675,1.47125,0,0,10,10,7.5,3.75,0,0,14,14,3.15,4.8825,0,6,29,23,15.05,6.7525,6,0,1,1,0.275,0.39875,0,0,3,3,1.675,0.92125,0,0,0,0,0,0,0,0,0,0,0,0,0,1,3,2,1.95,0.5225,1,9.105,32.95,23.845,19.34575,9.4090375,9.105,0,0.799,0.799,0.19975,0.299625,0,0,0,0,0,0,0,12,225,213,71.075,84.65875,12
BiCuSeO,400,0.658,Bi1 Cu1 Se1 O1,8,83,75,38.5,22.25,8,64,89,25,81.5,8.75,64,15.9994,208.9804,192.981,91.87145,58.554475,15.9994,54.8,1357.77,1302.97,612.7425,372.51375,54.8,11,16,5,14.5,1.75,11,2,6,4,4,1,2,66,148,82,116.5,25.25,66,1.9,3.44,1.54,2.4775,0.5175,1.9,1,2,1,1.75,0.375,1,0,4,4,2.75,1.375,0,0,10,10,7.5,3.75,0,0,14,14,3.5,5.25,0,6,29,23,15.5,7,6,0,1,1,0.25,0.375,0,0,3,3,1.75,0.875,0,0,0,0,0,0,0,0,0,0,0,0,0,1,3,2,2,0.5,1,9.105,32.95,23.845,19.76125,9.67375,9.105,0,0.799,0.799,0.19975,0.299625,0,0,0,0,0,0,0,12,225,213,65.75,79.625,12
Ce0.2Bi1.8Te3,500,0.67,Ce0.2 Bi1.8 Te3,52,83,31,63.4,14.112,52,15,90,75,85.56,5.6448,90,127.6,208.9804,81.3804,157.397584,37.13962752,127.6,544.4,1071,526.6,672.42,92.1744,722.66,3,16,13,15.12,1.056,16,5,6,1,5.4,0.48,5,138,204,66,144.24,7.488,138,1.12,2.1,0.98,2.032,0.0816,2.1,2,2,0,2,0,2,0,4,4,3.48,0.624,4,1,10,9,9.64,0.6912,10,0,14,14,5.08,6.4224,0,4,29,25,20.2,6.336,16,0,0,0,0,0,0,0,3,3,2.28,0.5184,2,0,9,9,0.36,0.6912,0,0,13,13,0.52,0.9984,0,2,22,20,3.16,1.5072,2,32.95,37.24,4.29,34.2096,0.906912,34.76333333,0,0.464,0.464,0.2784,0.22272,0.464,0,0,0,0,0,0,12,194,182,103.28,65.7216,152
Sm0.2Bi1.8Te3,400,0.6,Sm0.2 Bi1.8 Te3,52,83,31,63.56,13.9968,52,23,90,67,85.88,5.0304,90,127.6,208.9804,81.3804,157.807344,36.84460032,127.6,544.4,1345,800.6,683.38,100.0656,722.66,3,16,13,15.12,1.056,16,5,6,1,5.4,0.48,5,138,198,60,144,7.2,138,1.17,2.1,0.93,2.034,0.0792,2.1,2,2,0,2,0,2,0,4,4,3.48,0.624,4,0,10,10,9.6,0.768,10,0,14,14,5.28,6.336,0,8,29,21,20.36,6.2208,16,0,0,0,0,0,0,0,3,3,2.28,0.5184,2,0,0,0,0,0,0,0,8,8,0.32,0.6144,0,2,8,6,2.6,0.72,2,32.95,34.76333333,1.813333333,34.0492,0.85696,34.76333333,0,0.464,0.464,0.2784,0.22272,0.464,0,0,0,0,0,0,12,166,154,102.16,64.9152,152
Y0.2Bi1.8Te3,500,0.829,Y0.2 Bi1.8 Te3,39,83,44,62.64,14.6592,52,12,90,78,85.44,5.8752,90,88.90585,208.9804,120.07455,155.349178,38.61447984,127.6,544.4,1799,1254.6,701.54,113.1408,722.66,3,16,13,15.12,1.056,16,5,6,1,5.36,0.4608,5,138,190,52,143.68,6.816,138,1.22,2.1,0.88,2.036,0.0768,2.1,2,2,0,2,0,2,0,4,4,3.48,0.624,4,1,10,9,9.64,0.6912,10,0,14,14,5.04,6.4512,0,3,29,26,20.16,6.3648,16,0,0,0,0,0,0,0,3,3,2.28,0.5184,2,0,9,9,0.36,0.6912,0,0,0,0,0,0,0,2,9,7,2.64,0.768,2,32.365,34.76333333,2.398333333,34.0146,0.89848,34.76333333,0,0.464,0.464,0.2784,0.22272,0.464,0,0,0,0,0,0,12,194,182,103.28,65.7216,152
Cu3P0.7Ge0.3S4,500,1.2,Cu3 P0.7 Ge0.3 S4,15,32,17,21.3875,6.5053125,16,64,88,24,78.225,10.66875,88,30.973762,72.64,41.666238,45.29645418,15.73792531,32.065,317.3,1357.77,1040.47,776.535,468.541125,388.36,11,16,5,13.9625,2.221875,16,3,4,1,3.4125,0.4846875,3,105,132,27,115.8625,12.4134375,105,1.9,2.58,0.68,2.2695,0.3105,2.58,1,2,1,1.625,0.46875,2,0,4,4,2.3375,1.7784375,4,0,10,10,4.125,4.846875,0,0,0,0,0,0,0,5,14,9,8.0875,2.6278125,6,0,1,1,0.375,0.46875,0,0,4,4,1.4125,1.059375,2,0,0,0,0,0,0,0,0,0,0,0,0,1,4,3,1.7875,0.590625,2,11.07,25.786875,14.716875,19.88227083,6.609203125,25.786875,0,2.202,2.202,1.25755,1.00875375,2.202,0,0,0,0,0,0,2,225,223,127.9875,80.0353125,70
Cu3P0.9Ge0.1S4,500,0.675,Cu3 P0.9 Ge0.1 S4,15,32,17,20.9625,6.3040625,16,64,88,24,78.325,10.74375,88,30.973762,72.64,41.666238,44.25479823,15.17803138,32.065,317.3,1357.77,1040.47,754.1825,464.1210625,388.36,11,16,5,13.9875,2.240625,16,3,4,1,3.3875,0.4746875,3,105,132,27,115.5375,12.4584375,105,1.9,2.58,0.68,2.274,0.306,2.58,1,2,1,1.625,0.46875,2,0,4,4,2.3625,1.7809375,4,0,10,10,3.875,4.746875,0,0,0,0,0,0,0,5,14,9,7.8625,2.5065625,6,0,1,1,0.375,0.46875,0,0,4,4,1.3875,1.040625,2,0,0,0,0,0,0,0,0,0,0,0,0,1,4,3,1.7625,0.571875,2,11.07,25.786875,14.716875,19.87140179,6.601051339,25.786875,0,2.202,2.202,1.2886,0.98909,2.202,0,0,0,0,0,0,2,225,223,122.4125,79.5053125,70
Bi2.0S2.79Se0.21,600,0.51,Bi2 S2.79 Se0.21,16,83,67,43.556,31.5552,16,86,89,3,87.242,0.9936,88,32.065,208.9804,176.9154,104.80075,83.34372,32.065,388.36,544.4,156.04,455.21288,74.60781408,388.36,15,16,1,15.6,0.48,16,3,6,3,4.242,1.4064,3,105,148,43,122.83,20.136,105,2.02,2.58,0.56,2.35474,0.267792,2.58,2,2,0,2,0,2,3,4,1,3.6,0.48,4,0,10,10,4.42,4.93272,0,0,14,14,5.6,6.72,0,6,29,23,15.62,10.73592,6,0,0,0,0,0,0,2,3,1,2.4,0.48,2,0,0,0,0,0,0,0,0,0,0,0,0,2,3,1,2.4,0.48,2,25.786875,32.95,7.163125,28.65771625,3.433827,25.786875,0,2.202,2.202,1.262274,1.048734216,2.202,0,0,0,0,0,0,12,70,58,44.448,28.516032,70
Bi2.0S3.0,400,0.576,Bi2 S3,16,83,67,42.8,32.16,16,86,88,2,87.2,0.96,88,32.065,208.9804,176.9154,102.83116,84.919392,32.065,388.36,544.4,156.04,450.776,74.8992,388.36,15,16,1,15.6,0.48,16,3,6,3,4.2,1.44,3,105,148,43,122.2,20.64,105,2.02,2.58,0.56,2.356,0.2688,2.58,2,2,0,2,0,2,3,4,1,3.6,0.48,4,0,10,10,4,4.8,0,0,14,14,5.6,6.72,0,6,29,23,15.2,11.04,6,0,0,0,0,0,0,2,3,1,2.4,0.48,2,0,0,0,0,0,0,0,0,0,0,0,0,2,3,1,2.4,0.48,2,25.786875,32.95,7.163125,28.652125,3.4383,25.786875,0,2.202,2.202,1.3212,1.05696,2.202,0,0,0,0,0,0,12,70,58,46.8,27.84,70
Bi2Te1.95Se1.05,600,0.932,Bi2 Te1.95 Se1.05,34,83,49,60.62,17.904,83,86,90,4,88.19,1.752,86,78.96,208.9804,130.0204,149.93776,47.234112,208.9804,494,722.66,228.66,603.3374,93.071628,544.4,15,16,1,15.6,0.48,15,4,6,2,5.19,0.648,6,120,148,28,138.22,7.824,148,2.02,2.55,0.53,2.1625,0.16275,2.02,2,2,0,2,0,2,3,4,1,3.6,0.48,3,10,10,0,10,0,10,0,14,14,5.6,6.72,14,16,29,13,21.2,6.24,29,0,0,0,0,0,0,2,3,1,2.4,0.48,3,0,0,0,0,0,0,0,0,0,0,0,0,2,3,1,2.4,0.48,3,25.92,34.76333333,8.843333333,32.1809,2.629578,32.95,0,0.799,0.799,0.34875,0.279,0,0,0,0,0,0,0,12,152,140,67.02,66.2844,12
Mg2.975Na0.025Sb2,700,1.21,Mg2.975 Na0.025 Sb2,11,51,40,27.595,18.724,12,2,85,83,74.47,8.424,68,22.98976928,121.76,98.77023072,63.28042385,46.78366092,24.305,370.87,923,552.13,912.55135,12.4338935,923,1,15,14,7.195,6.244,2,3,5,2,3.8,0.96,3,139,166,27,140.325,1.06,141,0.93,2.05,1.12,1.6041,0.35672,1.31,1,2,1,1.995,0.00995,2,0,3,3,1.2,1.44,0,0,10,10,4,4.8,0,0,0,0,0,0,0,1,15,14,7.195,6.244,2,0,1,1,0.005,0.00995,0,0,3,3,1.2,1.44,0,0,0,0,0,0,0,0,0,0,0,0,0,0,3,3,1.205,1.436,0,22.89,31.56,8.67,26.38976667,4.164722333,22.89,0,0,0,0,0,0,0,0,0,0,0,0,166,229,63,182.975,13.58,194
CaTiO3,700,3.35,Ca1 Ti1 O3,8,22,14,13.2,6.24,8,7,87,80,62.2,29.76,87,15.9994,47.867,31.8676,27.18864,13.427088,15.9994,54.8,1941,1886.2,644.08,707.136,54.8,2,16,14,10.8,6.24,16,2,4,2,2.8,0.96,2,66,176,110,106.8,48.96,66,1,3.44,2.44,2.572,1.0416,3.44,2,2,0,2,0,2,0,4,4,2.4,1.92,4,0,2,2,0.4,0.64,0,0,0,0,0,0,0,2,6,4,4.8,1.44,6,0,0,0,0,0,0,0,2,2,1.2,0.96,2,0,8,8,1.6,2.56,0,0,0,0,0,0,0,0,8,8,2.8,2.08,2,9.105,37.77,28.665,16.355,8.7,9.105,0,0,0,0,0,0,0,2.25E-05,2.25E-05,4.51E-06,7.21E-06,0,12,225,213,91,94.8,12
La0.15Ca0.85TiO3,400,3.85,La0.15 Ca0.85 Ti1 O3,8,57,49,14.31,7.572,8,7,87,80,62.38,29.544,87,15.9994,138.90547,122.90607,30.1534641,16.98487692,15.9994,54.8,1941,1886.2,646.42,709.944,54.8,2,16,14,10.83,6.204,16,2,6,4,2.86,1.032,2,66,207,141,107.73,50.076,66,1,3.44,2.44,2.575,1.038,3.44,2,2,0,2,0,2,0,4,4,2.4,1.92,4,0,2,2,0.43,0.6622,0,0,0,0,0,0,0,2,6,4,4.83,1.404,6,0,0,0,0,0,0,0,2,2,1.2,0.96,2,0,9,9,1.87,2.8798,0,0,0,0,0,0,0,0,9,9,3.07,2.3278,2,9.105,37.77,28.665,16.328825,8.66859,9.105,0,0,0,0,0,0,0,2.25E-05,2.25E-05,4.51E-06,7.21E-06,0,12,225,213,90.07,93.684,12
(Zn0.95In0.05)4Sb3,500,0.805,Zn3.8 In0.2 Sb3,30,51,21,39.54285714,10.36081633,30,69,85,16,76.02857143,7.689795918,69,65.38,121.76,56.38,90.95537143,27.76754612,65.38,429.75,903.78,474.03,775.6391429,109.8350204,692.68,12,15,3,13.31428571,1.444897959,12,4,5,1,4.457142857,0.496326531,4,122,142,20,129.8571429,8.530612245,122,1.65,2.05,0.4,1.825142857,0.192734694,1.65,2,2,0,2,0,2,0,3,3,1.314285714,1.444897959,0,10,10,0,10,0,10,0,0,0,0,0,0,12,15,3,13.31428571,1.444897959,12,0,0,0,0,0,0,0,5,5,1.428571429,1.551020408,0,0,0,0,0,0,0,0,0,0,0,0,0,0,5,5,1.428571429,1.551020408,0,13.96,31.56,17.6,21.79714286,8.508897959,13.96,0,0,0,0,0,0,0,0,0,0,0,0,139,194,55,180.4285714,14.73469388,194
Ag0.5Sb1.1Pb19.6Te18.8,600,1.422,Ag0.5 Sb1.1 Pb19.6 Te18.8,47,82,35,66.61,15.0822,82,65,90,25,85.14,4.5684,81,107.8682,207.2,99.3318,166.1967525,40.18318255,207.2,600.61,1234.93,634.32,674.239675,72.1570815,600.61,11,16,5,14.93,1.00965,14,5,6,1,5.49,0.4998,6,138,146,8,142.035,3.959825,146,1.93,2.33,0.4,2.2092,0.118384,2.33,1,2,1,1.9875,0.0246875,2,0,4,4,2.9425,0.9972125,2,10,10,0,10,0,10,0,14,14,6.86,6.9972,14,11,28,17,21.79,6.0858,28,0,1,1,0.0125,0.0246875,0,0,4,4,2.9825,0.9981125,4,0,0,0,0,0,0,0,0,0,0,0,0,1,4,3,2.995,0.985175,4,16.33,34.76333333,18.43333333,31.18469167,3.384565125,28.11,0,0.464,0.464,0.21808,0.2311648,0,0,0,0,0,0,0,152,225,73,189.0675,36.1121625,225
CoSi0.98Ge0.02,300,12.08,Co1 Si0.98 Ge0.02,14,32,18,20.68,6.5464,27,58,79,21,68.01,10.01,58,28.0855,72.64,44.5545,43.9548925,15.55200465,58.933195,1211.4,1768,556.6,1722.744,45.256,1768,9,14,5,11.5,2.5,9,3,4,1,3.51,0.4998,4,111,126,15,118.59,7.4382,126,1.88,2.01,0.13,1.8911,0.0111,1.88,2,2,0,2,0,2,0,2,2,1,1,0,0,10,10,3.6,3.528,7,0,0,0,0,0,0,4,14,10,6.6,2.548,9,0,0,0,0,0,0,0,4,4,2,2,0,0,3,3,1.5,1.5,3,0,0,0,0,0,0,3,4,1,3.5,0.5,3,10.245,23.005,12.76,15.36815,5.12315,10.245,0,0.773,0.773,0.3826,0.3826,0,0,1.5484712,1.5484712,0.7742356,0.7742356,1.5484712,194,227,33,210.48,16.48,194
Sn0.98In0.02Se,700,0.639,Sn0.98 In0.02 Se1,34,50,16,41.99,7.99,34,75,89,14,84.45,4.55,89,78.96,118.71,39.75,98.79608,19.83608,78.96,429.75,505.08,75.33,498.7867,6.167434,494,13,16,3,14.99,1.01,16,4,5,1,4.5,0.5,4,120,142,22,129.53,9.53,120,1.78,2.55,0.77,2.2532,0.2968,2.55,2,2,0,2,0,2,1,4,3,2.99,1.01,4,10,10,0,10,0,10,0,0,0,0,0,0,13,16,3,14.99,1.01,16,0,0,0,0,0,0,2,5,3,3.01,1.01,2,0,0,0,0,0,0,0,0,0,0,0,0,2,5,3,3.01,1.01,2,24.26,33.285,9.025,29.51225,3.697295,25.92,0,0.799,0.799,0.3995,0.3995,0.799,0,0,0,0,0,0,14,141,127,77.48,63.48,14
Sn0.91Mn0.08Bi0.01Te,800,2.48,Sn0.91 Mn0.08 Bi0.01 Te1,25,83,58,50.165,2.16335,52,52,90,38,83.91,6.1109,90,54.938045,208.9804,154.042355,121.0554738,7.423775462,127.6,505.08,1519,1013.92,654.6234,137.186728,722.66,7,16,9,14.725,1.27775,16,4,6,2,4.965,0.0772,5,138,148,10,138.545,0.545,138,1.55,2.1,0.55,2.0139,0.086161,2.1,2,2,0,2,0,2,0,4,4,2.925,1.07575,4,5,10,5,9.8,0.384,10,0,14,14,0.07,0.1393,0,7,29,22,14.795,1.34705,16,0,0,0,0,0,0,0,4,4,2.835,1.0618,2,0,5,5,0.2,0.384,0,0,0,0,0,0,0,2,5,3,3.035,1.03535,2,10.48758621,34.76333333,24.27574713,33.11059511,1.811446664,34.76333333,0,0.464,0.464,0.232,0.232,0.464,0,0.000310121,0.000310121,1.24E-05,2.38E-05,0,12,217,205,148.895,8.5534,152
SnTe,400,9.3,Sn1 Te1,50,52,2,51,1,50,80,90,10,85,5,80,118.71,127.6,8.89,123.155,4.445,118.71,505.08,722.66,217.58,613.87,108.79,505.08,14,16,2,15,1,14,5,5,0,5,0,5,138,139,1,138.5,0.5,138,1.96,2.1,0.14,2.03,0.07,1.96,2,2,0,2,0,2,2,4,2,3,1,2,10,10,0,10,0,10,0,0,0,0,0,0,14,16,2,15,1,14,0,0,0,0,0,0,2,4,2,3,1,2,0,0,0,0,0,0,0,0,0,0,0,0,2,4,2,3,1,2,33.285,34.76333333,1.478333333,34.02416667,0.739166667,33.285,0,0.464,0.464,0.232,0.232,0,0,0,0,0,0,0,141,152,11,146.5,5.5,141
Zn0.97Al0.03O,700,5.38,Zn0.97 Al0.03 O1,8,30,22,18.745,10.91735,8,69,87,18,78.06,8.94,87,15.9994,65.38,49.3806,40.11372308,24.50828861,15.9994,54.8,933.47,878.67,377.35185,322.55185,54.8,12,16,4,14.015,1.985,16,2,4,2,2.985,0.985,2,66,122,56,93.985,27.985,66,1.61,3.44,1.83,2.5444,0.8956,3.44,2,2,0,2,0,2,0,4,4,2.015,1.985,4,0,10,10,4.85,4.9955,0,0,0,0,0,0,0,3,12,9,8.865,3.04095,6,0,0,0,0,0,0,0,5,5,1.075,1.04275,2,0,0,0,0,0,0,0,0,0,0,0,0,0,5,5,1.075,1.04275,2,9.105,16.48,7.375,11.5703,2.4653,9.105,0,0,0,0,0,0,0,0,0,0,0,0,12,225,213,103.465,91.465,12
Mg2.16(Si0.4Sn0.6)0.985Bi0.015,700,2.19,Mg2.16 Si0.394 Sn0.591 Bi0.015,12,83,71,19.69335443,11.93723241,12,68,86,18,71.57658228,4.889504887,68,24.305,208.9804,184.6754,43.30911487,29.77657746,24.305,505.08,1687,1181.92,938.2994557,186.701275,923,2,15,13,5.80221519,5.19796507,2,3,6,3,3.388291139,0.627655424,3,111,148,37,136.9186709,6.463263499,141,1.31,2.02,0.71,1.5085,0.271367089,1.31,2,2,0,2,0,2,0,3,3,0.637658228,0.871735299,0,0,10,10,1.917721519,3.099911873,0,0,14,14,0.066455696,0.132280484,0,2,29,27,4.621835443,3.739346659,2,0,0,0,0,0,0,0,4,4,1.261075949,1.724002564,0,0,0,0,0,0,0,0,0,0,0,0,0,0,4,4,1.261075949,1.724002564,0,20.44,33.285,12.845,24.57640665,3.336950995,22.89,0,0.773,0.773,0.09638038,0.168726665,0,0,0,0,0,0,0,12,227,215,187.3382911,18.99747116,194
La0.5Co4Sb12,500,2.166,La0.5 Co4 Sb12,27,57,30,45.36363636,8.903581267,51,13,85,72,76.27272727,12.69421488,85,58.933195,138.90547,79.972275,107.0488191,23.32878744,121.76,903.78,1768,864.22,1122.052121,317.4867218,903.78,3,15,12,13.18181818,2.644628099,15,4,6,2,4.787878788,0.382001837,5,126,207,81,137.9090909,5.774104683,139,1.1,2.05,0.95,1.98,0.101818182,2.05,2,2,0,2,0,2,0,3,3,2.181818182,1.190082645,3,1,10,9,9,1.454545455,10,0,0,0,0,0,0,3,15,12,13.18181818,2.644628099,15,0,0,0,0,0,0,0,3,3,2.181818182,1.190082645,3,0,9,9,1,1.454545455,0,0,0,0,0,0,0,3,9,6,3.181818182,0.35261708,3,10.245,36.8975,26.6525,26.5544697,7.907621671,31.56,0,0,0,0,0,0,0,1.5484712,1.5484712,0.375386958,0.568768118,0,166,194,28,173.6363636,11.10743802,166
Cu3Sb0.996In0.004Se4,500,1.274,Cu3 Sb0.996 In0.004 Se4,29,51,22,34.249,4.18575,34,64,89,25,79.12,11.34412,89,63.546,121.76,58.214,78.526279,11.23520925,78.96,429.75,1357.77,928.02,868.899235,375.3383842,494,11,16,5,13.999,2.250249,16,4,5,1,4.125,0.21875,4,120,142,22,126.8765,6.8765,120,1.78,2.55,0.77,2.243615,0.306385,2.55,1,2,1,1.625,0.46875,2,0,4,4,2.374,1.781874,4,10,10,0,10,0,10,0,0,0,0,0,0,11,16,5,13.999,2.250249,16,0,1,1,0.375,0.46875,0,0,5,5,1.376,1.032,2,0,0,0,0,0,0,0,0,0,0,0,0,1,5,4,1.751,0.56325,2,11.07,31.56,20.49,21.0526,7.48695,25.92,0,0.799,0.799,0.3995,0.3995,0.799,0,0,0,0,0,0,14,225,211,112.1115,98.1115,14
Cu3SbSe4,300,2.796,Cu3 Sb1 Se4,29,51,22,34.25,4.1875,34,64,89,25,79.125,11.34375,89,63.546,121.76,58.214,78.52975,11.2378125,78.96,494,1357.77,863.77,869.13625,375.13625,494,11,16,5,14,2.25,16,4,5,1,4.125,0.21875,4,120,139,19,126.875,6.875,120,1.9,2.55,0.65,2.24375,0.30625,2.55,1,2,1,1.625,0.46875,2,0,4,4,2.375,1.78125,4,10,10,0,10,0,10,0,0,0,0,0,0,11,16,5,14,2.25,16,0,1,1,0.375,0.46875,0,0,3,3,1.375,1.03125,2,0,0,0,0,0,0,0,0,0,0,0,0,1,3,2,1.75,0.5625,2,11.07,31.56,20.49,21.05625,7.4896875,25.92,0,0.799,0.799,0.3995,0.3995,0.799,0,0,0,0,0,0,14,225,211,112.125,98.125,14
Sn0.98Ce0.02Te,400,4.155,Sn0.98 Ce0.02 Te1,50,58,8,51.08,1.0584,52,15,90,75,84.35,5.65,90,118.71,140.116,21.406,123.36906,4.5658788,127.6,505.08,1071,565.92,619.5292,112.160216,722.66,3,16,13,14.89,1.11,16,5,6,1,5.01,0.0198,5,138,204,66,139.15,1.297,138,1.12,2.1,0.98,2.0216,0.0784,2.1,2,2,0,2,0,2,0,4,4,2.98,1.02,4,1,10,9,9.91,0.1782,10,0,1,1,0.01,0.0198,0,4,16,12,14.9,1.1,16,0,0,0,0,0,0,0,4,4,2.96,1.0192,2,0,9,9,0.09,0.1782,0,0,13,13,0.13,0.2574,0,2,22,20,3.18,1.18,2,33.285,37.24,3.955,34.06371667,0.763142333,34.76333333,0,0.464,0.464,0.232,0.232,0.464,0,0,0,0,0,0,141,194,53,147.03,5.9094,152
Cu2.7Ag0.3ErTe3,800,0.66,Cu2.7 Ag0.3 Er1 Te3,29,68,39,45.2,12.49714286,52,35,90,55,71.04285714,16.24897959,90,63.546,167.259,103.713,107.71338,34.07197886,127.6,722.66,1770,1047.34,1139.205429,357.0389388,722.66,3,16,13,12,3.428571429,16,4,6,2,4.757142857,0.584081633,5,132,189,57,143.2714286,13.21346939,138,1.24,2.1,0.86,1.892714286,0.186489796,2.1,1,2,1,1.571428571,0.489795918,2,0,4,4,1.714285714,1.959183673,4,0,10,10,8.571428571,2.448979592,10,0,12,12,1.714285714,2.93877551,0,11,16,5,13.57142857,2.204081633,16,0,1,1,0.428571429,0.489795918,0,0,2,2,0.857142857,0.979591837,2,0,0,0,0,0,0,0,2,2,0.285714286,0.489795918,0,1,2,1,1.571428571,0.489795918,2,11.07,34.76333333,23.69333333,24.23757143,10.83563265,34.76333333,0,0.464,0.464,0.198857143,0.227265306,0.464,0,0,0,0,0,0,152,225,73,189.2857143,31.95918367,152
Cu3ErTe3,500,2.18,Cu3 Er1 Te3,29,68,39,44.42857143,13.2244898,29,35,90,55,71,16.28571429,64,63.546,167.259,103.713,105.8138571,36.22959184,63.546,722.66,1770,1047.34,1144.47,361.5514286,722.66,3,16,13,12,3.428571429,11,4,6,2,4.714285714,0.612244898,4,132,189,57,142.7142857,13.2244898,132,1.24,2.1,0.86,1.891428571,0.186122449,1.9,1,2,1,1.571428571,0.489795918,1,0,4,4,1.714285714,1.959183673,0,0,10,10,8.571428571,2.448979592,10,0,12,12,1.714285714,2.93877551,0,11,16,5,13.57142857,2.204081633,11,0,1,1,0.428571429,0.489795918,0,0,2,2,0.857142857,0.979591837,0,0,0,0,0,0,0,0,2,2,0.285714286,0.489795918,0,1,2,1,1.571428571,0.489795918,1,11.07,34.76333333,23.69333333,24.01214286,11.09326531,11.07,0,0.464,0.464,0.198857143,0.227265306,0,0,0,0,0,0,0,152,225,73,189.2857143,31.95918367,152
CoSb3.0,400,5.4,Co1 Sb3,27,51,24,45,9,51,58,85,27,78.25,10.125,85,58.933195,121.76,62.826805,106.0532988,23.56005188,121.76,903.78,1768,864.22,1119.835,324.0825,903.78,9,15,6,13.5,2.25,15,4,5,1,4.75,0.375,5,126,139,13,135.75,4.875,139,1.88,2.05,0.17,2.0075,0.06375,2.05,2,2,0,2,0,2,0,3,3,2.25,1.125,3,7,10,3,9.25,1.125,10,0,0,0,0,0,0,9,15,6,13.5,2.25,15,0,0,0,0,0,0,0,3,3,2.25,1.125,3,0,3,3,0.75,1.125,0,0,0,0,0,0,0,3,3,0,3,0,3,10.245,31.56,21.315,26.23125,7.993125,31.56,0,0,0,0,0,0,0,1.5484712,1.5484712,0.3871178,0.5806767,0,166,194,28,173,10.5,166
Ag2Mo6Te8,600,4,Ag2 Mo6 Te8,42,52,10,47.625,4.375,52,50,90,40,71.875,18.125,90,95.96,127.6,31.64,113.268525,14.331475,127.6,722.66,2896,2173.34,1601.69625,970.7278125,722.66,6,16,10,11.625,4.375,16,5,5,0,5,0,5,138,154,16,144.875,6.875,138,1.93,2.16,0.23,2.10125,0.0440625,2.1,1,2,1,1.5,0.5,2,0,4,4,2,2,4,5,10,5,8.125,2.34375,10,0,0,0,0,0,0,6,16,10,11.625,4.375,16,0,1,1,0.5,0.5,0,0,2,2,1,1,2,0,5,5,1.875,2.34375,0,0,0,0,0,0,0,1,6,5,3.375,1.96875,2,15.69,34.76333333,19.07333333,25.30666667,9.456666667,34.76333333,0,0.464,0.464,0.232,0.232,0.464,0,0,0,0,0,0,152,229,77,190,38,152
CuMo6Te8,700,3.945,Cu1 Mo6 Te8,29,52,23,46.46666667,5.902222222,52,50,90,40,72.26666667,18.91555556,90,63.546,127.6,64.054,110.6737333,18.05468444,127.6,722.66,2896,2173.34,1634.336667,1009.330667,722.66,6,16,10,11.66666667,4.622222222,16,4,5,1,4.933333333,0.124444444,5,132,154,22,144,8,138,1.9,2.16,0.26,2.110666667,0.039466667,2.1,1,2,1,1.533333333,0.497777778,2,0,4,4,2.133333333,1.991111111,4,5,10,5,8,2.4,10,0,0,0,0,0,0,6,16,10,11.66666667,4.622222222,16,0,1,1,0.466666667,0.497777778,0,0,2,2,1.066666667,0.995555556,2,0,5,5,2,2.4,0,0,0,0,0,0,0,1,6,5,3.533333333,1.973333333,2,11.07,34.76333333,23.69333333,25.55444444,9.822814815,34.76333333,0,0.464,0.464,0.247466667,0.230968889,0.464,0,0,0,0,0,0,152,229,77,187.6666667,38.04444444,152
AgBi0.97Pb0.03Se2.12,400,0.595,Ag1 Bi0.97 Pb0.03 Se2.12,34,83,49,49.04126214,16.4702611,34,65,89,24,82.41019417,8.472087379,89,78.96,208.9804,130.0204,117.5219388,44.37138309,78.96,494,1234.93,740.93,686.4796845,266.2380172,494,11,16,5,14.53640777,1.724514563,16,4,6,2,4.72815534,0.749363748,4,120,148,28,132.8495146,13.22377227,120,1.93,2.55,0.62,2.273131068,0.285761264,2.55,1,2,1,1.757281553,0.367612405,2,0,4,4,2.779126214,1.360436893,4,10,10,0,10,0,10,0,14,14,3.398058252,5.146573664,0,11,29,18,17.93446602,5.35705533,16,0,1,1,0.242718447,0.367612405,0,0,4,4,1.764563107,0.856584032,2,0,0,0,0,0,0,0,0,0,0,0,0,1,4,3,2.007281553,0.496465265,2,16.33,32.95,16.62,25.26339806,4.336600999,25.92,0,0.799,0.799,0.411135922,0.39916109,0.799,0,0,0,0,0,0,12,225,213,66.27912621,79.36043689,14
AgBiSe2.12,400,0.644,Ag1 Bi1 Se2.12,34,83,49,49.04854369,16.48128947,34,65,89,24,82.44660194,8.469224244,89,78.96,208.9804,130.0204,117.5349029,44.391018,78.96,494,1234.93,740.93,686.0703883,266.4367047,494,11,16,5,14.54368932,1.720237534,16,4,6,2,4.72815534,0.749363748,4,120,148,28,132.8640777,13.23875954,120,1.93,2.55,0.62,2.270873786,0.287256103,2.55,1,2,1,1.757281553,0.367612405,2,0,4,4,2.786407767,1.35262513,4,10,10,0,10,0,10,0,14,14,3.398058252,5.146573664,0,11,29,18,17.94174757,5.368083703,16,0,1,1,0.242718447,0.367612405,0,0,3,3,1.757281553,0.853049298,2,0,0,0,0,0,0,0,0,0,0,0,0,1,3,2,2,0.485436893,2,16.33,32.95,16.62,25.29864078,4.353709115,25.92,0,0.799,0.799,0.411135922,0.39916109,0.799,0,0,0,0,0,0,12,225,213,64.72815534,77.80186634,14
Rb2Bi8Se12.909,700,0.625,Rb2 Bi8 Se12.909,34,83,49,51.37308481,22.08872683,34,4,89,85,80.53171243,13.36273297,89,78.96,208.9804,130.0204,124.9322729,58.70051218,78.96,312.46,544.4,231.94,495.7512768,33.97702088,494,1,16,15,14.34126326,2.329436162,16,4,6,2,4.785717404,0.88548832,4,120,220,100,138.50801,20.85816932,120,0.82,2.55,1.73,2.213887555,0.378792226,2.55,1,2,1,1.912698066,0.159360612,2,0,4,4,3.30158453,0.787100729,4,0,10,10,9.126980663,1.593606122,10,0,14,14,4.888908289,6.363327398,0,1,29,28,19.23017155,6.823399329,16,0,1,1,0.087301934,0.159360612,0,0,3,3,2.174603867,0.576469428,2,0,0,0,0,0,0,0,0,0,0,0,0,1,3,2,2.261905801,0.515496407,2,25.92,90.7225,64.8025,34.03231394,9.898325734,25.92,0,0.799,0.799,0.450228775,0.393058427,0.799,0,0,0,0,0,0,12,229,217,32.07150028,34.38447767,14
Rb2Bi8Se12.9805,400,0.619,Rb2 Bi8 Se12.9805,34,83,49,51.31903135,22.05763575,34,4,89,85,80.55806009,13.32574315,89,78.96,208.9804,130.0204,124.7892378,58.6174624,78.96,312.46,544.4,231.94,495.745828,33.87510073,494,1,16,15,14.34642414,2.323086816,16,4,6,2,4.783272775,0.884860839,4,120,220,100,138.4504254,20.84338865,120,0.82,2.55,1.73,2.214933313,0.378523803,2.55,1,2,1,1.912969692,0.158912067,2,0,4,4,3.303757534,0.786542968,4,0,10,10,9.129696917,1.589120675,10,0,14,14,4.873697265,6.354119526,0,1,29,28,19.22012141,6.809166793,16,0,1,1,0.087030308,0.158912067,0,0,3,3,2.174060617,0.575054073,2,0,0,0,0,0,0,0,0,0,0,0,0,1,3,2,2.261090925,0.514459877,2,25.92,90.7225,64.8025,34.00707382,9.871922052,25.92,0,0.799,0.799,0.451313918,0.392779895,0.799,0,0,0,0,0,0,12,229,217,32.01527382,34.2872829,14
VFeSb,400,6.072,V1 Fe1 Sb1,23,51,28,33.33333333,11.77777778,23,46,85,39,62,15.33333333,46,50.9415,121.76,70.8185,76.18216667,30.38522222,50.9415,903.78,2183,1279.22,1632.593333,485.8755556,903.78,5,15,10,9.333333333,3.777777778,5,4,5,1,4.333333333,0.444444444,4,132,153,21,141.3333333,7.777777778,132,1.63,2.05,0.42,1.836666667,0.142222222,1.63,2,2,0,2,0,2,0,3,3,1,1.333333333,0,3,10,7,6.333333333,2.444444444,3,0,0,0,0,0,0,5,15,10,9.333333333,3.777777778,5,0,0,0,0,0,0,0,3,3,1,1.333333333,0,0,7,7,3.666666667,2.444444444,0,0,0,0,0,0,0,3,7,4,4.666666667,1.555555556,3,10.73,31.56,20.83,18.43333333,8.751111111,10.73,0,0,0,0,0,0,0,2.1106628,2.1106628,0.703554267,0.938072356,0,166,229,63,208,28,166
Yb13.43Ce0.44Mn1.07Sb11.07,700,0.683,Yb13.43 Ce0.44 Mn1.07 Sb11.07,25,70,45,59.85928489,10.47211103,70,15,85,70,58.70665129,22.38118956,39,54.938045,173.054,118.115955,145.8067346,28.13769886,173.054,903.78,1519,615.22,1029.103214,106.6765075,1092,3,15,12,8.271818531,5.727102565,3,4,6,2,5.492118416,0.541662251,6,139,204,65,164.8838908,24.1622787,187,1.12,2.05,0.93,1.605790081,0.378116402,1.26,2,2,0,2,0,2,0,3,3,1.276816609,1.466792783,0,0,10,10,4.478662053,4.742717622,0,0,14,14,7.24567474,6.975054843,14,4,16,12,15.0011534,1.031488643,16,0,0,0,0,0,0,0,3,3,1.276816609,1.466792783,0,0,9,9,0.357939254,0.674318472,0,0,13,13,0.219915417,0.432390405,0,0,22,22,1.85467128,1.915281453,0,10.48758621,37.24,26.75241379,32.11103873,2.248142475,34.12,0,0,0,0,0,0,0,0.000310121,0.000310121,1.28E-05,2.45E-05,0,166,225,59,199.0357555,28.29077628,225
Gd2.75Se4,700,0.765,Gd2.75 Se4,34,64,30,46.22222222,14.48559671,34,27,89,62,63.74074074,29.93689986,89,78.96,157.25,78.29,110.8559259,37.80257888,78.96,494,1586,1092,938.8888889,527.2757202,494,3,16,13,10.7037037,6.277091907,16,4,6,2,4.814814815,0.965706447,4,120,196,76,150.962963,36.69684499,120,1.2,2.55,1.35,2,0.651851852,2.55,2,2,0,2,0,2,0,4,4,2.37037037,1.931412894,4,1,10,9,6.333333333,4.345679012,10,0,7,7,2.851851852,3.379972565,0,10,16,6,13.55555556,2.897119342,16,0,0,0,0,0,0,0,2,2,1.185185185,0.965706447,2,0,9,9,3.666666667,4.345679012,0,0,7,7,2.851851852,3.379972565,0,2,16,14,7.703703704,6.75994513,2,25.92,32.05,6.13,28.41740741,2.959890261,25.92,0,0.799,0.799,0.473481481,0.385799726,0.799,0,0,0,0,0,0,14,194,180,87.33333333,86.91358025,14
Sn0.965Pb0.01Cd0.025Se,500,0.624,Sn0.965 Pb0.01 Cd0.025 Se1,34,82,48,42.135,8.135,34,70,89,19,84.38,4.62,89,78.96,207.2,128.24,99.1987125,20.2387125,78.96,494,600.61,106.61,501.1319,7.1319,494,12,16,4,14.975,1.025,16,4,6,2,4.505,0.505,4,120,146,26,129.5975,9.5975,120,1.69,2.55,0.86,2.253475,0.29729025,2.55,2,2,0,2,0,2,0,4,4,2.975,1.025,4,10,10,0,10,0,10,0,14,14,0.07,0.1393,0,12,28,16,15.045,1.08455,16,0,0,0,0,0,0,0,4,4,2.95,1.02375,2,0,0,0,0,0,0,0,0,0,0,0,0,0,4,4,2.95,1.02375,2,19.495,33.285,13.79,29.40425,3.74492375,25.92,0,0.799,0.799,0.3995,0.3995,0.799,0,0,0,0,0,0,14,225,211,78.5825,64.5825,14
Ca10GaSb9,400,0.677,Ca10 Ga1 Sb9,20,51,31,34.5,14.85,20,7,85,78,45.45,38.45,7,40.078,121.76,81.682,78.31715,39.098565,40.078,302.91,1115,812.09,979.3465,135.6535,1115,2,15,13,8.4,6.4,2,4,5,1,4.45,0.495,4,122,176,54,156.65,19.35,176,1,2.05,1.05,1.513,0.513,1,2,2,0,2,0,2,0,3,3,1.4,1.44,0,0,10,10,5,5,0,0,0,0,0,0,0,2,15,13,8.4,6.4,2,0,0,0,0,0,0,0,5,5,1.6,1.6,0,0,0,0,0,0,0,0,0,0,0,0,0,0,5,5,1.6,1.6,0,18.8575,37.77,18.9125,34.029875,3.740125,37.77,0,0,0,0,0,0,0,0,0,0,0,0,64,225,161,190.4,34.6,225
Ge0.87Mn0.05Sb0.08Te,600,1.617,Ge0.87 Mn0.05 Sb0.08 Te1,25,52,27,42.585,10.0882,52,52,90,38,84.065,6.0098,90,54.938045,127.6,72.661955,101.6422511,27.56716879,127.6,722.66,1519,796.34,962.4152,244.446016,722.66,7,16,9,14.865,1.1458,16,4,5,1,4.54,0.4968,5,120,139,19,130.235,8.90445,138,1.55,2.1,0.55,2.0451,0.055292,2.1,2,2,0,2,0,2,0,4,4,2.99,1.0108,4,5,10,5,9.875,0.24375,10,0,0,0,0,0,0,7,16,9,14.865,1.1458,16,0,0,0,0,0,0,0,4,4,2.86,1.003,2,0,5,5,0.125,0.24375,0,0,0,0,0,0,0,2,5,3,2.985,0.985,2,10.48758621,34.76333333,24.27574713,28.91343132,6.061627506,34.76333333,0,0.464,0.464,0.398605,0.065395,0.464,0,0.000310121,0.000310121,7.75E-06,1.51E-05,0,152,225,73,185.94,35.5352,152
Ge0.96Mn0.02Sb0.02Te,700,1.786,Ge0.96 Mn0.02 Sb0.02 Te1,25,52,27,42.12,10.0576,52,52,90,38,84.29,5.7242,90,54.938045,127.6,72.661955,100.4341804,27.59233594,127.6,722.66,1519,796.34,967.0298,245.634796,722.66,7,16,9,14.94,1.0612,16,4,5,1,4.51,0.4998,5,120,139,19,129.38,9.0048,138,1.55,2.1,0.55,2.0508,0.0492,2.1,2,2,0,2,0,2,0,4,4,2.99,1.0102,4,5,10,5,9.95,0.099,10,0,0,0,0,0,0,7,16,9,14.94,1.0612,16,0,0,0,0,0,0,0,4,4,2.95,1.009,2,0,5,5,0.05,0.099,0,0,0,0,0,0,0,2,5,3,3,1,2,10.48758621,34.76333333,24.27574713,28.84454253,5.973099954,34.76333333,0,0.464,0.464,0.41584,0.04816,0.464,0,0.000310121,0.000310121,3.10E-06,6.14E-06,0,152,225,73,187.83,36.2666,152
GeTe,400,6.727,Ge1 Te1,32,52,20,42,10,32,79,90,11,84.5,5.5,79,72.64,127.6,54.96,100.12,27.48,72.64,722.66,1211.4,488.74,967.03,244.37,722.66,14,16,2,15,1,14,4,5,1,4.5,0.5,4,120,138,18,129,9,120,2.01,2.1,0.09,2.055,0.045,2.01,2,2,0,2,0,2,2,4,2,3,1,2,10,10,0,10,0,10,0,0,0,0,0,0,14,16,2,15,1,14,0,0,0,0,0,0,2,4,2,3,1,2,0,0,0,0,0,0,0,0,0,0,0,0,2,4,2,3,1,2,23.005,34.76333333,11.75833333,28.88416667,5.879166667,23.005,0.383,0.464,0.081,0.4235,0.0405,0.383,0,0,0,0,0,0,152,225,73,188.5,36.5,152
Cu26Ti2Sb3Ge3S32,700,1.459,Cu26 Ti2 Sb3 Ge3 S32,16,51,35,23.62121212,7.488521579,16,43,88,45,76.63636364,11.99449036,88,32.065,121.76,89.695,50.86681818,18.41387328,32.065,388.36,1941,1552.64,878.1375758,474.935831,388.36,4,16,12,13.53030303,2.571166208,16,3,5,2,3.560606061,0.543617998,3,105,160,55,119.530303,14.08999082,105,1.54,2.58,1.04,2.230606061,0.338806244,2.58,1,2,1,1.606060606,0.477502296,2,0,4,4,2.166666667,1.853535354,4,0,10,10,4.909090909,4.936639118,0,0,0,0,0,0,0,4,15,11,8.681818182,2.884297521,6,0,1,1,0.393939394,0.477502296,0,0,4,4,1.287878788,1.092745638,2,0,8,8,0.242424242,0.470156107,0,0,0,0,0,0,0,1,8,7,1.924242424,0.728191001,2,11.07,31.56,20.49,19.84962121,7.108769513,25.786875,0,2.202,2.202,1.085045455,1.083107438,2.202,0,2.25E-05,2.25E-05,6.83E-07,1.32E-06,0,70,225,155,146.2272727,73.91735537,70
Ca3.3Yb1.5Sm0.2Al2Sb6,800,1.285,Ca3.3 Yb1.5 Sm0.2 Al2 Sb6,13,70,57,39.64615385,18.17301775,51,7,85,78,57.09230769,30.6556213,85,26.9815386,173.054,146.0724614,92.80257517,47.02048788,121.76,903.78,1345,441.22,990.4707692,97.56094675,903.78,2,15,13,9.823076923,5.756213018,15,3,6,3,4.569230769,0.77183432,5,121,198,77,152.0692308,21.62366864,139,1,2.05,1.05,1.611076923,0.405159763,2.05,2,2,0,2,0,2,0,3,3,1.538461538,1.349112426,3,0,10,10,4.615384615,4.970414201,10,0,14,14,1.707692308,2.968757396,0,2,16,14,9.861538462,6.159763314,15,0,0,0,0,0,0,0,5,5,2.153846154,1.656804734,3,0,0,0,0,0,0,0,8,8,0.123076923,0.242366864,0,0,8,8,2.276923077,1.681420118,3,16.48,37.77,21.29,31.13746154,4.509988166,31.56,0,0,0,0,0,0,0,0,0,0,0,0,166,225,59,196.8615385,29.43715976,166
Cu1.55S,400,4.55,Cu1.55 S1,16,29,13,23.90196078,6.197616301,29,64,88,24,73.41176471,11.44175317,64,32.065,63.546,31.481,51.2005098,15.00824298,63.546,388.36,1357.77,969.41,977.6092157,462.1562476,1357.77,11,16,5,12.96078431,2.383698577,11,3,4,1,3.607843137,0.476739715,4,105,132,27,121.4117647,12.87197232,132,1.9,2.58,0.68,2.166666667,0.324183007,1.9,1,2,1,1.392156863,0.476739715,1,0,4,4,1.568627451,1.906958862,0,0,10,10,6.078431373,4.767397155,10,0,0,0,0,0,0,6,11,5,9.039215686,2.383698577,11,0,1,1,0.607843137,0.476739715,1,0,2,2,0.784313725,0.953479431,0,0,0,0,0,0,0,0,0,0,0,0,0,1,2,1,1.392156863,0.476739715,1,11.07,25.786875,14.716875,16.84132353,7.0161188,11.07,0,2.202,2.202,0.863529412,1.049780854,0,0,0,0,0,0,0,70,225,155,164.2156863,73.8946559,225
Yb10Ca3BaMgSb11,700,0.614,Yb10 Ca3 Ba1 Mg1 Sb11,12,70,58,53.42307692,12.94970414,51,7,85,78,54.73076923,26.63313609,85,24.305,173.054,148.749,128.9140769,34.60093491,121.76,903.78,1115,211.22,1004.983846,92.32384615,903.78,2,15,13,7.884615385,6.020710059,15,3,6,3,5.230769231,0.650887574,5,139,215,76,164.7307692,23.59763314,139,0.89,2.05,1.16,1.551923077,0.421449704,2.05,2,2,0,2,0,2,0,3,3,1.269230769,1.464497041,3,0,10,10,4.230769231,4.881656805,10,0,14,14,5.384615385,6.627218935,0,2,16,14,12.88461538,4.186390533,15,0,0,0,0,0,0,0,3,3,1.269230769,1.464497041,3,0,0,0,0,0,0,0,0,0,0,0,0,0,3,3,1.269230769,1.464497041,3,22.89,63.59,40.7,34.15961538,3.09704142,31.56,0,0,0,0,0,0,0,0,0,0,0,0,166,229,63,199,28.30769231,166
Sn0.92Ge0.04As0.04Te,600,5.233,Sn0.92 Ge0.04 As0.04 Te1,32,52,20,50.3,1.7,52,79,90,11,85.06,4.94,90,72.64,127.6,54.96,121.357832,6.242168,127.6,505.08,1211.4,706.32,639.6948,123.845616,722.66,14,16,2,15.02,0.98,16,4,5,1,4.96,0.0768,5,119,139,20,137.72,1.4576,138,1.96,2.18,0.22,2.0354,0.070384,2.1,2,2,0,2,0,2,2,4,2,3.02,0.98,4,10,10,0,10,0,10,0,0,0,0,0,0,14,16,2,15.02,0.98,16,0,0,0,0,0,0,2,4,2,2.98,0.98,2,0,0,0,0,0,0,0,0,0,0,0,0,2,4,2,2.98,0.98,2,22.175,34.76333333,12.58833333,33.59636667,1.166966667,34.76333333,0,0.464,0.464,0.23966,0.2300736,0.464,0,0,0,0,0,0,141,225,84,148.68,7.0656,152
Cu5.133Sn1.866S6.65Cl0.35,500,1.688,Cu5.133 Sn1.866 S6.65 Cl0.35,16,50,34,25.32373741,9.274399867,16,64,94,30,78.28359169,10.47470192,88,32.065,118.71,86.645,55.24218001,23.00942354,32.065,171.6,1357.77,1186.17,753.9514744,442.8031276,388.36,11,17,6,13.92506608,2.145062386,16,3,5,2,3.633259519,0.633304755,3,102,139,37,119.3570969,14.50813323,105,1.9,3.16,1.26,2.262523037,0.346501713,2.58,1,2,1,1.633330952,0.464445714,2,0,5,5,2.291735124,1.758390475,4,0,10,10,4.999642832,4.999999974,0,0,0,0,0,0,0,6,14,8,8.924708908,2.874914259,6,0,1,1,0.366669048,0.464445714,0,0,4,4,1.508250589,1.13147196,2,0,0,0,0,0,0,0,0,0,0,0,0,1,4,3,1.874919637,0.685361007,2,11.07,33.285,22.215,21.35788012,7.544494412,25.786875,0,2.493,2.493,1.108354168,1.108274994,2.202,0,0,0,0,0,0,64,225,161,136.1476534,66.4524,70
Cu5Sn2S6.65Cl0.35,400,2.4,Cu5 Sn2 S6.65 Cl0.35,16,50,34,25.525,9.475,16,64,94,30,78.43571429,10.31122449,88,32.065,118.71,86.645,55.77077143,23.53637143,32.065,171.6,1357.77,1186.17,745.8331429,437.0977551,388.36,11,17,6,13.95357143,2.109693878,16,3,5,2,3.642857143,0.642857143,3,102,139,37,119.425,14.575,105,1.9,3.16,1.26,2.263071429,0.345928571,2.58,1,2,1,1.642857143,0.459183673,2,0,5,5,2.310714286,1.739285714,4,0,10,10,5,5,0,0,0,0,0,0,0,6,14,8,8.953571429,2.903571429,6,0,1,1,0.357142857,0.459183673,0,0,4,4,1.546428571,1.131913265,2,0,0,0,0,0,0,0,0,0,0,0,0,1,4,3,1.903571429,0.690586735,2,11.07,33.285,22.215,21.56977455,7.499838967,25.786875,0,2.493,2.493,1.108275,1.108275,2.202,0,0,0,0,0,0,64,225,161,135.35,65.65,70
Ba7.97Ga15.95Sn30.09,500,0.901,Ba7.97 Ga15.95 Sn30.09,31,56,25,45.27439363,8.430904588,50,9,80,71,67.75097204,17.3392056,80,69.723,137.327,67.604,106.9905932,22.01140944,118.71,302.91,1000,697.09,518.4090298,142.1321989,505.08,2,14,12,11.93390113,2.931797519,14,4,6,2,4.852249583,0.503365334,5,122,215,93,145.1945936,20.60170669,139,0.89,1.96,1.07,1.757807813,0.256116581,1.96,2,2,0,2,0,2,0,2,2,1.409553786,0.65789767,2,0,10,10,8.524347343,2.515795161,10,0,0,0,0,0,0,2,14,12,11.93390113,2.931797519,14,0,0,0,0,0,0,0,5,5,3.70505462,1.093474739,4,0,0,0,0,0,0,0,0,0,0,0,0,0,5,5,3.70505462,1.093474739,4,18.8575,63.59,44.7325,33.49629837,8.881570153,33.285,0,0,0,0,0,0,0,0,0,0,0,0,64,229,165,131.2464358,39.71785417,141
Ba8.01Ga15.89Zn0.006Sn30.1,500,0.908,Ba8.01 Ga15.89 Zn0.006 Sn30.1,30,56,26,45.29737437,8.416733804,50,9,80,71,67.7029219,17.41326536,80,65.38,137.327,71.947,107.0520131,21.9756342,118.71,302.91,1000,697.09,519.0220342,142.7128635,505.08,2,14,12,11.92574899,2.944311722,14,4,6,2,4.853979187,0.502716482,5,122,215,93,145.2683406,20.68476066,139,0.89,1.96,1.07,1.757132541,0.257244545,1.96,2,2,0,2,0,2,0,2,2,1.408917528,0.658874289,2,0,10,10,8.516831463,2.526379292,10,0,0,0,0,0,0,2,14,12,11.92574899,2.944311722,14,0,0,0,0,0,0,0,5,5,3.700514758,1.098519657,4,0,0,0,0,0,0,0,0,0,0,0,0,0,5,5,3.700514758,1.098519657,4,13.96,63.59,49.63,33.53264147,8.916025696,33.285,0,0,0,0,0,0,0,0,0,0,0,0,64,229,165,131.4023257,39.66310983,141
Ba0.5Cr5Se8,500,1.278,Ba0.5 Cr5 Se8,24,56,32,31.11111111,5.267489712,34,9,89,80,71.22222222,21.06995885,89,51.9961,137.327,85.3309,71.13511111,14.17704527,78.96,494,2180,1686,1137.185185,772.4554184,494,2,16,14,11.77777778,5.004115226,16,4,6,2,4.074074074,0.14266118,4,120,215,95,130.5555556,12.51028807,120,0.89,2.55,1.66,2.158888889,0.463539095,2.55,1,2,1,1.62962963,0.466392318,2,0,4,4,2.37037037,1.931412894,4,0,10,10,7.777777778,2.633744856,10,0,0,0,0,0,0,2,16,14,11.77777778,5.004115226,16,0,1,1,0.37037037,0.466392318,0,0,2,2,1.185185185,0.965706447,2,0,5,5,1.851851852,2.331961591,0,0,0,0,0,0,0,0,6,6,3.407407407,1.920438957,2,11.19,63.59,52.4,21.85962963,7.903429355,25.92,0,0.799,0.799,0.473481481,0.385799726,0.799,0,0,0,0,0,0,14,229,215,101.5925926,103.8134431,14
Ge0.55Pb0.45Te,700,1.77,Ge0.55 Pb0.45 Te1,32,82,50,53.25,12.9375,52,79,90,11,84.95,5.05,90,72.64,207.2,134.56,130.396,34.5618,127.6,600.61,1211.4,610.79,829.60225,209.9887625,722.66,14,16,2,15,1,16,4,6,2,4.95,0.5225,5,120,146,26,134.85,8.1675,138,2.01,2.33,0.32,2.127,0.09135,2.1,2,2,0,2,0,2,2,4,2,3,1,4,10,10,0,10,0,10,0,14,14,3.15,4.8825,0,14,28,14,18.15,4.4325,16,0,0,0,0,0,0,2,4,2,3,1,2,0,0,0,0,0,0,0,0,0,0,0,0,2,4,2,3,1,2,23.005,34.76333333,11.75833333,30.03279167,4.730541667,34.76333333,0,0.464,0.464,0.337325,0.15179625,0.464,0,0,0,0,0,0,152,225,73,188.5,36.5,152
Ge0.55Pb0.45Te0.3Se0.7,700,0.616,Ge0.55 Pb0.45 Te0.3 Se0.7,32,82,50,46.95,17.2875,34,79,90,11,84.6,4.7,89,72.64,207.2,134.56,113.372,46.491,78.96,494,1211.4,717.4,749.57125,254.0058125,494,14,16,2,15,1,16,4,6,2,4.6,0.75,4,120,146,26,128.55,10.6875,120,2.01,2.55,0.54,2.2845,0.206325,2.55,2,2,0,2,0,2,2,4,2,3,1,4,10,10,0,10,0,10,0,14,14,3.15,4.8825,0,14,28,14,18.15,4.4325,16,0,0,0,0,0,0,2,4,2,3,1,2,0,0,0,0,0,0,0,0,0,0,0,0,2,4,2,3,1,2,23.005,34.76333333,11.75833333,26.937625,2.87528125,25.92,0,0.799,0.799,0.454575,0.243925,0.799,0,0,0,0,0,0,14,225,211,140.2,88.34,14
ZrNiPb,500,5.768,Zr1 Ni1 Pb1,28,82,54,50,21.33333333,28,44,81,37,62,12.66666667,44,58.6934,207.2,148.5066,119.0391333,58.77391111,58.6934,600.61,2128,1527.39,1485.536667,589.9511111,600.61,4,14,10,9.333333333,3.555555556,4,4,6,2,5,0.666666667,4,124,175,51,148.3333333,17.77777778,124,1.33,2.33,1,1.856666667,0.351111111,1.33,2,2,0,2,0,2,0,2,2,0.666666667,0.888888889,0,2,10,8,6.666666667,3.111111111,2,0,14,14,4.666666667,6.222222222,0,4,28,24,14,9.333333333,4,0,0,0,0,0,0,0,4,4,1.333333333,1.777777778,0,0,8,8,3.333333333,3.111111111,0,0,0,0,0,0,0,2,8,6,4.666666667,2.222222222,2,10.32,28.11,17.79,20.54166667,6.814444444,10.32,0,0,0,0,0,0,0,0.5953947,0.5953947,0.1984649,0.264619867,0,194,225,31,214.6666667,13.77777778,194
ZrNiPb0.94Sn0.4Bi0.02,700,5.309,Zr1 Ni1 Pb0.94 Sn0.4 Bi0.02,28,83,55,49.625,18.60119048,28,44,86,42,63.94642857,13.62670068,44,58.6934,208.9804,150.287,117.9610143,51.19323129,58.6934,505.08,2128,1622.92,1379.015893,653.5525085,1728,4,15,11,9.839285714,3.475765306,4,4,6,2,4.988095238,0.588151927,4,124,175,51,147.2619048,16.51955782,124,1.33,2.33,1,1.861488095,0.316361961,1.33,2,2,0,2,0,2,0,3,3,0.81547619,0.970804989,0,2,10,8,7.023809524,2.990362812,2,0,14,14,4,5.714285714,0,4,29,25,13.83928571,8.142006803,4,0,0,0,0,0,0,0,4,4,1.613095238,1.920351474,0,0,8,8,2.976190476,2.990362812,2,0,0,0,0,0,0,2,8,6,4.589285714,2.030187075,2,10.32,33.285,22.965,21.99744048,6.950857426,10.32,0,0,0,0,0,0,0,0.5953947,0.5953947,0.177200804,0.248924938,0,12,225,213,204.5059524,23.66574546,194
ZrNiPb0.98Bi0.02,800,7.11,Zr1 Ni1 Pb0.98 Bi0.02,28,83,55,50.00666667,21.34222222,28,44,86,42,62.03333333,12.71111111,44,58.6934,208.9804,150.287,119.0510027,58.78973689,58.6934,544.4,2128,1583.6,1485.161933,590.4507556,1728,4,15,11,9.34,3.56,4,4,6,2,5,0.666666667,4,124,175,51,148.3466667,17.76888889,124,1.33,2.33,1,1.8546,0.349733333,1.33,2,2,0,2,0,2,0,3,3,0.673333333,0.897777778,0,2,10,8,6.666666667,3.111111111,2,0,14,14,4.666666667,6.222222222,0,4,29,25,14.00666667,9.342222222,4,0,0,0,0,0,0,0,4,4,1.326666667,1.768888889,0,0,8,8,3.333333333,3.111111111,2,0,0,0,0,0,0,2,8,6,4.66,2.226666667,2,10.32,32.95,22.63,20.57393333,6.835955556,10.32,0,0,0,0,0,0,0,0.5953947,0.5953947,0.1984649,0.264619867,0,12,225,213,213.2466667,15.5144,194
Cu12Sb4S13,700,0.448,Cu12 Sb4 S13,16,51,35,26.20689655,9.151010702,16,64,88,24,77.65517241,11.30083234,88,32.065,121.76,89.695,57.46334483,22.77092985,32.065,388.36,1357.77,969.41,860.5875862,423.3764566,388.36,11,16,5,13.79310345,2.311533888,16,3,5,2,3.689655172,0.618311534,3,105,139,34,120.862069,14.22116528,105,1.9,2.58,0.68,2.225517241,0.317812128,2.58,1,2,1,1.586206897,0.485136742,2,0,4,4,2.206896552,1.826397146,4,0,10,10,5.517241379,4.946492271,0,0,0,0,0,0,0,6,15,9,9.310344828,2.967895363,6,0,1,1,0.413793103,0.485136742,0,0,3,3,1.310344828,1.084423306,2,0,0,0,0,0,0,0,0,0,0,0,0,1,3,2,1.724137931,0.599286564,2,11.07,31.56,20.49,20.49342672,7.798697979,25.786875,0,2.202,2.202,0.987103448,1.089217598,2.202,0,0,0,0,0,0,70,225,155,147.3793103,69.3745541,70
K0.975Ba0.025GaSb4,500,0.796,K0.975 Ba0.025 Ga1 Sb4,19,56,37,42.4875,11.46260417,51,3,85,82,69.525,22.125,85,39.0983,137.327,98.2287,99.71950292,29.70072525,121.76,302.91,1000,697.09,711.8577917,258.2974628,903.78,1,15,14,12.3375,3.770833333,15,4,6,2,4.675,0.444375,5,122,215,93,146.8833333,18.80555556,139,0.82,2.05,1.23,1.805291667,0.327847222,2.05,1,2,1,1.8375,0.2721875,2,0,3,3,2.166666667,1.111111111,3,0,10,10,8.333333333,2.777777778,10,0,0,0,0,0,0,1,15,14,12.3375,3.770833333,15,0,1,1,0.1625,0.2721875,0,0,5,5,2.833333333,0.944444444,3,0,0,0,0,0,0,0,0,0,0,0,0,0,5,5,2.995833333,0.673611111,3,18.8575,73.10666667,54.24916667,36.32770833,12.18034722,31.56,0,0,0,0,0,0,0,0,0,0,0,0,64,229,165,159.5,31.83333333,166
Ag0.01Sn0.99Se,400,0.407,Ag0.01 Sn0.99 Se1,34,50,16,41.985,7.985,34,65,89,24,84.425,4.575,89,78.96,118.71,39.75,98.780791,19.820791,78.96,494,1234.93,740.93,503.18925,9.18925,494,11,16,5,14.985,1.015,16,4,5,1,4.5,0.5,4,120,145,25,129.53,9.53,120,1.93,2.55,0.62,2.25485,0.29515,2.55,1,2,1,1.995,0.00995,2,0,4,4,2.99,1.01,4,10,10,0,10,0,10,0,0,0,0,0,0,11,16,5,14.985,1.015,16,0,1,1,0.005,0.00995,0,0,4,4,2.98,1.0098,2,0,0,0,0,0,0,0,0,0,0,0,0,1,4,3,2.985,1.00485,2,16.33,33.285,16.955,29.517725,3.72960225,25.92,0,0.799,0.799,0.3995,0.3995,0.799,0,0,0,0,0,0,14,225,211,77.92,63.92,14
Cu2Se,500,1.13,Cu2 Se1,29,34,5,30.66666667,2.222222222,29,64,89,25,72.33333333,11.11111111,64,63.546,78.96,15.414,68.684,6.850666667,63.546,494,1357.77,863.77,1069.846667,383.8977778,1357.77,11,16,5,12.66666667,2.222222222,11,4,4,0,4,0,4,120,132,12,128,5.333333333,132,1.9,2.55,0.65,2.116666667,0.288888889,1.9,1,2,1,1.333333333,0.444444444,1,0,4,4,1.333333333,1.777777778,0,10,10,0,10,0,10,0,0,0,0,0,0,11,16,5,12.66666667,2.222222222,11,0,1,1,0.666666667,0.444444444,1,0,2,2,0.666666667,0.888888889,0,0,0,0,0,0,0,0,0,0,0,0,0,1,2,1,1.333333333,0.444444444,1,11.07,25.92,14.85,16.02,6.6,11.07,0,0.799,0.799,0.266333333,0.355111111,0,0,0,0,0,0,0,14,225,211,154.6666667,93.77777778,225
Cu2Se0.88S0.12,400,0.29,Cu2 Se0.88 S0.12,16,34,18,29.94666667,2.377955556,29,64,89,25,72.29333333,11.05777778,64,32.065,78.96,46.895,66.8082,7.129056,63.546,388.36,1357.77,969.41,1065.621067,389.5319111,1357.77,11,16,5,12.66666667,2.222222222,11,3,4,1,3.96,0.0768,4,105,132,27,127.4,6.133333333,132,1.9,2.58,0.68,2.117866667,0.290488889,1.9,1,2,1,1.333333333,0.444444444,1,0,4,4,1.333333333,1.777777778,0,0,10,10,9.6,0.768,10,0,0,0,0,0,0,6,16,10,12.26666667,2.190222222,11,0,1,1,0.666666667,0.444444444,1,0,2,2,0.666666667,0.888888889,0,0,0,0,0,0,0,0,0,0,0,0,0,1,2,1,1.333333333,0.444444444,1,11.07,25.92,14.85,16.014675,6.5929,11.07,0,2.202,2.202,0.322453333,0.429937778,0,0,0,0,0,0,0,14,225,211,156.9066667,90.79111111,225
Mg3.07Sb1.5Bi0.44Se0.06,400,0.793,Mg3.07 Sb1.5 Bi0.44 Se0.06,12,83,71,29.96055227,21.75104358,12,68,89,21,74.84023669,8.283836934,68,24.305,208.9804,184.6754,69.81170138,55.11067978,24.305,494,923,429,879.3798817,67.26388198,923,2,16,14,7.140039448,6.224820949,2,3,6,3,3.863905325,1.04622854,3,120,148,28,140.7672584,1.537247762,141,1.31,2.55,1.24,1.605226824,0.357533077,1.31,2,2,0,2,0,2,0,4,4,1.195266272,1.447521679,0,0,10,10,3.944773176,4.77729927,0,0,14,14,1.214990138,2.219094414,0,2,29,27,8.355029586,7.696229124,2,0,0,0,0,0,0,0,3,3,1.171597633,1.418857883,0,0,0,0,0,0,0,0,0,0,0,0,0,0,3,3,1.171597633,1.418857883,0,22.89,32.95,10.06,26.36400394,4.217685344,22.89,0,0.799,0.799,0.009455621,0.018687441,0,0,0,0,0,0,0,12,194,182,167.790927,31.74037635,194
Cr1.99Fe0.01Ge2Te6,500,0.724,Cr1.99 Fe0.01 Ge2 Te6,24,52,28,42.402,11.5176,52,49,90,41,79.606,12.4728,90,51.9961,127.6,75.6039,101.4910689,31.33071732,127.6,722.66,2180,1457.34,1111.507,466.6164,722.66,6,16,10,13.602,3.0368,16,4,5,1,4.6,0.48,5,120,139,19,134.593,5.842386,138,1.66,2.1,0.44,1.99417,0.133328,2.1,1,2,1,1.801,0.318798,2,0,4,4,2.8,1.44,4,5,10,5,9.001,1.5984,10,0,0,0,0,0,0,6,16,10,13.602,3.0368,16,0,1,1,0.199,0.318798,0,0,4,4,2,0.8,2,0,5,5,0.999,1.5984,0,0,0,0,0,0,0,2,6,4,3.198,1.4376,2,10.73,34.76333333,24.03333333,27.69654,8.480152,34.76333333,0,0.464,0.464,0.355,0.142,0.464,0,2.1106628,2.1106628,0.002110663,0.004217104,0,152,229,77,182,36,152
Cr2Ge2Te6,600,0.681,Cr2 Ge2 Te6,24,52,28,42.4,11.52,52,49,90,41,79.6,12.48,90,51.9961,127.6,75.6039,101.48722,31.335336,127.6,722.66,2180,1457.34,1111.876,467.0592,722.66,6,16,10,13.6,3.04,16,4,5,1,4.6,0.48,5,120,139,19,134.6,5.84,138,1.66,2.1,0.44,1.994,0.1336,2.1,1,2,1,1.8,0.32,2,0,4,4,2.8,1.44,4,5,10,5,9,1.6,10,0,0,0,0,0,0,6,16,10,13.6,3.04,16,0,1,1,0.2,0.32,0,0,4,4,2,0.8,2,0,5,5,1,1.6,0,0,0,0,0,0,0,2,6,4,3.2,1.44,2,11.19,34.76333333,23.57333333,27.697,8.4796,34.76333333,0,0.464,0.464,0.355,0.142,0.464,0,0,0,0,0,0,152,229,77,182,36,152
Ti0.925Mn0.075NiSn0.925Sb0.075,700,5.966,Ti0.925 Mn0.075 Ni1 Sn0.925 Sb0.075,22,51,29,33.43333333,11.09444444,28,43,85,42,61.68333333,12.46111111,61,47.867,121.76,73.893,75.34315946,29.06372703,58.6934,505.08,1941,1435.92,1390.7775,570.53,1728,4,15,11,9.433333333,3.472222222,10,4,5,1,4.333333333,0.444444444,4,124,160,36,140.475,12.04041667,124,1.54,2.05,0.51,1.805833333,0.176722222,1.91,2,2,0,2,0,2,0,3,3,0.691666667,0.922222222,0,2,10,8,6.741666667,3.011111111,8,0,0,0,0,0,0,4,15,11,9.433333333,3.472222222,10,0,0,0,0,0,0,0,4,4,1.308333333,1.744444444,0,0,8,8,3.258333333,3.011111111,2,0,0,0,0,0,0,2,8,6,4.566666667,2.138888889,2,10.32,33.285,22.965,19.90014799,8.836984674,10.32,0,0,0,0,0,0,0,0.5953947,0.5953947,0.198479601,0.264610066,0.5953947,141,225,84,187.8666667,29.99444444,225
TiNiSn,500,5.087,Ti1 Ni1 Sn1,22,50,28,33.33333333,11.11111111,22,43,80,37,61.33333333,12.44444444,43,47.867,118.71,70.843,75.09013333,29.07991111,47.867,505.08,1941,1435.92,1391.36,590.8533333,505.08,4,14,10,9.333333333,3.555555556,4,4,5,1,4.333333333,0.444444444,4,124,160,36,141,12.66666667,124,1.54,1.96,0.42,1.803333333,0.175555556,1.54,2,2,0,2,0,2,0,2,2,0.666666667,0.888888889,0,2,10,8,6.666666667,3.111111111,2,0,0,0,0,0,0,4,14,10,9.333333333,3.555555556,4,0,0,0,0,0,0,0,4,4,1.333333333,1.777777778,0,0,8,8,3.333333333,3.111111111,0,0,0,0,0,0,0,2,8,6,4.666666667,2.222222222,2,10.32,33.285,22.965,20.09833333,8.791111111,10.32,0,0,0,0,0,0,0,0.5953947,0.5953947,0.198472411,0.264614859,0,141,225,84,186.6666667,30.44444444,141
BaBiTe2.95Se0.05,500,0.41,Ba1 Bi1 Te2.95 Se0.05,34,83,49,58.82,9.672,52,9,90,81,72.99,25.596,90,78.96,208.9804,130.0204,145.33508,25.458128,127.6,494,1000,506,740.1894,103.92424,722.66,2,16,14,13,4.4,16,4,6,2,5.39,0.488,5,120,215,95,155.22,23.912,138,0.89,2.55,1.66,1.8465,0.3826,2.1,2,2,0,2,0,2,0,4,4,3,1.2,4,0,10,10,8,3.2,10,0,14,14,2.8,4.48,0,2,29,27,15.8,5.52,16,0,0,0,0,0,0,0,3,3,1.8,0.72,2,0,0,0,0,0,0,0,0,0,0,0,0,0,3,3,1.8,0.72,2,25.92,63.59,37.67,40.07756667,9.404973333,34.76333333,0,0.799,0.799,0.28175,0.2254,0.464,0,0,0,0,0,0,12,229,217,138.02,52.8884,152
CoAsSb,600,3.467,Co1 As1 Sb1,27,51,24,37,9.333333333,27,58,85,27,75.66666667,11.77777778,58,58.933195,121.76,62.826805,85.20493167,24.37004556,58.933195,903.78,1768,864.22,1253.926667,342.7155556,903.78,9,15,6,13,2.666666667,9,4,5,1,4.333333333,0.444444444,4,119,139,20,128,7.333333333,119,1.88,2.18,0.3,2.036666667,0.104444444,1.88,2,2,0,2,0,2,0,3,3,2,1.333333333,0,7,10,3,9,1.333333333,7,0,0,0,0,0,0,9,15,6,13,2.666666667,9,0,0,0,0,0,0,0,3,3,2,1.333333333,0,0,3,3,1,1.333333333,0,0,0,0,0,0,0,3,3,0,3,0,3,10.245,31.56,21.315,21.32666667,7.387777778,10.245,0,0,0,0,0,0,0,1.5484712,1.5484712,0.516157067,0.688209422,0,166,194,28,175.3333333,12.44444444,166
YbCd1.4Zn0.6Sb2,600,1.244,Yb1 Cd1.4 Zn0.6 Sb2,30,70,40,51.44,7.424,51,39,85,46,69.68,12.4352,85,65.38,173.054,107.674,122.63548,20.167408,121.76,594.22,1092,497.78,829.4152,164.52576,903.78,3,15,12,11.4,3.36,15,4,6,2,5.08,0.368,5,122,187,65,147.96,15.616,139,1.26,2.05,0.79,1.7432,0.24544,2.05,2,2,0,2,0,2,0,3,3,1.2,1.44,3,0,10,10,8,3.2,10,0,14,14,2.8,4.48,0,12,16,4,14,1.6,15,0,0,0,0,0,0,0,3,3,1.2,1.44,3,0,0,0,0,0,0,0,0,0,0,0,0,0,3,3,1.2,1.44,3,13.96,34.12,20.16,26.5818,6.99784,31.56,0,0,0,0,0,0,0,0,0,0,0,0,166,225,59,189,18.4,166
YbCd2Sb2,400,1.448,Yb1 Cd2 Sb2,48,70,22,53.6,6.56,48,39,85,46,69.8,12.32,70,112.411,173.054,60.643,128.2792,17.90992,112.411,594.22,1092,497.78,817.6,178.704,594.22,3,15,12,11.4,3.36,12,5,6,1,5.2,0.32,5,139,187,48,150.6,14.56,139,1.26,2.05,0.79,1.748,0.2416,1.69,2,2,0,2,0,2,0,3,3,1.2,1.44,0,0,10,10,8,3.2,10,0,14,14,2.8,4.48,0,12,16,4,14,1.6,12,0,0,0,0,0,0,0,3,3,1.2,1.44,0,0,0,0,0,0,0,0,0,0,0,0,0,0,3,3,1.2,1.44,0,19.495,34.12,14.625,27.246,6.2008,19.495,0,0,0,0,0,0,0,0,0,0,0,0,166,225,59,189,18.4,166
Ge12Sb2Te15,500,1.504,Ge12 Sb2 Te15,32,52,20,43.65517241,9.645659929,52,79,90,11,85.10344828,5.065398335,90,72.64,127.6,54.96,104.4551724,26.32979786,127.6,722.66,1211.4,488.74,937.3882759,226.7683234,722.66,14,16,2,15.10344828,0.927467301,16,4,5,1,4.586206897,0.485136742,5,120,139,19,130.6206897,8.789536266,138,2.01,2.1,0.09,2.059310345,0.042092747,2.1,2,2,0,2,0,2,2,4,2,3.103448276,0.927467301,4,10,10,0,10,0,10,0,0,0,0,0,0,14,16,2,15.10344828,0.927467301,16,0,0,0,0,0,0,2,4,2,2.896551724,0.927467301,2,0,0,0,0,0,0,0,0,0,0,0,0,2,4,2,2.896551724,0.927467301,2,23.005,34.76333333,11.75833333,29.67689655,5.52156956,34.76333333,0,0.464,0.464,0.398482759,0.067776457,0.464,0,0,0,0,0,0,152,225,73,183.1724138,34.61593341,152
Ge4Sb2Te7,600,1.785,Ge4 Sb2 Te7,32,52,20,45.69230769,8.426035503,52,79,90,11,85.84615385,4.473372781,90,72.64,127.6,54.96,109.7907692,22.86201183,127.6,722.66,1211.4,488.74,900.9061538,191.9573964,722.66,14,16,2,15.23076923,0.828402367,16,4,5,1,4.692307692,0.426035503,5,120,139,19,132.6153846,7.763313609,138,2.01,2.1,0.09,2.064615385,0.038106509,2.1,2,2,0,2,0,2,2,4,2,3.230769231,0.828402367,4,10,10,0,10,0,10,0,0,0,0,0,0,14,16,2,15.23076923,0.828402367,16,0,0,0,0,0,0,2,4,2,2.769230769,0.828402367,2,0,0,0,0,0,0,0,0,0,0,0,0,2,4,2,2.769230769,0.828402367,2,23.005,34.76333333,11.75833333,30.6525641,4.706193294,34.76333333,0,0.464,0.464,0.367692308,0.113136095,0.464,0,0,0,0,0,0,152,225,73,176.6153846,29.77514793,152
Li2Ge11Sb2Te15,600,1.737,Li2 Ge11 Sb2 Te15,3,52,49,41.33333333,11.95555556,52,1,90,89,79.7,11.00666667,90,6.941,127.6,120.659,99.01473333,31.61796889,127.6,453.69,1211.4,757.71,896.008,232.3237333,722.66,1,16,15,14.2,1.906666667,16,2,5,3,4.433333333,0.642222222,5,120,139,19,130.8,8.293333333,138,0.98,2.1,1.12,1.989,0.134533333,2.1,1,2,1,1.933333333,0.124444444,2,0,4,4,2.933333333,1.075555556,4,0,10,10,9.333333333,1.244444444,10,0,0,0,0,0,0,1,16,15,14.2,1.906666667,16,0,1,1,0.066666667,0.124444444,0,0,4,4,2.666666667,1.022222222,2,0,0,0,0,0,0,0,0,0,0,0,0,1,4,3,2.733333333,0.964444444,2,16.59333333,34.76333333,18.17,29.02705556,6.074003704,34.76333333,0,0.464,0.464,0.372433333,0.099315556,0.464,0,0,0,0,0,0,152,229,77,184.8333333,35.34444444,152
Nd2.78Te4,500,1.234,Nd2.78 Te4,52,60,8,55.28023599,3.870484942,52,19,90,71,60.8879056,34.35055386,90,127.6,144.242,16.642,134.4237109,8.0515763,127.6,722.66,1294,571.34,956.9262537,276.4203583,722.66,3,16,13,10.66961652,6.28953803,16,5,6,1,5.410029499,0.483810618,5,138,201,63,163.8318584,30.48006892,138,1.14,2.1,0.96,1.706371681,0.464458193,2.1,2,2,0,2,0,2,0,4,4,2.359882006,1.935242471,4,0,10,10,5.899705015,4.838106177,10,0,4,4,1.640117994,1.935242471,0,6,16,10,11.89970501,4.838106177,16,0,0,0,0,0,0,0,2,2,1.179941003,0.967621235,2,0,0,0,0,0,0,0,10,10,4.100294985,4.838106177,0,2,10,8,5.280235988,3.870484942,2,34.76333333,34.81,0.046666667,34.78246804,0.022577829,34.76333333,0,0.464,0.464,0.273746313,0.224488127,0.464,0,0,0,0,0,0,152,194,42,169.2212389,20.32004594,152
Ca1.14Yb3.86Al1.68In0.32Sb6,600,0.933,Ca1.14 Yb3.86 Al1.68 In0.32 Sb6,13,70,57,48.96307692,14.3747503,51,7,85,78,62.70461538,23.84662722,85,26.9815386,173.054,146.0724614,117.4083158,37.06191487,121.76,429.75,1115,685.25,970.3576615,97.60487574,903.78,2,15,13,9.989230769,5.551715976,15,3,6,3,4.950769231,0.670949112,5,121,187,66,154.2446154,23.26721893,139,1,2.05,1.05,1.659846154,0.366057278,2.05,2,2,0,2,0,2,0,3,3,1.538461538,1.349112426,3,0,10,10,4.861538462,4.99616568,10,0,14,14,4.156923077,5.845273373,0,2,16,14,12.55692308,4.321618935,15,0,0,0,0,0,0,0,5,5,2.153846154,1.656804734,3,0,0,0,0,0,0,0,0,0,0,0,0,0,5,5,2.153846154,1.656804734,3,16.48,37.77,21.29,30.7362,4.003507692,31.56,0,0,0,0,0,0,0,0,0,0,0,0,139,225,86,195.6523077,30.16039763,166
Cu2ZnSn0.95Ag0.05Se4,400,3.526,Cu2 Zn1 Sn0.95 Ag0.05 Se4,29,50,21,34.23125,3.9046875,34,64,89,25,79.03125,10.19882813,89,63.546,118.71,55.164,78.30998875,10.61449156,78.96,494,1357.77,863.77,740.7240625,314.700543,494,11,16,5,13.98125,2.023203125,16,4,5,1,4.125,0.21875,4,120,145,25,125.6625,6.578125,120,1.65,2.55,0.9,2.2010625,0.3489375,2.55,1,2,1,1.74375,0.381171875,2,0,4,4,2.2375,1.7625,4,10,10,0,10,0,10,0,0,0,0,0,0,11,16,5,13.98125,2.023203125,16,0,1,1,0.25625,0.381171875,0,0,4,4,1.475,1.1246875,2,0,0,0,0,0,0,0,0,0,0,0,0,0,4,4,1.73125,0.807578125,2,11.07,33.285,22.215,21.52715625,7.185331641,25.92,0,0.799,0.799,0.3995,0.3995,0.799,0,0,0,0,0,0,14,225,211,105.65,91.65,14
(Cu3SnS4)0.85(Ga2Te3)0.15,800,0.717,Cu2.55 Sn0.85 S3.4 Ga0.3 Te0.45,16,52,36,26.9602649,9.871496864,16,64,90,26,78.55629139,10.19481602,88,32.065,127.6,95.535,59.64287417,24.83835025,32.065,302.91,1357.77,1054.86,745.4470861,413.6221008,388.36,11,16,5,13.96688742,2.080961361,16,3,5,2,3.721854305,0.650146923,3,105,139,34,120.589404,14.04078768,105,1.81,2.58,0.77,2.221324503,0.32304548,2.58,1,2,1,1.662251656,0.4473488,2,0,4,4,2.304635762,1.729046972,4,0,10,10,5.496688742,4.950660059,0,0,0,0,0,0,0,6,16,10,9.463576159,3.119512302,6,0,1,1,0.337748344,0.4473488,0,0,5,5,1.668874172,1.127318977,2,0,0,0,0,0,0,0,0,0,0,0,0,1,5,4,2.006622517,0.686724266,2,11.07,34.76333333,23.69333333,21.92011589,7.572604052,25.786875,0,2.202,2.202,1.019284768,1.065226964,2.202,0,0,0,0,0,0,64,225,161,134.9933775,64.17893952,70
Cu26V2Ge3Sb3S32,400,1.405,Cu26 V2 Ge3 Sb3 S32,16,51,35,23.65151515,7.459136823,16,46,88,42,76.72727273,11.88980716,88,32.065,121.76,89.695,50.95998485,18.32352984,32.065,388.36,2183,1794.64,885.4709091,482.0469421,388.36,5,16,11,13.56060606,2.536271809,16,3,5,2,3.560606061,0.543617998,3,105,153,48,119.3181818,13.88429752,105,1.63,2.58,0.95,2.233333333,0.336161616,2.58,1,2,1,1.606060606,0.477502296,2,0,4,4,2.166666667,1.853535354,4,0,10,10,4.939393939,4.907254362,0,0,0,0,0,0,0,5,15,10,8.712121212,2.854912764,6,0,1,1,0.393939394,0.477502296,0,0,4,4,1.287878788,1.092745638,2,0,7,7,0.212121212,0.411386593,0,0,0,0,0,0,0,1,7,6,1.893939394,0.704315886,2,11.07,31.56,20.49,19.73810606,7.2371809,25.786875,0,2.202,2.202,1.085045455,1.083107438,2.202,0,0,0,0,0,0,70,229,159,147.2878788,74.94582185,70
Co0.95Ni0.05GeTe,700,4.893,Co0.95 Ni0.05 Ge1 Te1,27,52,25,37.01666667,9.988888889,32,58,90,32,75.71666667,11.71111111,79,58.6934,127.6,68.9066,86.38706842,27.47528772,72.64,722.66,1768,1045.34,1233.353333,355.0977778,722.66,9,16,7,13.01666667,2.644444444,14,4,5,1,4.333333333,0.444444444,4,120,138,18,127.9666667,6.688888889,120,1.88,2.1,0.22,1.997166667,0.077111111,2.01,2,2,0,2,0,2,0,4,4,2,1.333333333,2,7,10,3,9.016666667,1.311111111,10,0,0,0,0,0,0,9,16,7,13.01666667,2.644444444,14,0,0,0,0,0,0,0,4,4,2,1.333333333,2,0,3,3,0.983333333,1.311111111,0,0,0,0,0,0,0,2,4,2,2.983333333,0.688333333,2,10.245,34.76333333,24.51833333,22.67236111,8.282407407,23.005,0,0.464,0.464,0.282333333,0.188222222,0.383,0,1.5484712,1.5484712,0.500272458,0.667029944,0,152,225,73,190.85,25.9,152
CoGeTe,400,7.341,Co1 Ge1 Te1,27,52,25,37,10,27,58,90,32,75.66666667,11.77777778,58,58.933195,127.6,68.666805,86.391065,27.47262333,58.933195,722.66,1768,1045.34,1234.02,355.9866667,722.66,9,16,7,13,2.666666667,9,4,5,1,4.333333333,0.444444444,4,120,138,18,128,6.666666667,120,1.88,2.1,0.22,1.996666667,0.077777778,1.88,2,2,0,2,0,2,0,4,4,2,1.333333333,0,7,10,3,9,1.333333333,7,0,0,0,0,0,0,9,16,7,13,2.666666667,9,0,0,0,0,0,0,0,4,4,2,1.333333333,0,0,3,3,1,1.333333333,0,0,0,0,0,0,0,2,4,2,3,0.666666667,2,10.245,34.76333333,24.51833333,22.67111111,8.284074074,10.245,0,0.464,0.464,0.282333333,0.188222222,0,0,1.5484712,1.5484712,0.516157067,0.688209422,0,152,225,73,190.3333333,25.55555556,152
Ag2.0Se0.5Te0.5,400,0.666,Ag2 Se0.5 Te0.5,34,52,18,45.66666667,3.888888889,47,65,90,25,73.16666667,10.88888889,65,78.96,127.6,48.64,106.3388,9.126266667,107.8682,494,1234.93,740.93,1026.063333,278.4888889,1234.93,11,16,5,12.66666667,2.222222222,11,4,5,1,4.833333333,0.277777778,5,120,145,25,139.6666667,7.111111111,145,1.93,2.55,0.62,2.061666667,0.175555556,1.93,1,2,1,1.333333333,0.444444444,1,0,4,4,1.333333333,1.777777778,0,10,10,0,10,0,10,0,0,0,0,0,0,11,16,5,12.66666667,2.222222222,11,0,1,1,0.666666667,0.444444444,1,0,2,2,0.666666667,0.888888889,0,0,0,0,0,0,0,0,0,0,0,0,0,1,2,1,1.333333333,0.444444444,1,16.33,34.76333333,18.43333333,21.00055556,6.227407407,16.33,0,0.799,0.799,0.2105,0.280666667,0,0,0,0,0,0,0,14,225,211,177.6666667,63.11111111,225
Cu2Se0.7S0.3,400,1.389,Cu2 Se0.7 S0.3,16,34,18,28.86666667,2.573333333,29,64,89,25,72.23333333,10.97777778,64,32.065,78.96,46.895,63.9945,6.9839,63.546,388.36,1357.77,969.41,1059.282667,397.9831111,1357.77,11,16,5,12.66666667,2.222222222,11,3,4,1,3.9,0.18,4,105,132,27,126.5,7.333333333,132,1.9,2.58,0.68,2.119666667,0.292888889,1.9,1,2,1,1.333333333,0.444444444,1,0,4,4,1.333333333,1.777777778,0,0,10,10,9,1.8,10,0,0,0,0,0,0,6,16,10,11.66666667,2.022222222,11,0,1,1,0.666666667,0.444444444,1,0,2,2,0.666666667,0.888888889,0,0,0,0,0,0,0,0,0,0,0,0,0,1,2,1,1.333333333,0.444444444,1,11.07,25.92,14.85,16.0066875,6.58225,11.07,0,2.202,2.202,0.406633333,0.542177778,0,0,0,0,0,0,0,14,225,211,160.2666667,86.31111111,225
Cu2.075Sn0.925S3,500,3.271,Cu2.075 Sn0.925 S3,16,50,34,25.7375,9.7375,16,64,88,24,78.46666667,10.00611111,88,32.065,118.71,86.645,56.30995,24.24495,32.065,388.36,1357.77,969.41,741.608625,426.1782844,388.36,11,16,5,13.9625,2.0490625,16,3,5,2,3.654166667,0.654166667,3,105,139,34,119.5791667,14.57916667,105,1.9,2.58,0.68,2.24925,0.33075,2.58,1,2,1,1.654166667,0.452465278,2,0,4,4,2.308333333,1.691666667,4,0,10,10,5,5,0,0,0,0,0,0,0,6,14,8,8.9625,2.9625,6,0,1,1,0.345833333,0.452465278,0,0,4,4,1.616666667,1.118194444,2,0,0,0,0,0,0,0,0,0,0,0,0,1,4,3,1.9625,0.665729167,2,11.07,33.285,22.215,21.85325,7.458414583,25.786875,0,2.202,2.202,1.101,1.101,2.202,0,0,0,0,0,0,70,225,155,134.55,64.55,70
Cu22Sn9.25Sb0.75S32,600,1.885,Cu22 Sn9.25 Sb0.75 S32,16,51,35,25.79296875,9.79296875,16,64,88,24,78.55859375,10.0090332,88,32.065,121.76,89.695,56.46061719,24.39561719,32.065,388.36,1357.77,969.41,744.5044531,425.3530841,388.36,11,16,5,13.98046875,2.049072266,16,3,5,2,3.65625,0.65625,3,105,139,34,119.59375,14.59375,105,1.9,2.58,0.68,2.250429688,0.329570313,2.58,1,2,1,1.65625,0.451171875,2,0,4,4,2.32421875,1.691619873,4,0,10,10,5,5,0,0,0,0,0,0,0,6,15,9,8.98046875,2.98046875,6,0,1,1,0.34375,0.451171875,0,0,4,4,1.61328125,1.109130859,2,0,0,0,0,0,0,0,0,0,0,0,0,1,4,3,1.95703125,0.657958984,2,11.07,33.285,22.215,21.87931641,7.431405029,25.786875,0,2.202,2.202,1.101,1.101,2.202,0,0,0,0,0,0,70,225,155,134.6679688,64.66796875,70
Ba1.4Bi0.6CoRuO6,600,1.094,Ba1.4 Bi0.6 Co1 Ru1 O6,8,83,75,24.72,20.064,8,9,87,78,70.02,22.2936,87,15.9994,208.9804,192.981,57.3645635,49.6381962,15.9994,54.8,2607,2552.2,643.044,717.73008,54.8,2,16,14,12.48,4.5264,16,2,6,4,3.3,1.56,2,66,215,149,105.78,47.736,66,0.89,3.44,2.55,2.7178,0.86664,3.44,1,2,1,1.9,0.18,2,0,4,4,2.58,1.7544,4,0,10,10,2,2.96,0,0,14,14,0.84,1.5792,0,2,29,27,7.32,3.0736,6,0,1,1,0.1,0.18,0,0,3,3,1.38,0.9384,2,0,3,3,0.6,0.96,0,0,0,0,0,0,0,0,4,4,2.08,0.6784,2,9.105,63.59,54.485,18.7181,14.27196,9.105,0,0,0,0,0,0,0,1.5484712,1.5484712,0.15484712,0.278724816,0,12,229,217,78.78,88.1496,12
Pb6Bi2Se9,500,1.122,Pb6 Bi2 Se9,34,83,49,56.70588235,24.04152249,34,81,89,8,85.82352941,3.404844291,89,78.96,208.9804,130.0204,139.5176941,64.11991142,78.96,494,600.61,106.61,537.5564706,46.11861592,494,14,16,2,15.17647059,0.871972318,16,4,6,2,4.941176471,0.996539792,4,120,148,28,132.4705882,13.20415225,120,2.02,2.55,0.53,2.41,0.148235294,2.55,2,2,0,2,0,2,2,4,2,3.176470588,0.871972318,4,10,10,0,10,0,10,0,14,14,6.588235294,6.975778547,0,16,29,13,21.76470588,6.103806228,16,0,0,0,0,0,0,2,4,2,2.823529412,0.871972318,2,0,0,0,0,0,0,0,0,0,0,0,0,2,4,2,2.823529412,0.871972318,2,25.92,32.95,7.03,27.52,1.694117647,25.92,0,0.799,0.799,0.423,0.398117647,0.799,0,0,0,0,0,0,12,225,213,88.23529412,96.53979239,14
As2Te2.3Se0.7,500,0.479,As2 Te2.3 Se0.7,33,52,19,41.88,9.3104,52,84,90,6,87.46,2.768,90,74.9216,127.6,52.6784,99.71904,25.6504832,127.6,494,1090,596,837.5836,201.93312,722.66,15,16,1,15.6,0.48,16,4,5,1,4.46,0.4968,5,119,138,19,127.88,9.3104,138,2.1,2.55,0.45,2.195,0.0994,2.1,2,2,0,2,0,2,3,4,1,3.6,0.48,4,10,10,0,10,0,10,0,0,0,0,0,0,15,16,1,15.6,0.48,16,0,0,0,0,0,0,2,3,1,2.4,0.48,2,0,0,0,0,0,0,0,0,0,0,0,0,2,3,1,2.4,0.48,2,22.175,34.76333333,12.58833333,28.48993333,5.771528,34.76333333,0,0.799,0.799,0.3253,0.26024,0.464,0,0,0,0,0,0,14,166,152,138.28,34.7984,152
As2Te3,400,0.684,As2 Te3,33,52,19,44.4,9.12,52,84,90,6,87.6,2.88,90,74.9216,127.6,52.6784,106.52864,25.285632,127.6,722.66,1090,367.34,869.596,176.3232,722.66,15,16,1,15.6,0.48,16,4,5,1,4.6,0.48,5,119,138,19,130.4,9.12,138,2.1,2.18,0.08,2.132,0.0384,2.1,2,2,0,2,0,2,3,4,1,3.6,0.48,4,10,10,0,10,0,10,0,0,0,0,0,0,15,16,1,15.6,0.48,16,0,0,0,0,0,0,2,3,1,2.4,0.48,2,0,0,0,0,0,0,0,0,0,0,0,0,2,3,1,2.4,0.48,2,22.175,34.76333333,12.58833333,29.728,6.0424,34.76333333,0,0.464,0.464,0.2784,0.22272,0.464,0,0,0,0,0,0,152,166,14,157.6,6.72,152
BaGd2NiO5,600,1.802,Ba1 Gd2 Ni1 O5,8,64,56,28,22.22222222,8,9,87,78,62.11111111,27.65432099,87,15.9994,157.25,141.2506,65.61304444,56.66397037,15.9994,54.8,1728,1673.2,686,701.3333333,54.8,2,16,14,10.88888889,5.679012346,16,2,6,4,3.555555556,1.728395062,2,66,215,149,117.8888889,57.65432099,66,0.89,3.44,2.55,2.488888889,1.056790123,3.44,2,2,0,2,0,2,0,4,4,2.222222222,1.975308642,4,0,8,8,1.111111111,1.530864198,0,0,7,7,1.555555556,2.419753086,0,2,10,8,6.888888889,2.074074074,6,0,0,0,0,0,0,0,2,2,1.111111111,0.987654321,2,0,9,9,2.222222222,3.012345679,0,0,7,7,1.555555556,2.419753086,0,0,16,16,4.888888889,4.938271605,2,9.105,63.59,54.485,20.39277778,14.78037037,9.105,0,0,0,0,0,0,0,0.5953947,0.5953947,0.066154967,0.11760883,0,12,229,217,100.2222222,98.02469136,12
Ca0.15BaGd1.85NiO5,700,1.855,Ca0.15 Ba1 Gd1.85 Ni1 O5,8,64,56,27.26666667,21.64962963,8,7,87,80,61.77777778,28.02469136,87,15.9994,157.25,141.2506,63.66017778,54.84622074,15.9994,54.8,1728,1673.2,678.15,692.6111111,54.8,2,16,14,10.87222222,5.697530864,16,2,6,4,3.522222222,1.691358025,2,66,215,149,117.5555556,57.28395062,66,0.89,3.44,2.55,2.485555556,1.060493827,3.44,2,2,0,2,0,2,0,4,4,2.222222222,1.975308642,4,0,8,8,1.094444444,1.534567901,0,0,7,7,1.438888889,2.286234568,0,2,10,8,6.755555556,2.054814815,6,0,0,0,0,0,0,0,2,2,1.111111111,0.987654321,2,0,9,9,2.072222222,2.84808642,0,0,7,7,1.438888889,2.286234568,0,0,16,16,4.622222222,4.677530864,2,9.105,63.59,54.485,20.48811111,14.90748148,9.105,0,0,0,0,0,0,0,0.5953947,0.5953947,0.066154967,0.11760883,0,12,229,217,100.7388889,98.59876543,12
BaZn2As2,600,1.078,Ba1 Zn2 As2,30,56,26,36.4,7.84,30,9,84,75,63,21.6,69,65.38,137.327,71.947,83.58604,21.496384,65.38,692.68,1090,397.32,913.072,176.3136,692.68,2,15,13,11.2,3.68,12,4,6,2,4.4,0.64,4,119,215,96,139.4,30.24,119,0.89,2.18,1.29,1.71,0.376,1.65,2,2,0,2,0,2,0,3,3,1.2,1.44,0,0,10,10,8,3.2,10,0,0,0,0,0,0,2,15,13,11.2,3.68,12,0,0,0,0,0,0,0,3,3,1.2,1.44,0,0,0,0,0,0,0,0,0,0,0,0,0,0,3,3,1.2,1.44,0,13.96,63.59,49.63,27.172,14.5672,13.96,0,0,0,0,0,0,0,0,0,0,0,0,166,229,63,189.8,19.04,166
Li1.01Co0.85Ni0.15O2,800,0.915,Li1.01 Co0.85 Ni0.15 O2,3,28,25,11.51620948,7.797401757,8,1,87,86,58.21945137,28.91679778,87,6.941,58.933195,51.992195,24.41557001,17.19783329,15.9994,54.8,1768,1713.2,581.0042145,589.0253294,54.8,1,16,15,10.51371571,5.472602782,16,2,4,2,2.498753117,0.748751562,2,66,128,62,96.50374065,30.42767147,66,0.98,3.44,2.46,2.432493766,1.00499375,3.44,1,2,1,1.748129676,0.376863328,2,0,4,4,1.995012469,1.999987562,4,0,8,8,1.783042394,2.676786836,0,0,0,0,0,0,0,1,10,9,5.526184539,2.280023134,6,0,1,1,0.251870324,0.376863328,0,0,2,2,0.997506234,0.999993781,2,0,3,3,0.710723192,1.066970977,0,0,0,0,0,0,0,1,3,2,1.960099751,0.483641271,2,9.105,16.59333333,7.488333333,11.27818371,2.677456919,9.105,0,0,0,0,0,0,0,1.5484712,1.5484712,0.350501178,0.526188801,0,12,229,217,113.201995,100.949621,12
LiCoO2,600,4.546,Li1 Co1 O2,3,27,24,11.5,7.75,8,1,87,86,58.25,28.75,87,6.941,58.933195,51.992195,24.46824875,17.23247313,15.9994,54.8,1768,1713.2,582.8225,592.58875,54.8,1,16,15,10.5,5.5,16,2,4,2,2.5,0.75,2,66,128,62,96.5,30.5,66,0.98,3.44,2.46,2.435,1.005,3.44,1,2,1,1.75,0.375,2,0,4,4,2,2,4,0,7,7,1.75,2.625,0,0,0,0,0,0,0,1,9,8,5.5,2.25,6,0,1,1,0.25,0.375,0,0,2,2,1,1,2,0,3,3,0.75,1.125,0,0,0,0,0,0,0,1,3,2,2,0.5,2,9.105,16.59333333,7.488333333,11.26208333,2.665625,9.105,0,0,0,0,0,0,0,1.5484712,1.5484712,0.3871178,0.5806767,0,12,229,217,111.75,99.75,12
Ca11Sb10,400,0.831,Ca11 Sb10,20,51,31,34.76190476,15.46485261,20,7,85,78,44.14285714,38.91156463,7,40.078,121.76,81.682,78.97419048,40.74839002,40.078,903.78,1115,211.22,1014.419048,105.3705215,1115,2,15,13,8.19047619,6.485260771,2,4,5,1,4.476190476,0.498866213,4,139,176,37,158.3809524,18.45804989,176,1,2.05,1.05,1.5,0.523809524,1,2,2,0,2,0,2,0,3,3,1.428571429,1.496598639,0,0,10,10,4.761904762,4.988662132,0,0,0,0,0,0,0,2,15,13,8.19047619,6.485260771,2,0,0,0,0,0,0,0,3,3,1.428571429,1.496598639,0,0,0,0,0,0,0,0,0,0,0,0,0,0,3,3,1.428571429,1.496598639,0,31.56,37.77,6.21,34.81285714,3.097959184,37.77,0,0,0,0,0,0,0,0,0,0,0,0,166,225,59,196.9047619,29.43310658,225
Ca6Yb5Sb10,400,1.222,Ca6 Yb5 Sb10,20,70,50,46.66666667,15.23809524,51,7,85,78,51.76190476,31.6553288,85,40.078,173.054,132.976,110.6351429,40.31836735,121.76,903.78,1115,211.22,1008.942857,100.155102,903.78,2,15,13,8.428571429,6.258503401,15,4,6,2,4.952380952,0.544217687,5,139,187,48,161,20.95238095,139,1,2.05,1.05,1.561904762,0.464852608,2.05,2,2,0,2,0,2,0,3,3,1.428571429,1.496598639,3,0,10,10,4.761904762,4.988662132,10,0,14,14,3.333333333,5.079365079,0,2,16,14,11.52380952,5.442176871,15,0,0,0,0,0,0,0,3,3,1.428571429,1.496598639,3,0,0,0,0,0,0,0,0,0,0,0,0,0,3,3,1.428571429,1.496598639,3,31.56,37.77,6.21,33.94380952,2.270294785,31.56,0,0,0,0,0,0,0,0,0,0,0,0,166,225,59,196.9047619,29.43310658,166
Ag3RbMo9Se11,700,0.889,Ag3 Rb1 Mo9 Se11,34,47,13,38.75,4.5,34,4,89,85,67.83333333,19.40277778,89,78.96,107.8682,28.9082,89.21968333,9.717366667,78.96,312.46,2896,2583.54,1479.802083,1062.148438,494,1,16,15,11,4.583333333,16,4,5,1,4.541666667,0.496527778,4,120,220,100,140.0416667,18.37152778,120,0.82,2.55,1.73,2.254166667,0.271180556,2.55,1,2,1,1.458333333,0.496527778,2,0,4,4,1.833333333,1.986111111,4,0,10,10,7.708333333,2.673611111,10,0,0,0,0,0,0,1,16,15,11,4.583333333,16,0,1,1,0.541666667,0.496527778,0,0,2,2,0.916666667,0.993055556,2,0,5,5,1.875,2.34375,0,0,0,0,0,0,0,1,6,5,3.333333333,2,2,15.69,90.7225,75.0325,23.58510417,7.735104167,25.92,0,0.799,0.799,0.366208333,0.396725694,0.799,0,0,0,0,0,0,14,229,215,129.9583333,106.2951389,14
Ca14MgBi11,700,1.112,Ca14 Mg1 Bi11,12,83,71,46.34615385,31.0147929,20,7,86,79,42.76923077,38.52071006,7,24.305,208.9804,184.6754,110.9300538,82.96567751,40.078,544.4,1115,570.6,866.2076923,272.2988166,1115,2,15,13,7.5,6.346153846,2,3,6,3,4.807692308,1.00887574,4,141,176,35,162.8076923,14.20710059,176,1,2.02,1.02,1.443461538,0.487840237,1,2,2,0,2,0,2,0,3,3,1.269230769,1.464497041,0,0,10,10,4.230769231,4.881656805,0,0,14,14,5.923076923,6.834319527,0,2,29,27,13.42307692,13.18047337,2,0,0,0,0,0,0,0,3,3,1.269230769,1.464497041,0,0,0,0,0,0,0,0,0,0,0,0,0,0,3,3,1.269230769,1.464497041,0,22.89,37.77,14.88,35.15846154,2.812426036,37.77,0,0,0,0,0,0,0,0,0,0,0,0,12,225,213,133.6923077,102.9704142,225
Eu14MgBi11,600,1.633,Eu14 Mg1 Bi11,12,83,71,69.5,11.42307692,63,25,86,61,52.46153846,29.5739645,25,24.305,208.9804,184.6754,171.1763615,31.98803254,151.964,544.4,1095,550.6,855.4384615,263.1863905,1095,2,15,13,8.038461538,5.890532544,3,3,6,3,5.884615385,0.221893491,6,141,198,57,174.6538462,25.14201183,198,1.185,2.02,0.835,1.543076923,0.403550296,1.185,2,2,0,2,0,2,0,3,3,1.269230769,1.464497041,0,0,10,10,4.230769231,4.881656805,0,0,14,14,9.692307692,3.644970414,7,2,29,27,17.19230769,9.99112426,9,0,0,0,0,0,0,0,3,3,1.269230769,1.464497041,0,0,0,0,0,0,0,0,7,7,3.769230769,3.479289941,7,0,7,7,5.038461538,2.112426036,7,22.89,36.46,13.57,34.45307692,2.161301775,36.46,0,0,0,0,0,0,0,0,0,0,0,0,12,229,217,135.8461538,104.7928994,229
Sr14MgBi11,400,1.266,Sr14 Mg1 Bi11,12,83,71,56.03846154,22.81360947,38,8,86,78,43.30769231,38.02366864,8,24.305,208.9804,184.6754,136.5295923,61.30452959,87.62,544.4,1050,505.6,831.2076923,242.683432,1050,2,15,13,7.5,6.346153846,2,3,6,3,5.346153846,0.553254438,5,141,195,54,173.0384615,23.65088757,195,0.95,2.02,1.07,1.416538462,0.510621302,0.95,2,2,0,2,0,2,0,3,3,1.269230769,1.464497041,0,0,10,10,4.230769231,4.881656805,0,0,14,14,5.923076923,6.834319527,0,2,29,27,13.42307692,13.18047337,2,0,0,0,0,0,0,0,3,3,1.269230769,1.464497041,0,0,0,0,0,0,0,0,0,0,0,0,0,0,3,3,1.269230769,1.464497041,0,22.89,54.23,31.34,44.02153846,10.99372781,54.23,0,0,0,0,0,0,0,0,0,0,0,0,12,225,213,133.6923077,102.9704142,225
Yb14MgBi11,400,1.679,Yb14 Mg1 Bi11,12,83,71,73.26923077,8.233727811,70,39,86,47,60,22.61538462,39,24.305,208.9804,184.6754,182.5325154,22.37897929,173.054,544.4,1092,547.6,853.8230769,261.8195266,1092,2,15,13,8.038461538,5.890532544,3,3,6,3,5.884615385,0.221893491,6,141,187,46,168.7307692,19.67455621,187,1.26,2.02,0.76,1.583461538,0.369378698,1.26,2,2,0,2,0,2,0,3,3,1.269230769,1.464497041,0,0,10,10,4.230769231,4.881656805,0,0,14,14,13.46153846,1.035502959,14,2,29,27,20.96153846,6.801775148,16,0,0,0,0,0,0,0,3,3,1.269230769,1.464497041,0,0,0,0,0,0,0,0,0,0,0,0,0,0,3,3,1.269230769,1.464497041,0,22.89,34.12,11.23,33.19307692,0.998224852,34.12,0,0,0,0,0,0,0,0,0,0,0,0,12,225,213,133.6923077,102.9704142,225
Ag0.01Cr1.99Se3,500,1.607,Ag0.01 Cr1.99 Se3,24,47,23,30.046,4.812616,34,49,89,40,73.032,19.1616,89,51.9961,107.8682,55.8721,68.2861842,12.96690702,78.96,494,2180,1686,1166.50986,807.011832,494,6,16,10,12.01,4.788,16,4,5,1,4.002,0.003992,4,120,145,25,127.612,9.1344,120,1.66,2.55,0.89,2.19454,0.426552,2.55,1,2,1,1.6,0.48,2,0,4,4,2.4,1.92,4,5,10,5,8.01,2.39596,10,0,0,0,0,0,0,6,16,10,12.01,4.788,16,0,1,1,0.4,0.48,0,0,2,2,1.2,0.96,2,0,5,5,1.99,2.39596,0,0,0,0,0,0,0,1,6,5,3.59,1.91836,2,11.19,25.92,14.73,20.03828,7.058064,25.92,0,0.799,0.799,0.4794,0.38352,0.799,0,0,0,0,0,0,14,229,215,99.992,103.1904,14
CrSe3,700,1.898,Cr1 Se3,24,34,10,31.5,3.75,34,49,89,40,79,15,89,51.9961,78.96,26.9639,72.219025,10.1114625,78.96,494,2180,1686,915.5,632.25,494,6,16,10,13.5,3.75,16,4,4,0,4,0,4,120,139,19,124.75,7.125,120,1.66,2.55,0.89,2.3275,0.33375,2.55,1,2,1,1.75,0.375,2,0,4,4,3,1.5,4,5,10,5,8.75,1.875,10,0,0,0,0,0,0,6,16,10,13.5,3.75,16,0,1,1,0.25,0.375,0,0,2,2,1.5,0.75,2,0,5,5,1.25,1.875,0,0,0,0,0,0,0,2,6,4,3,1.5,2,11.19,25.92,14.73,22.2375,5.52375,25.92,0,0.799,0.799,0.59925,0.299625,0.799,0,0,0,0,0,0,14,229,215,67.75,80.625,14
Ca0.99Yb4.01Al2Sb5.84Ge0.16,500,0.97,Ca0.99 Yb4.01 Al2 Sb5.84 Ge0.16,13,70,57,48.42,15.63123077,51,7,85,78,62.95076923,23.29751479,85,26.9815386,173.054,146.0724614,116.1759721,40.10640229,121.76,903.78,1211.4,307.62,986.2776308,90.36945004,903.78,2,15,13,9.988461538,5.528047337,15,3,6,3,4.912307692,0.749810651,5,120,187,67,153.6207692,24.00094675,139,1,2.05,1.05,1.658169231,0.360705325,2.05,2,2,0,2,0,2,0,3,3,1.526153846,1.335857988,3,0,10,10,4.615384615,4.970414201,10,0,14,14,4.318461538,5.972764497,0,2,16,14,12.46,4.503907692,15,0,0,0,0,0,0,0,5,5,2.166153846,1.666272189,3,0,0,0,0,0,0,0,0,0,0,0,0,0,5,5,2.166153846,1.666272189,3,16.48,37.77,21.29,30.39728462,4.464205349,31.56,0,0.383,0.383,0.004713846,0.009311659,0,0,0,0,0,0,0,166,225,59,198.4953846,29.19585325,166
AgSb0.95Mn0.05Te2,400,1.071,Ag1 Sb0.95 Mn0.05 Te2,25,52,27,50.175,2.216875,52,52,90,38,82.0875,9.2959375,90,54.938045,127.6,72.661955,120.3717756,7.887631045,127.6,722.66,1519,796.34,903.69775,181.03775,722.66,7,16,9,14.4,1.885,16,4,5,1,4.9875,0.0246875,5,138,145,7,140,2.5,138,1.55,2.1,0.55,2.03875,0.06659375,2.1,1,2,1,1.75,0.375,2,0,4,4,2.7125,1.4240625,4,5,10,5,9.9375,0.1234375,10,0,0,0,0,0,0,7,16,9,14.4,1.885,16,0,1,1,0.25,0.375,0,0,3,3,1.7125,0.8990625,2,0,5,5,0.0625,0.1234375,0,0,0,0,0,0,0,1,5,4,2.025,0.5375,2,10.48758621,34.76333333,24.27574713,29.09076149,6.845460129,34.76333333,0,0.464,0.464,0.232,0.232,0.464,0,0.000310121,0.000310121,3.88E-06,7.66E-06,0,152,225,73,174.3875,26.3715625,152
AgSbTe2,500,1.063,Ag1 Sb1 Te2,47,52,5,50.5,1.75,52,65,90,25,82.5,8.75,90,107.8682,127.6,19.7318,121.20705,6.669425,127.6,722.66,1234.93,512.27,896.0075,173.3475,722.66,11,16,5,14.5,1.75,16,5,5,0,5,0,5,138,145,7,140,2.5,138,1.93,2.1,0.17,2.045,0.0575,2.1,1,2,1,1.75,0.375,2,0,4,4,2.75,1.375,4,10,10,0,10,0,10,0,0,0,0,0,0,11,16,5,14.5,1.75,16,0,1,1,0.25,0.375,0,0,3,3,1.75,0.875,2,0,0,0,0,0,0,0,0,0,0,0,0,1,3,2,2,0.5,2,16.33,34.76333333,18.43333333,29.35416667,6.512083333,34.76333333,0,0.464,0.464,0.232,0.232,0.464,0,0,0,0,0,0,152,225,73,173.75,25.625,152
AgBi0.85Sb0.15Se2,500,0.397,Ag1 Bi0.85 Sb0.15 Se2,34,83,49,48.3,14.95,34,65,89,24,82.2125,8.60625,89,78.96,208.9804,130.0204,115.421385,40.2379775,78.96,494,1234.93,740.93,705.30925,279.6956813,494,11,16,5,14.5,1.75,16,4,6,2,4.7125,0.7125,4,120,148,28,132.9125,12.9125,120,1.93,2.55,0.62,2.263625,0.286375,2.55,1,2,1,1.75,0.375,2,0,4,4,2.75,1.375,4,10,10,0,10,0,10,0,14,14,2.975,4.685625,0,11,29,18,17.475,4.898125,16,0,1,1,0.25,0.375,0,0,3,3,1.75,0.875,2,0,0,0,0,0,0,0,0,0,0,0,0,1,3,2,2,0.5,2,16.33,32.95,16.62,25.227875,4.4489375,25.92,0,0.799,0.799,0.3995,0.3995,0.799,0,0,0,0,0,0,12,225,213,72.025,83.535625,14
AgBiSe2,600,0.41,Ag1 Bi1 Se2,34,83,49,49.5,16.75,34,65,89,24,82.25,8.625,89,78.96,208.9804,130.0204,118.69215,45.144125,78.96,494,1234.93,740.93,691.8325,271.54875,494,11,16,5,14.5,1.75,16,4,6,2,4.75,0.75,4,120,148,28,133.25,13.25,120,1.93,2.55,0.62,2.2625,0.2875,2.55,1,2,1,1.75,0.375,2,0,4,4,2.75,1.375,4,10,10,0,10,0,10,0,14,14,3.5,5.25,0,11,29,18,18,5.5,16,0,1,1,0.25,0.375,0,0,3,3,1.75,0.875,2,0,0,0,0,0,0,0,0,0,0,0,0,1,3,2,2,0.5,2,16.33,32.95,16.62,25.28,4.475,25.92,0,0.799,0.799,0.3995,0.3995,0.799,0,0,0,0,0,0,12,225,213,66.25,79.375,14
Ag(Bi0.85Nb0.15)0.9Sb0.1Se2,600,0.528,Ag1 Bi0.765 Nb0.135 Sb0.1 Se2,34,83,49,47.2825,13.84781875,34,47,89,42,80.90875,10.24321563,89,78.96,208.9804,130.0204,112.5941418,37.32603666,78.96,494,2750,2256,775.256,369.55842,494,5,16,11,14.1625,2.19971875,16,4,6,2,4.69125,0.69125,4,120,164,44,133.565,13.565,120,1.6,2.55,0.95,2.249075,0.300925,2.55,1,2,1,1.71625,0.406471875,2,0,4,4,2.64875,1.503165625,4,4,10,6,9.7975,0.39133125,10,0,14,14,2.6775,4.33085625,0,5,29,24,16.84,4.6512,16,0,1,1,0.28375,0.406471875,0,0,3,3,1.64875,0.935665625,2,0,6,6,0.2025,0.39133125,0,0,0,0,0,0,0,1,7,6,2.135,0.7025,2,16.33,32.95,16.62,24.7467625,4.651637719,25.92,0,0.799,0.799,0.3995,0.3995,0.799,0,0,0,0,0,0,12,229,217,77.42375,88.44833438,14
AgBi0.9Sb0.1Se2,300,0.496,Ag1 Bi0.9 Sb0.1 Se2,34,83,49,48.7,15.55,34,65,89,24,82.225,8.6125,89,78.96,208.9804,130.0204,116.51164,41.87336,78.96,494,1234.93,740.93,700.817,277.20465,494,11,16,5,14.5,1.75,16,4,6,2,4.725,0.725,4,120,148,28,133.025,13.025,120,1.93,2.55,0.62,2.26325,0.28675,2.55,1,2,1,1.75,0.375,2,0,4,4,2.75,1.375,4,10,10,0,10,0,10,0,14,14,3.15,4.8825,0,11,29,18,17.65,5.1075,16,0,1,1,0.25,0.375,0,0,3,3,1.75,0.875,2,0,0,0,0,0,0,0,0,0,0,0,0,1,3,2,2,0.5,2,16.33,32.95,16.62,25.24525,4.457625,25.92,0,0.799,0.799,0.3995,0.3995,0.799,0,0,0,0,0,0,12,225,213,70.1,82.245,14
Cu0.98Pd0.02FeS2,300,7.386,Cu0.98 Pd0.02 Fe1 S2,16,46,30,21.835,5.835,16,55,88,33,73.74,14.26,88,32.065,106.42,74.355,46.09462,14.02962,32.065,388.36,1828.05,1439.69,988.7239,600.3639,388.36,8,16,8,12.745,3.255,16,3,5,2,3.505,0.505,3,105,139,34,118.535,13.535,105,1.83,2.58,0.75,2.224,0.356,2.58,0,2,2,1.745,0.3825,2,0,4,4,2,2,4,0,10,10,4,4,0,0,0,0,0,0,0,6,11,5,7.745,1.745,6,0,1,1,0.245,0.36995,0,0,2,2,1,1,2,0,4,4,1,1.5,0,0,0,0,0,0,0,0,4,4,2.245,0.8775,2,10.73,25.786875,15.056875,18.3601375,7.4267375,25.786875,0,2.202,2.202,1.101,1.101,2.202,0,2.1106628,2.1106628,0.5276657,0.79149855,0,70,229,159,148.5,78.5,70
Cu0.995Pd0.005FeS2,300,7.84,Cu0.995 Pd0.005 Fe1 S2,16,46,30,21.77125,5.77125,16,55,88,33,73.7475,14.2525,88,32.065,106.42,74.355,45.9338425,13.8688425,32.065,388.36,1828.05,1439.69,986.96035,598.60035,388.36,8,16,8,12.74875,3.25125,16,3,5,2,3.50125,0.50125,3,105,139,34,118.50875,13.50875,105,1.83,2.58,0.75,2.222875,0.357125,2.58,0,2,2,1.74875,0.376875,2,0,4,4,2,2,4,0,10,10,4,4,0,0,0,0,0,0,0,6,11,5,7.74875,1.74875,6,0,1,1,0.24875,0.373746875,0,0,2,2,1,1,2,0,4,4,1,1.5,0,0,0,0,0,0,0,0,4,4,2.24875,0.875625,2,10.73,25.786875,15.056875,18.3476125,7.4392625,25.786875,0,2.202,2.202,1.101,1.101,2.202,0,2.1106628,2.1106628,0.5276657,0.79149855,0,70,229,159,148.5,78.5,70
Cu0.99Pd0.01FeS2,300,9.2,Cu0.99 Pd0.01 Fe1 S2,16,46,30,21.7925,5.7925,16,55,88,33,73.745,14.255,88,32.065,106.42,74.355,45.987435,13.922435,32.065,388.36,1828.05,1439.69,987.5482,599.1882,388.36,8,16,8,12.7475,3.2525,16,3,5,2,3.5025,0.5025,3,105,139,34,118.5175,13.5175,105,1.83,2.58,0.75,2.22325,0.35675,2.58,0,2,2,1.7475,0.37875,2,0,4,4,2,2,4,0,10,10,4,4,0,0,0,0,0,0,0,6,11,5,7.7475,1.7475,6,0,1,1,0.2475,0.3724875,0,0,2,2,1,1,2,0,4,4,1,1.5,0,0,0,0,0,0,0,0,4,4,2.2475,0.87625,2,10.73,25.786875,15.056875,18.3517875,7.4350875,25.786875,0,2.202,2.202,1.101,1.101,2.202,0,2.1106628,2.1106628,0.5276657,0.79149855,0,70,229,159,148.5,78.5,70
SnAgSbSe2,700,4.18,Sn1 Ag1 Sb1 Se2,34,51,17,43.2,7.36,34,65,89,24,81.6,7.28,89,78.96,121.76,42.8,101.25164,17.833312,78.96,494,1234.93,740.93,726.358,274.3976,494,11,16,5,14.4,1.52,16,4,5,1,4.6,0.48,4,120,145,25,132.6,10.08,120,1.93,2.55,0.62,2.208,0.2736,2.55,1,2,1,1.8,0.32,2,0,4,4,2.6,1.28,4,10,10,0,10,0,10,0,0,0,0,0,0,11,16,5,14.4,1.52,16,0,1,1,0.2,0.32,0,0,4,4,2.2,1.04,2,0,0,0,0,0,0,0,0,0,0,0,0,1,4,3,2.4,0.88,2,16.33,33.285,16.955,26.603,4.6556,25.92,0,0.799,0.799,0.3196,0.38352,0.799,0,0,0,0,0,0,14,225,211,112,78.4,14
SnTe0.15AgSbSe2,600,1.8,Sn1 Te0.15 Ag1 Sb1 Se2,34,52,18,43.45631068,7.344707324,34,65,90,25,81.84466019,7.2579885,89,78.96,127.6,48.64,102.019068,17.9099557,78.96,494,1234.93,740.93,726.2502913,266.4890942,494,11,16,5,14.44660194,1.511923838,16,4,5,1,4.611650485,0.475068338,4,120,145,25,132.7572816,9.908568197,120,1.93,2.55,0.62,2.204854369,0.268074277,2.55,1,2,1,1.805825243,0.312941842,2,0,4,4,2.640776699,1.274389669,4,10,10,0,10,0,10,0,0,0,0,0,0,11,16,5,14.44660194,1.511923838,16,0,1,1,0.194174757,0.312941842,0,0,4,4,2.194174757,1.014233198,2,0,0,0,0,0,0,0,0,0,0,0,0,1,4,3,2.388349515,0.863417853,2,16.33,34.76333333,18.43333333,26.84067961,4.796908285,25.92,0,0.799,0.799,0.323805825,0.377249505,0.799,0,0,0,0,0,0,14,225,211,113.1650485,77.02139693,14
SnTe0.2AgSbSe2,400,1.27,Sn1 Te0.2 Ag1 Sb1 Se2,34,52,18,43.53846154,7.337278107,34,65,90,25,81.92307692,7.24852071,89,78.96,127.6,48.64,102.2650385,17.92695266,78.96,494,1234.93,740.93,726.2157692,263.9532544,494,11,16,5,14.46153846,1.50887574,16,4,5,1,4.615384615,0.473372781,4,120,145,25,132.8076923,9.852071006,120,1.93,2.55,0.62,2.203846154,0.266272189,2.55,1,2,1,1.807692308,0.310650888,2,0,4,4,2.653846154,1.272189349,4,10,10,0,10,0,10,0,0,0,0,0,0,11,16,5,14.46153846,1.50887574,16,0,1,1,0.192307692,0.310650888,0,0,4,4,2.192307692,1.00591716,2,0,0,0,0,0,0,0,0,0,0,0,0,1,4,3,2.384615385,0.857988166,2,16.33,34.76333333,18.43333333,26.91685897,4.838683432,25.92,0,0.799,0.799,0.325153846,0.375177515,0.799,0,0,0,0,0,0,14,225,211,113.5384615,76.56804734,14
Mg0.95Li0.05Ge0.9Si0.1,500,3.031,Mg0.95 Li0.05 Ge0.9 Si0.1,3,32,29,20.875,10.0125,12,1,79,78,71.775,7.125,68,6.941,72.64,65.699,45.810675,24.1463925,24.305,453.69,1687,1233.31,1079.24725,179.71275,923,1,14,13,7.975,6.025,2,2,4,2,3.425,0.5175,3,111,141,30,129.725,10.71125,141,0.98,2.01,1.03,1.64625,0.35275,1.31,1,2,1,1.975,0.04875,2,0,2,2,1,1,0,0,10,10,4.5,4.95,0,0,0,0,0,0,0,1,14,13,7.475,5.8725,2,0,1,1,0.025,0.04875,0,0,4,4,2,2,0,0,0,0,0,0,0,0,0,0,0,0,0,0,4,4,2.025,1.975,0,16.59333333,23.005,6.411666667,22.66183333,0.525608333,22.89,0,0.773,0.773,0.211,0.211,0,0,0,0,0,0,0,194,229,35,210.475,15.65125,194
Mg0.98Li0.02Ge0.9Si0.1,600,2.835,Mg0.98 Li0.02 Ge0.9 Si0.1,3,32,29,21.01,9.891,12,1,79,78,72.78,6.12,68,6.941,72.64,65.699,46.071135,23.9119785,24.305,453.69,1687,1233.31,1086.2869,172.6731,923,1,14,13,7.99,6.01,2,2,4,2,3.44,0.504,3,111,141,30,129.92,10.8584,141,0.98,2.01,1.03,1.6512,0.3478,1.31,1,2,1,1.99,0.0198,2,0,2,2,1,1,0,0,10,10,4.5,4.95,0,0,0,0,0,0,0,1,14,13,7.49,5.859,2,0,1,1,0.01,0.0198,0,0,4,4,2,2,0,0,0,0,0,0,0,0,0,0,0,0,0,0,4,4,2.01,1.99,0,16.59333333,23.005,6.411666667,22.75628333,0.354887333,22.89,0,0.773,0.773,0.211,0.211,0,0,0,0,0,0,0,194,229,35,209.95,15.631,194
(Bi0.23Sb0.77)2Te3,500,1.19,Bi0.46 Sb1.54 Te3,51,83,32,54.544,5.235904,52,85,90,5,88.092,2.2896,90,121.76,208.9804,87.2204,133.2882768,13.92735067,127.6,544.4,903.78,359.38,762.04504,87.30873536,722.66,15,16,1,15.6,0.48,16,5,6,1,5.092,0.167072,5,138,148,10,139.228,1.614048,138,2.02,2.1,0.08,2.07724,0.027312,2.1,2,2,0,2,0,2,3,4,1,3.6,0.48,4,10,10,0,10,0,10,0,14,14,1.288,2.339008,0,15,29,14,16.888,2.228608,16,0,0,0,0,0,0,2,3,1,2.4,0.48,2,0,0,0,0,0,0,0,0,0,0,0,0,2,3,1,2.4,0.48,2,31.56,34.76333333,3.203333333,33.60988,1.384144,34.76333333,0,0.464,0.464,0.2784,0.22272,0.464,0,0,0,0,0,0,12,166,154,143.432,24.183488,152
Cu2.5Sn0.5Sb0.5Se3.5,600,4.06,Cu2.5 Sn0.5 Sb0.5 Se3.5,29,51,22,34.57142857,4.551020408,34,64,89,25,79.14285714,10.81632653,89,63.546,121.76,58.214,79.35142857,11.68102041,78.96,494,1357.77,863.77,832.5507143,385.3322449,494,11,16,5,14,2.142857143,16,4,5,1,4.142857143,0.244897959,4,120,139,19,127,7,120,1.9,2.55,0.65,2.24,0.31,2.55,1,2,1,1.642857143,0.459183673,2,0,4,4,2.357142857,1.734693878,4,10,10,0,10,0,10,0,0,0,0,0,0,11,16,5,14,2.142857143,16,0,1,1,0.357142857,0.459183673,0,0,4,4,1.5,1.071428571,2,0,0,0,0,0,0,0,0,0,0,0,0,1,4,3,1.857142857,0.612244898,2,11.07,33.285,22.215,21.54535714,7.482397959,25.92,0,0.799,0.799,0.3995,0.3995,0.799,0,0,0,0,0,0,14,225,211,109.2857143,95.28571429,14
Cu2SnSe3,300,2.203,Cu2 Sn1 Se3,29,50,21,35,5,34,64,89,25,79.16666667,10.11111111,89,63.546,118.71,55.164,80.447,12.75433333,78.96,494,1357.77,863.77,783.77,382.6666667,494,11,16,5,14,2,16,4,5,1,4.166666667,0.277777778,4,120,139,19,127.1666667,7.166666667,120,1.9,2.55,0.65,2.235,0.315,2.55,1,2,1,1.666666667,0.444444444,2,0,4,4,2.333333333,1.666666667,4,10,10,0,10,0,10,0,0,0,0,0,0,11,16,5,14,2,16,0,1,1,0.333333333,0.444444444,0,0,4,4,1.666666667,1.111111111,2,0,0,0,0,0,0,0,0,0,0,0,0,1,4,3,2,0.666666667,2,11.07,33.285,22.215,22.1975,7.418333333,25.92,0,0.799,0.799,0.3995,0.3995,0.799,0,0,0,0,0,0,14,225,211,105.5,91.5,14
Cu5SnSbSe6.58,300,4.171,Cu5 Sn1 Sb1 Se6.58,29,51,22,34.58910162,4.686568006,34,64,89,25,78.83799705,10.92636013,89,63.546,121.76,58.214,79.36353461,12.03872324,78.96,494,1357.77,863.77,843.0213549,387.99733,494,11,16,5,13.93814433,2.163581981,16,4,5,1,4.147275405,0.25117072,4,120,139,19,127.2164948,6.993304283,120,1.9,2.55,0.65,2.230412371,0.309703475,2.55,1,2,1,1.631811487,0.465251464,2,0,4,4,2.306332842,1.743445811,4,10,10,0,10,0,10,0,0,0,0,0,0,11,16,5,13.93814433,2.163581981,16,0,1,1,0.368188513,0.465251464,0,0,4,4,1.484536082,1.093178264,2,0,0,0,0,0,0,0,0,0,0,0,0,1,4,3,1.852724595,0.6279268,2,11.07,33.285,22.215,21.41005891,7.614181819,25.92,0,0.799,0.799,0.38714433,0.399117866,0.799,0,0,0,0,0,0,14,225,211,112.2326951,95.19457055,14
Cu5SnSbSe7,700,3.474,Cu5 Sn1 Sb1 Se7,29,51,22,34.57142857,4.551020408,34,64,89,25,79.14285714,10.81632653,89,63.546,121.76,58.214,79.35142857,11.68102041,78.96,494,1357.77,863.77,832.5507143,385.3322449,494,11,16,5,14,2.142857143,16,4,5,1,4.142857143,0.244897959,4,120,139,19,127,7,120,1.9,2.55,0.65,2.24,0.31,2.55,1,2,1,1.642857143,0.459183673,2,0,4,4,2.357142857,1.734693878,4,10,10,0,10,0,10,0,0,0,0,0,0,11,16,5,14,2.142857143,16,0,1,1,0.357142857,0.459183673,0,0,4,4,1.5,1.071428571,2,0,0,0,0,0,0,0,0,0,0,0,0,1,4,3,1.857142857,0.612244898,2,11.07,33.285,22.215,21.54535714,7.482397959,25.92,0,0.799,0.799,0.3995,0.3995,0.799,0,0,0,0,0,0,14,225,211,109.2857143,95.28571429,14
Er0.01(Bi0.23Sb0.77)1.99Te3,500,1.26,Er0.01 Bi0.4577 Sb1.5323 Te3,51,83,32,54.56328,5.259941578,52,35,90,55,87.99154,2.410152,90,121.76,208.9804,87.2204,133.3391534,13.98407881,127.6,544.4,1770,1225.6,763.9427948,89.73324863,722.66,3,16,13,15.576,0.5088,16,5,6,1,5.09354,0.169580537,5,138,189,51,139.32386,1.787132271,138,1.24,2.1,0.86,2.0756338,0.02923944,2.1,2,2,0,2,0,2,0,4,4,3.594,0.4872,4,0,10,10,9.98,0.03992,10,0,14,14,1.30556,2.366875835,0,14,29,15,16.87956,2.219010155,16,0,0,0,0,0,0,0,3,3,2.394,0.482376,2,0,0,0,0,0,0,0,2,2,0.004,0.007984,0,2,3,1,2.398,0.479192,2,30.585,34.76333333,4.178333333,33.6072906,1.38725128,34.76333333,0,0.464,0.464,0.2784,0.22272,0.464,0,0,0,0,0,0,12,194,182,143.55884,24.08579243,152
Nb0.85Ta0.15CoSn0.9Sb0.1,800,4.124,Nb0.85 Ta0.15 Co1 Sn0.9 Sb0.1,27,73,46,40.96666667,9.311111111,27,47,85,38,61.88333333,12.41111111,58,58.933195,180.94788,122.014685,94.68693333,24.84480578,58.933195,505.08,3290,2784.92,1714.65,779.8,1768,5,15,10,9.366666667,3.155555556,9,4,6,2,4.716666667,0.477777778,4,126,170,44,143.3,14.4,126,1.5,2.05,0.55,1.811333333,0.150888889,1.88,1,2,1,1.716666667,0.406111111,2,0,3,3,0.7,0.933333333,0,3,10,7,6.95,2.066666667,7,0,14,14,0.7,1.33,0,5,19,14,10.06666667,3.582222222,9,0,1,1,0.283333333,0.406111111,0,0,4,4,1.3,1.733333333,0,0,7,7,3.05,2.066666667,3,0,0,0,0,0,0,3,7,4,4.633333333,1.577777778,3,10.245,33.285,23.04,20.5095,8.402,10.245,0,0,0,0,0,0,0,1.5484712,1.5484712,0.516157067,0.688209422,1.5484712,141,229,88,188.8333333,30.22222222,194
NbCoSn0.9Sb0.1,600,5.396,Nb1 Co1 Sn0.9 Sb0.1,27,51,24,39.36666667,8.244444444,27,47,85,38,61.83333333,12.44444444,47,58.933195,121.76,62.826805,90.28485833,20.90110889,58.933195,505.08,2750,2244.92,1687.65,761.8,1768,5,15,10,9.366666667,3.155555556,5,4,5,1,4.666666667,0.444444444,4,126,164,38,143,14,126,1.6,2.05,0.45,1.816333333,0.144222222,1.6,1,2,1,1.666666667,0.444444444,1,0,3,3,0.7,0.933333333,0,4,10,6,7,2,4,0,0,0,0,0,0,5,15,10,9.366666667,3.155555556,5,0,1,1,0.333333333,0.444444444,0,0,4,4,1.3,1.733333333,0,0,6,6,3,2,3,0,0,0,0,0,0,3,7,4,4.633333333,1.577777778,3,10.245,33.285,23.04,20.5125,8.4,10.245,0,0,0,0,0,0,0,1.5484712,1.5484712,0.516157067,0.688209422,0,141,229,88,188.8333333,30.22222222,194
Sn1.03Se0.12Te0.865Br0.015,500,3.1,Sn1.03 Se0.12 Te0.865 Br0.015,34,52,18,49.7955665,2.08610983,50,80,95,15,84.90394089,4.97641292,80,78.96,127.6,48.64,119.8616059,6.594789051,118.71,265.8,722.66,456.86,595.3696059,108.4790058,505.08,14,17,3,14.99261084,1.007279963,14,4,5,1,4.933497537,0.124159771,5,120,139,19,137.3103448,2.302361135,139,1.96,2.96,1,2.061921182,0.103427407,1.96,2,2,0,2,0,2,2,5,3,2.992610837,1.007279963,2,10,10,0,10,0,10,0,0,0,0,0,0,14,17,3,14.99261084,1.007279963,14,0,0,0,0,0,0,1,4,3,3.007389163,1.007279963,4,0,0,0,0,0,0,0,0,0,0,0,0,1,4,3,3.007389163,1.007279963,4,25.92,34.76333333,8.843333333,33.45144499,1.118013217,33.285,0,1.457,1.457,0.255711823,0.259490815,0,0,0,0,0,0,0,14,152,138,137.6108374,15.70193404,141
Sn1.03Te,400,7.855,Sn1.03 Te1,50,52,2,50.98522167,0.999781601,50,80,90,10,84.92610837,4.998908006,80,118.71,127.6,8.89,123.0893103,4.444029217,118.71,505.08,722.66,217.58,612.262266,108.7662404,505.08,14,16,2,14.98522167,0.999781601,14,5,5,0,5,0,5,138,139,1,138.5073892,0.499890801,139,1.96,2.1,0.14,2.028965517,0.069984712,1.96,2,2,0,2,0,2,2,4,2,2.985221675,0.999781601,2,10,10,0,10,0,10,0,0,0,0,0,0,14,16,2,14.98522167,0.999781601,14,0,0,0,0,0,0,2,4,2,3.014778325,0.999781601,4,0,0,0,0,0,0,0,0,0,0,0,0,2,4,2,3.014778325,0.999781601,4,33.285,34.76333333,1.478333333,34.01324302,0.739005233,33.285,0,0.464,0.464,0.228571429,0.231949331,0,0,0,0,0,0,0,141,152,11,146.4187192,5.498798806,141
Bi0.825Ba0.175CuSeO,700,0.586,Bi0.825 Ba0.175 Cu1 Se1 O1,8,83,75,37.31875,20.478125,8,9,89,80,78.13125,13.11460938,64,15.9994,208.9804,192.981,88.73661375,53.85222062,15.9994,54.8,1357.77,1302.97,632.675,394.6884375,54.8,2,16,14,13.93125,2.509609375,11,2,6,4,4,1,2,66,215,149,119.43125,26.715625,66,0.89,3.44,2.55,2.4280625,0.5669375,1.9,1,2,1,1.75,0.375,1,0,4,4,2.61875,1.538515625,0,0,10,10,7.0625,4.14921875,0,0,14,14,2.8875,4.58390625,0,2,29,27,14.31875,6.896640625,6,0,1,1,0.25,0.375,0,0,3,3,1.61875,0.951015625,0,0,0,0,0,0,0,0,0,0,0,0,0,0,3,3,1.86875,0.597890625,1,9.105,63.59,54.485,21.10175,11.01425,9.105,0,0.799,0.799,0.19975,0.299625,0,0,0,0,0,0,0,12,229,217,75.24375,88.33179688,12
BiCuSeO,400,0.69,Bi1 Cu1 Se1 O1,8,83,75,38.5,22.25,8,64,89,25,81.5,8.75,64,15.9994,208.9804,192.981,91.87145,58.554475,15.9994,54.8,1357.77,1302.97,612.7425,372.51375,54.8,11,16,5,14.5,1.75,11,2,6,4,4,1,2,66,148,82,116.5,25.25,66,1.9,3.44,1.54,2.4775,0.5175,1.9,1,2,1,1.75,0.375,1,0,4,4,2.75,1.375,0,0,10,10,7.5,3.75,0,0,14,14,3.5,5.25,0,6,29,23,15.5,7,6,0,1,1,0.25,0.375,0,0,3,3,1.75,0.875,0,0,0,0,0,0,0,0,0,0,0,0,0,1,3,2,2,0.5,1,9.105,32.95,23.845,19.76125,9.67375,9.105,0,0.799,0.799,0.19975,0.299625,0,0,0,0,0,0,0,12,225,213,65.75,79.625,12
Ag0.02Cu1.955S0.5Se0.5,300,0.446,Ag0.02 Cu1.955 S0.5 Se0.5,16,47,31,27.77647059,3.958477509,29,64,89,25,72.24201681,10.9297366,64,32.065,107.8682,75.8032,61.14362824,9.774328819,63.546,388.36,1357.77,969.41,1048.846706,408.5154325,1357.77,11,16,5,12.68067227,2.231480828,11,3,5,2,3.838655462,0.281900996,4,105,145,40,125.5327731,8.761528141,132,1.9,2.58,0.68,2.123731092,0.296651366,1.9,1,2,1,1.336134454,0.446296166,1,0,4,4,1.344537815,1.785184662,0,0,10,10,8.319327731,2.796412683,10,0,0,0,0,0,0,6,16,10,11,1.680672269,11,0,1,1,0.663865546,0.446296166,1,0,2,2,0.672268908,0.892592331,0,0,0,0,0,0,0,0,0,0,0,0,0,1,2,1,1.336134454,0.446296166,1,11.07,25.92,14.85,16.07458403,6.577453301,11.07,0,2.202,2.202,0.504369748,0.669667396,0,0,0,0,0,0,0,14,225,211,163.487395,81.67219829,225
Cu1.975S0.5Se0.5,300,0.502,Cu1.975 S0.5 Se0.5,16,34,18,27.65546218,3.917802415,29,64,89,25,72.23529412,10.93425606,64,32.065,78.96,46.895,60.84566387,9.674172728,63.546,388.36,1357.77,969.41,1049.672521,409.0706024,1357.77,11,16,5,12.68067227,2.231480828,11,3,4,1,3.831932773,0.279641268,4,105,132,27,125.4453782,8.702775228,132,1.9,2.58,0.68,2.123529412,0.29678695,1.9,1,2,1,1.336134454,0.446296166,1,0,4,4,1.344537815,1.785184662,0,0,10,10,8.319327731,2.796412683,10,0,0,0,0,0,0,6,16,10,11,1.680672269,11,0,1,1,0.663865546,0.446296166,1,0,2,2,0.672268908,0.892592331,0,0,0,0,0,0,0,0,0,0,0,0,0,1,2,1,1.336134454,0.446296166,1,11.07,25.92,14.85,16.03922269,6.59779147,11.07,0,2.202,2.202,0.504369748,0.669667396,0,0,0,0,0,0,0,14,225,211,163.487395,81.67219829,225
(SnTe)10Sb2Te3,400,2.19,Sn10 Te13 Sb2,50,52,2,51.12,0.9152,52,80,90,10,85.6,4.576,90,118.71,127.6,8.89,123.5768,4.184128,127.6,505.08,903.78,398.7,650.1176,116.03008,722.66,14,16,2,15.12,0.9152,16,5,5,0,5,0,5,138,139,1,138.48,0.4992,138,1.96,2.1,0.14,2.04,0.064,2.1,2,2,0,2,0,2,2,4,2,3.12,0.9152,4,10,10,0,10,0,10,0,0,0,0,0,0,14,16,2,15.12,0.9152,16,0,0,0,0,0,0,2,4,2,2.88,0.9152,2,0,0,0,0,0,0,0,0,0,0,0,0,2,4,2,2.88,0.9152,2,31.56,34.76333333,3.203333333,33.91573333,0.881504,34.76333333,0,0.464,0.464,0.24128,0.2316288,0.464,0,0,0,0,0,0,141,166,25,148.72,6.176,152
SnTe,500,5.891,Sn1 Te1,50,52,2,51,1,50,80,90,10,85,5,80,118.71,127.6,8.89,123.155,4.445,118.71,505.08,722.66,217.58,613.87,108.79,505.08,14,16,2,15,1,14,5,5,0,5,0,5,138,139,1,138.5,0.5,138,1.96,2.1,0.14,2.03,0.07,1.96,2,2,0,2,0,2,2,4,2,3,1,2,10,10,0,10,0,10,0,0,0,0,0,0,14,16,2,15,1,14,0,0,0,0,0,0,2,4,2,3,1,2,0,0,0,0,0,0,0,0,0,0,0,0,2,4,2,3,1,2,33.285,34.76333333,1.478333333,34.02416667,0.739166667,33.285,0,0.464,0.464,0.232,0.232,0,0,0,0,0,0,0,141,152,11,146.5,5.5,141
Cd2Cu3In3Te8,500,1.29,Cd2 Cu3 In3 Te8,29,52,23,46.625,6.609375,52,64,90,26,79.8125,10.1875,90,63.546,127.6,64.054,111.294625,17.90573437,127.6,429.75,1357.77,928.02,770.7675,220.1259375,722.66,11,16,5,14,2,16,4,5,1,4.8125,0.3046875,5,132,144,12,138.375,2.765625,138,1.69,2.1,0.41,1.95125,0.14875,2.1,1,2,1,1.8125,0.3046875,2,0,4,4,2.1875,1.8125,4,10,10,0,10,0,10,0,0,0,0,0,0,11,16,5,14,2,16,0,1,1,0.1875,0.3046875,0,0,5,5,1.9375,1.2109375,2,0,0,0,0,0,0,0,0,0,0,0,0,0,5,5,2.125,1.078125,2,11.07,34.76333333,23.69333333,26.44291667,8.320416667,34.76333333,0,0.464,0.464,0.232,0.232,0.464,0,0,0,0,0,0,139,225,86,168.5,27.5625,152
Mn2Cu3In3Te8,700,0.74,Mn2 Cu3 In3 Te8,25,52,27,43.75,10.21875,52,52,90,38,77.5625,12.4375,90,54.938045,127.6,72.661955,104.1105056,27.50480477,127.6,429.75,1519,1089.25,886.365,334.935625,722.66,7,16,9,13.375,2.625,16,4,5,1,4.6875,0.4296875,5,132,142,10,137.75,2.15625,138,1.55,2.1,0.55,1.93375,0.16625,2.1,1,2,1,1.8125,0.3046875,2,0,4,4,2.1875,1.8125,4,5,10,5,9.375,1.09375,10,0,0,0,0,0,0,7,16,9,13.375,2.625,16,0,1,1,0.1875,0.3046875,0,0,5,5,1.9375,1.2109375,2,0,5,5,0.625,1.09375,0,0,0,0,0,0,0,1,5,4,2.75,1.40625,2,10.48758621,34.76333333,24.27574713,25.31698994,9.446343391,34.76333333,0,0.464,0.464,0.232,0.232,0.464,0,0.000310121,0.000310121,3.88E-05,6.78E-05,0,139,225,86,171.375,31.515625,152
Zn2Cu3In3Te8,600,1.314,Zn2 Cu3 In3 Te8,29,52,23,44.375,9.359375,52,64,90,26,79.6875,10.3125,90,63.546,127.6,64.054,105.41575,25.71009375,127.6,429.75,1357.77,928.02,783.075,215.510625,722.66,11,16,5,14,2,16,4,5,1,4.6875,0.4296875,5,122,142,20,135.625,4.765625,138,1.65,2.1,0.45,1.94625,0.15375,2.1,1,2,1,1.8125,0.3046875,2,0,4,4,2.1875,1.8125,4,10,10,0,10,0,10,0,0,0,0,0,0,11,16,5,14,2,16,0,1,1,0.1875,0.3046875,0,0,5,5,1.9375,1.2109375,2,0,0,0,0,0,0,0,0,0,0,0,0,0,5,5,2.125,1.078125,2,11.07,34.76333333,23.69333333,25.75104167,9.012291667,34.76333333,0,0.464,0.464,0.232,0.232,0.464,0,0,0,0,0,0,139,225,86,168.5,27.5625,152
Al0.005Sb0.1Ge0.895Te,300,1.527,Al0.005 Sb0.1 Ge0.895 Te1,13,52,39,42.9025,9.90725,52,73,90,17,84.785,5.2365,90,26.9815386,127.6,100.6184614,102.4618538,27.06796077,127.6,722.66,1211.4,488.74,950.954175,233.0990134,722.66,13,16,3,15.0475,0.9525,16,3,5,2,4.5475,0.49775,5,120,139,19,129.9525,8.95225,138,1.61,2.1,0.49,2.056,0.044,2.1,2,2,0,2,0,2,1,4,3,3.0475,0.9525,4,0,10,10,9.975,0.049875,10,0,0,0,0,0,0,3,16,13,15.0225,0.9775,16,0,0,0,0,0,0,2,5,3,2.9525,0.9525,2,0,0,0,0,0,0,0,0,0,0,0,0,2,5,3,2.9525,0.9525,2,16.48,34.76333333,18.28333333,29.29560417,5.69416875,34.76333333,0,0.464,0.464,0.4033925,0.0606075,0.464,0,0,0,0,0,0,152,225,73,185.55,35.505,152
Al0.01Ge0.99Te,800,3.06,Al0.01 Ge0.99 Te1,13,52,39,41.905,10.095,52,73,90,17,84.47,5.53,90,26.9815386,127.6,100.6184614,99.89170769,27.70829231,127.6,722.66,1211.4,488.74,965.64035,243.3020535,722.66,13,16,3,14.995,1.005,16,3,5,2,4.495,0.505,5,120,138,18,129.005,8.995,138,1.61,2.1,0.49,2.053,0.047,2.1,2,2,0,2,0,2,1,4,3,2.995,1.005,4,0,10,10,9.95,0.0995,10,0,0,0,0,0,0,3,16,13,14.945,1.055,16,0,0,0,0,0,0,2,5,3,3.005,1.005,2,0,0,0,0,0,0,0,0,0,0,0,0,2,5,3,3.005,1.005,2,16.48,34.76333333,18.28333333,28.85154167,5.911791667,34.76333333,0,0.464,0.464,0.421585,0.042415,0.464,0,0,0,0,0,0,152,225,73,188.5,36.5,152
Al0.01Sb0.1Ge0.89Te,700,1.396,Al0.01 Sb0.1 Ge0.89 Te1,13,52,39,42.855,9.9595,52,73,90,17,84.77,5.253,90,26.9815386,127.6,100.6184614,102.3477077,27.19352154,127.6,722.66,1211.4,488.74,950.25935,232.4151785,722.66,13,16,3,15.045,0.955,16,3,5,2,4.545,0.5005,5,120,139,19,129.955,8.9495,138,1.61,2.1,0.49,2.055,0.045,2.1,2,2,0,2,0,2,1,4,3,3.045,0.955,4,0,10,10,9.95,0.0995,10,0,0,0,0,0,0,3,16,13,14.995,1.0055,16,0,0,0,0,0,0,2,5,3,2.955,0.955,2,0,0,0,0,0,0,0,0,0,0,0,0,2,5,3,2.955,0.955,2,16.48,34.76333333,18.28333333,29.27929167,5.7121125,34.76333333,0,0.464,0.464,0.402435,0.061565,0.464,0,0,0,0,0,0,152,225,73,185.55,35.505,152
Al0.03Ge0.97Te,400,5.626,Al0.03 Ge0.97 Te1,13,52,39,41.715,10.285,52,73,90,17,84.41,5.59,90,26.9815386,127.6,100.6184614,99.43512308,28.16487692,127.6,722.66,1211.4,488.74,962.86105,241.0827815,722.66,13,16,3,14.985,1.015,16,3,5,2,4.485,0.515,5,120,138,18,129.015,8.985,138,1.61,2.1,0.49,2.049,0.051,2.1,2,2,0,2,0,2,1,4,3,2.985,1.015,4,0,10,10,9.85,0.2955,10,0,0,0,0,0,0,3,16,13,14.835,1.165,16,0,0,0,0,0,0,2,5,3,3.015,1.015,2,0,0,0,0,0,0,0,0,0,0,0,0,2,5,3,3.015,1.015,2,16.48,34.76333333,18.28333333,28.78629167,5.977041667,34.76333333,0,0.464,0.464,0.417755,0.046245,0.464,0,0,0,0,0,0,152,225,73,188.5,36.5,152
Sb0.15Ge0.85Te,500,1.22,Sb0.15 Ge0.85 Te1,32,52,20,43.425,9.71125,52,79,90,11,84.95,5.0575,90,72.64,127.6,54.96,103.804,26.4894,127.6,722.66,1211.4,488.74,943.9585,227.325275,722.66,14,16,2,15.075,0.925,16,4,5,1,4.575,0.48875,5,120,139,19,130.425,8.86125,138,2.01,2.1,0.09,2.058,0.042,2.1,2,2,0,2,0,2,2,4,2,3.075,0.925,4,10,10,0,10,0,10,0,0,0,0,0,0,14,16,2,15.075,0.925,16,0,0,0,0,0,0,2,4,2,2.925,0.925,2,0,0,0,0,0,0,0,0,0,0,0,0,2,4,2,2.925,0.925,2,23.005,34.76333333,11.75833333,29.52579167,5.542672917,34.76333333,0,0.464,0.464,0.394775,0.069225,0.464,0,0,0,0,0,0,152,225,73,184.075,34.78625,152
Sb0.15Ge0.85Te,800,1.473,Sb0.15 Ge0.85 Te1,32,52,20,43.425,9.71125,52,79,90,11,84.95,5.0575,90,72.64,127.6,54.96,103.804,26.4894,127.6,722.66,1211.4,488.74,943.9585,227.325275,722.66,14,16,2,15.075,0.925,16,4,5,1,4.575,0.48875,5,120,139,19,130.425,8.86125,138,2.01,2.1,0.09,2.058,0.042,2.1,2,2,0,2,0,2,2,4,2,3.075,0.925,4,10,10,0,10,0,10,0,0,0,0,0,0,14,16,2,15.075,0.925,16,0,0,0,0,0,0,2,4,2,2.925,0.925,2,0,0,0,0,0,0,0,0,0,0,0,0,2,4,2,2.925,0.925,2,23.005,34.76333333,11.75833333,29.52579167,5.542672917,34.76333333,0,0.464,0.464,0.394775,0.069225,0.464,0,0,0,0,0,0,152,225,73,184.075,34.78625,152
Bi0.42Sb1.58Te3,400,0.971,Bi0.42 Sb1.58 Te3,51,83,32,54.288,4.823616,52,85,90,5,88.084,2.2992,90,121.76,208.9804,87.2204,132.5905136,12.83350092,127.6,544.4,903.78,359.38,764.92008,87.75946944,722.66,15,16,1,15.6,0.48,16,5,6,1,5.084,0.153888,5,138,148,10,139.156,1.485792,138,2.02,2.1,0.08,2.07748,0.027024,2.1,2,2,0,2,0,2,3,4,1,3.6,0.48,4,10,10,0,10,0,10,0,14,14,1.176,2.154432,0,15,29,14,16.776,2.053632,16,0,0,0,0,0,0,2,3,1,2.4,0.48,2,0,0,0,0,0,0,0,0,0,0,0,0,2,3,1,2.4,0.48,2,31.56,34.76333333,3.203333333,33.59876,1.397488,34.76333333,0,0.464,0.464,0.2784,0.22272,0.464,0,0,0,0,0,0,12,166,154,144.664,22.287552,152
Pb0.96Tl0.02Na0.02Te,800,0.803,Pb0.96 Tl0.02 Na0.02 Te1,11,82,71,66.28,15.3856,52,2,90,88,84.66,5.34,90,22.98976928,207.2,184.2102307,165.5297307,40.78052992,127.6,370.87,722.66,351.79,659.1015,63.5585,722.66,1,16,15,14.86,1.14,16,3,6,3,5.47,0.5194,5,138,166,28,142.19,4.19,138,0.93,2.33,1.4,2.1939,0.130656,2.1,1,2,1,1.99,0.0198,2,0,4,4,2.97,1.03,4,0,10,10,9.9,0.198,10,0,14,14,6.86,6.9972,0,1,28,27,21.72,6.1344,16,0,1,1,0.01,0.0198,0,0,5,5,2.97,1.0294,2,0,0,0,0,0,0,0,0,0,0,0,0,1,5,4,2.98,1.0196,2,26.91,34.76333333,7.853333333,31.436,3.327333333,34.76333333,0,0.464,0.464,0.232,0.232,0.464,0,0,0,0,0,0,152,229,77,188.23,36.23,152
Pb0.99Tl0.005Na0.005Te,700,0.983,Pb0.99 Tl0.005 Na0.005 Te1,11,82,71,66.82,15.0991,52,2,90,88,85.29,4.71,90,22.98976928,207.2,184.2102307,166.9324327,40.05214599,127.6,370.87,722.66,351.79,661.001625,61.658375,722.66,1,16,15,14.965,1.035,16,3,6,3,5.4925,0.5049625,5,138,166,28,142.0475,4.0475,138,0.93,2.33,1.4,2.209725,0.11907225,2.1,1,2,1,1.9975,0.0049875,2,0,4,4,2.9925,1.0075,4,0,10,10,9.975,0.049875,10,0,14,14,6.965,6.999825,0,1,28,27,21.93,6.03465,16,0,1,1,0.0025,0.0049875,0,0,5,5,2.9925,1.0074625,2,0,0,0,0,0,0,0,0,0,0,0,0,1,5,4,2.995,1.004975,2,26.91,34.76333333,7.853333333,31.4365,3.326833333,34.76333333,0,0.464,0.464,0.232,0.232,0.464,0,0,0,0,0,0,152,229,77,188.4325,36.4325,152
TiNiSn,400,4.103,Ti1 Ni1 Sn1,22,50,28,33.33333333,11.11111111,22,43,80,37,61.33333333,12.44444444,43,47.867,118.71,70.843,75.09013333,29.07991111,47.867,505.08,1941,1435.92,1391.36,590.8533333,505.08,4,14,10,9.333333333,3.555555556,4,4,5,1,4.333333333,0.444444444,4,124,160,36,141,12.66666667,124,1.54,1.96,0.42,1.803333333,0.175555556,1.54,2,2,0,2,0,2,0,2,2,0.666666667,0.888888889,0,2,10,8,6.666666667,3.111111111,2,0,0,0,0,0,0,4,14,10,9.333333333,3.555555556,4,0,0,0,0,0,0,0,4,4,1.333333333,1.777777778,0,0,8,8,3.333333333,3.111111111,0,0,0,0,0,0,0,2,8,6,4.666666667,2.222222222,2,10.32,33.285,22.965,20.09833333,8.791111111,10.32,0,0,0,0,0,0,0,0.5953947,0.5953947,0.198472411,0.264614859,0,141,225,84,186.6666667,30.44444444,141
(GeTe)0.7(AgSnSe2)0.3,600,1.337,Ge0.7 Te0.7 Ag0.3 Sn0.3 Se0.6,32,52,20,41.65384615,8.730769231,32,65,90,25,82.76923077,6.769230769,79,72.64,127.6,54.96,98.27594615,22.71902308,72.64,494,1234.93,740.93,835.4788462,294.6001183,722.66,11,16,5,14.65384615,1.346153846,14,4,5,1,4.5,0.5,4,120,145,25,129.9230769,9.923076923,120,1.93,2.55,0.62,2.143846154,0.187455621,2.01,1,2,1,1.884615385,0.204142012,2,0,4,4,2.769230769,1.230769231,2,10,10,0,10,0,10,0,0,0,0,0,0,11,16,5,14.65384615,1.346153846,14,0,1,1,0.115384615,0.204142012,0,0,4,4,2.538461538,1.124260355,2,0,0,0,0,0,0,0,0,0,0,0,0,1,4,3,2.653846154,1.035502959,2,16.33,34.76333333,18.43333333,27.25935897,5.431134122,23.005,0,0.799,0.799,0.412423077,0.206192308,0.383,0,0,0,0,0,0,14,225,211,146.9615385,62.74260355,152
Sn0.91Mn0.09Te,400,3.671,Sn0.91 Mn0.09 Te1,25,52,27,49.875,2.23875,52,52,90,38,83.74,6.26,90,54.938045,127.6,72.661955,120.285262,7.314737975,127.6,505.08,1519,1013.92,659.4964,140.518924,722.66,7,16,9,14.685,1.315,16,4,5,1,4.955,0.08595,5,138,139,1,138.5,0.5,138,1.55,2.1,0.55,2.01155,0.08845,2.1,2,2,0,2,0,2,0,4,4,2.91,1.09,4,5,10,5,9.775,0.42975,10,0,0,0,0,0,0,7,16,9,14.685,1.315,16,0,0,0,0,0,0,0,4,4,2.82,1.0738,2,0,5,5,0.225,0.42975,0,0,0,0,0,0,0,2,5,3,3.045,1.045,2,10.48758621,34.76333333,24.27574713,32.99828305,2.025962716,34.76333333,0,0.464,0.464,0.232,0.232,0.464,0,0.000310121,0.000310121,1.40E-05,2.67E-05,0,141,217,76,149.92,8.1172,152
Sn0.97Mn0.03Te,500,5.026,Sn0.97 Mn0.03 Te1,25,52,27,50.625,1.375,52,52,90,38,84.58,5.42,90,54.938045,127.6,72.661955,122.1984207,5.401579325,127.6,505.08,1519,1013.92,629.0788,120.278836,722.66,7,16,9,14.895,1.105,16,4,5,1,4.985,0.02955,5,138,139,1,138.5,0.5,138,1.55,2.1,0.55,2.02385,0.07615,2.1,2,2,0,2,0,2,0,4,4,2.97,1.03,4,5,10,5,9.925,0.14775,10,0,0,0,0,0,0,7,16,9,14.895,1.105,16,0,0,0,0,0,0,0,4,4,2.94,1.0282,2,0,5,5,0.075,0.14775,0,0,0,0,0,0,0,2,5,3,3.015,1.015,2,10.48758621,34.76333333,24.27574713,33.68220546,1.081127874,34.76333333,0,0.464,0.464,0.232,0.232,0.464,0,0.000310121,0.000310121,4.65E-06,9.16E-06,0,141,217,76,147.64,6.4408,152
(SnTe)0.84(CuSbTe2)0.16,700,2.087,Sn0.84 Te1.16 Cu0.16 Sb0.16,29,52,23,49.62068966,2.844233056,52,64,90,26,84.24137931,5.863258026,90,63.546,127.6,64.054,119.560931,8.342388823,127.6,505.08,1357.77,852.69,700.1727586,141.2740666,722.66,11,16,5,14.86206897,1.156956005,16,4,5,1,4.931034483,0.128418549,5,132,139,7,138.0172414,0.847205707,138,1.9,2.1,0.2,2.032068966,0.070404281,2.1,1,2,1,1.931034483,0.128418549,2,0,4,4,2.931034483,1.078478002,4,10,10,0,10,0,10,0,0,0,0,0,0,11,16,5,14.86206897,1.156956005,16,0,1,1,0.068965517,0.128418549,0,0,4,4,2.655172414,1.021403092,2,0,0,0,0,0,0,0,0,0,0,0,0,1,4,3,2.724137931,0.961950059,2,11.07,34.76333333,23.69333333,32.37313218,3.050519223,34.76333333,0,0.464,0.464,0.232,0.232,0.464,0,0,0,0,0,0,141,225,84,154.0172414,11.44351962,152
Ce0.75Fe3CoSb12,600,6.049,Ce0.75 Fe3 Co1 Sb12,26,58,32,45.40298507,9.147694364,51,15,85,70,74.88059701,14.49944308,85,55.845,140.116,84.271,107.0253848,24.07562318,121.76,903.78,1811,907.22,1125.349851,322.3403698,903.78,3,15,12,12.85074627,3.079527734,15,4,6,2,4.805970149,0.384940967,5,126,204,78,139.880597,5.742036088,139,1.12,2.05,0.93,1.95880597,0.130666073,2.05,2,2,0,2,0,2,0,3,3,2.149253731,1.218979728,3,1,10,9,8.701492537,1.860548006,10,0,1,1,0.044776119,0.085542437,0,4,15,11,12.89552239,3.015370907,15,0,0,0,0,0,0,0,3,3,2.149253731,1.218979728,3,0,9,9,1.298507463,1.860548006,0,0,13,13,0.582089552,1.112051682,0,3,22,19,4.029850746,1.609267097,3,10.245,37.24,26.995,26.81104478,7.738409445,31.56,0,0,0,0,0,0,0,2.1106628,2.1106628,0.4704752,0.716245827,0,166,229,63,180.2089552,20.35910002,166
(PbTe)(MnTe)0.03,400,1.632,Pb1 Te1.03 Mn0.03,25,82,57,66.16990291,15.3690263,52,52,90,38,85.0776699,4.922330097,90,54.938045,207.2,152.261955,165.1825929,40.79359914,127.6,600.61,1519,918.39,675.0096117,72.23263267,722.66,7,16,9,14.89805825,1.101941748,16,4,6,2,5.470873786,0.51371477,5,138,146,8,141.8980583,3.982467716,138,1.55,2.33,0.78,2.203640777,0.122678858,2.1,2,2,0,2,0,2,0,4,4,2.970873786,1.029126214,4,5,10,5,9.927184466,0.143510227,10,0,14,14,6.796116505,6.994061646,0,7,28,21,21.69417476,6.12216043,16,0,0,0,0,0,0,0,4,4,2.941747573,1.027429541,2,0,5,5,0.072815534,0.143510227,0,0,0,0,0,0,0,2,5,3,3.014563107,1.014563107,2,10.48758621,34.76333333,24.27574713,31.18002957,3.583303761,34.76333333,0,0.464,0.464,0.232,0.232,0.464,0,0.000310121,0.000310121,4.52E-06,8.90E-06,0,152,225,73,188.3834951,36.38349515,152
Cu2SnSe3,300,2.327,Cu2 Sn1 Se3,29,50,21,35,5,34,64,89,25,79.16666667,10.11111111,89,63.546,118.71,55.164,80.447,12.75433333,78.96,494,1357.77,863.77,783.77,382.6666667,494,11,16,5,14,2,16,4,5,1,4.166666667,0.277777778,4,120,139,19,127.1666667,7.166666667,120,1.9,2.55,0.65,2.235,0.315,2.55,1,2,1,1.666666667,0.444444444,2,0,4,4,2.333333333,1.666666667,4,10,10,0,10,0,10,0,0,0,0,0,0,11,16,5,14,2,16,0,1,1,0.333333333,0.444444444,0,0,4,4,1.666666667,1.111111111,2,0,0,0,0,0,0,0,0,0,0,0,0,1,4,3,2,0.666666667,2,11.07,33.285,22.215,22.1975,7.418333333,25.92,0,0.799,0.799,0.3995,0.3995,0.799,0,0,0,0,0,0,14,225,211,105.5,91.5,14
Ag8Sn0.4Ga0.6Se6,700,0.289,Ag8 Sn0.4 Ga0.6 Se6,31,50,19,41.24,6.6112,47,65,89,24,75.36,11.15946667,65,69.723,118.71,48.987,95.06822667,14.91419947,107.8682,302.91,1234.93,932.02,881.8145333,376.6564978,1234.93,11,16,5,13.16,2.3168,11,4,5,1,4.56,0.4928,5,120,145,25,133.92,12.0896,145,1.81,2.55,0.74,2.174,0.3008,1.93,1,2,1,1.466666667,0.497777778,1,0,4,4,1.693333333,1.861688889,0,10,10,0,10,0,10,0,0,0,0,0,0,11,16,5,13.16,2.3168,11,0,1,1,0.533333333,0.497777778,1,0,5,5,1.106666667,1.180444444,0,0,0,0,0,0,0,0,0,0,0,0,0,1,5,4,1.64,0.682666667,1,16.33,33.285,16.955,20.71923333,4.830787556,16.33,0,0.799,0.799,0.3196,0.38352,0,0,0,0,0,0,0,14,225,211,131.92,99.7696,225
Ag8SnSe6,400,0.262,Ag8 Sn1 Se6,34,50,16,42,6.4,47,65,89,24,75.6,11.30666667,65,78.96,118.71,39.75,97.02770667,14.45416533,107.8682,494,1234.93,740.93,889.9013333,368.0305778,1234.93,11,16,5,13.2,2.346666667,11,4,5,1,4.6,0.48,5,120,145,25,134.6,11.68,145,1.93,2.55,0.62,2.18,0.296,1.93,1,2,1,1.466666667,0.497777778,1,0,4,4,1.733333333,1.848888889,0,10,10,0,10,0,10,0,0,0,0,0,0,11,16,5,13.2,2.346666667,11,0,1,1,0.533333333,0.497777778,1,0,4,4,1.066666667,1.137777778,0,0,0,0,0,0,0,0,0,0,0,0,0,1,4,3,1.6,0.64,1,16.33,33.285,16.955,21.29633333,5.297422222,16.33,0,0.799,0.799,0.3196,0.38352,0,0,0,0,0,0,0,14,225,211,135,96.8,225
Ag2Se1.0025,300,0.912,Ag2 Se1.0025,34,47,13,42.65945046,5.782580572,47,65,89,24,73.01332223,10.67553336,65,78.96,107.8682,28.9082,98.21608659,12.8587689,107.8682,494,1234.93,740.93,987.5420483,329.5759556,1234.93,11,16,5,12.66944213,2.224069451,11,4,5,1,4.666111574,0.44481389,5,120,145,25,136.6527893,11.12034725,145,1.93,2.55,0.62,2.137010824,0.275784612,1.93,1,2,1,1.333888426,0.44481389,1,0,4,4,1.335553705,1.779255561,0,10,10,0,10,0,10,0,0,0,0,0,0,11,16,5,12.66944213,2.224069451,11,0,1,1,0.666111574,0.44481389,1,0,2,2,0.667776853,0.88962778,0,0,0,0,0,0,0,0,0,0,0,0,0,1,2,1,1.333888426,0.44481389,1,16.33,25.92,9.59,19.53199001,4.265765207,16.33,0,0.799,0.799,0.266776853,0.355406298,0,0,0,0,0,0,0,14,225,211,154.549542,93.85573083,225
Cu1.7Se,500,5.416,Cu1.7 Se1,29,34,5,30.85185185,2.331961591,29,64,89,25,73.25925926,11.65980796,64,63.546,78.96,15.414,69.25488889,7.188971193,63.546,494,1357.77,863.77,1037.855185,402.8556927,1357.77,11,16,5,12.85185185,2.331961591,11,4,4,0,4,0,4,120,132,12,127.5555556,5.596707819,132,1.9,2.55,0.65,2.140740741,0.303155007,1.9,1,2,1,1.37037037,0.466392318,1,0,4,4,1.481481481,1.865569273,0,10,10,0,10,0,10,0,0,0,0,0,0,11,16,5,12.85185185,2.331961591,11,0,1,1,0.62962963,0.466392318,1,0,2,2,0.740740741,0.932784636,0,0,0,0,0,0,0,0,0,0,0,0,0,1,2,1,1.37037037,0.466392318,1,11.07,25.92,14.85,16.57,6.925925926,11.07,0,0.799,0.799,0.295925926,0.372647462,0,0,0,0,0,0,0,14,225,211,146.8518519,98.40877915,225
Cu2.1Se,700,2.1,Cu2.1 Se1,29,34,5,30.61290323,2.185223725,29,64,89,25,72.06451613,10.92611863,64,63.546,78.96,15.414,68.51825806,6.7366077,63.546,494,1357.77,863.77,1079.134516,377.5061394,1357.77,11,16,5,12.61290323,2.185223725,11,4,4,0,4,0,4,120,132,12,128.1290323,5.244536941,132,1.9,2.55,0.65,2.109677419,0.284079084,1.9,1,2,1,1.322580645,0.437044745,1,0,4,4,1.290322581,1.74817898,0,10,10,0,10,0,10,0,0,0,0,0,0,11,16,5,12.61290323,2.185223725,11,0,1,1,0.677419355,0.437044745,1,0,2,2,0.64516129,0.87408949,0,0,0,0,0,0,0,0,0,0,0,0,0,1,2,1,1.322580645,0.437044745,1,11.07,25.92,14.85,15.86032258,6.490114464,11.07,0,0.799,0.799,0.257741935,0.349198751,0,0,0,0,0,0,0,14,225,211,156.9354839,92.21644121,225
Cu2Se,500,2.733,Cu2 Se1,29,34,5,30.66666667,2.222222222,29,64,89,25,72.33333333,11.11111111,64,63.546,78.96,15.414,68.684,6.850666667,63.546,494,1357.77,863.77,1069.846667,383.8977778,1357.77,11,16,5,12.66666667,2.222222222,11,4,4,0,4,0,4,120,132,12,128,5.333333333,132,1.9,2.55,0.65,2.116666667,0.288888889,1.9,1,2,1,1.333333333,0.444444444,1,0,4,4,1.333333333,1.777777778,0,10,10,0,10,0,10,0,0,0,0,0,0,11,16,5,12.66666667,2.222222222,11,0,1,1,0.666666667,0.444444444,1,0,2,2,0.666666667,0.888888889,0,0,0,0,0,0,0,0,0,0,0,0,0,1,2,1,1.333333333,0.444444444,1,11.07,25.92,14.85,16.02,6.6,11.07,0,0.799,0.799,0.266333333,0.355111111,0,0,0,0,0,0,0,14,225,211,154.6666667,93.77777778,225
Bi0.88Pb0.06Yb0.06CuSeO,400,0.573,Bi0.88 Pb0.06 Yb0.06 Cu1 Se1 O1,8,83,75,38.29,21.935,8,39,89,50,80.72,9.6116,64,15.9994,208.9804,192.981,91.305848,57.706072,15.9994,54.8,1357.77,1302.97,621.79965,382.0911855,54.8,3,16,13,14.305,2.0008,11,2,6,4,4,1,2,66,187,121,117.055,25.5275,66,1.26,3.44,2.18,2.47075,0.52425,1.9,1,2,1,1.75,0.375,1,0,4,4,2.69,1.4464,0,0,10,10,7.35,3.8955,0,0,14,14,3.5,5.25,0,6,29,23,15.29,6.79,6,0,1,1,0.25,0.375,0,0,4,4,1.72,0.9116,0,0,0,0,0,0,0,0,0,0,0,0,0,0,4,4,1.97,0.5441,1,9.105,34.12,25.015,19.7062,9.6187,9.105,0,0.799,0.799,0.19975,0.299625,0,0,0,0,0,0,0,12,225,213,72.14,85.6016,12
BiCuSeO,500,0.503,Bi1 Cu1 Se1 O1,8,83,75,38.5,22.25,8,64,89,25,81.5,8.75,64,15.9994,208.9804,192.981,91.87145,58.554475,15.9994,54.8,1357.77,1302.97,612.7425,372.51375,54.8,11,16,5,14.5,1.75,11,2,6,4,4,1,2,66,148,82,116.5,25.25,66,1.9,3.44,1.54,2.4775,0.5175,1.9,1,2,1,1.75,0.375,1,0,4,4,2.75,1.375,0,0,10,10,7.5,3.75,0,0,14,14,3.5,5.25,0,6,29,23,15.5,7,6,0,1,1,0.25,0.375,0,0,3,3,1.75,0.875,0,0,0,0,0,0,0,0,0,0,0,0,0,1,3,2,2,0.5,1,9.105,32.95,23.845,19.76125,9.67375,9.105,0,0.799,0.799,0.19975,0.299625,0,0,0,0,0,0,0,12,225,213,65.75,79.625,12
CuAgTe0.6Se0.4,400,0.34,Cu1 Ag1 Te0.6 Se0.4,29,52,23,40.26666667,9.182222222,29,64,90,26,72.86666667,11.15555556,64,63.546,127.6,64.054,93.18606667,23.55366222,63.546,494,1357.77,863.77,1074.632,295.624,1234.93,11,16,5,12.66666667,2.222222222,11,4,5,1,4.533333333,0.497777778,4,120,145,25,135.9333333,6.871111111,132,1.9,2.55,0.65,2.036666667,0.162222222,1.9,1,2,1,1.333333333,0.444444444,1,0,4,4,1.333333333,1.777777778,0,10,10,0,10,0,10,0,0,0,0,0,0,11,16,5,12.66666667,2.222222222,11,0,1,1,0.666666667,0.444444444,1,0,2,2,0.666666667,0.888888889,0,0,0,0,0,0,0,0,0,0,0,0,0,1,2,1,1.333333333,0.444444444,1,11.07,34.76333333,23.69333333,19.542,7.789333333,11.07,0,0.799,0.799,0.199333333,0.265777778,0,0,0,0,0,0,0,14,225,211,182.2666667,56.97777778,225
Tl8.97Sb1.03Te6,500,0.463,Tl8.97 Sb1.03 Te6,51,81,30,68.19375,14.35900781,81,76,90,14,81.829375,6.536186719,76,121.76,204.3833,82.6233,170.2706876,38.2487667,204.3833,577,903.78,326.78,652.6589625,84.8326117,577,13,16,3,14.25375,1.405767188,13,5,6,1,5.560625,0.492649219,6,138,145,7,141.98875,3.376364062,145,1.62,2.1,0.48,1.82768125,0.232862602,1.62,2,2,0,2,0,2,1,4,3,2.25375,1.405767188,1,10,10,0,10,0,10,0,14,14,7.84875,6.897089062,14,15,27,12,22.1025,5.491321875,27,0,0,0,0,0,0,2,5,3,3.74625,1.405767188,5,0,0,0,0,0,0,0,0,0,0,0,0,2,5,3,3.74625,1.405767188,5,26.91,34.76333333,7.853333333,30.15434375,3.63772043,26.91,0,0.464,0.464,0.174,0.2175,0,0,0,0,0,0,0,152,194,42,176.4475,19.68074063,194
MgAgSb0.985In0.015,500,1.449,Mg1 Ag1 Sb0.985 In0.015,12,51,39,36.65666667,16.43777778,12,65,85,20,72.61666667,8.155555556,65,24.305,121.76,97.455,84.60969,40.20312667,24.305,429.75,1234.93,805.18,1018.19985,144.4867667,923,2,15,13,9.323333333,4.882222222,2,3,5,2,4.333333333,0.888888889,3,139,145,6,141.6816667,2.215405556,141,1.31,2.05,0.74,1.761983333,0.301322222,1.31,1,2,1,1.666666667,0.444444444,1,0,3,3,0.99,1.32,0,0,10,10,6.666666667,4.444444444,0,0,0,0,0,0,0,2,15,13,9.323333333,4.882222222,2,0,1,1,0.333333333,0.444444444,0,0,5,5,1.01,1.346666667,0,0,0,0,0,0,0,0,0,0,0,0,0,0,5,5,1.343333333,1.124444444,0,16.33,31.56,15.23,23.55683333,5.262444444,16.33,0,0,0,0,0,0,0,0,0,0,0,0,139,225,86,194.865,20.09,194
Cu5Sn2Se7,500,4.304,Cu5 Sn2 Se7,29,50,21,34.5,4.428571429,34,64,89,25,78.78571429,10.56122449,89,63.546,118.71,55.164,79.13357143,11.30755102,78.96,494,1357.77,863.77,804.0721429,395.4984694,494,11,16,5,13.92857143,2.091836735,16,4,5,1,4.142857143,0.244897959,4,120,139,19,127,7,120,1.9,2.55,0.65,2.233571429,0.316428571,2.55,1,2,1,1.642857143,0.459183673,2,0,4,4,2.285714286,1.714285714,4,10,10,0,10,0,10,0,0,0,0,0,0,11,16,5,13.92857143,2.091836735,16,0,1,1,0.357142857,0.459183673,0,0,4,4,1.571428571,1.12244898,2,0,0,0,0,0,0,0,0,0,0,0,0,1,4,3,1.928571429,0.663265306,2,11.07,33.285,22.215,21.66857143,7.570408163,25.92,0,0.799,0.799,0.3995,0.3995,0.799,0,0,0,0,0,0,14,225,211,107.5,93.5,14
MgAgSb,400,0.969,Mg1 Ag1 Sb1,12,51,39,36.66666667,16.44444444,12,65,85,20,72.66666667,8.222222222,65,24.305,121.76,97.455,84.6444,40.22626667,24.305,903.78,1234.93,331.15,1020.57,142.9066667,903.78,2,15,13,9.333333333,4.888888889,2,3,5,2,4.333333333,0.888888889,3,139,145,6,141.6666667,2.222222222,139,1.31,2.05,0.74,1.763333333,0.302222222,1.31,1,2,1,1.666666667,0.444444444,1,0,3,3,1,1.333333333,0,0,10,10,6.666666667,4.444444444,0,0,0,0,0,0,0,2,15,13,9.333333333,4.888888889,2,0,1,1,0.333333333,0.444444444,0,0,3,3,1,1.333333333,0,0,0,0,0,0,0,0,0,0,0,0,0,0,3,3,1.333333333,1.111111111,0,16.33,31.56,15.23,23.59333333,5.311111111,16.33,0,0,0,0,0,0,0,0,0,0,0,0,166,225,59,195,20,166
