formula,T(K),composition,MagpieData minimum Number,MagpieData maximum Number,MagpieData range Number,MagpieData mean Number,MagpieData avg_dev Number,MagpieData mode Number,MagpieData minimum MendeleevNumber,MagpieData maximum MendeleevNumber,MagpieData range MendeleevNumber,MagpieData mean MendeleevNumber,MagpieData avg_dev MendeleevNumber,MagpieData mode MendeleevNumber,MagpieData minimum AtomicWeight,MagpieData maximum AtomicWeight,MagpieData range AtomicWeight,MagpieData mean AtomicWeight,MagpieData avg_dev AtomicWeight,MagpieData mode AtomicWeight,MagpieData minimum MeltingT,MagpieData maximum MeltingT,MagpieData range MeltingT,MagpieData mean MeltingT,MagpieData avg_dev MeltingT,MagpieData mode MeltingT,MagpieData minimum Column,MagpieData maximum Column,MagpieData range Column,MagpieData mean Column,MagpieData avg_dev Column,MagpieData mode Column,MagpieData minimum Row,MagpieData maximum Row,MagpieData range Row,MagpieData mean Row,MagpieData avg_dev Row,MagpieData mode Row,MagpieData minimum CovalentRadius,MagpieData maximum CovalentRadius,MagpieData range CovalentRadius,MagpieData mean CovalentRadius,MagpieData avg_dev CovalentRadius,MagpieData mode CovalentRadius,MagpieData minimum Electronegativity,MagpieData maximum Electronegativity,MagpieData range Electronegativity,MagpieData mean Electronegativity,MagpieData avg_dev Electronegativity,MagpieData mode Electronegativity,MagpieData minimum NsValence,MagpieData maximum NsValence,MagpieData range NsValence,MagpieData mean NsValence,MagpieData avg_dev NsValence,MagpieData mode NsValence,MagpieData minimum NpValence,MagpieData maximum NpValence,MagpieData range NpValence,MagpieData mean NpValence,MagpieData avg_dev NpValence,MagpieData mode NpValence,MagpieData minimum NdValence,MagpieData maximum NdValence,MagpieData range NdValence,MagpieData mean NdValence,MagpieData avg_dev NdValence,MagpieData mode NdValence,MagpieData minimum NfValence,MagpieData maximum NfValence,MagpieData range NfValence,MagpieData mean NfValence,MagpieData avg_dev NfValence,MagpieData mode NfValence,MagpieData minimum NValence,MagpieData maximum NValence,MagpieData range NValence,MagpieData mean NValence,MagpieData avg_dev NValence,MagpieData mode NValence,MagpieData minimum NsUnfilled,MagpieData maximum NsUnfilled,MagpieData range NsUnfilled,MagpieData mean NsUnfilled,MagpieData avg_dev NsUnfilled,MagpieData mode NsUnfilled,MagpieData minimum NpUnfilled,MagpieData maximum NpUnfilled,MagpieData range NpUnfilled,MagpieData mean NpUnfilled,MagpieData avg_dev NpUnfilled,MagpieData mode NpUnfilled,MagpieData minimum NdUnfilled,MagpieData maximum NdUnfilled,MagpieData range NdUnfilled,MagpieData mean NdUnfilled,MagpieData avg_dev NdUnfilled,MagpieData mode NdUnfilled,MagpieData minimum NfUnfilled,MagpieData maximum NfUnfilled,MagpieData range NfUnfilled,MagpieData mean NfUnfilled,MagpieData avg_dev NfUnfilled,MagpieData mode NfUnfilled,MagpieData minimum NUnfilled,MagpieData maximum NUnfilled,MagpieData range NUnfilled,MagpieData mean NUnfilled,MagpieData avg_dev NUnfilled,MagpieData mode NUnfilled,MagpieData minimum GSvolume_pa,MagpieData maximum GSvolume_pa,MagpieData range GSvolume_pa,MagpieData mean GSvolume_pa,MagpieData avg_dev GSvolume_pa,MagpieData mode GSvolume_pa,MagpieData minimum GSbandgap,MagpieData maximum GSbandgap,MagpieData range GSbandgap,MagpieData mean GSbandgap,MagpieData avg_dev GSbandgap,MagpieData mode GSbandgap,MagpieData minimum GSmagmom,MagpieData maximum GSmagmom,MagpieData range GSmagmom,MagpieData mean GSmagmom,MagpieData avg_dev GSmagmom,MagpieData mode GSmagmom,MagpieData minimum SpaceGroupNumber,MagpieData maximum SpaceGroupNumber,MagpieData range SpaceGroupNumber,MagpieData mean SpaceGroupNumber,MagpieData avg_dev SpaceGroupNumber,MagpieData mode SpaceGroupNumber
Li2Pb2Se3,300,Li2 Pb2 Se3,3.0,82.0,79.0,38.857142857142854,24.653061224489793,34.0,1.0,89.0,88.0,61.57142857142857,34.61224489795918,89.0,6.941,207.2,200.259,95.02314285714286,64.1010612244898,78.96,453.69,600.61,146.92000000000002,512.9428571428572,50.095510204081656,494.0,1.0,16.0,15.0,11.142857142857142,5.795918367346938,16.0,2.0,6.0,4.0,4.0,1.1428571428571428,4.0,120.0,146.0,26.0,129.71428571428572,9.306122448979595,120.0,0.98,2.55,1.5699999999999998,2.0385714285714287,0.6048979591836733,2.55,1.0,2.0,1.0,1.7142857142857142,0.4081632653061225,2.0,0.0,4.0,4.0,2.2857142857142856,1.4693877551020407,4.0,0.0,10.0,10.0,7.142857142857143,4.081632653061225,10.0,0.0,14.0,14.0,4.0,5.714285714285714,0.0,1.0,28.0,27.0,15.142857142857142,8.081632653061224,16.0,0.0,1.0,1.0,0.2857142857142857,0.40816326530612246,0.0,0.0,4.0,4.0,2.0,1.1428571428571428,2.0,0.0,0.0,0.0,0.0,0.0,0.0,0.0,0.0,0.0,0.0,0.0,0.0,1.0,4.0,3.0,2.2857142857142856,0.9795918367346939,2.0,16.5933333333,28.11,11.5166666667,23.88095238094286,4.1643537415102045,25.92,0.0,0.799,0.799,0.34242857142857147,0.3913469387755102,0.799,0.0,0.0,0.0,0.0,0.0,0.0,14.0,229.0,215.0,135.71428571428572,104.3265306122449,14.0
Li2Pb2Se3,400,Li2 Pb2 Se3,3.0,82.0,79.0,38.857142857142854,24.653061224489793,34.0,1.0,89.0,88.0,61.57142857142857,34.61224489795918,89.0,6.941,207.2,200.259,95.02314285714286,64.1010612244898,78.96,453.69,600.61,146.92000000000002,512.9428571428572,50.095510204081656,494.0,1.0,16.0,15.0,11.142857142857142,5.795918367346938,16.0,2.0,6.0,4.0,4.0,1.1428571428571428,4.0,120.0,146.0,26.0,129.71428571428572,9.306122448979595,120.0,0.98,2.55,1.5699999999999998,2.0385714285714287,0.6048979591836733,2.55,1.0,2.0,1.0,1.7142857142857142,0.4081632653061225,2.0,0.0,4.0,4.0,2.2857142857142856,1.4693877551020407,4.0,0.0,10.0,10.0,7.142857142857143,4.081632653061225,10.0,0.0,14.0,14.0,4.0,5.714285714285714,0.0,1.0,28.0,27.0,15.142857142857142,8.081632653061224,16.0,0.0,1.0,1.0,0.2857142857142857,0.40816326530612246,0.0,0.0,4.0,4.0,2.0,1.1428571428571428,2.0,0.0,0.0,0.0,0.0,0.0,0.0,0.0,0.0,0.0,0.0,0.0,0.0,1.0,4.0,3.0,2.2857142857142856,0.9795918367346939,2.0,16.5933333333,28.11,11.5166666667,23.88095238094286,4.1643537415102045,25.92,0.0,0.799,0.799,0.34242857142857147,0.3913469387755102,0.799,0.0,0.0,0.0,0.0,0.0,0.0,14.0,229.0,215.0,135.71428571428572,104.3265306122449,14.0
Li2Pb2Se3,500,Li2 Pb2 Se3,3.0,82.0,79.0,38.857142857142854,24.653061224489793,34.0,1.0,89.0,88.0,61.57142857142857,34.61224489795918,89.0,6.941,207.2,200.259,95.02314285714286,64.1010612244898,78.96,453.69,600.61,146.92000000000002,512.9428571428572,50.095510204081656,494.0,1.0,16.0,15.0,11.142857142857142,5.795918367346938,16.0,2.0,6.0,4.0,4.0,1.1428571428571428,4.0,120.0,146.0,26.0,129.71428571428572,9.306122448979595,120.0,0.98,2.55,1.5699999999999998,2.0385714285714287,0.6048979591836733,2.55,1.0,2.0,1.0,1.7142857142857142,0.4081632653061225,2.0,0.0,4.0,4.0,2.2857142857142856,1.4693877551020407,4.0,0.0,10.0,10.0,7.142857142857143,4.081632653061225,10.0,0.0,14.0,14.0,4.0,5.714285714285714,0.0,1.0,28.0,27.0,15.142857142857142,8.081632653061224,16.0,0.0,1.0,1.0,0.2857142857142857,0.40816326530612246,0.0,0.0,4.0,4.0,2.0,1.1428571428571428,2.0,0.0,0.0,0.0,0.0,0.0,0.0,0.0,0.0,0.0,0.0,0.0,0.0,1.0,4.0,3.0,2.2857142857142856,0.9795918367346939,2.0,16.5933333333,28.11,11.5166666667,23.88095238094286,4.1643537415102045,25.92,0.0,0.799,0.799,0.34242857142857147,0.3913469387755102,0.799,0.0,0.0,0.0,0.0,0.0,0.0,14.0,229.0,215.0,135.71428571428572,104.3265306122449,14.0
Li2Pb2Se3,600,Li2 Pb2 Se3,3.0,82.0,79.0,38.857142857142854,24.653061224489793,34.0,1.0,89.0,88.0,61.57142857142857,34.61224489795918,89.0,6.941,207.2,200.259,95.02314285714286,64.1010612244898,78.96,453.69,600.61,146.92000000000002,512.9428571428572,50.095510204081656,494.0,1.0,16.0,15.0,11.142857142857142,5.795918367346938,16.0,2.0,6.0,4.0,4.0,1.1428571428571428,4.0,120.0,146.0,26.0,129.71428571428572,9.306122448979595,120.0,0.98,2.55,1.5699999999999998,2.0385714285714287,0.6048979591836733,2.55,1.0,2.0,1.0,1.7142857142857142,0.4081632653061225,2.0,0.0,4.0,4.0,2.2857142857142856,1.4693877551020407,4.0,0.0,10.0,10.0,7.142857142857143,4.081632653061225,10.0,0.0,14.0,14.0,4.0,5.714285714285714,0.0,1.0,28.0,27.0,15.142857142857142,8.081632653061224,16.0,0.0,1.0,1.0,0.2857142857142857,0.40816326530612246,0.0,0.0,4.0,4.0,2.0,1.1428571428571428,2.0,0.0,0.0,0.0,0.0,0.0,0.0,0.0,0.0,0.0,0.0,0.0,0.0,1.0,4.0,3.0,2.2857142857142856,0.9795918367346939,2.0,16.5933333333,28.11,11.5166666667,23.88095238094286,4.1643537415102045,25.92,0.0,0.799,0.799,0.34242857142857147,0.3913469387755102,0.799,0.0,0.0,0.0,0.0,0.0,0.0,14.0,229.0,215.0,135.71428571428572,104.3265306122449,14.0
Li2Pb2Se3,700,Li2 Pb2 Se3,3.0,82.0,79.0,38.857142857142854,24.653061224489793,34.0,1.0,89.0,88.0,61.57142857142857,34.61224489795918,89.0,6.941,207.2,200.259,95.02314285714286,64.1010612244898,78.96,453.69,600.61,146.92000000000002,512.9428571428572,50.095510204081656,494.0,1.0,16.0,15.0,11.142857142857142,5.795918367346938,16.0,2.0,6.0,4.0,4.0,1.1428571428571428,4.0,120.0,146.0,26.0,129.71428571428572,9.306122448979595,120.0,0.98,2.55,1.5699999999999998,2.0385714285714287,0.6048979591836733,2.55,1.0,2.0,1.0,1.7142857142857142,0.4081632653061225,2.0,0.0,4.0,4.0,2.2857142857142856,1.4693877551020407,4.0,0.0,10.0,10.0,7.142857142857143,4.081632653061225,10.0,0.0,14.0,14.0,4.0,5.714285714285714,0.0,1.0,28.0,27.0,15.142857142857142,8.081632653061224,16.0,0.0,1.0,1.0,0.2857142857142857,0.40816326530612246,0.0,0.0,4.0,4.0,2.0,1.1428571428571428,2.0,0.0,0.0,0.0,0.0,0.0,0.0,0.0,0.0,0.0,0.0,0.0,0.0,1.0,4.0,3.0,2.2857142857142856,0.9795918367346939,2.0,16.5933333333,28.11,11.5166666667,23.88095238094286,4.1643537415102045,25.92,0.0,0.799,0.799,0.34242857142857147,0.3913469387755102,0.799,0.0,0.0,0.0,0.0,0.0,0.0,14.0,229.0,215.0,135.71428571428572,104.3265306122449,14.0
Li2Pb2Se3,800,Li2 Pb2 Se3,3.0,82.0,79.0,38.857142857142854,24.653061224489793,34.0,1.0,89.0,88.0,61.57142857142857,34.61224489795918,89.0,6.941,207.2,200.259,95.02314285714286,64.1010612244898,78.96,453.69,600.61,146.92000000000002,512.9428571428572,50.095510204081656,494.0,1.0,16.0,15.0,11.142857142857142,5.795918367346938,16.0,2.0,6.0,4.0,4.0,1.1428571428571428,4.0,120.0,146.0,26.0,129.71428571428572,9.306122448979595,120.0,0.98,2.55,1.5699999999999998,2.0385714285714287,0.6048979591836733,2.55,1.0,2.0,1.0,1.7142857142857142,0.4081632653061225,2.0,0.0,4.0,4.0,2.2857142857142856,1.4693877551020407,4.0,0.0,10.0,10.0,7.142857142857143,4.081632653061225,10.0,0.0,14.0,14.0,4.0,5.714285714285714,0.0,1.0,28.0,27.0,15.142857142857142,8.081632653061224,16.0,0.0,1.0,1.0,0.2857142857142857,0.40816326530612246,0.0,0.0,4.0,4.0,2.0,1.1428571428571428,2.0,0.0,0.0,0.0,0.0,0.0,0.0,0.0,0.0,0.0,0.0,0.0,0.0,1.0,4.0,3.0,2.2857142857142856,0.9795918367346939,2.0,16.5933333333,28.11,11.5166666667,23.88095238094286,4.1643537415102045,25.92,0.0,0.799,0.799,0.34242857142857147,0.3913469387755102,0.799,0.0,0.0,0.0,0.0,0.0,0.0,14.0,229.0,215.0,135.71428571428572,104.3265306122449,14.0
PbSe,300,Pb1 Se1,34.0,82.0,48.0,58.0,24.0,34.0,81.0,89.0,8.0,85.0,4.0,81.0,78.96,207.2,128.24,143.07999999999998,64.12,78.96,494.0,600.61,106.61000000000001,547.3050000000001,53.30500000000001,494.0,14.0,16.0,2.0,15.0,1.0,14.0,4.0,6.0,2.0,5.0,1.0,4.0,120.0,146.0,26.0,133.0,13.0,120.0,2.33,2.55,0.21999999999999975,2.44,0.10999999999999988,2.33,2.0,2.0,0.0,2.0,0.0,2.0,2.0,4.0,2.0,3.0,1.0,2.0,10.0,10.0,0.0,10.0,0.0,10.0,0.0,14.0,14.0,7.0,7.0,0.0,16.0,28.0,12.0,22.0,6.0,16.0,0.0,0.0,0.0,0.0,0.0,0.0,2.0,4.0,2.0,3.0,1.0,2.0,0.0,0.0,0.0,0.0,0.0,0.0,0.0,0.0,0.0,0.0,0.0,0.0,2.0,4.0,2.0,3.0,1.0,2.0,25.92,28.11,2.1899999999999977,27.015,1.0949999999999989,25.92,0.0,0.799,0.799,0.3995,0.3995,0.0,0.0,0.0,0.0,0.0,0.0,0.0,14.0,225.0,211.0,119.5,105.5,14.0
PbSe,400,Pb1 Se1,34.0,82.0,48.0,58.0,24.0,34.0,81.0,89.0,8.0,85.0,4.0,81.0,78.96,207.2,128.24,143.07999999999998,64.12,78.96,494.0,600.61,106.61000000000001,547.3050000000001,53.30500000000001,494.0,14.0,16.0,2.0,15.0,1.0,14.0,4.0,6.0,2.0,5.0,1.0,4.0,120.0,146.0,26.0,133.0,13.0,120.0,2.33,2.55,0.21999999999999975,2.44,0.10999999999999988,2.33,2.0,2.0,0.0,2.0,0.0,2.0,2.0,4.0,2.0,3.0,1.0,2.0,10.0,10.0,0.0,10.0,0.0,10.0,0.0,14.0,14.0,7.0,7.0,0.0,16.0,28.0,12.0,22.0,6.0,16.0,0.0,0.0,0.0,0.0,0.0,0.0,2.0,4.0,2.0,3.0,1.0,2.0,0.0,0.0,0.0,0.0,0.0,0.0,0.0,0.0,0.0,0.0,0.0,0.0,2.0,4.0,2.0,3.0,1.0,2.0,25.92,28.11,2.1899999999999977,27.015,1.0949999999999989,25.92,0.0,0.799,0.799,0.3995,0.3995,0.0,0.0,0.0,0.0,0.0,0.0,0.0,14.0,225.0,211.0,119.5,105.5,14.0
PbSe,500,Pb1 Se1,34.0,82.0,48.0,58.0,24.0,34.0,81.0,89.0,8.0,85.0,4.0,81.0,78.96,207.2,128.24,143.07999999999998,64.12,78.96,494.0,600.61,106.61000000000001,547.3050000000001,53.30500000000001,494.0,14.0,16.0,2.0,15.0,1.0,14.0,4.0,6.0,2.0,5.0,1.0,4.0,120.0,146.0,26.0,133.0,13.0,120.0,2.33,2.55,0.21999999999999975,2.44,0.10999999999999988,2.33,2.0,2.0,0.0,2.0,0.0,2.0,2.0,4.0,2.0,3.0,1.0,2.0,10.0,10.0,0.0,10.0,0.0,10.0,0.0,14.0,14.0,7.0,7.0,0.0,16.0,28.0,12.0,22.0,6.0,16.0,0.0,0.0,0.0,0.0,0.0,0.0,2.0,4.0,2.0,3.0,1.0,2.0,0.0,0.0,0.0,0.0,0.0,0.0,0.0,0.0,0.0,0.0,0.0,0.0,2.0,4.0,2.0,3.0,1.0,2.0,25.92,28.11,2.1899999999999977,27.015,1.0949999999999989,25.92,0.0,0.799,0.799,0.3995,0.3995,0.0,0.0,0.0,0.0,0.0,0.0,0.0,14.0,225.0,211.0,119.5,105.5,14.0
PbSe,600,Pb1 Se1,34.0,82.0,48.0,58.0,24.0,34.0,81.0,89.0,8.0,85.0,4.0,81.0,78.96,207.2,128.24,143.07999999999998,64.12,78.96,494.0,600.61,106.61000000000001,547.3050000000001,53.30500000000001,494.0,14.0,16.0,2.0,15.0,1.0,14.0,4.0,6.0,2.0,5.0,1.0,4.0,120.0,146.0,26.0,133.0,13.0,120.0,2.33,2.55,0.21999999999999975,2.44,0.10999999999999988,2.33,2.0,2.0,0.0,2.0,0.0,2.0,2.0,4.0,2.0,3.0,1.0,2.0,10.0,10.0,0.0,10.0,0.0,10.0,0.0,14.0,14.0,7.0,7.0,0.0,16.0,28.0,12.0,22.0,6.0,16.0,0.0,0.0,0.0,0.0,0.0,0.0,2.0,4.0,2.0,3.0,1.0,2.0,0.0,0.0,0.0,0.0,0.0,0.0,0.0,0.0,0.0,0.0,0.0,0.0,2.0,4.0,2.0,3.0,1.0,2.0,25.92,28.11,2.1899999999999977,27.015,1.0949999999999989,25.92,0.0,0.799,0.799,0.3995,0.3995,0.0,0.0,0.0,0.0,0.0,0.0,0.0,14.0,225.0,211.0,119.5,105.5,14.0
PbSe,700,Pb1 Se1,34.0,82.0,48.0,58.0,24.0,34.0,81.0,89.0,8.0,85.0,4.0,81.0,78.96,207.2,128.24,143.07999999999998,64.12,78.96,494.0,600.61,106.61000000000001,547.3050000000001,53.30500000000001,494.0,14.0,16.0,2.0,15.0,1.0,14.0,4.0,6.0,2.0,5.0,1.0,4.0,120.0,146.0,26.0,133.0,13.0,120.0,2.33,2.55,0.21999999999999975,2.44,0.10999999999999988,2.33,2.0,2.0,0.0,2.0,0.0,2.0,2.0,4.0,2.0,3.0,1.0,2.0,10.0,10.0,0.0,10.0,0.0,10.0,0.0,14.0,14.0,7.0,7.0,0.0,16.0,28.0,12.0,22.0,6.0,16.0,0.0,0.0,0.0,0.0,0.0,0.0,2.0,4.0,2.0,3.0,1.0,2.0,0.0,0.0,0.0,0.0,0.0,0.0,0.0,0.0,0.0,0.0,0.0,0.0,2.0,4.0,2.0,3.0,1.0,2.0,25.92,28.11,2.1899999999999977,27.015,1.0949999999999989,25.92,0.0,0.799,0.799,0.3995,0.3995,0.0,0.0,0.0,0.0,0.0,0.0,0.0,14.0,225.0,211.0,119.5,105.5,14.0
PbSe,800,Pb1 Se1,34.0,82.0,48.0,58.0,24.0,34.0,81.0,89.0,8.0,85.0,4.0,81.0,78.96,207.2,128.24,143.07999999999998,64.12,78.96,494.0,600.61,106.61000000000001,547.3050000000001,53.30500000000001,494.0,14.0,16.0,2.0,15.0,1.0,14.0,4.0,6.0,2.0,5.0,1.0,4.0,120.0,146.0,26.0,133.0,13.0,120.0,2.33,2.55,0.21999999999999975,2.44,0.10999999999999988,2.33,2.0,2.0,0.0,2.0,0.0,2.0,2.0,4.0,2.0,3.0,1.0,2.0,10.0,10.0,0.0,10.0,0.0,10.0,0.0,14.0,14.0,7.0,7.0,0.0,16.0,28.0,12.0,22.0,6.0,16.0,0.0,0.0,0.0,0.0,0.0,0.0,2.0,4.0,2.0,3.0,1.0,2.0,0.0,0.0,0.0,0.0,0.0,0.0,0.0,0.0,0.0,0.0,0.0,0.0,2.0,4.0,2.0,3.0,1.0,2.0,25.92,28.11,2.1899999999999977,27.015,1.0949999999999989,25.92,0.0,0.799,0.799,0.3995,0.3995,0.0,0.0,0.0,0.0,0.0,0.0,0.0,14.0,225.0,211.0,119.5,105.5,14.0
PbTe,300,Pb1 Te1,52.0,82.0,30.0,67.0,15.0,52.0,81.0,90.0,9.0,85.5,4.5,81.0,127.6,207.2,79.6,167.39999999999998,39.8,127.6,600.61,722.66,122.04999999999995,661.635,61.02499999999998,600.61,14.0,16.0,2.0,15.0,1.0,14.0,5.0,6.0,1.0,5.5,0.5,5.0,138.0,146.0,8.0,142.0,4.0,138.0,2.1,2.33,0.22999999999999998,2.215,0.11499999999999999,2.1,2.0,2.0,0.0,2.0,0.0,2.0,2.0,4.0,2.0,3.0,1.0,2.0,10.0,10.0,0.0,10.0,0.0,10.0,0.0,14.0,14.0,7.0,7.0,0.0,16.0,28.0,12.0,22.0,6.0,16.0,0.0,0.0,0.0,0.0,0.0,0.0,2.0,4.0,2.0,3.0,1.0,2.0,0.0,0.0,0.0,0.0,0.0,0.0,0.0,0.0,0.0,0.0,0.0,0.0,2.0,4.0,2.0,3.0,1.0,2.0,28.11,34.7633333333,6.653333333299997,31.436666666649998,3.3266666666499987,28.11,0.0,0.464,0.464,0.232,0.232,0.0,0.0,0.0,0.0,0.0,0.0,0.0,152.0,225.0,73.0,188.5,36.5,152.0
PbTe,400,Pb1 Te1,52.0,82.0,30.0,67.0,15.0,52.0,81.0,90.0,9.0,85.5,4.5,81.0,127.6,207.2,79.6,167.39999999999998,39.8,127.6,600.61,722.66,122.04999999999995,661.635,61.02499999999998,600.61,14.0,16.0,2.0,15.0,1.0,14.0,5.0,6.0,1.0,5.5,0.5,5.0,138.0,146.0,8.0,142.0,4.0,138.0,2.1,2.33,0.22999999999999998,2.215,0.11499999999999999,2.1,2.0,2.0,0.0,2.0,0.0,2.0,2.0,4.0,2.0,3.0,1.0,2.0,10.0,10.0,0.0,10.0,0.0,10.0,0.0,14.0,14.0,7.0,7.0,0.0,16.0,28.0,12.0,22.0,6.0,16.0,0.0,0.0,0.0,0.0,0.0,0.0,2.0,4.0,2.0,3.0,1.0,2.0,0.0,0.0,0.0,0.0,0.0,0.0,0.0,0.0,0.0,0.0,0.0,0.0,2.0,4.0,2.0,3.0,1.0,2.0,28.11,34.7633333333,6.653333333299997,31.436666666649998,3.3266666666499987,28.11,0.0,0.464,0.464,0.232,0.232,0.0,0.0,0.0,0.0,0.0,0.0,0.0,152.0,225.0,73.0,188.5,36.5,152.0
PbTe,500,Pb1 Te1,52.0,82.0,30.0,67.0,15.0,52.0,81.0,90.0,9.0,85.5,4.5,81.0,127.6,207.2,79.6,167.39999999999998,39.8,127.6,600.61,722.66,122.04999999999995,661.635,61.02499999999998,600.61,14.0,16.0,2.0,15.0,1.0,14.0,5.0,6.0,1.0,5.5,0.5,5.0,138.0,146.0,8.0,142.0,4.0,138.0,2.1,2.33,0.22999999999999998,2.215,0.11499999999999999,2.1,2.0,2.0,0.0,2.0,0.0,2.0,2.0,4.0,2.0,3.0,1.0,2.0,10.0,10.0,0.0,10.0,0.0,10.0,0.0,14.0,14.0,7.0,7.0,0.0,16.0,28.0,12.0,22.0,6.0,16.0,0.0,0.0,0.0,0.0,0.0,0.0,2.0,4.0,2.0,3.0,1.0,2.0,0.0,0.0,0.0,0.0,0.0,0.0,0.0,0.0,0.0,0.0,0.0,0.0,2.0,4.0,2.0,3.0,1.0,2.0,28.11,34.7633333333,6.653333333299997,31.436666666649998,3.3266666666499987,28.11,0.0,0.464,0.464,0.232,0.232,0.0,0.0,0.0,0.0,0.0,0.0,0.0,152.0,225.0,73.0,188.5,36.5,152.0
PbTe,600,Pb1 Te1,52.0,82.0,30.0,67.0,15.0,52.0,81.0,90.0,9.0,85.5,4.5,81.0,127.6,207.2,79.6,167.39999999999998,39.8,127.6,600.61,722.66,122.04999999999995,661.635,61.02499999999998,600.61,14.0,16.0,2.0,15.0,1.0,14.0,5.0,6.0,1.0,5.5,0.5,5.0,138.0,146.0,8.0,142.0,4.0,138.0,2.1,2.33,0.22999999999999998,2.215,0.11499999999999999,2.1,2.0,2.0,0.0,2.0,0.0,2.0,2.0,4.0,2.0,3.0,1.0,2.0,10.0,10.0,0.0,10.0,0.0,10.0,0.0,14.0,14.0,7.0,7.0,0.0,16.0,28.0,12.0,22.0,6.0,16.0,0.0,0.0,0.0,0.0,0.0,0.0,2.0,4.0,2.0,3.0,1.0,2.0,0.0,0.0,0.0,0.0,0.0,0.0,0.0,0.0,0.0,0.0,0.0,0.0,2.0,4.0,2.0,3.0,1.0,2.0,28.11,34.7633333333,6.653333333299997,31.436666666649998,3.3266666666499987,28.11,0.0,0.464,0.464,0.232,0.232,0.0,0.0,0.0,0.0,0.0,0.0,0.0,152.0,225.0,73.0,188.5,36.5,152.0
PbTe,700,Pb1 Te1,52.0,82.0,30.0,67.0,15.0,52.0,81.0,90.0,9.0,85.5,4.5,81.0,127.6,207.2,79.6,167.39999999999998,39.8,127.6,600.61,722.66,122.04999999999995,661.635,61.02499999999998,600.61,14.0,16.0,2.0,15.0,1.0,14.0,5.0,6.0,1.0,5.5,0.5,5.0,138.0,146.0,8.0,142.0,4.0,138.0,2.1,2.33,0.22999999999999998,2.215,0.11499999999999999,2.1,2.0,2.0,0.0,2.0,0.0,2.0,2.0,4.0,2.0,3.0,1.0,2.0,10.0,10.0,0.0,10.0,0.0,10.0,0.0,14.0,14.0,7.0,7.0,0.0,16.0,28.0,12.0,22.0,6.0,16.0,0.0,0.0,0.0,0.0,0.0,0.0,2.0,4.0,2.0,3.0,1.0,2.0,0.0,0.0,0.0,0.0,0.0,0.0,0.0,0.0,0.0,0.0,0.0,0.0,2.0,4.0,2.0,3.0,1.0,2.0,28.11,34.7633333333,6.653333333299997,31.436666666649998,3.3266666666499987,28.11,0.0,0.464,0.464,0.232,0.232,0.0,0.0,0.0,0.0,0.0,0.0,0.0,152.0,225.0,73.0,188.5,36.5,152.0
PbTe,800,Pb1 Te1,52.0,82.0,30.0,67.0,15.0,52.0,81.0,90.0,9.0,85.5,4.5,81.0,127.6,207.2,79.6,167.39999999999998,39.8,127.6,600.61,722.66,122.04999999999995,661.635,61.02499999999998,600.61,14.0,16.0,2.0,15.0,1.0,14.0,5.0,6.0,1.0,5.5,0.5,5.0,138.0,146.0,8.0,142.0,4.0,138.0,2.1,2.33,0.22999999999999998,2.215,0.11499999999999999,2.1,2.0,2.0,0.0,2.0,0.0,2.0,2.0,4.0,2.0,3.0,1.0,2.0,10.0,10.0,0.0,10.0,0.0,10.0,0.0,14.0,14.0,7.0,7.0,0.0,16.0,28.0,12.0,22.0,6.0,16.0,0.0,0.0,0.0,0.0,0.0,0.0,2.0,4.0,2.0,3.0,1.0,2.0,0.0,0.0,0.0,0.0,0.0,0.0,0.0,0.0,0.0,0.0,0.0,0.0,2.0,4.0,2.0,3.0,1.0,2.0,28.11,34.7633333333,6.653333333299997,31.436666666649998,3.3266666666499987,28.11,0.0,0.464,0.464,0.232,0.232,0.0,0.0,0.0,0.0,0.0,0.0,0.0,152.0,225.0,73.0,188.5,36.5,152.0
Na2Pb2Te3,300,Na2 Pb2 Te3,11.0,82.0,71.0,48.857142857142854,21.63265306122449,52.0,2.0,90.0,88.0,62.285714285714285,34.44897959183673,90.0,22.98976928,207.2,184.21023072,120.45421979428569,55.69397172244898,127.6,370.87,722.66,351.78999999999996,587.277142857143,123.66122448979586,722.66,1.0,16.0,15.0,11.142857142857142,5.795918367346938,16.0,3.0,6.0,3.0,4.714285714285714,0.9795918367346939,5.0,138.0,166.0,28.0,148.28571428571428,10.122448979591834,138.0,0.93,2.33,1.4,1.8314285714285714,0.5151020408163266,2.1,1.0,2.0,1.0,1.7142857142857142,0.4081632653061225,2.0,0.0,4.0,4.0,2.2857142857142856,1.4693877551020407,4.0,0.0,10.0,10.0,7.142857142857143,4.081632653061225,10.0,0.0,14.0,14.0,4.0,5.714285714285714,0.0,1.0,28.0,27.0,15.142857142857142,8.081632653061224,16.0,0.0,1.0,1.0,0.2857142857142857,0.40816326530612246,0.0,0.0,4.0,4.0,2.0,1.1428571428571428,2.0,0.0,0.0,0.0,0.0,0.0,0.0,0.0,0.0,0.0,0.0,0.0,0.0,1.0,4.0,3.0,2.2857142857142856,0.9795918367346939,2.0,28.11,34.7633333333,6.653333333299997,31.285238095214286,2.9812244897877536,34.7633333333,0.0,0.464,0.464,0.19885714285714287,0.22726530612244897,0.464,0.0,0.0,0.0,0.0,0.0,0.0,152.0,229.0,77.0,194.85714285714286,36.73469387755102,152.0
Na2Pb2Te3,400,Na2 Pb2 Te3,11.0,82.0,71.0,48.857142857142854,21.63265306122449,52.0,2.0,90.0,88.0,62.285714285714285,34.44897959183673,90.0,22.98976928,207.2,184.21023072,120.45421979428569,55.69397172244898,127.6,370.87,722.66,351.78999999999996,587.277142857143,123.66122448979586,722.66,1.0,16.0,15.0,11.142857142857142,5.795918367346938,16.0,3.0,6.0,3.0,4.714285714285714,0.9795918367346939,5.0,138.0,166.0,28.0,148.28571428571428,10.122448979591834,138.0,0.93,2.33,1.4,1.8314285714285714,0.5151020408163266,2.1,1.0,2.0,1.0,1.7142857142857142,0.4081632653061225,2.0,0.0,4.0,4.0,2.2857142857142856,1.4693877551020407,4.0,0.0,10.0,10.0,7.142857142857143,4.081632653061225,10.0,0.0,14.0,14.0,4.0,5.714285714285714,0.0,1.0,28.0,27.0,15.142857142857142,8.081632653061224,16.0,0.0,1.0,1.0,0.2857142857142857,0.40816326530612246,0.0,0.0,4.0,4.0,2.0,1.1428571428571428,2.0,0.0,0.0,0.0,0.0,0.0,0.0,0.0,0.0,0.0,0.0,0.0,0.0,1.0,4.0,3.0,2.2857142857142856,0.9795918367346939,2.0,28.11,34.7633333333,6.653333333299997,31.285238095214286,2.9812244897877536,34.7633333333,0.0,0.464,0.464,0.19885714285714287,0.22726530612244897,0.464,0.0,0.0,0.0,0.0,0.0,0.0,152.0,229.0,77.0,194.85714285714286,36.73469387755102,152.0
Na2Pb2Te3,500,Na2 Pb2 Te3,11.0,82.0,71.0,48.857142857142854,21.63265306122449,52.0,2.0,90.0,88.0,62.285714285714285,34.44897959183673,90.0,22.98976928,207.2,184.21023072,120.45421979428569,55.69397172244898,127.6,370.87,722.66,351.78999999999996,587.277142857143,123.66122448979586,722.66,1.0,16.0,15.0,11.142857142857142,5.795918367346938,16.0,3.0,6.0,3.0,4.714285714285714,0.9795918367346939,5.0,138.0,166.0,28.0,148.28571428571428,10.122448979591834,138.0,0.93,2.33,1.4,1.8314285714285714,0.5151020408163266,2.1,1.0,2.0,1.0,1.7142857142857142,0.4081632653061225,2.0,0.0,4.0,4.0,2.2857142857142856,1.4693877551020407,4.0,0.0,10.0,10.0,7.142857142857143,4.081632653061225,10.0,0.0,14.0,14.0,4.0,5.714285714285714,0.0,1.0,28.0,27.0,15.142857142857142,8.081632653061224,16.0,0.0,1.0,1.0,0.2857142857142857,0.40816326530612246,0.0,0.0,4.0,4.0,2.0,1.1428571428571428,2.0,0.0,0.0,0.0,0.0,0.0,0.0,0.0,0.0,0.0,0.0,0.0,0.0,1.0,4.0,3.0,2.2857142857142856,0.9795918367346939,2.0,28.11,34.7633333333,6.653333333299997,31.285238095214286,2.9812244897877536,34.7633333333,0.0,0.464,0.464,0.19885714285714287,0.22726530612244897,0.464,0.0,0.0,0.0,0.0,0.0,0.0,152.0,229.0,77.0,194.85714285714286,36.73469387755102,152.0
Na2Pb2Te3,600,Na2 Pb2 Te3,11.0,82.0,71.0,48.857142857142854,21.63265306122449,52.0,2.0,90.0,88.0,62.285714285714285,34.44897959183673,90.0,22.98976928,207.2,184.21023072,120.45421979428569,55.69397172244898,127.6,370.87,722.66,351.78999999999996,587.277142857143,123.66122448979586,722.66,1.0,16.0,15.0,11.142857142857142,5.795918367346938,16.0,3.0,6.0,3.0,4.714285714285714,0.9795918367346939,5.0,138.0,166.0,28.0,148.28571428571428,10.122448979591834,138.0,0.93,2.33,1.4,1.8314285714285714,0.5151020408163266,2.1,1.0,2.0,1.0,1.7142857142857142,0.4081632653061225,2.0,0.0,4.0,4.0,2.2857142857142856,1.4693877551020407,4.0,0.0,10.0,10.0,7.142857142857143,4.081632653061225,10.0,0.0,14.0,14.0,4.0,5.714285714285714,0.0,1.0,28.0,27.0,15.142857142857142,8.081632653061224,16.0,0.0,1.0,1.0,0.2857142857142857,0.40816326530612246,0.0,0.0,4.0,4.0,2.0,1.1428571428571428,2.0,0.0,0.0,0.0,0.0,0.0,0.0,0.0,0.0,0.0,0.0,0.0,0.0,1.0,4.0,3.0,2.2857142857142856,0.9795918367346939,2.0,28.11,34.7633333333,6.653333333299997,31.285238095214286,2.9812244897877536,34.7633333333,0.0,0.464,0.464,0.19885714285714287,0.22726530612244897,0.464,0.0,0.0,0.0,0.0,0.0,0.0,152.0,229.0,77.0,194.85714285714286,36.73469387755102,152.0
Na2Pb2Te3,700,Na2 Pb2 Te3,11.0,82.0,71.0,48.857142857142854,21.63265306122449,52.0,2.0,90.0,88.0,62.285714285714285,34.44897959183673,90.0,22.98976928,207.2,184.21023072,120.45421979428569,55.69397172244898,127.6,370.87,722.66,351.78999999999996,587.277142857143,123.66122448979586,722.66,1.0,16.0,15.0,11.142857142857142,5.795918367346938,16.0,3.0,6.0,3.0,4.714285714285714,0.9795918367346939,5.0,138.0,166.0,28.0,148.28571428571428,10.122448979591834,138.0,0.93,2.33,1.4,1.8314285714285714,0.5151020408163266,2.1,1.0,2.0,1.0,1.7142857142857142,0.4081632653061225,2.0,0.0,4.0,4.0,2.2857142857142856,1.4693877551020407,4.0,0.0,10.0,10.0,7.142857142857143,4.081632653061225,10.0,0.0,14.0,14.0,4.0,5.714285714285714,0.0,1.0,28.0,27.0,15.142857142857142,8.081632653061224,16.0,0.0,1.0,1.0,0.2857142857142857,0.40816326530612246,0.0,0.0,4.0,4.0,2.0,1.1428571428571428,2.0,0.0,0.0,0.0,0.0,0.0,0.0,0.0,0.0,0.0,0.0,0.0,0.0,1.0,4.0,3.0,2.2857142857142856,0.9795918367346939,2.0,28.11,34.7633333333,6.653333333299997,31.285238095214286,2.9812244897877536,34.7633333333,0.0,0.464,0.464,0.19885714285714287,0.22726530612244897,0.464,0.0,0.0,0.0,0.0,0.0,0.0,152.0,229.0,77.0,194.85714285714286,36.73469387755102,152.0
Na2Pb2Te3,800,Na2 Pb2 Te3,11.0,82.0,71.0,48.857142857142854,21.63265306122449,52.0,2.0,90.0,88.0,62.285714285714285,34.44897959183673,90.0,22.98976928,207.2,184.21023072,120.45421979428569,55.69397172244898,127.6,370.87,722.66,351.78999999999996,587.277142857143,123.66122448979586,722.66,1.0,16.0,15.0,11.142857142857142,5.795918367346938,16.0,3.0,6.0,3.0,4.714285714285714,0.9795918367346939,5.0,138.0,166.0,28.0,148.28571428571428,10.122448979591834,138.0,0.93,2.33,1.4,1.8314285714285714,0.5151020408163266,2.1,1.0,2.0,1.0,1.7142857142857142,0.4081632653061225,2.0,0.0,4.0,4.0,2.2857142857142856,1.4693877551020407,4.0,0.0,10.0,10.0,7.142857142857143,4.081632653061225,10.0,0.0,14.0,14.0,4.0,5.714285714285714,0.0,1.0,28.0,27.0,15.142857142857142,8.081632653061224,16.0,0.0,1.0,1.0,0.2857142857142857,0.40816326530612246,0.0,0.0,4.0,4.0,2.0,1.1428571428571428,2.0,0.0,0.0,0.0,0.0,0.0,0.0,0.0,0.0,0.0,0.0,0.0,0.0,1.0,4.0,3.0,2.2857142857142856,0.9795918367346939,2.0,28.11,34.7633333333,6.653333333299997,31.285238095214286,2.9812244897877536,34.7633333333,0.0,0.464,0.464,0.19885714285714287,0.22726530612244897,0.464,0.0,0.0,0.0,0.0,0.0,0.0,152.0,229.0,77.0,194.85714285714286,36.73469387755102,152.0
NbFeSb,873,Nb1 Fe1 Sb1,26.0,51.0,25.0,39.333333333333336,8.888888888888888,26.0,47.0,85.0,38.0,62.333333333333336,15.111111111111112,47.0,55.845,121.76,65.915,90.17045999999999,22.883640000000003,55.845,903.78,2750.0,1846.22,1821.5933333333332,618.9377777777778,903.78,5.0,15.0,10.0,9.333333333333334,3.777777777777778,5.0,4.0,5.0,1.0,4.666666666666667,0.44444444444444436,4.0,132.0,164.0,32.0,145.0,12.666666666666666,132.0,1.6,2.05,0.44999999999999973,1.8266666666666669,0.15111111111111097,1.6,1.0,2.0,1.0,1.6666666666666667,0.4444444444444444,1.0,0.0,3.0,3.0,1.0,1.3333333333333333,0.0,4.0,10.0,6.0,6.666666666666667,2.2222222222222223,4.0,0.0,0.0,0.0,0.0,0.0,0.0,5.0,15.0,10.0,9.333333333333334,3.777777777777778,5.0,0.0,1.0,1.0,0.3333333333333333,0.4444444444444444,0.0,0.0,3.0,3.0,1.0,1.3333333333333333,0.0,0.0,6.0,6.0,3.3333333333333335,2.222222222222222,0.0,0.0,0.0,0.0,0.0,0.0,0.0,3.0,7.0,4.0,4.666666666666667,1.5555555555555556,3.0,10.73,31.56,20.83,20.156666666666666,7.602222222222221,10.73,0.0,0.0,0.0,0.0,0.0,0.0,0.0,2.1106628,2.1106628,0.7035542666666667,0.9380723555555556,0.0,166.0,229.0,63.0,208.0,28.0,166.0
BaMgSi,300,Ba1 Mg1 Si1,12.0,56.0,44.0,27.333333333333332,19.11111111111111,12.0,9.0,78.0,69.0,51.666666666666664,28.444444444444446,9.0,24.305,137.327,113.02199999999999,63.23916666666667,49.39188888888888,24.305,923.0,1687.0,764.0,1203.3333333333333,322.4444444444444,923.0,2.0,14.0,12.0,6.0,5.333333333333333,2.0,3.0,6.0,3.0,4.0,1.3333333333333333,3.0,111.0,215.0,104.0,155.66666666666666,39.55555555555555,111.0,0.89,1.9,1.0099999999999998,1.3666666666666665,0.35555555555555546,0.89,2.0,2.0,0.0,2.0,0.0,2.0,0.0,2.0,2.0,0.6666666666666666,0.888888888888889,0.0,0.0,0.0,0.0,0.0,0.0,0.0,0.0,0.0,0.0,0.0,0.0,0.0,2.0,4.0,2.0,2.6666666666666665,0.8888888888888888,2.0,0.0,0.0,0.0,0.0,0.0,0.0,0.0,4.0,4.0,1.3333333333333333,1.777777777777778,0.0,0.0,0.0,0.0,0.0,0.0,0.0,0.0,0.0,0.0,0.0,0.0,0.0,0.0,4.0,4.0,1.3333333333333333,1.777777777777778,0.0,20.44,63.59,43.150000000000006,35.64,18.633333333333336,20.44,0.0,0.773,0.773,0.25766666666666665,0.3435555555555556,0.0,0.0,0.0,0.0,0.0,0.0,0.0,194.0,229.0,35.0,216.66666666666666,15.111111111111114,194.0
BaMgSi,800,Ba1 Mg1 Si1,12.0,56.0,44.0,27.333333333333332,19.11111111111111,12.0,9.0,78.0,69.0,51.666666666666664,28.444444444444446,9.0,24.305,137.327,113.02199999999999,63.23916666666667,49.39188888888888,24.305,923.0,1687.0,764.0,1203.3333333333333,322.4444444444444,923.0,2.0,14.0,12.0,6.0,5.333333333333333,2.0,3.0,6.0,3.0,4.0,1.3333333333333333,3.0,111.0,215.0,104.0,155.66666666666666,39.55555555555555,111.0,0.89,1.9,1.0099999999999998,1.3666666666666665,0.35555555555555546,0.89,2.0,2.0,0.0,2.0,0.0,2.0,0.0,2.0,2.0,0.6666666666666666,0.888888888888889,0.0,0.0,0.0,0.0,0.0,0.0,0.0,0.0,0.0,0.0,0.0,0.0,0.0,2.0,4.0,2.0,2.6666666666666665,0.8888888888888888,2.0,0.0,0.0,0.0,0.0,0.0,0.0,0.0,4.0,4.0,1.3333333333333333,1.777777777777778,0.0,0.0,0.0,0.0,0.0,0.0,0.0,0.0,0.0,0.0,0.0,0.0,0.0,0.0,4.0,4.0,1.3333333333333333,1.777777777777778,0.0,20.44,63.59,43.150000000000006,35.64,18.633333333333336,20.44,0.0,0.773,0.773,0.25766666666666665,0.3435555555555556,0.0,0.0,0.0,0.0,0.0,0.0,0.0,194.0,229.0,35.0,216.66666666666666,15.111111111111114,194.0
Bi2Te3,300,Bi2 Te3,52.0,83.0,31.0,64.4,14.88,52.0,86.0,90.0,4.0,88.4,1.9199999999999988,90.0,127.6,208.9804,81.38040000000001,160.15216,39.06259200000001,127.6,544.4,722.66,178.26,651.356,85.56479999999999,722.66,15.0,16.0,1.0,15.6,0.4800000000000001,16.0,5.0,6.0,1.0,5.4,0.4800000000000001,5.0,138.0,148.0,10.0,142.0,4.8,138.0,2.02,2.1,0.08000000000000007,2.068,0.03840000000000003,2.1,2.0,2.0,0.0,2.0,0.0,2.0,3.0,4.0,1.0,3.6,0.48,4.0,10.0,10.0,0.0,10.0,0.0,10.0,0.0,14.0,14.0,5.6,6.719999999999999,0.0,16.0,29.0,13.0,21.2,6.24,16.0,0.0,0.0,0.0,0.0,0.0,0.0,2.0,3.0,1.0,2.4,0.48,2.0,0.0,0.0,0.0,0.0,0.0,0.0,0.0,0.0,0.0,0.0,0.0,0.0,2.0,3.0,1.0,2.4,0.48,2.0,32.95,34.7633333333,1.813333333299994,34.03799999998,0.8703999999839965,34.7633333333,0.0,0.464,0.464,0.27840000000000004,0.22271999999999997,0.464,0.0,0.0,0.0,0.0,0.0,0.0,12.0,152.0,140.0,96.0,67.2,152.0
SeSn,800,Se1 Sn1,34.0,50.0,16.0,42.0,8.0,34.0,80.0,89.0,9.0,84.5,4.5,80.0,78.96,118.71,39.75,98.835,19.875,78.96,494.0,505.08,11.079999999999984,499.53999999999996,5.539999999999992,494.0,14.0,16.0,2.0,15.0,1.0,14.0,4.0,5.0,1.0,4.5,0.5,4.0,120.0,139.0,19.0,129.5,9.5,120.0,1.96,2.55,0.5899999999999999,2.255,0.29499999999999993,1.96,2.0,2.0,0.0,2.0,0.0,2.0,2.0,4.0,2.0,3.0,1.0,2.0,10.0,10.0,0.0,10.0,0.0,10.0,0.0,0.0,0.0,0.0,0.0,0.0,14.0,16.0,2.0,15.0,1.0,14.0,0.0,0.0,0.0,0.0,0.0,0.0,2.0,4.0,2.0,3.0,1.0,2.0,0.0,0.0,0.0,0.0,0.0,0.0,0.0,0.0,0.0,0.0,0.0,0.0,2.0,4.0,2.0,3.0,1.0,2.0,25.92,33.285,7.364999999999995,29.6025,3.6824999999999974,25.92,0.0,0.799,0.799,0.3995,0.3995,0.0,0.0,0.0,0.0,0.0,0.0,0.0,14.0,141.0,127.0,77.5,63.5,14.0
CuPbBi5S9,723,Cu1 Pb1 Bi5 S9,16.0,83.0,67.0,41.875,30.71875,16.0,64.0,88.0,24.0,85.4375,3.234375,88.0,32.065,208.9804,176.9154,100.26456250000001,81.314328125,32.065,388.36,1357.77,969.41,510.97625000000005,137.94328124999998,388.36,11.0,16.0,5.0,15.25,0.84375,16.0,3.0,6.0,3.0,4.1875,1.359375,3.0,105.0,148.0,43.0,122.6875,19.8984375,105.0,1.9,2.58,0.6800000000000002,2.346875,0.26226562500000006,2.58,1.0,2.0,1.0,1.9375,0.1171875,2.0,0.0,4.0,4.0,3.3125,0.7734375,4.0,0.0,10.0,10.0,4.375,4.921875,0.0,0.0,14.0,14.0,5.25,6.5625,0.0,6.0,29.0,23.0,14.875,10.46875,6.0,0.0,1.0,1.0,0.0625,0.1171875,0.0,0.0,4.0,4.0,2.3125,0.640625,2.0,0.0,0.0,0.0,0.0,0.0,0.0,0.0,0.0,0.0,0.0,0.0,0.0,1.0,4.0,3.0,2.375,0.59375,2.0,11.07,32.95,21.880000000000003,27.250742187500002,3.669443359375002,25.786875,0.0,2.202,2.202,1.2386249999999999,1.083796875,2.202,0.0,0.0,0.0,0.0,0.0,0.0,12.0,225.0,213.0,71.25,38.4375,70.0
ZnIn2Se4,800,Zn1 In2 Se4,30.0,49.0,19.0,37.714285714285715,6.448979591836735,34.0,69.0,89.0,20.0,82.14285714285714,7.836734693877552,89.0,65.38,114.818,49.438,87.26514285714286,15.744489795918373,78.96,429.75,692.68,262.92999999999995,504.0257142857143,53.901224489795915,494.0,12.0,16.0,4.0,14.571428571428571,1.6326530612244898,16.0,4.0,5.0,1.0,4.285714285714286,0.4081632653061224,4.0,120.0,142.0,22.0,126.57142857142857,8.816326530612244,120.0,1.65,2.55,0.8999999999999999,2.2014285714285715,0.3983673469387754,2.55,2.0,2.0,0.0,2.0,0.0,2.0,0.0,4.0,4.0,2.5714285714285716,1.6326530612244898,4.0,10.0,10.0,0.0,10.0,0.0,10.0,0.0,0.0,0.0,0.0,0.0,0.0,12.0,16.0,4.0,14.571428571428571,1.6326530612244898,16.0,0.0,0.0,0.0,0.0,0.0,0.0,0.0,5.0,5.0,2.5714285714285716,1.3877551020408165,2.0,0.0,0.0,0.0,0.0,0.0,0.0,0.0,0.0,0.0,0.0,0.0,0.0,0.0,5.0,5.0,2.5714285714285716,1.3877551020408165,2.0,13.96,25.92,11.96,23.73714285714286,2.7934693877551013,25.92,0.0,0.799,0.799,0.4565714285714286,0.3913469387755102,0.799,0.0,0.0,0.0,0.0,0.0,0.0,14.0,194.0,180.0,75.42857142857143,70.20408163265306,14.0
BaAgSb,800,Ba1 Ag1 Sb1,47.0,56.0,9.0,51.333333333333336,3.111111111111112,47.0,9.0,85.0,76.0,53.0,29.333333333333332,9.0,107.8682,137.327,29.458799999999997,122.3184,10.00573333333333,107.8682,903.78,1234.93,331.1500000000001,1046.2366666666667,125.7955555555556,903.78,2.0,15.0,13.0,9.333333333333334,4.888888888888888,2.0,5.0,6.0,1.0,5.333333333333333,0.44444444444444436,5.0,139.0,215.0,76.0,166.33333333333334,32.44444444444445,139.0,0.89,2.05,1.1599999999999997,1.623333333333333,0.48888888888888893,0.89,1.0,2.0,1.0,1.6666666666666667,0.4444444444444444,1.0,0.0,3.0,3.0,1.0,1.3333333333333333,0.0,0.0,10.0,10.0,6.666666666666667,4.444444444444444,0.0,0.0,0.0,0.0,0.0,0.0,0.0,2.0,15.0,13.0,9.333333333333334,4.888888888888888,2.0,0.0,1.0,1.0,0.3333333333333333,0.4444444444444444,0.0,0.0,3.0,3.0,1.0,1.3333333333333333,0.0,0.0,0.0,0.0,0.0,0.0,0.0,0.0,0.0,0.0,0.0,0.0,0.0,0.0,3.0,3.0,1.3333333333333333,1.111111111111111,0.0,16.33,63.59,47.260000000000005,37.160000000000004,17.620000000000005,16.33,0.0,0.0,0.0,0.0,0.0,0.0,0.0,0.0,0.0,0.0,0.0,0.0,166.0,229.0,63.0,206.66666666666666,27.111111111111114,166.0
AlCuFeMn,800,Al1 Cu1 Fe1 Mn1,13.0,29.0,16.0,23.25,5.125,13.0,52.0,73.0,21.0,61.0,7.5,52.0,26.9815386,63.546,36.5644614,50.32764589999999,11.673053650000004,26.9815386,933.47,1811.0,877.53,1405.31,259.69,933.47,7.0,13.0,6.0,9.75,2.25,7.0,3.0,4.0,1.0,3.75,0.375,3.0,121.0,139.0,18.0,131.0,5.0,121.0,1.55,1.9,0.34999999999999987,1.7225,0.14249999999999996,1.55,1.0,2.0,1.0,1.75,0.375,1.0,0.0,1.0,1.0,0.25,0.375,0.0,0.0,10.0,10.0,5.25,2.75,0.0,0.0,0.0,0.0,0.0,0.0,0.0,3.0,11.0,8.0,7.25,2.25,3.0,0.0,1.0,1.0,0.25,0.375,0.0,0.0,5.0,5.0,1.25,1.875,0.0,0.0,5.0,5.0,2.25,2.25,0.0,0.0,0.0,0.0,0.0,0.0,0.0,1.0,5.0,4.0,3.75,1.375,1.0,10.4875862069,16.48,5.992413793100001,12.191896551725,2.1440517241375,10.4875862069,0.0,0.0,0.0,0.0,0.0,0.0,0.0,2.1106628,2.1106628,0.5277432301724138,0.7914597849137931,0.0,217.0,229.0,12.0,224.0,3.5,217.0
In0.94Bi0.06Te0.97Se0.03,600,In0.94 Bi0.06 Te0.97 Se0.03,34.0,83.0,49.0,51.24999999999999,2.6325000000000003,52.0,75.0,90.0,15.0,82.81499999999998,7.346100000000001,90.0,78.96,208.9804,130.0204,123.30427199999998,9.307423839999998,127.6,429.75,722.66,292.90999999999997,576.2145999999999,142.05203799999995,722.66,13.0,16.0,3.0,14.56,1.4664,16.0,4.0,6.0,2.0,5.015,0.059099999999999694,5.0,120.0,148.0,28.0,139.91,2.4499999999999997,138.0,1.78,2.55,0.7699999999999998,1.9539499999999999,0.16351300000000002,2.1,2.0,2.0,0.0,2.0,0.0,2.0,1.0,4.0,3.0,2.56,1.4664,4.0,10.0,10.0,0.0,9.999999999999998,1.7763568394002505e-15,10.0,0.0,14.0,14.0,0.42,0.8148,0.0,13.0,29.0,16.0,14.979999999999999,1.8612,16.0,0.0,0.0,0.0,0.0,0.0,0.0,2.0,5.0,3.0,3.439999999999999,1.4664,2.0,0.0,0.0,0.0,0.0,0.0,0.0,0.0,0.0,0.0,0.0,0.0,0.0,2.0,5.0,3.0,3.439999999999999,1.4664,2.0,24.26,34.7633333333,10.503333333299995,29.639716666650497,5.168525166650983,34.7633333333,0.0,0.799,0.799,0.237025,0.23702499999999999,0.464,0.0,0.0,0.0,0.0,0.0,0.0,12.0,152.0,140.0,139.62,12.0086,152.0
PbSe0.5Te0.25S0.25,500,Pb1 Se0.5 Te0.25 S0.25,16.0,82.0,66.0,58.0,24.0,82.0,81.0,90.0,9.0,85.0,4.0,81.0,32.065,207.2,175.135,143.298125,63.90187499999999,207.2,388.36,722.66,334.29999999999995,562.6825,77.921875,600.61,14.0,16.0,2.0,15.0,1.0,14.0,3.0,6.0,3.0,5.0,1.0,6.0,105.0,146.0,41.0,133.375,13.78125,146.0,2.1,2.58,0.48,2.3875,0.12937499999999996,2.33,2.0,2.0,0.0,2.0,0.0,2.0,2.0,4.0,2.0,3.0,1.0,2.0,0.0,10.0,10.0,8.75,2.1875,10.0,0.0,14.0,14.0,7.0,7.0,14.0,6.0,28.0,22.0,20.75,7.25,28.0,0.0,0.0,0.0,0.0,0.0,0.0,2.0,4.0,2.0,3.0,1.0,4.0,0.0,0.0,0.0,0.0,0.0,0.0,0.0,0.0,0.0,0.0,0.0,0.0,2.0,4.0,2.0,3.0,1.0,4.0,25.786875,34.7633333333,8.976458333299998,28.1037760416625,1.6711132812468743,28.11,0.0,2.202,2.202,0.533,0.55025,0.0,0.0,0.0,0.0,0.0,0.0,0.0,14.0,225.0,211.0,143.75,83.3125,225.0
AgCd0.2In0.9Zn0.1Se2,800,Ag1 Cd0.2 In0.9 Zn0.1 Se2,30.0,49.0,19.0,40.88095238095238,7.071428571428572,34.0,65.0,89.0,24.0,78.9047619047619,9.614512471655328,89.0,65.38,114.818,49.438,94.79633333333332,16.483000000000004,78.96,429.75,1234.93,805.1800000000001,666.1469047619047,272.1125736961451,494.0,11.0,16.0,5.0,13.88095238095238,2.018140589569161,16.0,4.0,5.0,1.0,4.499999999999999,0.4999999999999999,4.0,120.0,145.0,25.0,131.85714285714283,11.761904761904763,120.0,1.65,2.55,0.8999999999999999,2.175,0.35714285714285704,2.55,1.0,2.0,1.0,1.7619047619047619,0.36281179138321995,2.0,0.0,4.0,4.0,2.119047619047619,1.7913832199546484,4.0,10.0,10.0,0.0,10.0,0.0,10.0,0.0,0.0,0.0,0.0,0.0,0.0,11.0,16.0,5.0,13.88095238095238,2.018140589569161,16.0,0.0,1.0,1.0,0.23809523809523808,0.3628117913832199,0.0,0.0,5.0,5.0,2.0238095238095237,1.2755102040816326,2.0,0.0,0.0,0.0,0.0,0.0,0.0,0.0,0.0,0.0,0.0,0.0,0.0,0.0,5.0,5.0,2.261904761904762,1.1734693877551021,2.0,13.96,25.92,11.96,22.690238095238097,3.7487188208616784,25.92,0.0,0.799,0.799,0.38047619047619047,0.39859410430839,0.799,0.0,0.0,0.0,0.0,0.0,0.0,14.0,225.0,211.0,103.88095238095238,85.60090702947845,14.0
LiMgAs,300,Li1 Mg1 As1,3.0,33.0,30.0,16.0,11.333333333333334,3.0,1.0,84.0,83.0,51.0,33.333333333333336,1.0,6.941,74.9216,67.9806,35.389199999999995,26.35493333333333,6.941,453.69,1090.0,636.31,822.23,245.6933333333333,453.69,1.0,15.0,14.0,6.0,6.0,1.0,2.0,4.0,2.0,3.0,0.6666666666666666,2.0,119.0,141.0,22.0,129.33333333333334,7.777777777777781,119.0,0.98,2.18,1.2000000000000002,1.4900000000000002,0.46000000000000013,0.98,1.0,2.0,1.0,1.6666666666666667,0.4444444444444444,1.0,0.0,3.0,3.0,1.0,1.3333333333333333,0.0,0.0,10.0,10.0,3.3333333333333335,4.444444444444444,0.0,0.0,0.0,0.0,0.0,0.0,0.0,1.0,15.0,14.0,6.0,6.0,1.0,0.0,1.0,1.0,0.3333333333333333,0.4444444444444444,0.0,0.0,3.0,3.0,1.0,1.3333333333333333,0.0,0.0,0.0,0.0,0.0,0.0,0.0,0.0,0.0,0.0,0.0,0.0,0.0,0.0,3.0,3.0,1.3333333333333333,1.111111111111111,0.0,16.5933333333,22.89,6.296666666700002,20.552777777766664,2.639629629644446,16.5933333333,0.0,0.0,0.0,0.0,0.0,0.0,0.0,0.0,0.0,0.0,0.0,0.0,166.0,229.0,63.0,196.33333333333334,21.777777777777782,166.0
LiMgAs,400,Li1 Mg1 As1,3.0,33.0,30.0,16.0,11.333333333333334,3.0,1.0,84.0,83.0,51.0,33.333333333333336,1.0,6.941,74.9216,67.9806,35.389199999999995,26.35493333333333,6.941,453.69,1090.0,636.31,822.23,245.6933333333333,453.69,1.0,15.0,14.0,6.0,6.0,1.0,2.0,4.0,2.0,3.0,0.6666666666666666,2.0,119.0,141.0,22.0,129.33333333333334,7.777777777777781,119.0,0.98,2.18,1.2000000000000002,1.4900000000000002,0.46000000000000013,0.98,1.0,2.0,1.0,1.6666666666666667,0.4444444444444444,1.0,0.0,3.0,3.0,1.0,1.3333333333333333,0.0,0.0,10.0,10.0,3.3333333333333335,4.444444444444444,0.0,0.0,0.0,0.0,0.0,0.0,0.0,1.0,15.0,14.0,6.0,6.0,1.0,0.0,1.0,1.0,0.3333333333333333,0.4444444444444444,0.0,0.0,3.0,3.0,1.0,1.3333333333333333,0.0,0.0,0.0,0.0,0.0,0.0,0.0,0.0,0.0,0.0,0.0,0.0,0.0,0.0,3.0,3.0,1.3333333333333333,1.111111111111111,0.0,16.5933333333,22.89,6.296666666700002,20.552777777766664,2.639629629644446,16.5933333333,0.0,0.0,0.0,0.0,0.0,0.0,0.0,0.0,0.0,0.0,0.0,0.0,166.0,229.0,63.0,196.33333333333334,21.777777777777782,166.0
LiMgAs,500,Li1 Mg1 As1,3.0,33.0,30.0,16.0,11.333333333333334,3.0,1.0,84.0,83.0,51.0,33.333333333333336,1.0,6.941,74.9216,67.9806,35.389199999999995,26.35493333333333,6.941,453.69,1090.0,636.31,822.23,245.6933333333333,453.69,1.0,15.0,14.0,6.0,6.0,1.0,2.0,4.0,2.0,3.0,0.6666666666666666,2.0,119.0,141.0,22.0,129.33333333333334,7.777777777777781,119.0,0.98,2.18,1.2000000000000002,1.4900000000000002,0.46000000000000013,0.98,1.0,2.0,1.0,1.6666666666666667,0.4444444444444444,1.0,0.0,3.0,3.0,1.0,1.3333333333333333,0.0,0.0,10.0,10.0,3.3333333333333335,4.444444444444444,0.0,0.0,0.0,0.0,0.0,0.0,0.0,1.0,15.0,14.0,6.0,6.0,1.0,0.0,1.0,1.0,0.3333333333333333,0.4444444444444444,0.0,0.0,3.0,3.0,1.0,1.3333333333333333,0.0,0.0,0.0,0.0,0.0,0.0,0.0,0.0,0.0,0.0,0.0,0.0,0.0,0.0,3.0,3.0,1.3333333333333333,1.111111111111111,0.0,16.5933333333,22.89,6.296666666700002,20.552777777766664,2.639629629644446,16.5933333333,0.0,0.0,0.0,0.0,0.0,0.0,0.0,0.0,0.0,0.0,0.0,0.0,166.0,229.0,63.0,196.33333333333334,21.777777777777782,166.0
LiMgAs,600,Li1 Mg1 As1,3.0,33.0,30.0,16.0,11.333333333333334,3.0,1.0,84.0,83.0,51.0,33.333333333333336,1.0,6.941,74.9216,67.9806,35.389199999999995,26.35493333333333,6.941,453.69,1090.0,636.31,822.23,245.6933333333333,453.69,1.0,15.0,14.0,6.0,6.0,1.0,2.0,4.0,2.0,3.0,0.6666666666666666,2.0,119.0,141.0,22.0,129.33333333333334,7.777777777777781,119.0,0.98,2.18,1.2000000000000002,1.4900000000000002,0.46000000000000013,0.98,1.0,2.0,1.0,1.6666666666666667,0.4444444444444444,1.0,0.0,3.0,3.0,1.0,1.3333333333333333,0.0,0.0,10.0,10.0,3.3333333333333335,4.444444444444444,0.0,0.0,0.0,0.0,0.0,0.0,0.0,1.0,15.0,14.0,6.0,6.0,1.0,0.0,1.0,1.0,0.3333333333333333,0.4444444444444444,0.0,0.0,3.0,3.0,1.0,1.3333333333333333,0.0,0.0,0.0,0.0,0.0,0.0,0.0,0.0,0.0,0.0,0.0,0.0,0.0,0.0,3.0,3.0,1.3333333333333333,1.111111111111111,0.0,16.5933333333,22.89,6.296666666700002,20.552777777766664,2.639629629644446,16.5933333333,0.0,0.0,0.0,0.0,0.0,0.0,0.0,0.0,0.0,0.0,0.0,0.0,166.0,229.0,63.0,196.33333333333334,21.777777777777782,166.0
LiMgAs,700,Li1 Mg1 As1,3.0,33.0,30.0,16.0,11.333333333333334,3.0,1.0,84.0,83.0,51.0,33.333333333333336,1.0,6.941,74.9216,67.9806,35.389199999999995,26.35493333333333,6.941,453.69,1090.0,636.31,822.23,245.6933333333333,453.69,1.0,15.0,14.0,6.0,6.0,1.0,2.0,4.0,2.0,3.0,0.6666666666666666,2.0,119.0,141.0,22.0,129.33333333333334,7.777777777777781,119.0,0.98,2.18,1.2000000000000002,1.4900000000000002,0.46000000000000013,0.98,1.0,2.0,1.0,1.6666666666666667,0.4444444444444444,1.0,0.0,3.0,3.0,1.0,1.3333333333333333,0.0,0.0,10.0,10.0,3.3333333333333335,4.444444444444444,0.0,0.0,0.0,0.0,0.0,0.0,0.0,1.0,15.0,14.0,6.0,6.0,1.0,0.0,1.0,1.0,0.3333333333333333,0.4444444444444444,0.0,0.0,3.0,3.0,1.0,1.3333333333333333,0.0,0.0,0.0,0.0,0.0,0.0,0.0,0.0,0.0,0.0,0.0,0.0,0.0,0.0,3.0,3.0,1.3333333333333333,1.111111111111111,0.0,16.5933333333,22.89,6.296666666700002,20.552777777766664,2.639629629644446,16.5933333333,0.0,0.0,0.0,0.0,0.0,0.0,0.0,0.0,0.0,0.0,0.0,0.0,166.0,229.0,63.0,196.33333333333334,21.777777777777782,166.0
LiMgAs,800,Li1 Mg1 As1,3.0,33.0,30.0,16.0,11.333333333333334,3.0,1.0,84.0,83.0,51.0,33.333333333333336,1.0,6.941,74.9216,67.9806,35.389199999999995,26.35493333333333,6.941,453.69,1090.0,636.31,822.23,245.6933333333333,453.69,1.0,15.0,14.0,6.0,6.0,1.0,2.0,4.0,2.0,3.0,0.6666666666666666,2.0,119.0,141.0,22.0,129.33333333333334,7.777777777777781,119.0,0.98,2.18,1.2000000000000002,1.4900000000000002,0.46000000000000013,0.98,1.0,2.0,1.0,1.6666666666666667,0.4444444444444444,1.0,0.0,3.0,3.0,1.0,1.3333333333333333,0.0,0.0,10.0,10.0,3.3333333333333335,4.444444444444444,0.0,0.0,0.0,0.0,0.0,0.0,0.0,1.0,15.0,14.0,6.0,6.0,1.0,0.0,1.0,1.0,0.3333333333333333,0.4444444444444444,0.0,0.0,3.0,3.0,1.0,1.3333333333333333,0.0,0.0,0.0,0.0,0.0,0.0,0.0,0.0,0.0,0.0,0.0,0.0,0.0,0.0,3.0,3.0,1.3333333333333333,1.111111111111111,0.0,16.5933333333,22.89,6.296666666700002,20.552777777766664,2.639629629644446,16.5933333333,0.0,0.0,0.0,0.0,0.0,0.0,0.0,0.0,0.0,0.0,0.0,0.0,166.0,229.0,63.0,196.33333333333334,21.777777777777782,166.0
LiMgAs,900,Li1 Mg1 As1,3.0,33.0,30.0,16.0,11.333333333333334,3.0,1.0,84.0,83.0,51.0,33.333333333333336,1.0,6.941,74.9216,67.9806,35.389199999999995,26.35493333333333,6.941,453.69,1090.0,636.31,822.23,245.6933333333333,453.69,1.0,15.0,14.0,6.0,6.0,1.0,2.0,4.0,2.0,3.0,0.6666666666666666,2.0,119.0,141.0,22.0,129.33333333333334,7.777777777777781,119.0,0.98,2.18,1.2000000000000002,1.4900000000000002,0.46000000000000013,0.98,1.0,2.0,1.0,1.6666666666666667,0.4444444444444444,1.0,0.0,3.0,3.0,1.0,1.3333333333333333,0.0,0.0,10.0,10.0,3.3333333333333335,4.444444444444444,0.0,0.0,0.0,0.0,0.0,0.0,0.0,1.0,15.0,14.0,6.0,6.0,1.0,0.0,1.0,1.0,0.3333333333333333,0.4444444444444444,0.0,0.0,3.0,3.0,1.0,1.3333333333333333,0.0,0.0,0.0,0.0,0.0,0.0,0.0,0.0,0.0,0.0,0.0,0.0,0.0,0.0,3.0,3.0,1.3333333333333333,1.111111111111111,0.0,16.5933333333,22.89,6.296666666700002,20.552777777766664,2.639629629644446,16.5933333333,0.0,0.0,0.0,0.0,0.0,0.0,0.0,0.0,0.0,0.0,0.0,0.0,166.0,229.0,63.0,196.33333333333334,21.777777777777782,166.0
LiMgAs,1000,Li1 Mg1 As1,3.0,33.0,30.0,16.0,11.333333333333334,3.0,1.0,84.0,83.0,51.0,33.333333333333336,1.0,6.941,74.9216,67.9806,35.389199999999995,26.35493333333333,6.941,453.69,1090.0,636.31,822.23,245.6933333333333,453.69,1.0,15.0,14.0,6.0,6.0,1.0,2.0,4.0,2.0,3.0,0.6666666666666666,2.0,119.0,141.0,22.0,129.33333333333334,7.777777777777781,119.0,0.98,2.18,1.2000000000000002,1.4900000000000002,0.46000000000000013,0.98,1.0,2.0,1.0,1.6666666666666667,0.4444444444444444,1.0,0.0,3.0,3.0,1.0,1.3333333333333333,0.0,0.0,10.0,10.0,3.3333333333333335,4.444444444444444,0.0,0.0,0.0,0.0,0.0,0.0,0.0,1.0,15.0,14.0,6.0,6.0,1.0,0.0,1.0,1.0,0.3333333333333333,0.4444444444444444,0.0,0.0,3.0,3.0,1.0,1.3333333333333333,0.0,0.0,0.0,0.0,0.0,0.0,0.0,0.0,0.0,0.0,0.0,0.0,0.0,0.0,3.0,3.0,1.3333333333333333,1.111111111111111,0.0,16.5933333333,22.89,6.296666666700002,20.552777777766664,2.639629629644446,16.5933333333,0.0,0.0,0.0,0.0,0.0,0.0,0.0,0.0,0.0,0.0,0.0,0.0,166.0,229.0,63.0,196.33333333333334,21.777777777777782,166.0
LiMgSb,300,Li1 Mg1 Sb1,3.0,51.0,48.0,22.0,19.333333333333332,3.0,1.0,85.0,84.0,51.333333333333336,33.55555555555555,1.0,6.941,121.76,114.819,51.002,47.172000000000004,6.941,453.69,923.0,469.31,760.1566666666668,204.31111111111105,453.69,1.0,15.0,14.0,6.0,6.0,1.0,2.0,5.0,3.0,3.3333333333333335,1.1111111111111112,2.0,128.0,141.0,13.0,136.0,5.333333333333333,128.0,0.98,2.05,1.0699999999999998,1.4466666666666665,0.4022222222222221,0.98,1.0,2.0,1.0,1.6666666666666667,0.4444444444444444,1.0,0.0,3.0,3.0,1.0,1.3333333333333333,0.0,0.0,10.0,10.0,3.3333333333333335,4.444444444444444,0.0,0.0,0.0,0.0,0.0,0.0,0.0,1.0,15.0,14.0,6.0,6.0,1.0,0.0,1.0,1.0,0.3333333333333333,0.4444444444444444,0.0,0.0,3.0,3.0,1.0,1.3333333333333333,0.0,0.0,0.0,0.0,0.0,0.0,0.0,0.0,0.0,0.0,0.0,0.0,0.0,0.0,3.0,3.0,1.3333333333333333,1.111111111111111,0.0,16.5933333333,31.56,14.9666666667,23.681111111099998,5.252592592599999,16.5933333333,0.0,0.0,0.0,0.0,0.0,0.0,0.0,0.0,0.0,0.0,0.0,0.0,166.0,229.0,63.0,196.33333333333334,21.777777777777782,166.0
LiMgSb,400,Li1 Mg1 Sb1,3.0,51.0,48.0,22.0,19.333333333333332,3.0,1.0,85.0,84.0,51.333333333333336,33.55555555555555,1.0,6.941,121.76,114.819,51.002,47.172000000000004,6.941,453.69,923.0,469.31,760.1566666666668,204.31111111111105,453.69,1.0,15.0,14.0,6.0,6.0,1.0,2.0,5.0,3.0,3.3333333333333335,1.1111111111111112,2.0,128.0,141.0,13.0,136.0,5.333333333333333,128.0,0.98,2.05,1.0699999999999998,1.4466666666666665,0.4022222222222221,0.98,1.0,2.0,1.0,1.6666666666666667,0.4444444444444444,1.0,0.0,3.0,3.0,1.0,1.3333333333333333,0.0,0.0,10.0,10.0,3.3333333333333335,4.444444444444444,0.0,0.0,0.0,0.0,0.0,0.0,0.0,1.0,15.0,14.0,6.0,6.0,1.0,0.0,1.0,1.0,0.3333333333333333,0.4444444444444444,0.0,0.0,3.0,3.0,1.0,1.3333333333333333,0.0,0.0,0.0,0.0,0.0,0.0,0.0,0.0,0.0,0.0,0.0,0.0,0.0,0.0,3.0,3.0,1.3333333333333333,1.111111111111111,0.0,16.5933333333,31.56,14.9666666667,23.681111111099998,5.252592592599999,16.5933333333,0.0,0.0,0.0,0.0,0.0,0.0,0.0,0.0,0.0,0.0,0.0,0.0,166.0,229.0,63.0,196.33333333333334,21.777777777777782,166.0
LiMgSb,500,Li1 Mg1 Sb1,3.0,51.0,48.0,22.0,19.333333333333332,3.0,1.0,85.0,84.0,51.333333333333336,33.55555555555555,1.0,6.941,121.76,114.819,51.002,47.172000000000004,6.941,453.69,923.0,469.31,760.1566666666668,204.31111111111105,453.69,1.0,15.0,14.0,6.0,6.0,1.0,2.0,5.0,3.0,3.3333333333333335,1.1111111111111112,2.0,128.0,141.0,13.0,136.0,5.333333333333333,128.0,0.98,2.05,1.0699999999999998,1.4466666666666665,0.4022222222222221,0.98,1.0,2.0,1.0,1.6666666666666667,0.4444444444444444,1.0,0.0,3.0,3.0,1.0,1.3333333333333333,0.0,0.0,10.0,10.0,3.3333333333333335,4.444444444444444,0.0,0.0,0.0,0.0,0.0,0.0,0.0,1.0,15.0,14.0,6.0,6.0,1.0,0.0,1.0,1.0,0.3333333333333333,0.4444444444444444,0.0,0.0,3.0,3.0,1.0,1.3333333333333333,0.0,0.0,0.0,0.0,0.0,0.0,0.0,0.0,0.0,0.0,0.0,0.0,0.0,0.0,3.0,3.0,1.3333333333333333,1.111111111111111,0.0,16.5933333333,31.56,14.9666666667,23.681111111099998,5.252592592599999,16.5933333333,0.0,0.0,0.0,0.0,0.0,0.0,0.0,0.0,0.0,0.0,0.0,0.0,166.0,229.0,63.0,196.33333333333334,21.777777777777782,166.0
LiMgSb,600,Li1 Mg1 Sb1,3.0,51.0,48.0,22.0,19.333333333333332,3.0,1.0,85.0,84.0,51.333333333333336,33.55555555555555,1.0,6.941,121.76,114.819,51.002,47.172000000000004,6.941,453.69,923.0,469.31,760.1566666666668,204.31111111111105,453.69,1.0,15.0,14.0,6.0,6.0,1.0,2.0,5.0,3.0,3.3333333333333335,1.1111111111111112,2.0,128.0,141.0,13.0,136.0,5.333333333333333,128.0,0.98,2.05,1.0699999999999998,1.4466666666666665,0.4022222222222221,0.98,1.0,2.0,1.0,1.6666666666666667,0.4444444444444444,1.0,0.0,3.0,3.0,1.0,1.3333333333333333,0.0,0.0,10.0,10.0,3.3333333333333335,4.444444444444444,0.0,0.0,0.0,0.0,0.0,0.0,0.0,1.0,15.0,14.0,6.0,6.0,1.0,0.0,1.0,1.0,0.3333333333333333,0.4444444444444444,0.0,0.0,3.0,3.0,1.0,1.3333333333333333,0.0,0.0,0.0,0.0,0.0,0.0,0.0,0.0,0.0,0.0,0.0,0.0,0.0,0.0,3.0,3.0,1.3333333333333333,1.111111111111111,0.0,16.5933333333,31.56,14.9666666667,23.681111111099998,5.252592592599999,16.5933333333,0.0,0.0,0.0,0.0,0.0,0.0,0.0,0.0,0.0,0.0,0.0,0.0,166.0,229.0,63.0,196.33333333333334,21.777777777777782,166.0
LiMgSb,700,Li1 Mg1 Sb1,3.0,51.0,48.0,22.0,19.333333333333332,3.0,1.0,85.0,84.0,51.333333333333336,33.55555555555555,1.0,6.941,121.76,114.819,51.002,47.172000000000004,6.941,453.69,923.0,469.31,760.1566666666668,204.31111111111105,453.69,1.0,15.0,14.0,6.0,6.0,1.0,2.0,5.0,3.0,3.3333333333333335,1.1111111111111112,2.0,128.0,141.0,13.0,136.0,5.333333333333333,128.0,0.98,2.05,1.0699999999999998,1.4466666666666665,0.4022222222222221,0.98,1.0,2.0,1.0,1.6666666666666667,0.4444444444444444,1.0,0.0,3.0,3.0,1.0,1.3333333333333333,0.0,0.0,10.0,10.0,3.3333333333333335,4.444444444444444,0.0,0.0,0.0,0.0,0.0,0.0,0.0,1.0,15.0,14.0,6.0,6.0,1.0,0.0,1.0,1.0,0.3333333333333333,0.4444444444444444,0.0,0.0,3.0,3.0,1.0,1.3333333333333333,0.0,0.0,0.0,0.0,0.0,0.0,0.0,0.0,0.0,0.0,0.0,0.0,0.0,0.0,3.0,3.0,1.3333333333333333,1.111111111111111,0.0,16.5933333333,31.56,14.9666666667,23.681111111099998,5.252592592599999,16.5933333333,0.0,0.0,0.0,0.0,0.0,0.0,0.0,0.0,0.0,0.0,0.0,0.0,166.0,229.0,63.0,196.33333333333334,21.777777777777782,166.0
LiMgSb,800,Li1 Mg1 Sb1,3.0,51.0,48.0,22.0,19.333333333333332,3.0,1.0,85.0,84.0,51.333333333333336,33.55555555555555,1.0,6.941,121.76,114.819,51.002,47.172000000000004,6.941,453.69,923.0,469.31,760.1566666666668,204.31111111111105,453.69,1.0,15.0,14.0,6.0,6.0,1.0,2.0,5.0,3.0,3.3333333333333335,1.1111111111111112,2.0,128.0,141.0,13.0,136.0,5.333333333333333,128.0,0.98,2.05,1.0699999999999998,1.4466666666666665,0.4022222222222221,0.98,1.0,2.0,1.0,1.6666666666666667,0.4444444444444444,1.0,0.0,3.0,3.0,1.0,1.3333333333333333,0.0,0.0,10.0,10.0,3.3333333333333335,4.444444444444444,0.0,0.0,0.0,0.0,0.0,0.0,0.0,1.0,15.0,14.0,6.0,6.0,1.0,0.0,1.0,1.0,0.3333333333333333,0.4444444444444444,0.0,0.0,3.0,3.0,1.0,1.3333333333333333,0.0,0.0,0.0,0.0,0.0,0.0,0.0,0.0,0.0,0.0,0.0,0.0,0.0,0.0,3.0,3.0,1.3333333333333333,1.111111111111111,0.0,16.5933333333,31.56,14.9666666667,23.681111111099998,5.252592592599999,16.5933333333,0.0,0.0,0.0,0.0,0.0,0.0,0.0,0.0,0.0,0.0,0.0,0.0,166.0,229.0,63.0,196.33333333333334,21.777777777777782,166.0
LiMgSb,900,Li1 Mg1 Sb1,3.0,51.0,48.0,22.0,19.333333333333332,3.0,1.0,85.0,84.0,51.333333333333336,33.55555555555555,1.0,6.941,121.76,114.819,51.002,47.172000000000004,6.941,453.69,923.0,469.31,760.1566666666668,204.31111111111105,453.69,1.0,15.0,14.0,6.0,6.0,1.0,2.0,5.0,3.0,3.3333333333333335,1.1111111111111112,2.0,128.0,141.0,13.0,136.0,5.333333333333333,128.0,0.98,2.05,1.0699999999999998,1.4466666666666665,0.4022222222222221,0.98,1.0,2.0,1.0,1.6666666666666667,0.4444444444444444,1.0,0.0,3.0,3.0,1.0,1.3333333333333333,0.0,0.0,10.0,10.0,3.3333333333333335,4.444444444444444,0.0,0.0,0.0,0.0,0.0,0.0,0.0,1.0,15.0,14.0,6.0,6.0,1.0,0.0,1.0,1.0,0.3333333333333333,0.4444444444444444,0.0,0.0,3.0,3.0,1.0,1.3333333333333333,0.0,0.0,0.0,0.0,0.0,0.0,0.0,0.0,0.0,0.0,0.0,0.0,0.0,0.0,3.0,3.0,1.3333333333333333,1.111111111111111,0.0,16.5933333333,31.56,14.9666666667,23.681111111099998,5.252592592599999,16.5933333333,0.0,0.0,0.0,0.0,0.0,0.0,0.0,0.0,0.0,0.0,0.0,0.0,166.0,229.0,63.0,196.33333333333334,21.777777777777782,166.0
LiMgSb,1000,Li1 Mg1 Sb1,3.0,51.0,48.0,22.0,19.333333333333332,3.0,1.0,85.0,84.0,51.333333333333336,33.55555555555555,1.0,6.941,121.76,114.819,51.002,47.172000000000004,6.941,453.69,923.0,469.31,760.1566666666668,204.31111111111105,453.69,1.0,15.0,14.0,6.0,6.0,1.0,2.0,5.0,3.0,3.3333333333333335,1.1111111111111112,2.0,128.0,141.0,13.0,136.0,5.333333333333333,128.0,0.98,2.05,1.0699999999999998,1.4466666666666665,0.4022222222222221,0.98,1.0,2.0,1.0,1.6666666666666667,0.4444444444444444,1.0,0.0,3.0,3.0,1.0,1.3333333333333333,0.0,0.0,10.0,10.0,3.3333333333333335,4.444444444444444,0.0,0.0,0.0,0.0,0.0,0.0,0.0,1.0,15.0,14.0,6.0,6.0,1.0,0.0,1.0,1.0,0.3333333333333333,0.4444444444444444,0.0,0.0,3.0,3.0,1.0,1.3333333333333333,0.0,0.0,0.0,0.0,0.0,0.0,0.0,0.0,0.0,0.0,0.0,0.0,0.0,0.0,3.0,3.0,1.3333333333333333,1.111111111111111,0.0,16.5933333333,31.56,14.9666666667,23.681111111099998,5.252592592599999,16.5933333333,0.0,0.0,0.0,0.0,0.0,0.0,0.0,0.0,0.0,0.0,0.0,0.0,166.0,229.0,63.0,196.33333333333334,21.777777777777782,166.0
NaMgAs,300,Na1 Mg1 As1,11.0,33.0,22.0,18.666666666666668,9.555555555555555,11.0,2.0,84.0,82.0,51.333333333333336,32.888888888888886,2.0,22.98976928,74.9216,51.931830719999994,40.738789759999996,22.788540159999997,22.98976928,370.87,1090.0,719.13,794.6233333333333,282.5022222222222,370.87,1.0,15.0,14.0,6.0,6.0,1.0,3.0,4.0,1.0,3.3333333333333335,0.4444444444444445,3.0,119.0,166.0,47.0,142.0,16.0,119.0,0.93,2.18,1.25,1.4733333333333334,0.4711111111111112,0.93,1.0,2.0,1.0,1.6666666666666667,0.4444444444444444,1.0,0.0,3.0,3.0,1.0,1.3333333333333333,0.0,0.0,10.0,10.0,3.3333333333333335,4.444444444444444,0.0,0.0,0.0,0.0,0.0,0.0,0.0,1.0,15.0,14.0,6.0,6.0,1.0,0.0,1.0,1.0,0.3333333333333333,0.4444444444444444,0.0,0.0,3.0,3.0,1.0,1.3333333333333333,0.0,0.0,0.0,0.0,0.0,0.0,0.0,0.0,0.0,0.0,0.0,0.0,0.0,0.0,3.0,3.0,1.3333333333333333,1.111111111111111,0.0,22.175,29.2433333333,7.0683333333,24.769444444433333,2.9825925925777774,22.175,0.0,0.0,0.0,0.0,0.0,0.0,0.0,0.0,0.0,0.0,0.0,0.0,166.0,229.0,63.0,196.33333333333334,21.777777777777782,166.0
NaMgAs,400,Na1 Mg1 As1,11.0,33.0,22.0,18.666666666666668,9.555555555555555,11.0,2.0,84.0,82.0,51.333333333333336,32.888888888888886,2.0,22.98976928,74.9216,51.931830719999994,40.738789759999996,22.788540159999997,22.98976928,370.87,1090.0,719.13,794.6233333333333,282.5022222222222,370.87,1.0,15.0,14.0,6.0,6.0,1.0,3.0,4.0,1.0,3.3333333333333335,0.4444444444444445,3.0,119.0,166.0,47.0,142.0,16.0,119.0,0.93,2.18,1.25,1.4733333333333334,0.4711111111111112,0.93,1.0,2.0,1.0,1.6666666666666667,0.4444444444444444,1.0,0.0,3.0,3.0,1.0,1.3333333333333333,0.0,0.0,10.0,10.0,3.3333333333333335,4.444444444444444,0.0,0.0,0.0,0.0,0.0,0.0,0.0,1.0,15.0,14.0,6.0,6.0,1.0,0.0,1.0,1.0,0.3333333333333333,0.4444444444444444,0.0,0.0,3.0,3.0,1.0,1.3333333333333333,0.0,0.0,0.0,0.0,0.0,0.0,0.0,0.0,0.0,0.0,0.0,0.0,0.0,0.0,3.0,3.0,1.3333333333333333,1.111111111111111,0.0,22.175,29.2433333333,7.0683333333,24.769444444433333,2.9825925925777774,22.175,0.0,0.0,0.0,0.0,0.0,0.0,0.0,0.0,0.0,0.0,0.0,0.0,166.0,229.0,63.0,196.33333333333334,21.777777777777782,166.0
NaMgAs,500,Na1 Mg1 As1,11.0,33.0,22.0,18.666666666666668,9.555555555555555,11.0,2.0,84.0,82.0,51.333333333333336,32.888888888888886,2.0,22.98976928,74.9216,51.931830719999994,40.738789759999996,22.788540159999997,22.98976928,370.87,1090.0,719.13,794.6233333333333,282.5022222222222,370.87,1.0,15.0,14.0,6.0,6.0,1.0,3.0,4.0,1.0,3.3333333333333335,0.4444444444444445,3.0,119.0,166.0,47.0,142.0,16.0,119.0,0.93,2.18,1.25,1.4733333333333334,0.4711111111111112,0.93,1.0,2.0,1.0,1.6666666666666667,0.4444444444444444,1.0,0.0,3.0,3.0,1.0,1.3333333333333333,0.0,0.0,10.0,10.0,3.3333333333333335,4.444444444444444,0.0,0.0,0.0,0.0,0.0,0.0,0.0,1.0,15.0,14.0,6.0,6.0,1.0,0.0,1.0,1.0,0.3333333333333333,0.4444444444444444,0.0,0.0,3.0,3.0,1.0,1.3333333333333333,0.0,0.0,0.0,0.0,0.0,0.0,0.0,0.0,0.0,0.0,0.0,0.0,0.0,0.0,3.0,3.0,1.3333333333333333,1.111111111111111,0.0,22.175,29.2433333333,7.0683333333,24.769444444433333,2.9825925925777774,22.175,0.0,0.0,0.0,0.0,0.0,0.0,0.0,0.0,0.0,0.0,0.0,0.0,166.0,229.0,63.0,196.33333333333334,21.777777777777782,166.0
NaMgAs,600,Na1 Mg1 As1,11.0,33.0,22.0,18.666666666666668,9.555555555555555,11.0,2.0,84.0,82.0,51.333333333333336,32.888888888888886,2.0,22.98976928,74.9216,51.931830719999994,40.738789759999996,22.788540159999997,22.98976928,370.87,1090.0,719.13,794.6233333333333,282.5022222222222,370.87,1.0,15.0,14.0,6.0,6.0,1.0,3.0,4.0,1.0,3.3333333333333335,0.4444444444444445,3.0,119.0,166.0,47.0,142.0,16.0,119.0,0.93,2.18,1.25,1.4733333333333334,0.4711111111111112,0.93,1.0,2.0,1.0,1.6666666666666667,0.4444444444444444,1.0,0.0,3.0,3.0,1.0,1.3333333333333333,0.0,0.0,10.0,10.0,3.3333333333333335,4.444444444444444,0.0,0.0,0.0,0.0,0.0,0.0,0.0,1.0,15.0,14.0,6.0,6.0,1.0,0.0,1.0,1.0,0.3333333333333333,0.4444444444444444,0.0,0.0,3.0,3.0,1.0,1.3333333333333333,0.0,0.0,0.0,0.0,0.0,0.0,0.0,0.0,0.0,0.0,0.0,0.0,0.0,0.0,3.0,3.0,1.3333333333333333,1.111111111111111,0.0,22.175,29.2433333333,7.0683333333,24.769444444433333,2.9825925925777774,22.175,0.0,0.0,0.0,0.0,0.0,0.0,0.0,0.0,0.0,0.0,0.0,0.0,166.0,229.0,63.0,196.33333333333334,21.777777777777782,166.0
NaMgAs,700,Na1 Mg1 As1,11.0,33.0,22.0,18.666666666666668,9.555555555555555,11.0,2.0,84.0,82.0,51.333333333333336,32.888888888888886,2.0,22.98976928,74.9216,51.931830719999994,40.738789759999996,22.788540159999997,22.98976928,370.87,1090.0,719.13,794.6233333333333,282.5022222222222,370.87,1.0,15.0,14.0,6.0,6.0,1.0,3.0,4.0,1.0,3.3333333333333335,0.4444444444444445,3.0,119.0,166.0,47.0,142.0,16.0,119.0,0.93,2.18,1.25,1.4733333333333334,0.4711111111111112,0.93,1.0,2.0,1.0,1.6666666666666667,0.4444444444444444,1.0,0.0,3.0,3.0,1.0,1.3333333333333333,0.0,0.0,10.0,10.0,3.3333333333333335,4.444444444444444,0.0,0.0,0.0,0.0,0.0,0.0,0.0,1.0,15.0,14.0,6.0,6.0,1.0,0.0,1.0,1.0,0.3333333333333333,0.4444444444444444,0.0,0.0,3.0,3.0,1.0,1.3333333333333333,0.0,0.0,0.0,0.0,0.0,0.0,0.0,0.0,0.0,0.0,0.0,0.0,0.0,0.0,3.0,3.0,1.3333333333333333,1.111111111111111,0.0,22.175,29.2433333333,7.0683333333,24.769444444433333,2.9825925925777774,22.175,0.0,0.0,0.0,0.0,0.0,0.0,0.0,0.0,0.0,0.0,0.0,0.0,166.0,229.0,63.0,196.33333333333334,21.777777777777782,166.0
NaMgAs,800,Na1 Mg1 As1,11.0,33.0,22.0,18.666666666666668,9.555555555555555,11.0,2.0,84.0,82.0,51.333333333333336,32.888888888888886,2.0,22.98976928,74.9216,51.931830719999994,40.738789759999996,22.788540159999997,22.98976928,370.87,1090.0,719.13,794.6233333333333,282.5022222222222,370.87,1.0,15.0,14.0,6.0,6.0,1.0,3.0,4.0,1.0,3.3333333333333335,0.4444444444444445,3.0,119.0,166.0,47.0,142.0,16.0,119.0,0.93,2.18,1.25,1.4733333333333334,0.4711111111111112,0.93,1.0,2.0,1.0,1.6666666666666667,0.4444444444444444,1.0,0.0,3.0,3.0,1.0,1.3333333333333333,0.0,0.0,10.0,10.0,3.3333333333333335,4.444444444444444,0.0,0.0,0.0,0.0,0.0,0.0,0.0,1.0,15.0,14.0,6.0,6.0,1.0,0.0,1.0,1.0,0.3333333333333333,0.4444444444444444,0.0,0.0,3.0,3.0,1.0,1.3333333333333333,0.0,0.0,0.0,0.0,0.0,0.0,0.0,0.0,0.0,0.0,0.0,0.0,0.0,0.0,3.0,3.0,1.3333333333333333,1.111111111111111,0.0,22.175,29.2433333333,7.0683333333,24.769444444433333,2.9825925925777774,22.175,0.0,0.0,0.0,0.0,0.0,0.0,0.0,0.0,0.0,0.0,0.0,0.0,166.0,229.0,63.0,196.33333333333334,21.777777777777782,166.0
NaMgAs,900,Na1 Mg1 As1,11.0,33.0,22.0,18.666666666666668,9.555555555555555,11.0,2.0,84.0,82.0,51.333333333333336,32.888888888888886,2.0,22.98976928,74.9216,51.931830719999994,40.738789759999996,22.788540159999997,22.98976928,370.87,1090.0,719.13,794.6233333333333,282.5022222222222,370.87,1.0,15.0,14.0,6.0,6.0,1.0,3.0,4.0,1.0,3.3333333333333335,0.4444444444444445,3.0,119.0,166.0,47.0,142.0,16.0,119.0,0.93,2.18,1.25,1.4733333333333334,0.4711111111111112,0.93,1.0,2.0,1.0,1.6666666666666667,0.4444444444444444,1.0,0.0,3.0,3.0,1.0,1.3333333333333333,0.0,0.0,10.0,10.0,3.3333333333333335,4.444444444444444,0.0,0.0,0.0,0.0,0.0,0.0,0.0,1.0,15.0,14.0,6.0,6.0,1.0,0.0,1.0,1.0,0.3333333333333333,0.4444444444444444,0.0,0.0,3.0,3.0,1.0,1.3333333333333333,0.0,0.0,0.0,0.0,0.0,0.0,0.0,0.0,0.0,0.0,0.0,0.0,0.0,0.0,3.0,3.0,1.3333333333333333,1.111111111111111,0.0,22.175,29.2433333333,7.0683333333,24.769444444433333,2.9825925925777774,22.175,0.0,0.0,0.0,0.0,0.0,0.0,0.0,0.0,0.0,0.0,0.0,0.0,166.0,229.0,63.0,196.33333333333334,21.777777777777782,166.0
NaMgAs,1000,Na1 Mg1 As1,11.0,33.0,22.0,18.666666666666668,9.555555555555555,11.0,2.0,84.0,82.0,51.333333333333336,32.888888888888886,2.0,22.98976928,74.9216,51.931830719999994,40.738789759999996,22.788540159999997,22.98976928,370.87,1090.0,719.13,794.6233333333333,282.5022222222222,370.87,1.0,15.0,14.0,6.0,6.0,1.0,3.0,4.0,1.0,3.3333333333333335,0.4444444444444445,3.0,119.0,166.0,47.0,142.0,16.0,119.0,0.93,2.18,1.25,1.4733333333333334,0.4711111111111112,0.93,1.0,2.0,1.0,1.6666666666666667,0.4444444444444444,1.0,0.0,3.0,3.0,1.0,1.3333333333333333,0.0,0.0,10.0,10.0,3.3333333333333335,4.444444444444444,0.0,0.0,0.0,0.0,0.0,0.0,0.0,1.0,15.0,14.0,6.0,6.0,1.0,0.0,1.0,1.0,0.3333333333333333,0.4444444444444444,0.0,0.0,3.0,3.0,1.0,1.3333333333333333,0.0,0.0,0.0,0.0,0.0,0.0,0.0,0.0,0.0,0.0,0.0,0.0,0.0,0.0,3.0,3.0,1.3333333333333333,1.111111111111111,0.0,22.175,29.2433333333,7.0683333333,24.769444444433333,2.9825925925777774,22.175,0.0,0.0,0.0,0.0,0.0,0.0,0.0,0.0,0.0,0.0,0.0,0.0,166.0,229.0,63.0,196.33333333333334,21.777777777777782,166.0
NaMgSb,300,Na1 Mg1 Sb1,11.0,51.0,40.0,24.666666666666668,17.555555555555557,11.0,2.0,85.0,83.0,51.666666666666664,33.111111111111114,2.0,22.98976928,121.76,98.77023072,56.35158976,43.605606826666666,22.98976928,370.87,923.0,552.13,732.5499999999998,241.12000000000003,370.87,1.0,15.0,14.0,6.0,6.0,1.0,3.0,5.0,2.0,3.6666666666666665,0.8888888888888888,3.0,139.0,166.0,27.0,148.66666666666666,11.555555555555552,139.0,0.93,2.05,1.1199999999999997,1.43,0.4133333333333333,0.93,1.0,2.0,1.0,1.6666666666666667,0.4444444444444444,1.0,0.0,3.0,3.0,1.0,1.3333333333333333,0.0,0.0,10.0,10.0,3.3333333333333335,4.444444444444444,0.0,0.0,0.0,0.0,0.0,0.0,0.0,1.0,15.0,14.0,6.0,6.0,1.0,0.0,1.0,1.0,0.3333333333333333,0.4444444444444444,0.0,0.0,3.0,3.0,1.0,1.3333333333333333,0.0,0.0,0.0,0.0,0.0,0.0,0.0,0.0,0.0,0.0,0.0,0.0,0.0,0.0,3.0,3.0,1.3333333333333333,1.111111111111111,0.0,22.89,31.56,8.669999999999998,27.897777777766667,3.3385185185111106,22.89,0.0,0.0,0.0,0.0,0.0,0.0,0.0,0.0,0.0,0.0,0.0,0.0,166.0,229.0,63.0,196.33333333333334,21.777777777777782,166.0
NaMgSb,400,Na1 Mg1 Sb1,11.0,51.0,40.0,24.666666666666668,17.555555555555557,11.0,2.0,85.0,83.0,51.666666666666664,33.111111111111114,2.0,22.98976928,121.76,98.77023072,56.35158976,43.605606826666666,22.98976928,370.87,923.0,552.13,732.5499999999998,241.12000000000003,370.87,1.0,15.0,14.0,6.0,6.0,1.0,3.0,5.0,2.0,3.6666666666666665,0.8888888888888888,3.0,139.0,166.0,27.0,148.66666666666666,11.555555555555552,139.0,0.93,2.05,1.1199999999999997,1.43,0.4133333333333333,0.93,1.0,2.0,1.0,1.6666666666666667,0.4444444444444444,1.0,0.0,3.0,3.0,1.0,1.3333333333333333,0.0,0.0,10.0,10.0,3.3333333333333335,4.444444444444444,0.0,0.0,0.0,0.0,0.0,0.0,0.0,1.0,15.0,14.0,6.0,6.0,1.0,0.0,1.0,1.0,0.3333333333333333,0.4444444444444444,0.0,0.0,3.0,3.0,1.0,1.3333333333333333,0.0,0.0,0.0,0.0,0.0,0.0,0.0,0.0,0.0,0.0,0.0,0.0,0.0,0.0,3.0,3.0,1.3333333333333333,1.111111111111111,0.0,22.89,31.56,8.669999999999998,27.897777777766667,3.3385185185111106,22.89,0.0,0.0,0.0,0.0,0.0,0.0,0.0,0.0,0.0,0.0,0.0,0.0,166.0,229.0,63.0,196.33333333333334,21.777777777777782,166.0
NaMgSb,500,Na1 Mg1 Sb1,11.0,51.0,40.0,24.666666666666668,17.555555555555557,11.0,2.0,85.0,83.0,51.666666666666664,33.111111111111114,2.0,22.98976928,121.76,98.77023072,56.35158976,43.605606826666666,22.98976928,370.87,923.0,552.13,732.5499999999998,241.12000000000003,370.87,1.0,15.0,14.0,6.0,6.0,1.0,3.0,5.0,2.0,3.6666666666666665,0.8888888888888888,3.0,139.0,166.0,27.0,148.66666666666666,11.555555555555552,139.0,0.93,2.05,1.1199999999999997,1.43,0.4133333333333333,0.93,1.0,2.0,1.0,1.6666666666666667,0.4444444444444444,1.0,0.0,3.0,3.0,1.0,1.3333333333333333,0.0,0.0,10.0,10.0,3.3333333333333335,4.444444444444444,0.0,0.0,0.0,0.0,0.0,0.0,0.0,1.0,15.0,14.0,6.0,6.0,1.0,0.0,1.0,1.0,0.3333333333333333,0.4444444444444444,0.0,0.0,3.0,3.0,1.0,1.3333333333333333,0.0,0.0,0.0,0.0,0.0,0.0,0.0,0.0,0.0,0.0,0.0,0.0,0.0,0.0,3.0,3.0,1.3333333333333333,1.111111111111111,0.0,22.89,31.56,8.669999999999998,27.897777777766667,3.3385185185111106,22.89,0.0,0.0,0.0,0.0,0.0,0.0,0.0,0.0,0.0,0.0,0.0,0.0,166.0,229.0,63.0,196.33333333333334,21.777777777777782,166.0
NaMgSb,600,Na1 Mg1 Sb1,11.0,51.0,40.0,24.666666666666668,17.555555555555557,11.0,2.0,85.0,83.0,51.666666666666664,33.111111111111114,2.0,22.98976928,121.76,98.77023072,56.35158976,43.605606826666666,22.98976928,370.87,923.0,552.13,732.5499999999998,241.12000000000003,370.87,1.0,15.0,14.0,6.0,6.0,1.0,3.0,5.0,2.0,3.6666666666666665,0.8888888888888888,3.0,139.0,166.0,27.0,148.66666666666666,11.555555555555552,139.0,0.93,2.05,1.1199999999999997,1.43,0.4133333333333333,0.93,1.0,2.0,1.0,1.6666666666666667,0.4444444444444444,1.0,0.0,3.0,3.0,1.0,1.3333333333333333,0.0,0.0,10.0,10.0,3.3333333333333335,4.444444444444444,0.0,0.0,0.0,0.0,0.0,0.0,0.0,1.0,15.0,14.0,6.0,6.0,1.0,0.0,1.0,1.0,0.3333333333333333,0.4444444444444444,0.0,0.0,3.0,3.0,1.0,1.3333333333333333,0.0,0.0,0.0,0.0,0.0,0.0,0.0,0.0,0.0,0.0,0.0,0.0,0.0,0.0,3.0,3.0,1.3333333333333333,1.111111111111111,0.0,22.89,31.56,8.669999999999998,27.897777777766667,3.3385185185111106,22.89,0.0,0.0,0.0,0.0,0.0,0.0,0.0,0.0,0.0,0.0,0.0,0.0,166.0,229.0,63.0,196.33333333333334,21.777777777777782,166.0
NaMgSb,700,Na1 Mg1 Sb1,11.0,51.0,40.0,24.666666666666668,17.555555555555557,11.0,2.0,85.0,83.0,51.666666666666664,33.111111111111114,2.0,22.98976928,121.76,98.77023072,56.35158976,43.605606826666666,22.98976928,370.87,923.0,552.13,732.5499999999998,241.12000000000003,370.87,1.0,15.0,14.0,6.0,6.0,1.0,3.0,5.0,2.0,3.6666666666666665,0.8888888888888888,3.0,139.0,166.0,27.0,148.66666666666666,11.555555555555552,139.0,0.93,2.05,1.1199999999999997,1.43,0.4133333333333333,0.93,1.0,2.0,1.0,1.6666666666666667,0.4444444444444444,1.0,0.0,3.0,3.0,1.0,1.3333333333333333,0.0,0.0,10.0,10.0,3.3333333333333335,4.444444444444444,0.0,0.0,0.0,0.0,0.0,0.0,0.0,1.0,15.0,14.0,6.0,6.0,1.0,0.0,1.0,1.0,0.3333333333333333,0.4444444444444444,0.0,0.0,3.0,3.0,1.0,1.3333333333333333,0.0,0.0,0.0,0.0,0.0,0.0,0.0,0.0,0.0,0.0,0.0,0.0,0.0,0.0,3.0,3.0,1.3333333333333333,1.111111111111111,0.0,22.89,31.56,8.669999999999998,27.897777777766667,3.3385185185111106,22.89,0.0,0.0,0.0,0.0,0.0,0.0,0.0,0.0,0.0,0.0,0.0,0.0,166.0,229.0,63.0,196.33333333333334,21.777777777777782,166.0
NaMgSb,800,Na1 Mg1 Sb1,11.0,51.0,40.0,24.666666666666668,17.555555555555557,11.0,2.0,85.0,83.0,51.666666666666664,33.111111111111114,2.0,22.98976928,121.76,98.77023072,56.35158976,43.605606826666666,22.98976928,370.87,923.0,552.13,732.5499999999998,241.12000000000003,370.87,1.0,15.0,14.0,6.0,6.0,1.0,3.0,5.0,2.0,3.6666666666666665,0.8888888888888888,3.0,139.0,166.0,27.0,148.66666666666666,11.555555555555552,139.0,0.93,2.05,1.1199999999999997,1.43,0.4133333333333333,0.93,1.0,2.0,1.0,1.6666666666666667,0.4444444444444444,1.0,0.0,3.0,3.0,1.0,1.3333333333333333,0.0,0.0,10.0,10.0,3.3333333333333335,4.444444444444444,0.0,0.0,0.0,0.0,0.0,0.0,0.0,1.0,15.0,14.0,6.0,6.0,1.0,0.0,1.0,1.0,0.3333333333333333,0.4444444444444444,0.0,0.0,3.0,3.0,1.0,1.3333333333333333,0.0,0.0,0.0,0.0,0.0,0.0,0.0,0.0,0.0,0.0,0.0,0.0,0.0,0.0,3.0,3.0,1.3333333333333333,1.111111111111111,0.0,22.89,31.56,8.669999999999998,27.897777777766667,3.3385185185111106,22.89,0.0,0.0,0.0,0.0,0.0,0.0,0.0,0.0,0.0,0.0,0.0,0.0,166.0,229.0,63.0,196.33333333333334,21.777777777777782,166.0
NaMgSb,900,Na1 Mg1 Sb1,11.0,51.0,40.0,24.666666666666668,17.555555555555557,11.0,2.0,85.0,83.0,51.666666666666664,33.111111111111114,2.0,22.98976928,121.76,98.77023072,56.35158976,43.605606826666666,22.98976928,370.87,923.0,552.13,732.5499999999998,241.12000000000003,370.87,1.0,15.0,14.0,6.0,6.0,1.0,3.0,5.0,2.0,3.6666666666666665,0.8888888888888888,3.0,139.0,166.0,27.0,148.66666666666666,11.555555555555552,139.0,0.93,2.05,1.1199999999999997,1.43,0.4133333333333333,0.93,1.0,2.0,1.0,1.6666666666666667,0.4444444444444444,1.0,0.0,3.0,3.0,1.0,1.3333333333333333,0.0,0.0,10.0,10.0,3.3333333333333335,4.444444444444444,0.0,0.0,0.0,0.0,0.0,0.0,0.0,1.0,15.0,14.0,6.0,6.0,1.0,0.0,1.0,1.0,0.3333333333333333,0.4444444444444444,0.0,0.0,3.0,3.0,1.0,1.3333333333333333,0.0,0.0,0.0,0.0,0.0,0.0,0.0,0.0,0.0,0.0,0.0,0.0,0.0,0.0,3.0,3.0,1.3333333333333333,1.111111111111111,0.0,22.89,31.56,8.669999999999998,27.897777777766667,3.3385185185111106,22.89,0.0,0.0,0.0,0.0,0.0,0.0,0.0,0.0,0.0,0.0,0.0,0.0,166.0,229.0,63.0,196.33333333333334,21.777777777777782,166.0
NaMgSb,1000,Na1 Mg1 Sb1,11.0,51.0,40.0,24.666666666666668,17.555555555555557,11.0,2.0,85.0,83.0,51.666666666666664,33.111111111111114,2.0,22.98976928,121.76,98.77023072,56.35158976,43.605606826666666,22.98976928,370.87,923.0,552.13,732.5499999999998,241.12000000000003,370.87,1.0,15.0,14.0,6.0,6.0,1.0,3.0,5.0,2.0,3.6666666666666665,0.8888888888888888,3.0,139.0,166.0,27.0,148.66666666666666,11.555555555555552,139.0,0.93,2.05,1.1199999999999997,1.43,0.4133333333333333,0.93,1.0,2.0,1.0,1.6666666666666667,0.4444444444444444,1.0,0.0,3.0,3.0,1.0,1.3333333333333333,0.0,0.0,10.0,10.0,3.3333333333333335,4.444444444444444,0.0,0.0,0.0,0.0,0.0,0.0,0.0,1.0,15.0,14.0,6.0,6.0,1.0,0.0,1.0,1.0,0.3333333333333333,0.4444444444444444,0.0,0.0,3.0,3.0,1.0,1.3333333333333333,0.0,0.0,0.0,0.0,0.0,0.0,0.0,0.0,0.0,0.0,0.0,0.0,0.0,0.0,3.0,3.0,1.3333333333333333,1.111111111111111,0.0,22.89,31.56,8.669999999999998,27.897777777766667,3.3385185185111106,22.89,0.0,0.0,0.0,0.0,0.0,0.0,0.0,0.0,0.0,0.0,0.0,0.0,166.0,229.0,63.0,196.33333333333334,21.777777777777782,166.0
KMgAs,300,K1 Mg1 As1,12.0,33.0,21.0,21.333333333333332,7.777777777777778,12.0,3.0,84.0,81.0,51.666666666666664,32.44444444444445,3.0,24.305,74.9216,50.6166,46.10830000000001,19.20886666666667,24.305,336.53,1090.0,753.47,783.1766666666666,297.76444444444445,336.53,1.0,15.0,14.0,6.0,6.0,1.0,3.0,4.0,1.0,3.6666666666666665,0.4444444444444445,3.0,119.0,203.0,84.0,154.33333333333334,32.44444444444445,119.0,0.82,2.18,1.3600000000000003,1.4366666666666668,0.4955555555555556,0.82,1.0,2.0,1.0,1.6666666666666667,0.4444444444444444,1.0,0.0,3.0,3.0,1.0,1.3333333333333333,0.0,0.0,10.0,10.0,3.3333333333333335,4.444444444444444,0.0,0.0,0.0,0.0,0.0,0.0,0.0,1.0,15.0,14.0,6.0,6.0,1.0,0.0,1.0,1.0,0.3333333333333333,0.4444444444444444,0.0,0.0,3.0,3.0,1.0,1.3333333333333333,0.0,0.0,0.0,0.0,0.0,0.0,0.0,0.0,0.0,0.0,0.0,0.0,0.0,0.0,3.0,3.0,1.3333333333333333,1.111111111111111,0.0,22.175,73.1066666667,50.931666666699996,39.390555555566664,22.47740740742222,22.175,0.0,0.0,0.0,0.0,0.0,0.0,0.0,0.0,0.0,0.0,0.0,0.0,166.0,229.0,63.0,196.33333333333334,21.777777777777782,166.0
KMgAs,400,K1 Mg1 As1,12.0,33.0,21.0,21.333333333333332,7.777777777777778,12.0,3.0,84.0,81.0,51.666666666666664,32.44444444444445,3.0,24.305,74.9216,50.6166,46.10830000000001,19.20886666666667,24.305,336.53,1090.0,753.47,783.1766666666666,297.76444444444445,336.53,1.0,15.0,14.0,6.0,6.0,1.0,3.0,4.0,1.0,3.6666666666666665,0.4444444444444445,3.0,119.0,203.0,84.0,154.33333333333334,32.44444444444445,119.0,0.82,2.18,1.3600000000000003,1.4366666666666668,0.4955555555555556,0.82,1.0,2.0,1.0,1.6666666666666667,0.4444444444444444,1.0,0.0,3.0,3.0,1.0,1.3333333333333333,0.0,0.0,10.0,10.0,3.3333333333333335,4.444444444444444,0.0,0.0,0.0,0.0,0.0,0.0,0.0,1.0,15.0,14.0,6.0,6.0,1.0,0.0,1.0,1.0,0.3333333333333333,0.4444444444444444,0.0,0.0,3.0,3.0,1.0,1.3333333333333333,0.0,0.0,0.0,0.0,0.0,0.0,0.0,0.0,0.0,0.0,0.0,0.0,0.0,0.0,3.0,3.0,1.3333333333333333,1.111111111111111,0.0,22.175,73.1066666667,50.931666666699996,39.390555555566664,22.47740740742222,22.175,0.0,0.0,0.0,0.0,0.0,0.0,0.0,0.0,0.0,0.0,0.0,0.0,166.0,229.0,63.0,196.33333333333334,21.777777777777782,166.0
KMgAs,500,K1 Mg1 As1,12.0,33.0,21.0,21.333333333333332,7.777777777777778,12.0,3.0,84.0,81.0,51.666666666666664,32.44444444444445,3.0,24.305,74.9216,50.6166,46.10830000000001,19.20886666666667,24.305,336.53,1090.0,753.47,783.1766666666666,297.76444444444445,336.53,1.0,15.0,14.0,6.0,6.0,1.0,3.0,4.0,1.0,3.6666666666666665,0.4444444444444445,3.0,119.0,203.0,84.0,154.33333333333334,32.44444444444445,119.0,0.82,2.18,1.3600000000000003,1.4366666666666668,0.4955555555555556,0.82,1.0,2.0,1.0,1.6666666666666667,0.4444444444444444,1.0,0.0,3.0,3.0,1.0,1.3333333333333333,0.0,0.0,10.0,10.0,3.3333333333333335,4.444444444444444,0.0,0.0,0.0,0.0,0.0,0.0,0.0,1.0,15.0,14.0,6.0,6.0,1.0,0.0,1.0,1.0,0.3333333333333333,0.4444444444444444,0.0,0.0,3.0,3.0,1.0,1.3333333333333333,0.0,0.0,0.0,0.0,0.0,0.0,0.0,0.0,0.0,0.0,0.0,0.0,0.0,0.0,3.0,3.0,1.3333333333333333,1.111111111111111,0.0,22.175,73.1066666667,50.931666666699996,39.390555555566664,22.47740740742222,22.175,0.0,0.0,0.0,0.0,0.0,0.0,0.0,0.0,0.0,0.0,0.0,0.0,166.0,229.0,63.0,196.33333333333334,21.777777777777782,166.0
KMgAs,600,K1 Mg1 As1,12.0,33.0,21.0,21.333333333333332,7.777777777777778,12.0,3.0,84.0,81.0,51.666666666666664,32.44444444444445,3.0,24.305,74.9216,50.6166,46.10830000000001,19.20886666666667,24.305,336.53,1090.0,753.47,783.1766666666666,297.76444444444445,336.53,1.0,15.0,14.0,6.0,6.0,1.0,3.0,4.0,1.0,3.6666666666666665,0.4444444444444445,3.0,119.0,203.0,84.0,154.33333333333334,32.44444444444445,119.0,0.82,2.18,1.3600000000000003,1.4366666666666668,0.4955555555555556,0.82,1.0,2.0,1.0,1.6666666666666667,0.4444444444444444,1.0,0.0,3.0,3.0,1.0,1.3333333333333333,0.0,0.0,10.0,10.0,3.3333333333333335,4.444444444444444,0.0,0.0,0.0,0.0,0.0,0.0,0.0,1.0,15.0,14.0,6.0,6.0,1.0,0.0,1.0,1.0,0.3333333333333333,0.4444444444444444,0.0,0.0,3.0,3.0,1.0,1.3333333333333333,0.0,0.0,0.0,0.0,0.0,0.0,0.0,0.0,0.0,0.0,0.0,0.0,0.0,0.0,3.0,3.0,1.3333333333333333,1.111111111111111,0.0,22.175,73.1066666667,50.931666666699996,39.390555555566664,22.47740740742222,22.175,0.0,0.0,0.0,0.0,0.0,0.0,0.0,0.0,0.0,0.0,0.0,0.0,166.0,229.0,63.0,196.33333333333334,21.777777777777782,166.0
KMgAs,700,K1 Mg1 As1,12.0,33.0,21.0,21.333333333333332,7.777777777777778,12.0,3.0,84.0,81.0,51.666666666666664,32.44444444444445,3.0,24.305,74.9216,50.6166,46.10830000000001,19.20886666666667,24.305,336.53,1090.0,753.47,783.1766666666666,297.76444444444445,336.53,1.0,15.0,14.0,6.0,6.0,1.0,3.0,4.0,1.0,3.6666666666666665,0.4444444444444445,3.0,119.0,203.0,84.0,154.33333333333334,32.44444444444445,119.0,0.82,2.18,1.3600000000000003,1.4366666666666668,0.4955555555555556,0.82,1.0,2.0,1.0,1.6666666666666667,0.4444444444444444,1.0,0.0,3.0,3.0,1.0,1.3333333333333333,0.0,0.0,10.0,10.0,3.3333333333333335,4.444444444444444,0.0,0.0,0.0,0.0,0.0,0.0,0.0,1.0,15.0,14.0,6.0,6.0,1.0,0.0,1.0,1.0,0.3333333333333333,0.4444444444444444,0.0,0.0,3.0,3.0,1.0,1.3333333333333333,0.0,0.0,0.0,0.0,0.0,0.0,0.0,0.0,0.0,0.0,0.0,0.0,0.0,0.0,3.0,3.0,1.3333333333333333,1.111111111111111,0.0,22.175,73.1066666667,50.931666666699996,39.390555555566664,22.47740740742222,22.175,0.0,0.0,0.0,0.0,0.0,0.0,0.0,0.0,0.0,0.0,0.0,0.0,166.0,229.0,63.0,196.33333333333334,21.777777777777782,166.0
KMgAs,800,K1 Mg1 As1,12.0,33.0,21.0,21.333333333333332,7.777777777777778,12.0,3.0,84.0,81.0,51.666666666666664,32.44444444444445,3.0,24.305,74.9216,50.6166,46.10830000000001,19.20886666666667,24.305,336.53,1090.0,753.47,783.1766666666666,297.76444444444445,336.53,1.0,15.0,14.0,6.0,6.0,1.0,3.0,4.0,1.0,3.6666666666666665,0.4444444444444445,3.0,119.0,203.0,84.0,154.33333333333334,32.44444444444445,119.0,0.82,2.18,1.3600000000000003,1.4366666666666668,0.4955555555555556,0.82,1.0,2.0,1.0,1.6666666666666667,0.4444444444444444,1.0,0.0,3.0,3.0,1.0,1.3333333333333333,0.0,0.0,10.0,10.0,3.3333333333333335,4.444444444444444,0.0,0.0,0.0,0.0,0.0,0.0,0.0,1.0,15.0,14.0,6.0,6.0,1.0,0.0,1.0,1.0,0.3333333333333333,0.4444444444444444,0.0,0.0,3.0,3.0,1.0,1.3333333333333333,0.0,0.0,0.0,0.0,0.0,0.0,0.0,0.0,0.0,0.0,0.0,0.0,0.0,0.0,3.0,3.0,1.3333333333333333,1.111111111111111,0.0,22.175,73.1066666667,50.931666666699996,39.390555555566664,22.47740740742222,22.175,0.0,0.0,0.0,0.0,0.0,0.0,0.0,0.0,0.0,0.0,0.0,0.0,166.0,229.0,63.0,196.33333333333334,21.777777777777782,166.0
KMgAs,900,K1 Mg1 As1,12.0,33.0,21.0,21.333333333333332,7.777777777777778,12.0,3.0,84.0,81.0,51.666666666666664,32.44444444444445,3.0,24.305,74.9216,50.6166,46.10830000000001,19.20886666666667,24.305,336.53,1090.0,753.47,783.1766666666666,297.76444444444445,336.53,1.0,15.0,14.0,6.0,6.0,1.0,3.0,4.0,1.0,3.6666666666666665,0.4444444444444445,3.0,119.0,203.0,84.0,154.33333333333334,32.44444444444445,119.0,0.82,2.18,1.3600000000000003,1.4366666666666668,0.4955555555555556,0.82,1.0,2.0,1.0,1.6666666666666667,0.4444444444444444,1.0,0.0,3.0,3.0,1.0,1.3333333333333333,0.0,0.0,10.0,10.0,3.3333333333333335,4.444444444444444,0.0,0.0,0.0,0.0,0.0,0.0,0.0,1.0,15.0,14.0,6.0,6.0,1.0,0.0,1.0,1.0,0.3333333333333333,0.4444444444444444,0.0,0.0,3.0,3.0,1.0,1.3333333333333333,0.0,0.0,0.0,0.0,0.0,0.0,0.0,0.0,0.0,0.0,0.0,0.0,0.0,0.0,3.0,3.0,1.3333333333333333,1.111111111111111,0.0,22.175,73.1066666667,50.931666666699996,39.390555555566664,22.47740740742222,22.175,0.0,0.0,0.0,0.0,0.0,0.0,0.0,0.0,0.0,0.0,0.0,0.0,166.0,229.0,63.0,196.33333333333334,21.777777777777782,166.0
KMgAs,1000,K1 Mg1 As1,12.0,33.0,21.0,21.333333333333332,7.777777777777778,12.0,3.0,84.0,81.0,51.666666666666664,32.44444444444445,3.0,24.305,74.9216,50.6166,46.10830000000001,19.20886666666667,24.305,336.53,1090.0,753.47,783.1766666666666,297.76444444444445,336.53,1.0,15.0,14.0,6.0,6.0,1.0,3.0,4.0,1.0,3.6666666666666665,0.4444444444444445,3.0,119.0,203.0,84.0,154.33333333333334,32.44444444444445,119.0,0.82,2.18,1.3600000000000003,1.4366666666666668,0.4955555555555556,0.82,1.0,2.0,1.0,1.6666666666666667,0.4444444444444444,1.0,0.0,3.0,3.0,1.0,1.3333333333333333,0.0,0.0,10.0,10.0,3.3333333333333335,4.444444444444444,0.0,0.0,0.0,0.0,0.0,0.0,0.0,1.0,15.0,14.0,6.0,6.0,1.0,0.0,1.0,1.0,0.3333333333333333,0.4444444444444444,0.0,0.0,3.0,3.0,1.0,1.3333333333333333,0.0,0.0,0.0,0.0,0.0,0.0,0.0,0.0,0.0,0.0,0.0,0.0,0.0,0.0,3.0,3.0,1.3333333333333333,1.111111111111111,0.0,22.175,73.1066666667,50.931666666699996,39.390555555566664,22.47740740742222,22.175,0.0,0.0,0.0,0.0,0.0,0.0,0.0,0.0,0.0,0.0,0.0,0.0,166.0,229.0,63.0,196.33333333333334,21.777777777777782,166.0
KMgSb,300,K1 Mg1 Sb1,12.0,51.0,39.0,27.333333333333332,15.777777777777777,12.0,3.0,85.0,82.0,52.0,32.666666666666664,3.0,24.305,121.76,97.45500000000001,61.7211,40.025933333333334,24.305,336.53,923.0,586.47,721.1033333333334,256.3822222222222,336.53,1.0,15.0,14.0,6.0,6.0,1.0,3.0,5.0,2.0,4.0,0.6666666666666666,3.0,139.0,203.0,64.0,161.0,28.0,139.0,0.82,2.05,1.23,1.3933333333333333,0.43777777777777765,0.82,1.0,2.0,1.0,1.6666666666666667,0.4444444444444444,1.0,0.0,3.0,3.0,1.0,1.3333333333333333,0.0,0.0,10.0,10.0,3.3333333333333335,4.444444444444444,0.0,0.0,0.0,0.0,0.0,0.0,0.0,1.0,15.0,14.0,6.0,6.0,1.0,0.0,1.0,1.0,0.3333333333333333,0.4444444444444444,0.0,0.0,3.0,3.0,1.0,1.3333333333333333,0.0,0.0,0.0,0.0,0.0,0.0,0.0,0.0,0.0,0.0,0.0,0.0,0.0,0.0,3.0,3.0,1.3333333333333333,1.111111111111111,0.0,22.89,73.1066666667,50.21666666669999,42.5188888889,20.391851851866665,22.89,0.0,0.0,0.0,0.0,0.0,0.0,0.0,0.0,0.0,0.0,0.0,0.0,166.0,229.0,63.0,196.33333333333334,21.777777777777782,166.0
KMgSb,400,K1 Mg1 Sb1,12.0,51.0,39.0,27.333333333333332,15.777777777777777,12.0,3.0,85.0,82.0,52.0,32.666666666666664,3.0,24.305,121.76,97.45500000000001,61.7211,40.025933333333334,24.305,336.53,923.0,586.47,721.1033333333334,256.3822222222222,336.53,1.0,15.0,14.0,6.0,6.0,1.0,3.0,5.0,2.0,4.0,0.6666666666666666,3.0,139.0,203.0,64.0,161.0,28.0,139.0,0.82,2.05,1.23,1.3933333333333333,0.43777777777777765,0.82,1.0,2.0,1.0,1.6666666666666667,0.4444444444444444,1.0,0.0,3.0,3.0,1.0,1.3333333333333333,0.0,0.0,10.0,10.0,3.3333333333333335,4.444444444444444,0.0,0.0,0.0,0.0,0.0,0.0,0.0,1.0,15.0,14.0,6.0,6.0,1.0,0.0,1.0,1.0,0.3333333333333333,0.4444444444444444,0.0,0.0,3.0,3.0,1.0,1.3333333333333333,0.0,0.0,0.0,0.0,0.0,0.0,0.0,0.0,0.0,0.0,0.0,0.0,0.0,0.0,3.0,3.0,1.3333333333333333,1.111111111111111,0.0,22.89,73.1066666667,50.21666666669999,42.5188888889,20.391851851866665,22.89,0.0,0.0,0.0,0.0,0.0,0.0,0.0,0.0,0.0,0.0,0.0,0.0,166.0,229.0,63.0,196.33333333333334,21.777777777777782,166.0
KMgSb,500,K1 Mg1 Sb1,12.0,51.0,39.0,27.333333333333332,15.777777777777777,12.0,3.0,85.0,82.0,52.0,32.666666666666664,3.0,24.305,121.76,97.45500000000001,61.7211,40.025933333333334,24.305,336.53,923.0,586.47,721.1033333333334,256.3822222222222,336.53,1.0,15.0,14.0,6.0,6.0,1.0,3.0,5.0,2.0,4.0,0.6666666666666666,3.0,139.0,203.0,64.0,161.0,28.0,139.0,0.82,2.05,1.23,1.3933333333333333,0.43777777777777765,0.82,1.0,2.0,1.0,1.6666666666666667,0.4444444444444444,1.0,0.0,3.0,3.0,1.0,1.3333333333333333,0.0,0.0,10.0,10.0,3.3333333333333335,4.444444444444444,0.0,0.0,0.0,0.0,0.0,0.0,0.0,1.0,15.0,14.0,6.0,6.0,1.0,0.0,1.0,1.0,0.3333333333333333,0.4444444444444444,0.0,0.0,3.0,3.0,1.0,1.3333333333333333,0.0,0.0,0.0,0.0,0.0,0.0,0.0,0.0,0.0,0.0,0.0,0.0,0.0,0.0,3.0,3.0,1.3333333333333333,1.111111111111111,0.0,22.89,73.1066666667,50.21666666669999,42.5188888889,20.391851851866665,22.89,0.0,0.0,0.0,0.0,0.0,0.0,0.0,0.0,0.0,0.0,0.0,0.0,166.0,229.0,63.0,196.33333333333334,21.777777777777782,166.0
KMgSb,600,K1 Mg1 Sb1,12.0,51.0,39.0,27.333333333333332,15.777777777777777,12.0,3.0,85.0,82.0,52.0,32.666666666666664,3.0,24.305,121.76,97.45500000000001,61.7211,40.025933333333334,24.305,336.53,923.0,586.47,721.1033333333334,256.3822222222222,336.53,1.0,15.0,14.0,6.0,6.0,1.0,3.0,5.0,2.0,4.0,0.6666666666666666,3.0,139.0,203.0,64.0,161.0,28.0,139.0,0.82,2.05,1.23,1.3933333333333333,0.43777777777777765,0.82,1.0,2.0,1.0,1.6666666666666667,0.4444444444444444,1.0,0.0,3.0,3.0,1.0,1.3333333333333333,0.0,0.0,10.0,10.0,3.3333333333333335,4.444444444444444,0.0,0.0,0.0,0.0,0.0,0.0,0.0,1.0,15.0,14.0,6.0,6.0,1.0,0.0,1.0,1.0,0.3333333333333333,0.4444444444444444,0.0,0.0,3.0,3.0,1.0,1.3333333333333333,0.0,0.0,0.0,0.0,0.0,0.0,0.0,0.0,0.0,0.0,0.0,0.0,0.0,0.0,3.0,3.0,1.3333333333333333,1.111111111111111,0.0,22.89,73.1066666667,50.21666666669999,42.5188888889,20.391851851866665,22.89,0.0,0.0,0.0,0.0,0.0,0.0,0.0,0.0,0.0,0.0,0.0,0.0,166.0,229.0,63.0,196.33333333333334,21.777777777777782,166.0
KMgSb,700,K1 Mg1 Sb1,12.0,51.0,39.0,27.333333333333332,15.777777777777777,12.0,3.0,85.0,82.0,52.0,32.666666666666664,3.0,24.305,121.76,97.45500000000001,61.7211,40.025933333333334,24.305,336.53,923.0,586.47,721.1033333333334,256.3822222222222,336.53,1.0,15.0,14.0,6.0,6.0,1.0,3.0,5.0,2.0,4.0,0.6666666666666666,3.0,139.0,203.0,64.0,161.0,28.0,139.0,0.82,2.05,1.23,1.3933333333333333,0.43777777777777765,0.82,1.0,2.0,1.0,1.6666666666666667,0.4444444444444444,1.0,0.0,3.0,3.0,1.0,1.3333333333333333,0.0,0.0,10.0,10.0,3.3333333333333335,4.444444444444444,0.0,0.0,0.0,0.0,0.0,0.0,0.0,1.0,15.0,14.0,6.0,6.0,1.0,0.0,1.0,1.0,0.3333333333333333,0.4444444444444444,0.0,0.0,3.0,3.0,1.0,1.3333333333333333,0.0,0.0,0.0,0.0,0.0,0.0,0.0,0.0,0.0,0.0,0.0,0.0,0.0,0.0,3.0,3.0,1.3333333333333333,1.111111111111111,0.0,22.89,73.1066666667,50.21666666669999,42.5188888889,20.391851851866665,22.89,0.0,0.0,0.0,0.0,0.0,0.0,0.0,0.0,0.0,0.0,0.0,0.0,166.0,229.0,63.0,196.33333333333334,21.777777777777782,166.0
KMgSb,800,K1 Mg1 Sb1,12.0,51.0,39.0,27.333333333333332,15.777777777777777,12.0,3.0,85.0,82.0,52.0,32.666666666666664,3.0,24.305,121.76,97.45500000000001,61.7211,40.025933333333334,24.305,336.53,923.0,586.47,721.1033333333334,256.3822222222222,336.53,1.0,15.0,14.0,6.0,6.0,1.0,3.0,5.0,2.0,4.0,0.6666666666666666,3.0,139.0,203.0,64.0,161.0,28.0,139.0,0.82,2.05,1.23,1.3933333333333333,0.43777777777777765,0.82,1.0,2.0,1.0,1.6666666666666667,0.4444444444444444,1.0,0.0,3.0,3.0,1.0,1.3333333333333333,0.0,0.0,10.0,10.0,3.3333333333333335,4.444444444444444,0.0,0.0,0.0,0.0,0.0,0.0,0.0,1.0,15.0,14.0,6.0,6.0,1.0,0.0,1.0,1.0,0.3333333333333333,0.4444444444444444,0.0,0.0,3.0,3.0,1.0,1.3333333333333333,0.0,0.0,0.0,0.0,0.0,0.0,0.0,0.0,0.0,0.0,0.0,0.0,0.0,0.0,3.0,3.0,1.3333333333333333,1.111111111111111,0.0,22.89,73.1066666667,50.21666666669999,42.5188888889,20.391851851866665,22.89,0.0,0.0,0.0,0.0,0.0,0.0,0.0,0.0,0.0,0.0,0.0,0.0,166.0,229.0,63.0,196.33333333333334,21.777777777777782,166.0
KMgSb,900,K1 Mg1 Sb1,12.0,51.0,39.0,27.333333333333332,15.777777777777777,12.0,3.0,85.0,82.0,52.0,32.666666666666664,3.0,24.305,121.76,97.45500000000001,61.7211,40.025933333333334,24.305,336.53,923.0,586.47,721.1033333333334,256.3822222222222,336.53,1.0,15.0,14.0,6.0,6.0,1.0,3.0,5.0,2.0,4.0,0.6666666666666666,3.0,139.0,203.0,64.0,161.0,28.0,139.0,0.82,2.05,1.23,1.3933333333333333,0.43777777777777765,0.82,1.0,2.0,1.0,1.6666666666666667,0.4444444444444444,1.0,0.0,3.0,3.0,1.0,1.3333333333333333,0.0,0.0,10.0,10.0,3.3333333333333335,4.444444444444444,0.0,0.0,0.0,0.0,0.0,0.0,0.0,1.0,15.0,14.0,6.0,6.0,1.0,0.0,1.0,1.0,0.3333333333333333,0.4444444444444444,0.0,0.0,3.0,3.0,1.0,1.3333333333333333,0.0,0.0,0.0,0.0,0.0,0.0,0.0,0.0,0.0,0.0,0.0,0.0,0.0,0.0,3.0,3.0,1.3333333333333333,1.111111111111111,0.0,22.89,73.1066666667,50.21666666669999,42.5188888889,20.391851851866665,22.89,0.0,0.0,0.0,0.0,0.0,0.0,0.0,0.0,0.0,0.0,0.0,0.0,166.0,229.0,63.0,196.33333333333334,21.777777777777782,166.0
KMgSb,1000,K1 Mg1 Sb1,12.0,51.0,39.0,27.333333333333332,15.777777777777777,12.0,3.0,85.0,82.0,52.0,32.666666666666664,3.0,24.305,121.76,97.45500000000001,61.7211,40.025933333333334,24.305,336.53,923.0,586.47,721.1033333333334,256.3822222222222,336.53,1.0,15.0,14.0,6.0,6.0,1.0,3.0,5.0,2.0,4.0,0.6666666666666666,3.0,139.0,203.0,64.0,161.0,28.0,139.0,0.82,2.05,1.23,1.3933333333333333,0.43777777777777765,0.82,1.0,2.0,1.0,1.6666666666666667,0.4444444444444444,1.0,0.0,3.0,3.0,1.0,1.3333333333333333,0.0,0.0,10.0,10.0,3.3333333333333335,4.444444444444444,0.0,0.0,0.0,0.0,0.0,0.0,0.0,1.0,15.0,14.0,6.0,6.0,1.0,0.0,1.0,1.0,0.3333333333333333,0.4444444444444444,0.0,0.0,3.0,3.0,1.0,1.3333333333333333,0.0,0.0,0.0,0.0,0.0,0.0,0.0,0.0,0.0,0.0,0.0,0.0,0.0,0.0,3.0,3.0,1.3333333333333333,1.111111111111111,0.0,22.89,73.1066666667,50.21666666669999,42.5188888889,20.391851851866665,22.89,0.0,0.0,0.0,0.0,0.0,0.0,0.0,0.0,0.0,0.0,0.0,0.0,166.0,229.0,63.0,196.33333333333334,21.777777777777782,166.0
GeSe,300,Ge1 Se1,32.0,34.0,2.0,33.0,1.0,32.0,79.0,89.0,10.0,84.0,5.0,79.0,72.64,78.96,6.319999999999993,75.8,3.1599999999999966,72.64,494.0,1211.4,717.4000000000001,852.7,358.70000000000005,494.0,14.0,16.0,2.0,15.0,1.0,14.0,4.0,4.0,0.0,4.0,0.0,4.0,120.0,120.0,0.0,120.0,0.0,120.0,2.01,2.55,0.54,2.28,0.27,2.01,2.0,2.0,0.0,2.0,0.0,2.0,2.0,4.0,2.0,3.0,1.0,2.0,10.0,10.0,0.0,10.0,0.0,10.0,0.0,0.0,0.0,0.0,0.0,0.0,14.0,16.0,2.0,15.0,1.0,14.0,0.0,0.0,0.0,0.0,0.0,0.0,2.0,4.0,2.0,3.0,1.0,2.0,0.0,0.0,0.0,0.0,0.0,0.0,0.0,0.0,0.0,0.0,0.0,0.0,2.0,4.0,2.0,3.0,1.0,2.0,23.005,25.92,2.9150000000000027,24.4625,1.4575000000000014,23.005,0.383,0.799,0.41600000000000004,0.591,0.20800000000000002,0.383,0.0,0.0,0.0,0.0,0.0,0.0,14.0,225.0,211.0,119.5,105.5,14.0
GeSe,400,Ge1 Se1,32.0,34.0,2.0,33.0,1.0,32.0,79.0,89.0,10.0,84.0,5.0,79.0,72.64,78.96,6.319999999999993,75.8,3.1599999999999966,72.64,494.0,1211.4,717.4000000000001,852.7,358.70000000000005,494.0,14.0,16.0,2.0,15.0,1.0,14.0,4.0,4.0,0.0,4.0,0.0,4.0,120.0,120.0,0.0,120.0,0.0,120.0,2.01,2.55,0.54,2.28,0.27,2.01,2.0,2.0,0.0,2.0,0.0,2.0,2.0,4.0,2.0,3.0,1.0,2.0,10.0,10.0,0.0,10.0,0.0,10.0,0.0,0.0,0.0,0.0,0.0,0.0,14.0,16.0,2.0,15.0,1.0,14.0,0.0,0.0,0.0,0.0,0.0,0.0,2.0,4.0,2.0,3.0,1.0,2.0,0.0,0.0,0.0,0.0,0.0,0.0,0.0,0.0,0.0,0.0,0.0,0.0,2.0,4.0,2.0,3.0,1.0,2.0,23.005,25.92,2.9150000000000027,24.4625,1.4575000000000014,23.005,0.383,0.799,0.41600000000000004,0.591,0.20800000000000002,0.383,0.0,0.0,0.0,0.0,0.0,0.0,14.0,225.0,211.0,119.5,105.5,14.0
GeSe,500,Ge1 Se1,32.0,34.0,2.0,33.0,1.0,32.0,79.0,89.0,10.0,84.0,5.0,79.0,72.64,78.96,6.319999999999993,75.8,3.1599999999999966,72.64,494.0,1211.4,717.4000000000001,852.7,358.70000000000005,494.0,14.0,16.0,2.0,15.0,1.0,14.0,4.0,4.0,0.0,4.0,0.0,4.0,120.0,120.0,0.0,120.0,0.0,120.0,2.01,2.55,0.54,2.28,0.27,2.01,2.0,2.0,0.0,2.0,0.0,2.0,2.0,4.0,2.0,3.0,1.0,2.0,10.0,10.0,0.0,10.0,0.0,10.0,0.0,0.0,0.0,0.0,0.0,0.0,14.0,16.0,2.0,15.0,1.0,14.0,0.0,0.0,0.0,0.0,0.0,0.0,2.0,4.0,2.0,3.0,1.0,2.0,0.0,0.0,0.0,0.0,0.0,0.0,0.0,0.0,0.0,0.0,0.0,0.0,2.0,4.0,2.0,3.0,1.0,2.0,23.005,25.92,2.9150000000000027,24.4625,1.4575000000000014,23.005,0.383,0.799,0.41600000000000004,0.591,0.20800000000000002,0.383,0.0,0.0,0.0,0.0,0.0,0.0,14.0,225.0,211.0,119.5,105.5,14.0
GeSe,600,Ge1 Se1,32.0,34.0,2.0,33.0,1.0,32.0,79.0,89.0,10.0,84.0,5.0,79.0,72.64,78.96,6.319999999999993,75.8,3.1599999999999966,72.64,494.0,1211.4,717.4000000000001,852.7,358.70000000000005,494.0,14.0,16.0,2.0,15.0,1.0,14.0,4.0,4.0,0.0,4.0,0.0,4.0,120.0,120.0,0.0,120.0,0.0,120.0,2.01,2.55,0.54,2.28,0.27,2.01,2.0,2.0,0.0,2.0,0.0,2.0,2.0,4.0,2.0,3.0,1.0,2.0,10.0,10.0,0.0,10.0,0.0,10.0,0.0,0.0,0.0,0.0,0.0,0.0,14.0,16.0,2.0,15.0,1.0,14.0,0.0,0.0,0.0,0.0,0.0,0.0,2.0,4.0,2.0,3.0,1.0,2.0,0.0,0.0,0.0,0.0,0.0,0.0,0.0,0.0,0.0,0.0,0.0,0.0,2.0,4.0,2.0,3.0,1.0,2.0,23.005,25.92,2.9150000000000027,24.4625,1.4575000000000014,23.005,0.383,0.799,0.41600000000000004,0.591,0.20800000000000002,0.383,0.0,0.0,0.0,0.0,0.0,0.0,14.0,225.0,211.0,119.5,105.5,14.0
GeSe,700,Ge1 Se1,32.0,34.0,2.0,33.0,1.0,32.0,79.0,89.0,10.0,84.0,5.0,79.0,72.64,78.96,6.319999999999993,75.8,3.1599999999999966,72.64,494.0,1211.4,717.4000000000001,852.7,358.70000000000005,494.0,14.0,16.0,2.0,15.0,1.0,14.0,4.0,4.0,0.0,4.0,0.0,4.0,120.0,120.0,0.0,120.0,0.0,120.0,2.01,2.55,0.54,2.28,0.27,2.01,2.0,2.0,0.0,2.0,0.0,2.0,2.0,4.0,2.0,3.0,1.0,2.0,10.0,10.0,0.0,10.0,0.0,10.0,0.0,0.0,0.0,0.0,0.0,0.0,14.0,16.0,2.0,15.0,1.0,14.0,0.0,0.0,0.0,0.0,0.0,0.0,2.0,4.0,2.0,3.0,1.0,2.0,0.0,0.0,0.0,0.0,0.0,0.0,0.0,0.0,0.0,0.0,0.0,0.0,2.0,4.0,2.0,3.0,1.0,2.0,23.005,25.92,2.9150000000000027,24.4625,1.4575000000000014,23.005,0.383,0.799,0.41600000000000004,0.591,0.20800000000000002,0.383,0.0,0.0,0.0,0.0,0.0,0.0,14.0,225.0,211.0,119.5,105.5,14.0
GeSe,800,Ge1 Se1,32.0,34.0,2.0,33.0,1.0,32.0,79.0,89.0,10.0,84.0,5.0,79.0,72.64,78.96,6.319999999999993,75.8,3.1599999999999966,72.64,494.0,1211.4,717.4000000000001,852.7,358.70000000000005,494.0,14.0,16.0,2.0,15.0,1.0,14.0,4.0,4.0,0.0,4.0,0.0,4.0,120.0,120.0,0.0,120.0,0.0,120.0,2.01,2.55,0.54,2.28,0.27,2.01,2.0,2.0,0.0,2.0,0.0,2.0,2.0,4.0,2.0,3.0,1.0,2.0,10.0,10.0,0.0,10.0,0.0,10.0,0.0,0.0,0.0,0.0,0.0,0.0,14.0,16.0,2.0,15.0,1.0,14.0,0.0,0.0,0.0,0.0,0.0,0.0,2.0,4.0,2.0,3.0,1.0,2.0,0.0,0.0,0.0,0.0,0.0,0.0,0.0,0.0,0.0,0.0,0.0,0.0,2.0,4.0,2.0,3.0,1.0,2.0,23.005,25.92,2.9150000000000027,24.4625,1.4575000000000014,23.005,0.383,0.799,0.41600000000000004,0.591,0.20800000000000002,0.383,0.0,0.0,0.0,0.0,0.0,0.0,14.0,225.0,211.0,119.5,105.5,14.0
BiSbS3,300,Bi1 Sb1 S3,16.0,83.0,67.0,36.4,24.48,16.0,85.0,88.0,3.0,87.0,1.2,88.0,32.065,208.9804,176.9154,85.38708,63.98649600000001,32.065,388.36,903.78,515.42,522.6519999999999,161.15039999999996,388.36,15.0,16.0,1.0,15.6,0.4800000000000001,16.0,3.0,6.0,3.0,4.0,1.2,3.0,105.0,148.0,43.0,120.4,18.48,105.0,2.02,2.58,0.56,2.362,0.26160000000000005,2.58,2.0,2.0,0.0,2.0,0.0,2.0,3.0,4.0,1.0,3.6,0.48,4.0,0.0,10.0,10.0,4.0,4.8,0.0,0.0,14.0,14.0,2.8,4.4799999999999995,0.0,6.0,29.0,23.0,12.4,7.6800000000000015,6.0,0.0,0.0,0.0,0.0,0.0,0.0,2.0,3.0,1.0,2.4,0.48,2.0,0.0,0.0,0.0,0.0,0.0,0.0,0.0,0.0,0.0,0.0,0.0,0.0,2.0,3.0,1.0,2.4,0.48,2.0,25.786875,32.95,7.163125000000004,28.374125000000003,3.104700000000002,25.786875,0.0,2.202,2.202,1.3212,1.0569600000000001,2.202,0.0,0.0,0.0,0.0,0.0,0.0,12.0,166.0,154.0,77.6,35.36,70.0
BiSbS4,400,Bi1 Sb1 S4,16.0,83.0,67.0,33.0,22.666666666666668,16.0,85.0,88.0,3.0,87.16666666666667,1.1111111111111096,88.0,32.065,208.9804,176.9154,76.50006666666667,59.24675555555556,32.065,388.36,903.78,515.42,500.27,149.2133333333333,388.36,15.0,16.0,1.0,15.666666666666666,0.44444444444444464,16.0,3.0,6.0,3.0,3.8333333333333335,1.1111111111111112,3.0,105.0,148.0,43.0,117.83333333333333,17.11111111111111,105.0,2.02,2.58,0.56,2.3983333333333334,0.24222222222222226,2.58,2.0,2.0,0.0,2.0,0.0,2.0,3.0,4.0,1.0,3.6666666666666665,0.4444444444444445,4.0,0.0,10.0,10.0,3.3333333333333335,4.444444444444444,0.0,0.0,14.0,14.0,2.3333333333333335,3.8888888888888893,0.0,6.0,29.0,23.0,11.333333333333334,7.111111111111111,6.0,0.0,0.0,0.0,0.0,0.0,0.0,2.0,3.0,1.0,2.3333333333333335,0.4444444444444445,2.0,0.0,0.0,0.0,0.0,0.0,0.0,0.0,0.0,0.0,0.0,0.0,0.0,2.0,3.0,1.0,2.3333333333333335,0.4444444444444445,2.0,25.786875,32.95,7.163125000000004,27.942916666666665,2.874722222222223,25.786875,0.0,2.202,2.202,1.468,0.9786666666666667,2.202,0.0,0.0,0.0,0.0,0.0,0.0,12.0,166.0,154.0,76.33333333333333,29.888888888888886,70.0
BiSbS5,500,Bi1 Sb1 S5,16.0,83.0,67.0,30.571428571428573,20.816326530612248,16.0,85.0,88.0,3.0,87.28571428571429,1.0204081632653035,88.0,32.065,208.9804,176.9154,70.15220000000001,54.41028571428571,32.065,388.36,903.78,515.42,484.28285714285715,137.03265306122447,388.36,15.0,16.0,1.0,15.714285714285714,0.4081632653061228,16.0,3.0,6.0,3.0,3.7142857142857144,1.0204081632653061,3.0,105.0,148.0,43.0,116.0,15.714285714285714,105.0,2.02,2.58,0.56,2.424285714285714,0.22244897959183696,2.58,2.0,2.0,0.0,2.0,0.0,2.0,3.0,4.0,1.0,3.7142857142857144,0.4081632653061224,4.0,0.0,10.0,10.0,2.857142857142857,4.081632653061225,0.0,0.0,14.0,14.0,2.0,3.4285714285714284,0.0,6.0,29.0,23.0,10.571428571428571,6.530612244897959,6.0,0.0,0.0,0.0,0.0,0.0,0.0,2.0,3.0,1.0,2.2857142857142856,0.4081632653061224,2.0,0.0,0.0,0.0,0.0,0.0,0.0,0.0,0.0,0.0,0.0,0.0,0.0,2.0,3.0,1.0,2.2857142857142856,0.4081632653061224,2.0,25.786875,32.95,7.163125000000004,27.634910714285713,2.640051020408164,25.786875,0.0,2.202,2.202,1.5728571428571427,0.8987755102040816,2.202,0.0,0.0,0.0,0.0,0.0,0.0,12.0,166.0,154.0,75.42857142857143,25.877551020408166,70.0
BiSbS6,600,Bi1 Sb1 S6,16.0,83.0,67.0,28.75,19.125,16.0,85.0,88.0,3.0,87.375,0.9375,88.0,32.065,208.9804,176.9154,65.3913,49.989450000000005,32.065,388.36,903.78,515.42,472.29249999999996,125.89874999999996,388.36,15.0,16.0,1.0,15.75,0.375,16.0,3.0,6.0,3.0,3.625,0.9375,3.0,105.0,148.0,43.0,114.625,14.4375,105.0,2.02,2.58,0.56,2.44375,0.20437500000000003,2.58,2.0,2.0,0.0,2.0,0.0,2.0,3.0,4.0,1.0,3.75,0.375,4.0,0.0,10.0,10.0,2.5,3.75,0.0,0.0,14.0,14.0,1.75,3.0625,0.0,6.0,29.0,23.0,10.0,6.0,6.0,0.0,0.0,0.0,0.0,0.0,0.0,2.0,3.0,1.0,2.25,0.375,2.0,0.0,0.0,0.0,0.0,0.0,0.0,0.0,0.0,0.0,0.0,0.0,0.0,2.0,3.0,1.0,2.25,0.375,2.0,25.786875,32.95,7.163125000000004,27.40390625,2.4255468750000007,25.786875,0.0,2.202,2.202,1.6515,0.82575,2.202,0.0,0.0,0.0,0.0,0.0,0.0,12.0,166.0,154.0,74.75,22.8125,70.0
BiSbS7,700,Bi1 Sb1 S7,16.0,83.0,67.0,27.333333333333332,17.629629629629633,16.0,85.0,88.0,3.0,87.44444444444444,0.8641975308641984,88.0,32.065,208.9804,176.9154,61.68837777777779,46.08080987654322,32.065,388.36,903.78,515.42,462.96666666666664,116.05481481481479,388.36,15.0,16.0,1.0,15.777777777777779,0.34567901234567855,16.0,3.0,6.0,3.0,3.5555555555555554,0.8641975308641974,3.0,105.0,148.0,43.0,113.55555555555556,13.308641975308642,105.0,2.02,2.58,0.56,2.458888888888889,0.188395061728395,2.58,2.0,2.0,0.0,2.0,0.0,2.0,3.0,4.0,1.0,3.7777777777777777,0.34567901234567905,4.0,0.0,10.0,10.0,2.2222222222222223,3.4567901234567904,0.0,0.0,14.0,14.0,1.5555555555555556,2.765432098765432,0.0,6.0,29.0,23.0,9.555555555555555,5.530864197530864,6.0,0.0,0.0,0.0,0.0,0.0,0.0,2.0,3.0,1.0,2.2222222222222223,0.34567901234567905,2.0,0.0,0.0,0.0,0.0,0.0,0.0,0.0,0.0,0.0,0.0,0.0,0.0,2.0,3.0,1.0,2.2222222222222223,0.34567901234567905,2.0,25.786875,32.95,7.163125000000004,27.22423611111111,2.2358950617283964,25.786875,0.0,2.202,2.202,1.7126666666666666,0.7611851851851852,2.202,0.0,0.0,0.0,0.0,0.0,0.0,12.0,166.0,154.0,74.22222222222223,20.395061728395067,70.0
BiSbS8,800,Bi1 Sb1 S8,16.0,83.0,67.0,26.2,16.32,16.0,85.0,88.0,3.0,87.5,0.8,88.0,32.065,208.9804,176.9154,58.72604,42.657664,32.065,388.36,903.78,515.42,455.506,107.43359999999998,388.36,15.0,16.0,1.0,15.8,0.31999999999999956,16.0,3.0,6.0,3.0,3.5,0.8,3.0,105.0,148.0,43.0,112.7,12.320000000000002,105.0,2.02,2.58,0.56,2.471,0.17440000000000003,2.58,2.0,2.0,0.0,2.0,0.0,2.0,3.0,4.0,1.0,3.8,0.3200000000000001,4.0,0.0,10.0,10.0,2.0,3.2,0.0,0.0,14.0,14.0,1.4,2.52,0.0,6.0,29.0,23.0,9.2,5.119999999999999,6.0,0.0,0.0,0.0,0.0,0.0,0.0,2.0,3.0,1.0,2.2,0.3200000000000001,2.0,0.0,0.0,0.0,0.0,0.0,0.0,0.0,0.0,0.0,0.0,0.0,0.0,2.0,3.0,1.0,2.2,0.3200000000000001,2.0,25.786875,32.95,7.163125000000004,27.0805,2.0698000000000016,25.786875,0.0,2.202,2.202,1.7616,0.7046399999999999,2.202,0.0,0.0,0.0,0.0,0.0,0.0,12.0,166.0,154.0,73.8,18.439999999999998,70.0
TmAgTe2,300,Tm1 Ag1 Te2,47.0,69.0,22.0,55.0,7.0,52.0,37.0,90.0,53.0,70.5,19.5,90.0,107.8682,168.93421,61.066010000000006,133.0006025,17.96680375000001,127.6,722.66,1818.0,1095.3400000000001,1124.5625,401.90250000000003,722.66,3.0,16.0,13.0,11.5,4.5,16.0,5.0,6.0,1.0,5.25,0.375,5.0,138.0,190.0,52.0,152.75,18.625,138.0,1.25,2.1,0.8500000000000001,1.845,0.29750000000000004,2.1,1.0,2.0,1.0,1.75,0.375,2.0,0.0,4.0,4.0,2.0,2.0,4.0,0.0,10.0,10.0,7.5,3.75,10.0,0.0,13.0,13.0,3.25,4.875,0.0,11.0,16.0,5.0,14.5,1.75,16.0,0.0,1.0,1.0,0.25,0.375,0.0,0.0,2.0,2.0,1.0,1.0,2.0,0.0,0.0,0.0,0.0,0.0,0.0,0.0,1.0,1.0,0.25,0.375,0.0,1.0,2.0,1.0,1.5,0.5,2.0,16.33,34.7633333333,18.4333333333,28.90916666665,6.289583333325,34.7633333333,0.0,0.464,0.464,0.232,0.232,0.464,0.0,0.0,0.0,0.0,0.0,0.0,152.0,225.0,73.0,180.75,28.75,152.0
TmAgTe2,400,Tm1 Ag1 Te2,47.0,69.0,22.0,55.0,7.0,52.0,37.0,90.0,53.0,70.5,19.5,90.0,107.8682,168.93421,61.066010000000006,133.0006025,17.96680375000001,127.6,722.66,1818.0,1095.3400000000001,1124.5625,401.90250000000003,722.66,3.0,16.0,13.0,11.5,4.5,16.0,5.0,6.0,1.0,5.25,0.375,5.0,138.0,190.0,52.0,152.75,18.625,138.0,1.25,2.1,0.8500000000000001,1.845,0.29750000000000004,2.1,1.0,2.0,1.0,1.75,0.375,2.0,0.0,4.0,4.0,2.0,2.0,4.0,0.0,10.0,10.0,7.5,3.75,10.0,0.0,13.0,13.0,3.25,4.875,0.0,11.0,16.0,5.0,14.5,1.75,16.0,0.0,1.0,1.0,0.25,0.375,0.0,0.0,2.0,2.0,1.0,1.0,2.0,0.0,0.0,0.0,0.0,0.0,0.0,0.0,1.0,1.0,0.25,0.375,0.0,1.0,2.0,1.0,1.5,0.5,2.0,16.33,34.7633333333,18.4333333333,28.90916666665,6.289583333325,34.7633333333,0.0,0.464,0.464,0.232,0.232,0.464,0.0,0.0,0.0,0.0,0.0,0.0,152.0,225.0,73.0,180.75,28.75,152.0
TmAgTe2,500,Tm1 Ag1 Te2,47.0,69.0,22.0,55.0,7.0,52.0,37.0,90.0,53.0,70.5,19.5,90.0,107.8682,168.93421,61.066010000000006,133.0006025,17.96680375000001,127.6,722.66,1818.0,1095.3400000000001,1124.5625,401.90250000000003,722.66,3.0,16.0,13.0,11.5,4.5,16.0,5.0,6.0,1.0,5.25,0.375,5.0,138.0,190.0,52.0,152.75,18.625,138.0,1.25,2.1,0.8500000000000001,1.845,0.29750000000000004,2.1,1.0,2.0,1.0,1.75,0.375,2.0,0.0,4.0,4.0,2.0,2.0,4.0,0.0,10.0,10.0,7.5,3.75,10.0,0.0,13.0,13.0,3.25,4.875,0.0,11.0,16.0,5.0,14.5,1.75,16.0,0.0,1.0,1.0,0.25,0.375,0.0,0.0,2.0,2.0,1.0,1.0,2.0,0.0,0.0,0.0,0.0,0.0,0.0,0.0,1.0,1.0,0.25,0.375,0.0,1.0,2.0,1.0,1.5,0.5,2.0,16.33,34.7633333333,18.4333333333,28.90916666665,6.289583333325,34.7633333333,0.0,0.464,0.464,0.232,0.232,0.464,0.0,0.0,0.0,0.0,0.0,0.0,152.0,225.0,73.0,180.75,28.75,152.0
TmAgTe2,600,Tm1 Ag1 Te2,47.0,69.0,22.0,55.0,7.0,52.0,37.0,90.0,53.0,70.5,19.5,90.0,107.8682,168.93421,61.066010000000006,133.0006025,17.96680375000001,127.6,722.66,1818.0,1095.3400000000001,1124.5625,401.90250000000003,722.66,3.0,16.0,13.0,11.5,4.5,16.0,5.0,6.0,1.0,5.25,0.375,5.0,138.0,190.0,52.0,152.75,18.625,138.0,1.25,2.1,0.8500000000000001,1.845,0.29750000000000004,2.1,1.0,2.0,1.0,1.75,0.375,2.0,0.0,4.0,4.0,2.0,2.0,4.0,0.0,10.0,10.0,7.5,3.75,10.0,0.0,13.0,13.0,3.25,4.875,0.0,11.0,16.0,5.0,14.5,1.75,16.0,0.0,1.0,1.0,0.25,0.375,0.0,0.0,2.0,2.0,1.0,1.0,2.0,0.0,0.0,0.0,0.0,0.0,0.0,0.0,1.0,1.0,0.25,0.375,0.0,1.0,2.0,1.0,1.5,0.5,2.0,16.33,34.7633333333,18.4333333333,28.90916666665,6.289583333325,34.7633333333,0.0,0.464,0.464,0.232,0.232,0.464,0.0,0.0,0.0,0.0,0.0,0.0,152.0,225.0,73.0,180.75,28.75,152.0
TmAgTe2,700,Tm1 Ag1 Te2,47.0,69.0,22.0,55.0,7.0,52.0,37.0,90.0,53.0,70.5,19.5,90.0,107.8682,168.93421,61.066010000000006,133.0006025,17.96680375000001,127.6,722.66,1818.0,1095.3400000000001,1124.5625,401.90250000000003,722.66,3.0,16.0,13.0,11.5,4.5,16.0,5.0,6.0,1.0,5.25,0.375,5.0,138.0,190.0,52.0,152.75,18.625,138.0,1.25,2.1,0.8500000000000001,1.845,0.29750000000000004,2.1,1.0,2.0,1.0,1.75,0.375,2.0,0.0,4.0,4.0,2.0,2.0,4.0,0.0,10.0,10.0,7.5,3.75,10.0,0.0,13.0,13.0,3.25,4.875,0.0,11.0,16.0,5.0,14.5,1.75,16.0,0.0,1.0,1.0,0.25,0.375,0.0,0.0,2.0,2.0,1.0,1.0,2.0,0.0,0.0,0.0,0.0,0.0,0.0,0.0,1.0,1.0,0.25,0.375,0.0,1.0,2.0,1.0,1.5,0.5,2.0,16.33,34.7633333333,18.4333333333,28.90916666665,6.289583333325,34.7633333333,0.0,0.464,0.464,0.232,0.232,0.464,0.0,0.0,0.0,0.0,0.0,0.0,152.0,225.0,73.0,180.75,28.75,152.0
TmAgTe2,800,Tm1 Ag1 Te2,47.0,69.0,22.0,55.0,7.0,52.0,37.0,90.0,53.0,70.5,19.5,90.0,107.8682,168.93421,61.066010000000006,133.0006025,17.96680375000001,127.6,722.66,1818.0,1095.3400000000001,1124.5625,401.90250000000003,722.66,3.0,16.0,13.0,11.5,4.5,16.0,5.0,6.0,1.0,5.25,0.375,5.0,138.0,190.0,52.0,152.75,18.625,138.0,1.25,2.1,0.8500000000000001,1.845,0.29750000000000004,2.1,1.0,2.0,1.0,1.75,0.375,2.0,0.0,4.0,4.0,2.0,2.0,4.0,0.0,10.0,10.0,7.5,3.75,10.0,0.0,13.0,13.0,3.25,4.875,0.0,11.0,16.0,5.0,14.5,1.75,16.0,0.0,1.0,1.0,0.25,0.375,0.0,0.0,2.0,2.0,1.0,1.0,2.0,0.0,0.0,0.0,0.0,0.0,0.0,0.0,1.0,1.0,0.25,0.375,0.0,1.0,2.0,1.0,1.5,0.5,2.0,16.33,34.7633333333,18.4333333333,28.90916666665,6.289583333325,34.7633333333,0.0,0.464,0.464,0.232,0.232,0.464,0.0,0.0,0.0,0.0,0.0,0.0,152.0,225.0,73.0,180.75,28.75,152.0
TmMg0.05Ag0.95Te2,300,Tm1 Mg0.05 Ag0.95 Te2,12.0,69.0,57.0,54.5625,7.21875,52.0,37.0,90.0,53.0,70.5375,19.4625,90.0,24.305,168.93421,144.62921,131.9560625,18.489073750000003,127.6,722.66,1818.0,1095.3400000000001,1120.663375,402.94495937500005,722.66,2.0,16.0,14.0,11.3875,4.6125,16.0,3.0,6.0,3.0,5.225,0.38749999999999984,5.0,138.0,190.0,52.0,152.7,18.649999999999995,138.0,1.25,2.1,0.8500000000000001,1.83725,0.30680625,2.1,1.0,2.0,1.0,1.7625,0.3621875,2.0,0.0,4.0,4.0,2.0,2.0,4.0,0.0,10.0,10.0,7.375,3.871875,10.0,0.0,13.0,13.0,3.25,4.875,0.0,2.0,16.0,14.0,14.3875,1.9187500000000004,16.0,0.0,1.0,1.0,0.2375,0.3621875,0.0,0.0,2.0,2.0,1.0,1.0,2.0,0.0,0.0,0.0,0.0,0.0,0.0,0.0,1.0,1.0,0.25,0.375,0.0,0.0,2.0,2.0,1.4875,0.5125,2.0,16.33,34.7633333333,18.4333333333,28.99116666665,6.166583333324999,34.7633333333,0.0,0.464,0.464,0.232,0.232,0.464,0.0,0.0,0.0,0.0,0.0,0.0,152.0,225.0,73.0,180.3625,28.362499999999997,152.0
TmMg0.05Ag0.95Te2,400,Tm1 Mg0.05 Ag0.95 Te2,12.0,69.0,57.0,54.5625,7.21875,52.0,37.0,90.0,53.0,70.5375,19.4625,90.0,24.305,168.93421,144.62921,131.9560625,18.489073750000003,127.6,722.66,1818.0,1095.3400000000001,1120.663375,402.94495937500005,722.66,2.0,16.0,14.0,11.3875,4.6125,16.0,3.0,6.0,3.0,5.225,0.38749999999999984,5.0,138.0,190.0,52.0,152.7,18.649999999999995,138.0,1.25,2.1,0.8500000000000001,1.83725,0.30680625,2.1,1.0,2.0,1.0,1.7625,0.3621875,2.0,0.0,4.0,4.0,2.0,2.0,4.0,0.0,10.0,10.0,7.375,3.871875,10.0,0.0,13.0,13.0,3.25,4.875,0.0,2.0,16.0,14.0,14.3875,1.9187500000000004,16.0,0.0,1.0,1.0,0.2375,0.3621875,0.0,0.0,2.0,2.0,1.0,1.0,2.0,0.0,0.0,0.0,0.0,0.0,0.0,0.0,1.0,1.0,0.25,0.375,0.0,0.0,2.0,2.0,1.4875,0.5125,2.0,16.33,34.7633333333,18.4333333333,28.99116666665,6.166583333324999,34.7633333333,0.0,0.464,0.464,0.232,0.232,0.464,0.0,0.0,0.0,0.0,0.0,0.0,152.0,225.0,73.0,180.3625,28.362499999999997,152.0
TmMg0.05Ag0.95Te2,500,Tm1 Mg0.05 Ag0.95 Te2,12.0,69.0,57.0,54.5625,7.21875,52.0,37.0,90.0,53.0,70.5375,19.4625,90.0,24.305,168.93421,144.62921,131.9560625,18.489073750000003,127.6,722.66,1818.0,1095.3400000000001,1120.663375,402.94495937500005,722.66,2.0,16.0,14.0,11.3875,4.6125,16.0,3.0,6.0,3.0,5.225,0.38749999999999984,5.0,138.0,190.0,52.0,152.7,18.649999999999995,138.0,1.25,2.1,0.8500000000000001,1.83725,0.30680625,2.1,1.0,2.0,1.0,1.7625,0.3621875,2.0,0.0,4.0,4.0,2.0,2.0,4.0,0.0,10.0,10.0,7.375,3.871875,10.0,0.0,13.0,13.0,3.25,4.875,0.0,2.0,16.0,14.0,14.3875,1.9187500000000004,16.0,0.0,1.0,1.0,0.2375,0.3621875,0.0,0.0,2.0,2.0,1.0,1.0,2.0,0.0,0.0,0.0,0.0,0.0,0.0,0.0,1.0,1.0,0.25,0.375,0.0,0.0,2.0,2.0,1.4875,0.5125,2.0,16.33,34.7633333333,18.4333333333,28.99116666665,6.166583333324999,34.7633333333,0.0,0.464,0.464,0.232,0.232,0.464,0.0,0.0,0.0,0.0,0.0,0.0,152.0,225.0,73.0,180.3625,28.362499999999997,152.0
TmMg0.05Ag0.95Te2,600,Tm1 Mg0.05 Ag0.95 Te2,12.0,69.0,57.0,54.5625,7.21875,52.0,37.0,90.0,53.0,70.5375,19.4625,90.0,24.305,168.93421,144.62921,131.9560625,18.489073750000003,127.6,722.66,1818.0,1095.3400000000001,1120.663375,402.94495937500005,722.66,2.0,16.0,14.0,11.3875,4.6125,16.0,3.0,6.0,3.0,5.225,0.38749999999999984,5.0,138.0,190.0,52.0,152.7,18.649999999999995,138.0,1.25,2.1,0.8500000000000001,1.83725,0.30680625,2.1,1.0,2.0,1.0,1.7625,0.3621875,2.0,0.0,4.0,4.0,2.0,2.0,4.0,0.0,10.0,10.0,7.375,3.871875,10.0,0.0,13.0,13.0,3.25,4.875,0.0,2.0,16.0,14.0,14.3875,1.9187500000000004,16.0,0.0,1.0,1.0,0.2375,0.3621875,0.0,0.0,2.0,2.0,1.0,1.0,2.0,0.0,0.0,0.0,0.0,0.0,0.0,0.0,1.0,1.0,0.25,0.375,0.0,0.0,2.0,2.0,1.4875,0.5125,2.0,16.33,34.7633333333,18.4333333333,28.99116666665,6.166583333324999,34.7633333333,0.0,0.464,0.464,0.232,0.232,0.464,0.0,0.0,0.0,0.0,0.0,0.0,152.0,225.0,73.0,180.3625,28.362499999999997,152.0
TmMg0.05Ag0.95Te2,700,Tm1 Mg0.05 Ag0.95 Te2,12.0,69.0,57.0,54.5625,7.21875,52.0,37.0,90.0,53.0,70.5375,19.4625,90.0,24.305,168.93421,144.62921,131.9560625,18.489073750000003,127.6,722.66,1818.0,1095.3400000000001,1120.663375,402.94495937500005,722.66,2.0,16.0,14.0,11.3875,4.6125,16.0,3.0,6.0,3.0,5.225,0.38749999999999984,5.0,138.0,190.0,52.0,152.7,18.649999999999995,138.0,1.25,2.1,0.8500000000000001,1.83725,0.30680625,2.1,1.0,2.0,1.0,1.7625,0.3621875,2.0,0.0,4.0,4.0,2.0,2.0,4.0,0.0,10.0,10.0,7.375,3.871875,10.0,0.0,13.0,13.0,3.25,4.875,0.0,2.0,16.0,14.0,14.3875,1.9187500000000004,16.0,0.0,1.0,1.0,0.2375,0.3621875,0.0,0.0,2.0,2.0,1.0,1.0,2.0,0.0,0.0,0.0,0.0,0.0,0.0,0.0,1.0,1.0,0.25,0.375,0.0,0.0,2.0,2.0,1.4875,0.5125,2.0,16.33,34.7633333333,18.4333333333,28.99116666665,6.166583333324999,34.7633333333,0.0,0.464,0.464,0.232,0.232,0.464,0.0,0.0,0.0,0.0,0.0,0.0,152.0,225.0,73.0,180.3625,28.362499999999997,152.0
TmMg0.05Ag0.95Te2,800,Tm1 Mg0.05 Ag0.95 Te2,12.0,69.0,57.0,54.5625,7.21875,52.0,37.0,90.0,53.0,70.5375,19.4625,90.0,24.305,168.93421,144.62921,131.9560625,18.489073750000003,127.6,722.66,1818.0,1095.3400000000001,1120.663375,402.94495937500005,722.66,2.0,16.0,14.0,11.3875,4.6125,16.0,3.0,6.0,3.0,5.225,0.38749999999999984,5.0,138.0,190.0,52.0,152.7,18.649999999999995,138.0,1.25,2.1,0.8500000000000001,1.83725,0.30680625,2.1,1.0,2.0,1.0,1.7625,0.3621875,2.0,0.0,4.0,4.0,2.0,2.0,4.0,0.0,10.0,10.0,7.375,3.871875,10.0,0.0,13.0,13.0,3.25,4.875,0.0,2.0,16.0,14.0,14.3875,1.9187500000000004,16.0,0.0,1.0,1.0,0.2375,0.3621875,0.0,0.0,2.0,2.0,1.0,1.0,2.0,0.0,0.0,0.0,0.0,0.0,0.0,0.0,1.0,1.0,0.25,0.375,0.0,0.0,2.0,2.0,1.4875,0.5125,2.0,16.33,34.7633333333,18.4333333333,28.99116666665,6.166583333324999,34.7633333333,0.0,0.464,0.464,0.232,0.232,0.464,0.0,0.0,0.0,0.0,0.0,0.0,152.0,225.0,73.0,180.3625,28.362499999999997,152.0
TmZn0.05Ag0.95Te2,300,Tm1 Zn0.05 Ag0.95 Te2,30.0,69.0,39.0,54.7875,7.106250000000001,52.0,37.0,90.0,53.0,70.55,19.45,90.0,65.38,168.93421,103.55421000000001,132.46949999999998,18.232354999999995,127.6,692.68,1818.0,1125.3200000000002,1117.784375,405.751984375,722.66,3.0,16.0,13.0,11.5125,4.4996875,16.0,4.0,6.0,2.0,5.2375,0.3812499999999999,5.0,122.0,190.0,68.0,152.4625,18.768750000000004,138.0,1.25,2.1,0.8500000000000001,1.8415,0.30053750000000007,2.1,1.0,2.0,1.0,1.7625,0.3621875,2.0,0.0,4.0,4.0,2.0,2.0,4.0,0.0,10.0,10.0,7.5,3.75,10.0,0.0,13.0,13.0,3.25,4.875,0.0,11.0,16.0,5.0,14.5125,1.7312500000000002,16.0,0.0,1.0,1.0,0.2375,0.3621875,0.0,0.0,2.0,2.0,1.0,1.0,2.0,0.0,0.0,0.0,0.0,0.0,0.0,0.0,1.0,1.0,0.25,0.375,0.0,0.0,2.0,2.0,1.4875,0.5125,2.0,13.96,34.7633333333,20.803333333299996,28.87954166665,6.334020833324999,34.7633333333,0.0,0.464,0.464,0.232,0.232,0.464,0.0,0.0,0.0,0.0,0.0,0.0,152.0,225.0,73.0,180.3625,28.362499999999997,152.0
TmZn0.05Ag0.95Te2,400,Tm1 Zn0.05 Ag0.95 Te2,30.0,69.0,39.0,54.7875,7.106250000000001,52.0,37.0,90.0,53.0,70.55,19.45,90.0,65.38,168.93421,103.55421000000001,132.46949999999998,18.232354999999995,127.6,692.68,1818.0,1125.3200000000002,1117.784375,405.751984375,722.66,3.0,16.0,13.0,11.5125,4.4996875,16.0,4.0,6.0,2.0,5.2375,0.3812499999999999,5.0,122.0,190.0,68.0,152.4625,18.768750000000004,138.0,1.25,2.1,0.8500000000000001,1.8415,0.30053750000000007,2.1,1.0,2.0,1.0,1.7625,0.3621875,2.0,0.0,4.0,4.0,2.0,2.0,4.0,0.0,10.0,10.0,7.5,3.75,10.0,0.0,13.0,13.0,3.25,4.875,0.0,11.0,16.0,5.0,14.5125,1.7312500000000002,16.0,0.0,1.0,1.0,0.2375,0.3621875,0.0,0.0,2.0,2.0,1.0,1.0,2.0,0.0,0.0,0.0,0.0,0.0,0.0,0.0,1.0,1.0,0.25,0.375,0.0,0.0,2.0,2.0,1.4875,0.5125,2.0,13.96,34.7633333333,20.803333333299996,28.87954166665,6.334020833324999,34.7633333333,0.0,0.464,0.464,0.232,0.232,0.464,0.0,0.0,0.0,0.0,0.0,0.0,152.0,225.0,73.0,180.3625,28.362499999999997,152.0
TmZn0.05Ag0.95Te2,500,Tm1 Zn0.05 Ag0.95 Te2,30.0,69.0,39.0,54.7875,7.106250000000001,52.0,37.0,90.0,53.0,70.55,19.45,90.0,65.38,168.93421,103.55421000000001,132.46949999999998,18.232354999999995,127.6,692.68,1818.0,1125.3200000000002,1117.784375,405.751984375,722.66,3.0,16.0,13.0,11.5125,4.4996875,16.0,4.0,6.0,2.0,5.2375,0.3812499999999999,5.0,122.0,190.0,68.0,152.4625,18.768750000000004,138.0,1.25,2.1,0.8500000000000001,1.8415,0.30053750000000007,2.1,1.0,2.0,1.0,1.7625,0.3621875,2.0,0.0,4.0,4.0,2.0,2.0,4.0,0.0,10.0,10.0,7.5,3.75,10.0,0.0,13.0,13.0,3.25,4.875,0.0,11.0,16.0,5.0,14.5125,1.7312500000000002,16.0,0.0,1.0,1.0,0.2375,0.3621875,0.0,0.0,2.0,2.0,1.0,1.0,2.0,0.0,0.0,0.0,0.0,0.0,0.0,0.0,1.0,1.0,0.25,0.375,0.0,0.0,2.0,2.0,1.4875,0.5125,2.0,13.96,34.7633333333,20.803333333299996,28.87954166665,6.334020833324999,34.7633333333,0.0,0.464,0.464,0.232,0.232,0.464,0.0,0.0,0.0,0.0,0.0,0.0,152.0,225.0,73.0,180.3625,28.362499999999997,152.0
TmZn0.05Ag0.95Te2,600,Tm1 Zn0.05 Ag0.95 Te2,30.0,69.0,39.0,54.7875,7.106250000000001,52.0,37.0,90.0,53.0,70.55,19.45,90.0,65.38,168.93421,103.55421000000001,132.46949999999998,18.232354999999995,127.6,692.68,1818.0,1125.3200000000002,1117.784375,405.751984375,722.66,3.0,16.0,13.0,11.5125,4.4996875,16.0,4.0,6.0,2.0,5.2375,0.3812499999999999,5.0,122.0,190.0,68.0,152.4625,18.768750000000004,138.0,1.25,2.1,0.8500000000000001,1.8415,0.30053750000000007,2.1,1.0,2.0,1.0,1.7625,0.3621875,2.0,0.0,4.0,4.0,2.0,2.0,4.0,0.0,10.0,10.0,7.5,3.75,10.0,0.0,13.0,13.0,3.25,4.875,0.0,11.0,16.0,5.0,14.5125,1.7312500000000002,16.0,0.0,1.0,1.0,0.2375,0.3621875,0.0,0.0,2.0,2.0,1.0,1.0,2.0,0.0,0.0,0.0,0.0,0.0,0.0,0.0,1.0,1.0,0.25,0.375,0.0,0.0,2.0,2.0,1.4875,0.5125,2.0,13.96,34.7633333333,20.803333333299996,28.87954166665,6.334020833324999,34.7633333333,0.0,0.464,0.464,0.232,0.232,0.464,0.0,0.0,0.0,0.0,0.0,0.0,152.0,225.0,73.0,180.3625,28.362499999999997,152.0
TmZn0.05Ag0.95Te2,700,Tm1 Zn0.05 Ag0.95 Te2,30.0,69.0,39.0,54.7875,7.106250000000001,52.0,37.0,90.0,53.0,70.55,19.45,90.0,65.38,168.93421,103.55421000000001,132.46949999999998,18.232354999999995,127.6,692.68,1818.0,1125.3200000000002,1117.784375,405.751984375,722.66,3.0,16.0,13.0,11.5125,4.4996875,16.0,4.0,6.0,2.0,5.2375,0.3812499999999999,5.0,122.0,190.0,68.0,152.4625,18.768750000000004,138.0,1.25,2.1,0.8500000000000001,1.8415,0.30053750000000007,2.1,1.0,2.0,1.0,1.7625,0.3621875,2.0,0.0,4.0,4.0,2.0,2.0,4.0,0.0,10.0,10.0,7.5,3.75,10.0,0.0,13.0,13.0,3.25,4.875,0.0,11.0,16.0,5.0,14.5125,1.7312500000000002,16.0,0.0,1.0,1.0,0.2375,0.3621875,0.0,0.0,2.0,2.0,1.0,1.0,2.0,0.0,0.0,0.0,0.0,0.0,0.0,0.0,1.0,1.0,0.25,0.375,0.0,0.0,2.0,2.0,1.4875,0.5125,2.0,13.96,34.7633333333,20.803333333299996,28.87954166665,6.334020833324999,34.7633333333,0.0,0.464,0.464,0.232,0.232,0.464,0.0,0.0,0.0,0.0,0.0,0.0,152.0,225.0,73.0,180.3625,28.362499999999997,152.0
TmZn0.05Ag0.95Te2,800,Tm1 Zn0.05 Ag0.95 Te2,30.0,69.0,39.0,54.7875,7.106250000000001,52.0,37.0,90.0,53.0,70.55,19.45,90.0,65.38,168.93421,103.55421000000001,132.46949999999998,18.232354999999995,127.6,692.68,1818.0,1125.3200000000002,1117.784375,405.751984375,722.66,3.0,16.0,13.0,11.5125,4.4996875,16.0,4.0,6.0,2.0,5.2375,0.3812499999999999,5.0,122.0,190.0,68.0,152.4625,18.768750000000004,138.0,1.25,2.1,0.8500000000000001,1.8415,0.30053750000000007,2.1,1.0,2.0,1.0,1.7625,0.3621875,2.0,0.0,4.0,4.0,2.0,2.0,4.0,0.0,10.0,10.0,7.5,3.75,10.0,0.0,13.0,13.0,3.25,4.875,0.0,11.0,16.0,5.0,14.5125,1.7312500000000002,16.0,0.0,1.0,1.0,0.2375,0.3621875,0.0,0.0,2.0,2.0,1.0,1.0,2.0,0.0,0.0,0.0,0.0,0.0,0.0,0.0,1.0,1.0,0.25,0.375,0.0,0.0,2.0,2.0,1.4875,0.5125,2.0,13.96,34.7633333333,20.803333333299996,28.87954166665,6.334020833324999,34.7633333333,0.0,0.464,0.464,0.232,0.232,0.464,0.0,0.0,0.0,0.0,0.0,0.0,152.0,225.0,73.0,180.3625,28.362499999999997,152.0
PtZrSn,300,Pt1 Zr1 Sn1,40.0,78.0,38.0,56.0,14.666666666666666,40.0,44.0,80.0,36.0,62.333333333333336,12.222222222222221,44.0,91.224,195.084,103.86,135.006,40.052,91.224,505.08,2128.0,1622.92,1558.1599999999999,702.0533333333334,505.08,4.0,14.0,10.0,9.333333333333334,3.5555555555555554,4.0,5.0,6.0,1.0,5.333333333333333,0.44444444444444436,5.0,136.0,175.0,39.0,150.0,16.666666666666668,136.0,1.33,2.28,0.9499999999999997,1.8566666666666667,0.351111111111111,1.33,1.0,2.0,1.0,1.6666666666666667,0.4444444444444444,1.0,0.0,2.0,2.0,0.6666666666666666,0.888888888888889,0.0,2.0,10.0,8.0,7.0,3.3333333333333335,2.0,0.0,14.0,14.0,4.666666666666667,6.222222222222222,0.0,4.0,24.0,20.0,14.0,6.666666666666667,4.0,0.0,1.0,1.0,0.3333333333333333,0.4444444444444444,0.0,0.0,4.0,4.0,1.3333333333333333,1.777777777777778,0.0,0.0,8.0,8.0,3.0,3.3333333333333335,0.0,0.0,0.0,0.0,0.0,0.0,0.0,2.0,8.0,6.0,4.666666666666667,2.2222222222222223,2.0,15.02,33.285,18.264999999999997,23.833333333333332,6.301111111111109,15.02,0.0,0.0,0.0,0.0,0.0,0.0,0.0,0.0,0.0,0.0,0.0,0.0,141.0,225.0,84.0,186.66666666666666,30.444444444444446,141.0
PtZrSn,400,Pt1 Zr1 Sn1,40.0,78.0,38.0,56.0,14.666666666666666,40.0,44.0,80.0,36.0,62.333333333333336,12.222222222222221,44.0,91.224,195.084,103.86,135.006,40.052,91.224,505.08,2128.0,1622.92,1558.1599999999999,702.0533333333334,505.08,4.0,14.0,10.0,9.333333333333334,3.5555555555555554,4.0,5.0,6.0,1.0,5.333333333333333,0.44444444444444436,5.0,136.0,175.0,39.0,150.0,16.666666666666668,136.0,1.33,2.28,0.9499999999999997,1.8566666666666667,0.351111111111111,1.33,1.0,2.0,1.0,1.6666666666666667,0.4444444444444444,1.0,0.0,2.0,2.0,0.6666666666666666,0.888888888888889,0.0,2.0,10.0,8.0,7.0,3.3333333333333335,2.0,0.0,14.0,14.0,4.666666666666667,6.222222222222222,0.0,4.0,24.0,20.0,14.0,6.666666666666667,4.0,0.0,1.0,1.0,0.3333333333333333,0.4444444444444444,0.0,0.0,4.0,4.0,1.3333333333333333,1.777777777777778,0.0,0.0,8.0,8.0,3.0,3.3333333333333335,0.0,0.0,0.0,0.0,0.0,0.0,0.0,2.0,8.0,6.0,4.666666666666667,2.2222222222222223,2.0,15.02,33.285,18.264999999999997,23.833333333333332,6.301111111111109,15.02,0.0,0.0,0.0,0.0,0.0,0.0,0.0,0.0,0.0,0.0,0.0,0.0,141.0,225.0,84.0,186.66666666666666,30.444444444444446,141.0
PtZrSn,500,Pt1 Zr1 Sn1,40.0,78.0,38.0,56.0,14.666666666666666,40.0,44.0,80.0,36.0,62.333333333333336,12.222222222222221,44.0,91.224,195.084,103.86,135.006,40.052,91.224,505.08,2128.0,1622.92,1558.1599999999999,702.0533333333334,505.08,4.0,14.0,10.0,9.333333333333334,3.5555555555555554,4.0,5.0,6.0,1.0,5.333333333333333,0.44444444444444436,5.0,136.0,175.0,39.0,150.0,16.666666666666668,136.0,1.33,2.28,0.9499999999999997,1.8566666666666667,0.351111111111111,1.33,1.0,2.0,1.0,1.6666666666666667,0.4444444444444444,1.0,0.0,2.0,2.0,0.6666666666666666,0.888888888888889,0.0,2.0,10.0,8.0,7.0,3.3333333333333335,2.0,0.0,14.0,14.0,4.666666666666667,6.222222222222222,0.0,4.0,24.0,20.0,14.0,6.666666666666667,4.0,0.0,1.0,1.0,0.3333333333333333,0.4444444444444444,0.0,0.0,4.0,4.0,1.3333333333333333,1.777777777777778,0.0,0.0,8.0,8.0,3.0,3.3333333333333335,0.0,0.0,0.0,0.0,0.0,0.0,0.0,2.0,8.0,6.0,4.666666666666667,2.2222222222222223,2.0,15.02,33.285,18.264999999999997,23.833333333333332,6.301111111111109,15.02,0.0,0.0,0.0,0.0,0.0,0.0,0.0,0.0,0.0,0.0,0.0,0.0,141.0,225.0,84.0,186.66666666666666,30.444444444444446,141.0
PtZrSn,600,Pt1 Zr1 Sn1,40.0,78.0,38.0,56.0,14.666666666666666,40.0,44.0,80.0,36.0,62.333333333333336,12.222222222222221,44.0,91.224,195.084,103.86,135.006,40.052,91.224,505.08,2128.0,1622.92,1558.1599999999999,702.0533333333334,505.08,4.0,14.0,10.0,9.333333333333334,3.5555555555555554,4.0,5.0,6.0,1.0,5.333333333333333,0.44444444444444436,5.0,136.0,175.0,39.0,150.0,16.666666666666668,136.0,1.33,2.28,0.9499999999999997,1.8566666666666667,0.351111111111111,1.33,1.0,2.0,1.0,1.6666666666666667,0.4444444444444444,1.0,0.0,2.0,2.0,0.6666666666666666,0.888888888888889,0.0,2.0,10.0,8.0,7.0,3.3333333333333335,2.0,0.0,14.0,14.0,4.666666666666667,6.222222222222222,0.0,4.0,24.0,20.0,14.0,6.666666666666667,4.0,0.0,1.0,1.0,0.3333333333333333,0.4444444444444444,0.0,0.0,4.0,4.0,1.3333333333333333,1.777777777777778,0.0,0.0,8.0,8.0,3.0,3.3333333333333335,0.0,0.0,0.0,0.0,0.0,0.0,0.0,2.0,8.0,6.0,4.666666666666667,2.2222222222222223,2.0,15.02,33.285,18.264999999999997,23.833333333333332,6.301111111111109,15.02,0.0,0.0,0.0,0.0,0.0,0.0,0.0,0.0,0.0,0.0,0.0,0.0,141.0,225.0,84.0,186.66666666666666,30.444444444444446,141.0
PtZrSn,700,Pt1 Zr1 Sn1,40.0,78.0,38.0,56.0,14.666666666666666,40.0,44.0,80.0,36.0,62.333333333333336,12.222222222222221,44.0,91.224,195.084,103.86,135.006,40.052,91.224,505.08,2128.0,1622.92,1558.1599999999999,702.0533333333334,505.08,4.0,14.0,10.0,9.333333333333334,3.5555555555555554,4.0,5.0,6.0,1.0,5.333333333333333,0.44444444444444436,5.0,136.0,175.0,39.0,150.0,16.666666666666668,136.0,1.33,2.28,0.9499999999999997,1.8566666666666667,0.351111111111111,1.33,1.0,2.0,1.0,1.6666666666666667,0.4444444444444444,1.0,0.0,2.0,2.0,0.6666666666666666,0.888888888888889,0.0,2.0,10.0,8.0,7.0,3.3333333333333335,2.0,0.0,14.0,14.0,4.666666666666667,6.222222222222222,0.0,4.0,24.0,20.0,14.0,6.666666666666667,4.0,0.0,1.0,1.0,0.3333333333333333,0.4444444444444444,0.0,0.0,4.0,4.0,1.3333333333333333,1.777777777777778,0.0,0.0,8.0,8.0,3.0,3.3333333333333335,0.0,0.0,0.0,0.0,0.0,0.0,0.0,2.0,8.0,6.0,4.666666666666667,2.2222222222222223,2.0,15.02,33.285,18.264999999999997,23.833333333333332,6.301111111111109,15.02,0.0,0.0,0.0,0.0,0.0,0.0,0.0,0.0,0.0,0.0,0.0,0.0,141.0,225.0,84.0,186.66666666666666,30.444444444444446,141.0
PtZrSn,800,Pt1 Zr1 Sn1,40.0,78.0,38.0,56.0,14.666666666666666,40.0,44.0,80.0,36.0,62.333333333333336,12.222222222222221,44.0,91.224,195.084,103.86,135.006,40.052,91.224,505.08,2128.0,1622.92,1558.1599999999999,702.0533333333334,505.08,4.0,14.0,10.0,9.333333333333334,3.5555555555555554,4.0,5.0,6.0,1.0,5.333333333333333,0.44444444444444436,5.0,136.0,175.0,39.0,150.0,16.666666666666668,136.0,1.33,2.28,0.9499999999999997,1.8566666666666667,0.351111111111111,1.33,1.0,2.0,1.0,1.6666666666666667,0.4444444444444444,1.0,0.0,2.0,2.0,0.6666666666666666,0.888888888888889,0.0,2.0,10.0,8.0,7.0,3.3333333333333335,2.0,0.0,14.0,14.0,4.666666666666667,6.222222222222222,0.0,4.0,24.0,20.0,14.0,6.666666666666667,4.0,0.0,1.0,1.0,0.3333333333333333,0.4444444444444444,0.0,0.0,4.0,4.0,1.3333333333333333,1.777777777777778,0.0,0.0,8.0,8.0,3.0,3.3333333333333335,0.0,0.0,0.0,0.0,0.0,0.0,0.0,2.0,8.0,6.0,4.666666666666667,2.2222222222222223,2.0,15.02,33.285,18.264999999999997,23.833333333333332,6.301111111111109,15.02,0.0,0.0,0.0,0.0,0.0,0.0,0.0,0.0,0.0,0.0,0.0,0.0,141.0,225.0,84.0,186.66666666666666,30.444444444444446,141.0
CuGaTe2,300,Cu1 Ga1 Te2,29.0,52.0,23.0,41.0,11.0,52.0,64.0,90.0,26.0,79.5,10.5,90.0,63.546,127.6,64.054,97.11725,30.482749999999996,127.6,302.91,1357.77,1054.86,776.5,290.635,722.66,11.0,16.0,5.0,14.0,2.0,16.0,4.0,5.0,1.0,4.5,0.5,5.0,122.0,138.0,16.0,132.5,5.5,138.0,1.81,2.1,0.29000000000000004,1.9775,0.12250000000000005,2.1,1.0,2.0,1.0,1.75,0.375,2.0,0.0,4.0,4.0,2.25,1.75,4.0,10.0,10.0,0.0,10.0,0.0,10.0,0.0,0.0,0.0,0.0,0.0,0.0,11.0,16.0,5.0,14.0,2.0,16.0,0.0,1.0,1.0,0.25,0.375,0.0,0.0,5.0,5.0,2.25,1.375,2.0,0.0,0.0,0.0,0.0,0.0,0.0,0.0,0.0,0.0,0.0,0.0,0.0,1.0,5.0,4.0,2.5,1.25,2.0,11.07,34.7633333333,23.693333333299996,24.86354166665,9.899791666649998,34.7633333333,0.0,0.464,0.464,0.232,0.232,0.464,0.0,0.0,0.0,0.0,0.0,0.0,64.0,225.0,161.0,148.25,42.125,152.0
CuGaTe2,350,Cu1 Ga1 Te2,29.0,52.0,23.0,41.0,11.0,52.0,64.0,90.0,26.0,79.5,10.5,90.0,63.546,127.6,64.054,97.11725,30.482749999999996,127.6,302.91,1357.77,1054.86,776.5,290.635,722.66,11.0,16.0,5.0,14.0,2.0,16.0,4.0,5.0,1.0,4.5,0.5,5.0,122.0,138.0,16.0,132.5,5.5,138.0,1.81,2.1,0.29000000000000004,1.9775,0.12250000000000005,2.1,1.0,2.0,1.0,1.75,0.375,2.0,0.0,4.0,4.0,2.25,1.75,4.0,10.0,10.0,0.0,10.0,0.0,10.0,0.0,0.0,0.0,0.0,0.0,0.0,11.0,16.0,5.0,14.0,2.0,16.0,0.0,1.0,1.0,0.25,0.375,0.0,0.0,5.0,5.0,2.25,1.375,2.0,0.0,0.0,0.0,0.0,0.0,0.0,0.0,0.0,0.0,0.0,0.0,0.0,1.0,5.0,4.0,2.5,1.25,2.0,11.07,34.7633333333,23.693333333299996,24.86354166665,9.899791666649998,34.7633333333,0.0,0.464,0.464,0.232,0.232,0.464,0.0,0.0,0.0,0.0,0.0,0.0,64.0,225.0,161.0,148.25,42.125,152.0
CuGaTe2,400,Cu1 Ga1 Te2,29.0,52.0,23.0,41.0,11.0,52.0,64.0,90.0,26.0,79.5,10.5,90.0,63.546,127.6,64.054,97.11725,30.482749999999996,127.6,302.91,1357.77,1054.86,776.5,290.635,722.66,11.0,16.0,5.0,14.0,2.0,16.0,4.0,5.0,1.0,4.5,0.5,5.0,122.0,138.0,16.0,132.5,5.5,138.0,1.81,2.1,0.29000000000000004,1.9775,0.12250000000000005,2.1,1.0,2.0,1.0,1.75,0.375,2.0,0.0,4.0,4.0,2.25,1.75,4.0,10.0,10.0,0.0,10.0,0.0,10.0,0.0,0.0,0.0,0.0,0.0,0.0,11.0,16.0,5.0,14.0,2.0,16.0,0.0,1.0,1.0,0.25,0.375,0.0,0.0,5.0,5.0,2.25,1.375,2.0,0.0,0.0,0.0,0.0,0.0,0.0,0.0,0.0,0.0,0.0,0.0,0.0,1.0,5.0,4.0,2.5,1.25,2.0,11.07,34.7633333333,23.693333333299996,24.86354166665,9.899791666649998,34.7633333333,0.0,0.464,0.464,0.232,0.232,0.464,0.0,0.0,0.0,0.0,0.0,0.0,64.0,225.0,161.0,148.25,42.125,152.0
CuGaTe2,450,Cu1 Ga1 Te2,29.0,52.0,23.0,41.0,11.0,52.0,64.0,90.0,26.0,79.5,10.5,90.0,63.546,127.6,64.054,97.11725,30.482749999999996,127.6,302.91,1357.77,1054.86,776.5,290.635,722.66,11.0,16.0,5.0,14.0,2.0,16.0,4.0,5.0,1.0,4.5,0.5,5.0,122.0,138.0,16.0,132.5,5.5,138.0,1.81,2.1,0.29000000000000004,1.9775,0.12250000000000005,2.1,1.0,2.0,1.0,1.75,0.375,2.0,0.0,4.0,4.0,2.25,1.75,4.0,10.0,10.0,0.0,10.0,0.0,10.0,0.0,0.0,0.0,0.0,0.0,0.0,11.0,16.0,5.0,14.0,2.0,16.0,0.0,1.0,1.0,0.25,0.375,0.0,0.0,5.0,5.0,2.25,1.375,2.0,0.0,0.0,0.0,0.0,0.0,0.0,0.0,0.0,0.0,0.0,0.0,0.0,1.0,5.0,4.0,2.5,1.25,2.0,11.07,34.7633333333,23.693333333299996,24.86354166665,9.899791666649998,34.7633333333,0.0,0.464,0.464,0.232,0.232,0.464,0.0,0.0,0.0,0.0,0.0,0.0,64.0,225.0,161.0,148.25,42.125,152.0
CuGaTe2,500,Cu1 Ga1 Te2,29.0,52.0,23.0,41.0,11.0,52.0,64.0,90.0,26.0,79.5,10.5,90.0,63.546,127.6,64.054,97.11725,30.482749999999996,127.6,302.91,1357.77,1054.86,776.5,290.635,722.66,11.0,16.0,5.0,14.0,2.0,16.0,4.0,5.0,1.0,4.5,0.5,5.0,122.0,138.0,16.0,132.5,5.5,138.0,1.81,2.1,0.29000000000000004,1.9775,0.12250000000000005,2.1,1.0,2.0,1.0,1.75,0.375,2.0,0.0,4.0,4.0,2.25,1.75,4.0,10.0,10.0,0.0,10.0,0.0,10.0,0.0,0.0,0.0,0.0,0.0,0.0,11.0,16.0,5.0,14.0,2.0,16.0,0.0,1.0,1.0,0.25,0.375,0.0,0.0,5.0,5.0,2.25,1.375,2.0,0.0,0.0,0.0,0.0,0.0,0.0,0.0,0.0,0.0,0.0,0.0,0.0,1.0,5.0,4.0,2.5,1.25,2.0,11.07,34.7633333333,23.693333333299996,24.86354166665,9.899791666649998,34.7633333333,0.0,0.464,0.464,0.232,0.232,0.464,0.0,0.0,0.0,0.0,0.0,0.0,64.0,225.0,161.0,148.25,42.125,152.0
CuGaTe2,550,Cu1 Ga1 Te2,29.0,52.0,23.0,41.0,11.0,52.0,64.0,90.0,26.0,79.5,10.5,90.0,63.546,127.6,64.054,97.11725,30.482749999999996,127.6,302.91,1357.77,1054.86,776.5,290.635,722.66,11.0,16.0,5.0,14.0,2.0,16.0,4.0,5.0,1.0,4.5,0.5,5.0,122.0,138.0,16.0,132.5,5.5,138.0,1.81,2.1,0.29000000000000004,1.9775,0.12250000000000005,2.1,1.0,2.0,1.0,1.75,0.375,2.0,0.0,4.0,4.0,2.25,1.75,4.0,10.0,10.0,0.0,10.0,0.0,10.0,0.0,0.0,0.0,0.0,0.0,0.0,11.0,16.0,5.0,14.0,2.0,16.0,0.0,1.0,1.0,0.25,0.375,0.0,0.0,5.0,5.0,2.25,1.375,2.0,0.0,0.0,0.0,0.0,0.0,0.0,0.0,0.0,0.0,0.0,0.0,0.0,1.0,5.0,4.0,2.5,1.25,2.0,11.07,34.7633333333,23.693333333299996,24.86354166665,9.899791666649998,34.7633333333,0.0,0.464,0.464,0.232,0.232,0.464,0.0,0.0,0.0,0.0,0.0,0.0,64.0,225.0,161.0,148.25,42.125,152.0
CuGaTe2,600,Cu1 Ga1 Te2,29.0,52.0,23.0,41.0,11.0,52.0,64.0,90.0,26.0,79.5,10.5,90.0,63.546,127.6,64.054,97.11725,30.482749999999996,127.6,302.91,1357.77,1054.86,776.5,290.635,722.66,11.0,16.0,5.0,14.0,2.0,16.0,4.0,5.0,1.0,4.5,0.5,5.0,122.0,138.0,16.0,132.5,5.5,138.0,1.81,2.1,0.29000000000000004,1.9775,0.12250000000000005,2.1,1.0,2.0,1.0,1.75,0.375,2.0,0.0,4.0,4.0,2.25,1.75,4.0,10.0,10.0,0.0,10.0,0.0,10.0,0.0,0.0,0.0,0.0,0.0,0.0,11.0,16.0,5.0,14.0,2.0,16.0,0.0,1.0,1.0,0.25,0.375,0.0,0.0,5.0,5.0,2.25,1.375,2.0,0.0,0.0,0.0,0.0,0.0,0.0,0.0,0.0,0.0,0.0,0.0,0.0,1.0,5.0,4.0,2.5,1.25,2.0,11.07,34.7633333333,23.693333333299996,24.86354166665,9.899791666649998,34.7633333333,0.0,0.464,0.464,0.232,0.232,0.464,0.0,0.0,0.0,0.0,0.0,0.0,64.0,225.0,161.0,148.25,42.125,152.0
CuGaTe2,650,Cu1 Ga1 Te2,29.0,52.0,23.0,41.0,11.0,52.0,64.0,90.0,26.0,79.5,10.5,90.0,63.546,127.6,64.054,97.11725,30.482749999999996,127.6,302.91,1357.77,1054.86,776.5,290.635,722.66,11.0,16.0,5.0,14.0,2.0,16.0,4.0,5.0,1.0,4.5,0.5,5.0,122.0,138.0,16.0,132.5,5.5,138.0,1.81,2.1,0.29000000000000004,1.9775,0.12250000000000005,2.1,1.0,2.0,1.0,1.75,0.375,2.0,0.0,4.0,4.0,2.25,1.75,4.0,10.0,10.0,0.0,10.0,0.0,10.0,0.0,0.0,0.0,0.0,0.0,0.0,11.0,16.0,5.0,14.0,2.0,16.0,0.0,1.0,1.0,0.25,0.375,0.0,0.0,5.0,5.0,2.25,1.375,2.0,0.0,0.0,0.0,0.0,0.0,0.0,0.0,0.0,0.0,0.0,0.0,0.0,1.0,5.0,4.0,2.5,1.25,2.0,11.07,34.7633333333,23.693333333299996,24.86354166665,9.899791666649998,34.7633333333,0.0,0.464,0.464,0.232,0.232,0.464,0.0,0.0,0.0,0.0,0.0,0.0,64.0,225.0,161.0,148.25,42.125,152.0
CuGaTe2,700,Cu1 Ga1 Te2,29.0,52.0,23.0,41.0,11.0,52.0,64.0,90.0,26.0,79.5,10.5,90.0,63.546,127.6,64.054,97.11725,30.482749999999996,127.6,302.91,1357.77,1054.86,776.5,290.635,722.66,11.0,16.0,5.0,14.0,2.0,16.0,4.0,5.0,1.0,4.5,0.5,5.0,122.0,138.0,16.0,132.5,5.5,138.0,1.81,2.1,0.29000000000000004,1.9775,0.12250000000000005,2.1,1.0,2.0,1.0,1.75,0.375,2.0,0.0,4.0,4.0,2.25,1.75,4.0,10.0,10.0,0.0,10.0,0.0,10.0,0.0,0.0,0.0,0.0,0.0,0.0,11.0,16.0,5.0,14.0,2.0,16.0,0.0,1.0,1.0,0.25,0.375,0.0,0.0,5.0,5.0,2.25,1.375,2.0,0.0,0.0,0.0,0.0,0.0,0.0,0.0,0.0,0.0,0.0,0.0,0.0,1.0,5.0,4.0,2.5,1.25,2.0,11.07,34.7633333333,23.693333333299996,24.86354166665,9.899791666649998,34.7633333333,0.0,0.464,0.464,0.232,0.232,0.464,0.0,0.0,0.0,0.0,0.0,0.0,64.0,225.0,161.0,148.25,42.125,152.0
CuGaTe2,750,Cu1 Ga1 Te2,29.0,52.0,23.0,41.0,11.0,52.0,64.0,90.0,26.0,79.5,10.5,90.0,63.546,127.6,64.054,97.11725,30.482749999999996,127.6,302.91,1357.77,1054.86,776.5,290.635,722.66,11.0,16.0,5.0,14.0,2.0,16.0,4.0,5.0,1.0,4.5,0.5,5.0,122.0,138.0,16.0,132.5,5.5,138.0,1.81,2.1,0.29000000000000004,1.9775,0.12250000000000005,2.1,1.0,2.0,1.0,1.75,0.375,2.0,0.0,4.0,4.0,2.25,1.75,4.0,10.0,10.0,0.0,10.0,0.0,10.0,0.0,0.0,0.0,0.0,0.0,0.0,11.0,16.0,5.0,14.0,2.0,16.0,0.0,1.0,1.0,0.25,0.375,0.0,0.0,5.0,5.0,2.25,1.375,2.0,0.0,0.0,0.0,0.0,0.0,0.0,0.0,0.0,0.0,0.0,0.0,0.0,1.0,5.0,4.0,2.5,1.25,2.0,11.07,34.7633333333,23.693333333299996,24.86354166665,9.899791666649998,34.7633333333,0.0,0.464,0.464,0.232,0.232,0.464,0.0,0.0,0.0,0.0,0.0,0.0,64.0,225.0,161.0,148.25,42.125,152.0
CuGaTe2,800,Cu1 Ga1 Te2,29.0,52.0,23.0,41.0,11.0,52.0,64.0,90.0,26.0,79.5,10.5,90.0,63.546,127.6,64.054,97.11725,30.482749999999996,127.6,302.91,1357.77,1054.86,776.5,290.635,722.66,11.0,16.0,5.0,14.0,2.0,16.0,4.0,5.0,1.0,4.5,0.5,5.0,122.0,138.0,16.0,132.5,5.5,138.0,1.81,2.1,0.29000000000000004,1.9775,0.12250000000000005,2.1,1.0,2.0,1.0,1.75,0.375,2.0,0.0,4.0,4.0,2.25,1.75,4.0,10.0,10.0,0.0,10.0,0.0,10.0,0.0,0.0,0.0,0.0,0.0,0.0,11.0,16.0,5.0,14.0,2.0,16.0,0.0,1.0,1.0,0.25,0.375,0.0,0.0,5.0,5.0,2.25,1.375,2.0,0.0,0.0,0.0,0.0,0.0,0.0,0.0,0.0,0.0,0.0,0.0,0.0,1.0,5.0,4.0,2.5,1.25,2.0,11.07,34.7633333333,23.693333333299996,24.86354166665,9.899791666649998,34.7633333333,0.0,0.464,0.464,0.232,0.232,0.464,0.0,0.0,0.0,0.0,0.0,0.0,64.0,225.0,161.0,148.25,42.125,152.0
CuGa0.99Ti0.01Te2,300,Cu1 Ga0.99 Ti0.01 Te2,22.0,52.0,30.0,40.9775,11.0225,52.0,43.0,90.0,47.0,79.4225,10.5775,90.0,47.867,127.6,79.733,97.06260999999999,30.53739,127.6,302.91,1941.0,1638.09,780.595225,294.38941137500007,722.66,4.0,16.0,12.0,13.9775,2.0225,16.0,4.0,5.0,1.0,4.5,0.5,5.0,122.0,160.0,38.0,132.595,5.542025000000001,138.0,1.54,2.1,0.56,1.976825,0.12317500000000005,2.1,1.0,2.0,1.0,1.75,0.375,2.0,0.0,4.0,4.0,2.2475,1.7525,4.0,2.0,10.0,8.0,9.98,0.039899999999999575,10.0,0.0,0.0,0.0,0.0,0.0,0.0,4.0,16.0,12.0,13.9775,2.0225,16.0,0.0,1.0,1.0,0.25,0.375,0.0,0.0,5.0,5.0,2.2375,1.3674374999999999,2.0,0.0,8.0,8.0,0.02,0.039900000000000005,0.0,0.0,0.0,0.0,0.0,0.0,0.0,1.0,8.0,7.0,2.5075000000000003,1.2612500000000002,2.0,11.07,34.7633333333,23.693333333299996,24.858122916649997,9.905210416649997,34.7633333333,0.0,0.464,0.464,0.232,0.232,0.464,0.0,2.25333333333e-05,2.25333333333e-05,5.633333333325e-08,1.1238499999983375e-07,0.0,64.0,225.0,161.0,148.575,41.864625000000004,152.0
CuGa0.99Ti0.01Te2,350,Cu1 Ga0.99 Ti0.01 Te2,22.0,52.0,30.0,40.9775,11.0225,52.0,43.0,90.0,47.0,79.4225,10.5775,90.0,47.867,127.6,79.733,97.06260999999999,30.53739,127.6,302.91,1941.0,1638.09,780.595225,294.38941137500007,722.66,4.0,16.0,12.0,13.9775,2.0225,16.0,4.0,5.0,1.0,4.5,0.5,5.0,122.0,160.0,38.0,132.595,5.542025000000001,138.0,1.54,2.1,0.56,1.976825,0.12317500000000005,2.1,1.0,2.0,1.0,1.75,0.375,2.0,0.0,4.0,4.0,2.2475,1.7525,4.0,2.0,10.0,8.0,9.98,0.039899999999999575,10.0,0.0,0.0,0.0,0.0,0.0,0.0,4.0,16.0,12.0,13.9775,2.0225,16.0,0.0,1.0,1.0,0.25,0.375,0.0,0.0,5.0,5.0,2.2375,1.3674374999999999,2.0,0.0,8.0,8.0,0.02,0.039900000000000005,0.0,0.0,0.0,0.0,0.0,0.0,0.0,1.0,8.0,7.0,2.5075000000000003,1.2612500000000002,2.0,11.07,34.7633333333,23.693333333299996,24.858122916649997,9.905210416649997,34.7633333333,0.0,0.464,0.464,0.232,0.232,0.464,0.0,2.25333333333e-05,2.25333333333e-05,5.633333333325e-08,1.1238499999983375e-07,0.0,64.0,225.0,161.0,148.575,41.864625000000004,152.0
CuGa0.99Ti0.01Te2,400,Cu1 Ga0.99 Ti0.01 Te2,22.0,52.0,30.0,40.9775,11.0225,52.0,43.0,90.0,47.0,79.4225,10.5775,90.0,47.867,127.6,79.733,97.06260999999999,30.53739,127.6,302.91,1941.0,1638.09,780.595225,294.38941137500007,722.66,4.0,16.0,12.0,13.9775,2.0225,16.0,4.0,5.0,1.0,4.5,0.5,5.0,122.0,160.0,38.0,132.595,5.542025000000001,138.0,1.54,2.1,0.56,1.976825,0.12317500000000005,2.1,1.0,2.0,1.0,1.75,0.375,2.0,0.0,4.0,4.0,2.2475,1.7525,4.0,2.0,10.0,8.0,9.98,0.039899999999999575,10.0,0.0,0.0,0.0,0.0,0.0,0.0,4.0,16.0,12.0,13.9775,2.0225,16.0,0.0,1.0,1.0,0.25,0.375,0.0,0.0,5.0,5.0,2.2375,1.3674374999999999,2.0,0.0,8.0,8.0,0.02,0.039900000000000005,0.0,0.0,0.0,0.0,0.0,0.0,0.0,1.0,8.0,7.0,2.5075000000000003,1.2612500000000002,2.0,11.07,34.7633333333,23.693333333299996,24.858122916649997,9.905210416649997,34.7633333333,0.0,0.464,0.464,0.232,0.232,0.464,0.0,2.25333333333e-05,2.25333333333e-05,5.633333333325e-08,1.1238499999983375e-07,0.0,64.0,225.0,161.0,148.575,41.864625000000004,152.0
CuGa0.99Ti0.01Te2,450,Cu1 Ga0.99 Ti0.01 Te2,22.0,52.0,30.0,40.9775,11.0225,52.0,43.0,90.0,47.0,79.4225,10.5775,90.0,47.867,127.6,79.733,97.06260999999999,30.53739,127.6,302.91,1941.0,1638.09,780.595225,294.38941137500007,722.66,4.0,16.0,12.0,13.9775,2.0225,16.0,4.0,5.0,1.0,4.5,0.5,5.0,122.0,160.0,38.0,132.595,5.542025000000001,138.0,1.54,2.1,0.56,1.976825,0.12317500000000005,2.1,1.0,2.0,1.0,1.75,0.375,2.0,0.0,4.0,4.0,2.2475,1.7525,4.0,2.0,10.0,8.0,9.98,0.039899999999999575,10.0,0.0,0.0,0.0,0.0,0.0,0.0,4.0,16.0,12.0,13.9775,2.0225,16.0,0.0,1.0,1.0,0.25,0.375,0.0,0.0,5.0,5.0,2.2375,1.3674374999999999,2.0,0.0,8.0,8.0,0.02,0.039900000000000005,0.0,0.0,0.0,0.0,0.0,0.0,0.0,1.0,8.0,7.0,2.5075000000000003,1.2612500000000002,2.0,11.07,34.7633333333,23.693333333299996,24.858122916649997,9.905210416649997,34.7633333333,0.0,0.464,0.464,0.232,0.232,0.464,0.0,2.25333333333e-05,2.25333333333e-05,5.633333333325e-08,1.1238499999983375e-07,0.0,64.0,225.0,161.0,148.575,41.864625000000004,152.0
CuGa0.99Ti0.01Te2,500,Cu1 Ga0.99 Ti0.01 Te2,22.0,52.0,30.0,40.9775,11.0225,52.0,43.0,90.0,47.0,79.4225,10.5775,90.0,47.867,127.6,79.733,97.06260999999999,30.53739,127.6,302.91,1941.0,1638.09,780.595225,294.38941137500007,722.66,4.0,16.0,12.0,13.9775,2.0225,16.0,4.0,5.0,1.0,4.5,0.5,5.0,122.0,160.0,38.0,132.595,5.542025000000001,138.0,1.54,2.1,0.56,1.976825,0.12317500000000005,2.1,1.0,2.0,1.0,1.75,0.375,2.0,0.0,4.0,4.0,2.2475,1.7525,4.0,2.0,10.0,8.0,9.98,0.039899999999999575,10.0,0.0,0.0,0.0,0.0,0.0,0.0,4.0,16.0,12.0,13.9775,2.0225,16.0,0.0,1.0,1.0,0.25,0.375,0.0,0.0,5.0,5.0,2.2375,1.3674374999999999,2.0,0.0,8.0,8.0,0.02,0.039900000000000005,0.0,0.0,0.0,0.0,0.0,0.0,0.0,1.0,8.0,7.0,2.5075000000000003,1.2612500000000002,2.0,11.07,34.7633333333,23.693333333299996,24.858122916649997,9.905210416649997,34.7633333333,0.0,0.464,0.464,0.232,0.232,0.464,0.0,2.25333333333e-05,2.25333333333e-05,5.633333333325e-08,1.1238499999983375e-07,0.0,64.0,225.0,161.0,148.575,41.864625000000004,152.0
CuGa0.99Ti0.01Te2,550,Cu1 Ga0.99 Ti0.01 Te2,22.0,52.0,30.0,40.9775,11.0225,52.0,43.0,90.0,47.0,79.4225,10.5775,90.0,47.867,127.6,79.733,97.06260999999999,30.53739,127.6,302.91,1941.0,1638.09,780.595225,294.38941137500007,722.66,4.0,16.0,12.0,13.9775,2.0225,16.0,4.0,5.0,1.0,4.5,0.5,5.0,122.0,160.0,38.0,132.595,5.542025000000001,138.0,1.54,2.1,0.56,1.976825,0.12317500000000005,2.1,1.0,2.0,1.0,1.75,0.375,2.0,0.0,4.0,4.0,2.2475,1.7525,4.0,2.0,10.0,8.0,9.98,0.039899999999999575,10.0,0.0,0.0,0.0,0.0,0.0,0.0,4.0,16.0,12.0,13.9775,2.0225,16.0,0.0,1.0,1.0,0.25,0.375,0.0,0.0,5.0,5.0,2.2375,1.3674374999999999,2.0,0.0,8.0,8.0,0.02,0.039900000000000005,0.0,0.0,0.0,0.0,0.0,0.0,0.0,1.0,8.0,7.0,2.5075000000000003,1.2612500000000002,2.0,11.07,34.7633333333,23.693333333299996,24.858122916649997,9.905210416649997,34.7633333333,0.0,0.464,0.464,0.232,0.232,0.464,0.0,2.25333333333e-05,2.25333333333e-05,5.633333333325e-08,1.1238499999983375e-07,0.0,64.0,225.0,161.0,148.575,41.864625000000004,152.0
CuGa0.99Ti0.01Te2,600,Cu1 Ga0.99 Ti0.01 Te2,22.0,52.0,30.0,40.9775,11.0225,52.0,43.0,90.0,47.0,79.4225,10.5775,90.0,47.867,127.6,79.733,97.06260999999999,30.53739,127.6,302.91,1941.0,1638.09,780.595225,294.38941137500007,722.66,4.0,16.0,12.0,13.9775,2.0225,16.0,4.0,5.0,1.0,4.5,0.5,5.0,122.0,160.0,38.0,132.595,5.542025000000001,138.0,1.54,2.1,0.56,1.976825,0.12317500000000005,2.1,1.0,2.0,1.0,1.75,0.375,2.0,0.0,4.0,4.0,2.2475,1.7525,4.0,2.0,10.0,8.0,9.98,0.039899999999999575,10.0,0.0,0.0,0.0,0.0,0.0,0.0,4.0,16.0,12.0,13.9775,2.0225,16.0,0.0,1.0,1.0,0.25,0.375,0.0,0.0,5.0,5.0,2.2375,1.3674374999999999,2.0,0.0,8.0,8.0,0.02,0.039900000000000005,0.0,0.0,0.0,0.0,0.0,0.0,0.0,1.0,8.0,7.0,2.5075000000000003,1.2612500000000002,2.0,11.07,34.7633333333,23.693333333299996,24.858122916649997,9.905210416649997,34.7633333333,0.0,0.464,0.464,0.232,0.232,0.464,0.0,2.25333333333e-05,2.25333333333e-05,5.633333333325e-08,1.1238499999983375e-07,0.0,64.0,225.0,161.0,148.575,41.864625000000004,152.0
CuGa0.99Ti0.01Te2,650,Cu1 Ga0.99 Ti0.01 Te2,22.0,52.0,30.0,40.9775,11.0225,52.0,43.0,90.0,47.0,79.4225,10.5775,90.0,47.867,127.6,79.733,97.06260999999999,30.53739,127.6,302.91,1941.0,1638.09,780.595225,294.38941137500007,722.66,4.0,16.0,12.0,13.9775,2.0225,16.0,4.0,5.0,1.0,4.5,0.5,5.0,122.0,160.0,38.0,132.595,5.542025000000001,138.0,1.54,2.1,0.56,1.976825,0.12317500000000005,2.1,1.0,2.0,1.0,1.75,0.375,2.0,0.0,4.0,4.0,2.2475,1.7525,4.0,2.0,10.0,8.0,9.98,0.039899999999999575,10.0,0.0,0.0,0.0,0.0,0.0,0.0,4.0,16.0,12.0,13.9775,2.0225,16.0,0.0,1.0,1.0,0.25,0.375,0.0,0.0,5.0,5.0,2.2375,1.3674374999999999,2.0,0.0,8.0,8.0,0.02,0.039900000000000005,0.0,0.0,0.0,0.0,0.0,0.0,0.0,1.0,8.0,7.0,2.5075000000000003,1.2612500000000002,2.0,11.07,34.7633333333,23.693333333299996,24.858122916649997,9.905210416649997,34.7633333333,0.0,0.464,0.464,0.232,0.232,0.464,0.0,2.25333333333e-05,2.25333333333e-05,5.633333333325e-08,1.1238499999983375e-07,0.0,64.0,225.0,161.0,148.575,41.864625000000004,152.0
CuGa0.99Ti0.01Te2,700,Cu1 Ga0.99 Ti0.01 Te2,22.0,52.0,30.0,40.9775,11.0225,52.0,43.0,90.0,47.0,79.4225,10.5775,90.0,47.867,127.6,79.733,97.06260999999999,30.53739,127.6,302.91,1941.0,1638.09,780.595225,294.38941137500007,722.66,4.0,16.0,12.0,13.9775,2.0225,16.0,4.0,5.0,1.0,4.5,0.5,5.0,122.0,160.0,38.0,132.595,5.542025000000001,138.0,1.54,2.1,0.56,1.976825,0.12317500000000005,2.1,1.0,2.0,1.0,1.75,0.375,2.0,0.0,4.0,4.0,2.2475,1.7525,4.0,2.0,10.0,8.0,9.98,0.039899999999999575,10.0,0.0,0.0,0.0,0.0,0.0,0.0,4.0,16.0,12.0,13.9775,2.0225,16.0,0.0,1.0,1.0,0.25,0.375,0.0,0.0,5.0,5.0,2.2375,1.3674374999999999,2.0,0.0,8.0,8.0,0.02,0.039900000000000005,0.0,0.0,0.0,0.0,0.0,0.0,0.0,1.0,8.0,7.0,2.5075000000000003,1.2612500000000002,2.0,11.07,34.7633333333,23.693333333299996,24.858122916649997,9.905210416649997,34.7633333333,0.0,0.464,0.464,0.232,0.232,0.464,0.0,2.25333333333e-05,2.25333333333e-05,5.633333333325e-08,1.1238499999983375e-07,0.0,64.0,225.0,161.0,148.575,41.864625000000004,152.0
CuGa0.99Ti0.01Te2,750,Cu1 Ga0.99 Ti0.01 Te2,22.0,52.0,30.0,40.9775,11.0225,52.0,43.0,90.0,47.0,79.4225,10.5775,90.0,47.867,127.6,79.733,97.06260999999999,30.53739,127.6,302.91,1941.0,1638.09,780.595225,294.38941137500007,722.66,4.0,16.0,12.0,13.9775,2.0225,16.0,4.0,5.0,1.0,4.5,0.5,5.0,122.0,160.0,38.0,132.595,5.542025000000001,138.0,1.54,2.1,0.56,1.976825,0.12317500000000005,2.1,1.0,2.0,1.0,1.75,0.375,2.0,0.0,4.0,4.0,2.2475,1.7525,4.0,2.0,10.0,8.0,9.98,0.039899999999999575,10.0,0.0,0.0,0.0,0.0,0.0,0.0,4.0,16.0,12.0,13.9775,2.0225,16.0,0.0,1.0,1.0,0.25,0.375,0.0,0.0,5.0,5.0,2.2375,1.3674374999999999,2.0,0.0,8.0,8.0,0.02,0.039900000000000005,0.0,0.0,0.0,0.0,0.0,0.0,0.0,1.0,8.0,7.0,2.5075000000000003,1.2612500000000002,2.0,11.07,34.7633333333,23.693333333299996,24.858122916649997,9.905210416649997,34.7633333333,0.0,0.464,0.464,0.232,0.232,0.464,0.0,2.25333333333e-05,2.25333333333e-05,5.633333333325e-08,1.1238499999983375e-07,0.0,64.0,225.0,161.0,148.575,41.864625000000004,152.0
CuGa0.99Ti0.01Te2,800,Cu1 Ga0.99 Ti0.01 Te2,22.0,52.0,30.0,40.9775,11.0225,52.0,43.0,90.0,47.0,79.4225,10.5775,90.0,47.867,127.6,79.733,97.06260999999999,30.53739,127.6,302.91,1941.0,1638.09,780.595225,294.38941137500007,722.66,4.0,16.0,12.0,13.9775,2.0225,16.0,4.0,5.0,1.0,4.5,0.5,5.0,122.0,160.0,38.0,132.595,5.542025000000001,138.0,1.54,2.1,0.56,1.976825,0.12317500000000005,2.1,1.0,2.0,1.0,1.75,0.375,2.0,0.0,4.0,4.0,2.2475,1.7525,4.0,2.0,10.0,8.0,9.98,0.039899999999999575,10.0,0.0,0.0,0.0,0.0,0.0,0.0,4.0,16.0,12.0,13.9775,2.0225,16.0,0.0,1.0,1.0,0.25,0.375,0.0,0.0,5.0,5.0,2.2375,1.3674374999999999,2.0,0.0,8.0,8.0,0.02,0.039900000000000005,0.0,0.0,0.0,0.0,0.0,0.0,0.0,1.0,8.0,7.0,2.5075000000000003,1.2612500000000002,2.0,11.07,34.7633333333,23.693333333299996,24.858122916649997,9.905210416649997,34.7633333333,0.0,0.464,0.464,0.232,0.232,0.464,0.0,2.25333333333e-05,2.25333333333e-05,5.633333333325e-08,1.1238499999983375e-07,0.0,64.0,225.0,161.0,148.575,41.864625000000004,152.0
CuGa0.97Ti0.03Te2,300,Cu1 Ga0.97 Ti0.03 Te2,22.0,52.0,30.0,40.9325,11.067499999999999,52.0,43.0,90.0,47.0,79.2675,10.732499999999998,90.0,47.867,127.6,79.733,96.95333,30.64667,127.6,302.91,1941.0,1638.09,788.785675,301.775377375,722.66,4.0,16.0,12.0,13.932500000000001,2.0675,16.0,4.0,5.0,1.0,4.5,0.5,5.0,122.0,160.0,38.0,132.785,5.623225,138.0,1.54,2.1,0.56,1.9754749999999999,0.12452500000000005,2.1,1.0,2.0,1.0,1.75,0.375,2.0,0.0,4.0,4.0,2.2425,1.7574999999999998,4.0,2.0,10.0,8.0,9.94,0.11910000000000048,10.0,0.0,0.0,0.0,0.0,0.0,0.0,4.0,16.0,12.0,13.932500000000001,2.0675,16.0,0.0,1.0,1.0,0.25,0.375,0.0,0.0,5.0,5.0,2.2125,1.3519375,2.0,0.0,8.0,8.0,0.06,0.1191,0.0,0.0,0.0,0.0,0.0,0.0,0.0,1.0,8.0,7.0,2.5225,1.28375,2.0,11.07,34.7633333333,23.693333333299996,24.84728541665,9.916047916649998,34.7633333333,0.0,0.464,0.464,0.232,0.232,0.464,0.0,2.25333333333e-05,2.25333333333e-05,1.6899999999975e-07,3.3546499999950374e-07,0.0,64.0,225.0,161.0,149.225,41.334125,152.0
CuGa0.97Ti0.03Te2,350,Cu1 Ga0.97 Ti0.03 Te2,22.0,52.0,30.0,40.9325,11.067499999999999,52.0,43.0,90.0,47.0,79.2675,10.732499999999998,90.0,47.867,127.6,79.733,96.95333,30.64667,127.6,302.91,1941.0,1638.09,788.785675,301.775377375,722.66,4.0,16.0,12.0,13.932500000000001,2.0675,16.0,4.0,5.0,1.0,4.5,0.5,5.0,122.0,160.0,38.0,132.785,5.623225,138.0,1.54,2.1,0.56,1.9754749999999999,0.12452500000000005,2.1,1.0,2.0,1.0,1.75,0.375,2.0,0.0,4.0,4.0,2.2425,1.7574999999999998,4.0,2.0,10.0,8.0,9.94,0.11910000000000048,10.0,0.0,0.0,0.0,0.0,0.0,0.0,4.0,16.0,12.0,13.932500000000001,2.0675,16.0,0.0,1.0,1.0,0.25,0.375,0.0,0.0,5.0,5.0,2.2125,1.3519375,2.0,0.0,8.0,8.0,0.06,0.1191,0.0,0.0,0.0,0.0,0.0,0.0,0.0,1.0,8.0,7.0,2.5225,1.28375,2.0,11.07,34.7633333333,23.693333333299996,24.84728541665,9.916047916649998,34.7633333333,0.0,0.464,0.464,0.232,0.232,0.464,0.0,2.25333333333e-05,2.25333333333e-05,1.6899999999975e-07,3.3546499999950374e-07,0.0,64.0,225.0,161.0,149.225,41.334125,152.0
CuGa0.97Ti0.03Te2,400,Cu1 Ga0.97 Ti0.03 Te2,22.0,52.0,30.0,40.9325,11.067499999999999,52.0,43.0,90.0,47.0,79.2675,10.732499999999998,90.0,47.867,127.6,79.733,96.95333,30.64667,127.6,302.91,1941.0,1638.09,788.785675,301.775377375,722.66,4.0,16.0,12.0,13.932500000000001,2.0675,16.0,4.0,5.0,1.0,4.5,0.5,5.0,122.0,160.0,38.0,132.785,5.623225,138.0,1.54,2.1,0.56,1.9754749999999999,0.12452500000000005,2.1,1.0,2.0,1.0,1.75,0.375,2.0,0.0,4.0,4.0,2.2425,1.7574999999999998,4.0,2.0,10.0,8.0,9.94,0.11910000000000048,10.0,0.0,0.0,0.0,0.0,0.0,0.0,4.0,16.0,12.0,13.932500000000001,2.0675,16.0,0.0,1.0,1.0,0.25,0.375,0.0,0.0,5.0,5.0,2.2125,1.3519375,2.0,0.0,8.0,8.0,0.06,0.1191,0.0,0.0,0.0,0.0,0.0,0.0,0.0,1.0,8.0,7.0,2.5225,1.28375,2.0,11.07,34.7633333333,23.693333333299996,24.84728541665,9.916047916649998,34.7633333333,0.0,0.464,0.464,0.232,0.232,0.464,0.0,2.25333333333e-05,2.25333333333e-05,1.6899999999975e-07,3.3546499999950374e-07,0.0,64.0,225.0,161.0,149.225,41.334125,152.0
CuGa0.97Ti0.03Te2,450,Cu1 Ga0.97 Ti0.03 Te2,22.0,52.0,30.0,40.9325,11.067499999999999,52.0,43.0,90.0,47.0,79.2675,10.732499999999998,90.0,47.867,127.6,79.733,96.95333,30.64667,127.6,302.91,1941.0,1638.09,788.785675,301.775377375,722.66,4.0,16.0,12.0,13.932500000000001,2.0675,16.0,4.0,5.0,1.0,4.5,0.5,5.0,122.0,160.0,38.0,132.785,5.623225,138.0,1.54,2.1,0.56,1.9754749999999999,0.12452500000000005,2.1,1.0,2.0,1.0,1.75,0.375,2.0,0.0,4.0,4.0,2.2425,1.7574999999999998,4.0,2.0,10.0,8.0,9.94,0.11910000000000048,10.0,0.0,0.0,0.0,0.0,0.0,0.0,4.0,16.0,12.0,13.932500000000001,2.0675,16.0,0.0,1.0,1.0,0.25,0.375,0.0,0.0,5.0,5.0,2.2125,1.3519375,2.0,0.0,8.0,8.0,0.06,0.1191,0.0,0.0,0.0,0.0,0.0,0.0,0.0,1.0,8.0,7.0,2.5225,1.28375,2.0,11.07,34.7633333333,23.693333333299996,24.84728541665,9.916047916649998,34.7633333333,0.0,0.464,0.464,0.232,0.232,0.464,0.0,2.25333333333e-05,2.25333333333e-05,1.6899999999975e-07,3.3546499999950374e-07,0.0,64.0,225.0,161.0,149.225,41.334125,152.0
CuGa0.97Ti0.03Te2,500,Cu1 Ga0.97 Ti0.03 Te2,22.0,52.0,30.0,40.9325,11.067499999999999,52.0,43.0,90.0,47.0,79.2675,10.732499999999998,90.0,47.867,127.6,79.733,96.95333,30.64667,127.6,302.91,1941.0,1638.09,788.785675,301.775377375,722.66,4.0,16.0,12.0,13.932500000000001,2.0675,16.0,4.0,5.0,1.0,4.5,0.5,5.0,122.0,160.0,38.0,132.785,5.623225,138.0,1.54,2.1,0.56,1.9754749999999999,0.12452500000000005,2.1,1.0,2.0,1.0,1.75,0.375,2.0,0.0,4.0,4.0,2.2425,1.7574999999999998,4.0,2.0,10.0,8.0,9.94,0.11910000000000048,10.0,0.0,0.0,0.0,0.0,0.0,0.0,4.0,16.0,12.0,13.932500000000001,2.0675,16.0,0.0,1.0,1.0,0.25,0.375,0.0,0.0,5.0,5.0,2.2125,1.3519375,2.0,0.0,8.0,8.0,0.06,0.1191,0.0,0.0,0.0,0.0,0.0,0.0,0.0,1.0,8.0,7.0,2.5225,1.28375,2.0,11.07,34.7633333333,23.693333333299996,24.84728541665,9.916047916649998,34.7633333333,0.0,0.464,0.464,0.232,0.232,0.464,0.0,2.25333333333e-05,2.25333333333e-05,1.6899999999975e-07,3.3546499999950374e-07,0.0,64.0,225.0,161.0,149.225,41.334125,152.0
CuGa0.97Ti0.03Te2,550,Cu1 Ga0.97 Ti0.03 Te2,22.0,52.0,30.0,40.9325,11.067499999999999,52.0,43.0,90.0,47.0,79.2675,10.732499999999998,90.0,47.867,127.6,79.733,96.95333,30.64667,127.6,302.91,1941.0,1638.09,788.785675,301.775377375,722.66,4.0,16.0,12.0,13.932500000000001,2.0675,16.0,4.0,5.0,1.0,4.5,0.5,5.0,122.0,160.0,38.0,132.785,5.623225,138.0,1.54,2.1,0.56,1.9754749999999999,0.12452500000000005,2.1,1.0,2.0,1.0,1.75,0.375,2.0,0.0,4.0,4.0,2.2425,1.7574999999999998,4.0,2.0,10.0,8.0,9.94,0.11910000000000048,10.0,0.0,0.0,0.0,0.0,0.0,0.0,4.0,16.0,12.0,13.932500000000001,2.0675,16.0,0.0,1.0,1.0,0.25,0.375,0.0,0.0,5.0,5.0,2.2125,1.3519375,2.0,0.0,8.0,8.0,0.06,0.1191,0.0,0.0,0.0,0.0,0.0,0.0,0.0,1.0,8.0,7.0,2.5225,1.28375,2.0,11.07,34.7633333333,23.693333333299996,24.84728541665,9.916047916649998,34.7633333333,0.0,0.464,0.464,0.232,0.232,0.464,0.0,2.25333333333e-05,2.25333333333e-05,1.6899999999975e-07,3.3546499999950374e-07,0.0,64.0,225.0,161.0,149.225,41.334125,152.0
CuGa0.97Ti0.03Te2,600,Cu1 Ga0.97 Ti0.03 Te2,22.0,52.0,30.0,40.9325,11.067499999999999,52.0,43.0,90.0,47.0,79.2675,10.732499999999998,90.0,47.867,127.6,79.733,96.95333,30.64667,127.6,302.91,1941.0,1638.09,788.785675,301.775377375,722.66,4.0,16.0,12.0,13.932500000000001,2.0675,16.0,4.0,5.0,1.0,4.5,0.5,5.0,122.0,160.0,38.0,132.785,5.623225,138.0,1.54,2.1,0.56,1.9754749999999999,0.12452500000000005,2.1,1.0,2.0,1.0,1.75,0.375,2.0,0.0,4.0,4.0,2.2425,1.7574999999999998,4.0,2.0,10.0,8.0,9.94,0.11910000000000048,10.0,0.0,0.0,0.0,0.0,0.0,0.0,4.0,16.0,12.0,13.932500000000001,2.0675,16.0,0.0,1.0,1.0,0.25,0.375,0.0,0.0,5.0,5.0,2.2125,1.3519375,2.0,0.0,8.0,8.0,0.06,0.1191,0.0,0.0,0.0,0.0,0.0,0.0,0.0,1.0,8.0,7.0,2.5225,1.28375,2.0,11.07,34.7633333333,23.693333333299996,24.84728541665,9.916047916649998,34.7633333333,0.0,0.464,0.464,0.232,0.232,0.464,0.0,2.25333333333e-05,2.25333333333e-05,1.6899999999975e-07,3.3546499999950374e-07,0.0,64.0,225.0,161.0,149.225,41.334125,152.0
CuGa0.97Ti0.03Te2,650,Cu1 Ga0.97 Ti0.03 Te2,22.0,52.0,30.0,40.9325,11.067499999999999,52.0,43.0,90.0,47.0,79.2675,10.732499999999998,90.0,47.867,127.6,79.733,96.95333,30.64667,127.6,302.91,1941.0,1638.09,788.785675,301.775377375,722.66,4.0,16.0,12.0,13.932500000000001,2.0675,16.0,4.0,5.0,1.0,4.5,0.5,5.0,122.0,160.0,38.0,132.785,5.623225,138.0,1.54,2.1,0.56,1.9754749999999999,0.12452500000000005,2.1,1.0,2.0,1.0,1.75,0.375,2.0,0.0,4.0,4.0,2.2425,1.7574999999999998,4.0,2.0,10.0,8.0,9.94,0.11910000000000048,10.0,0.0,0.0,0.0,0.0,0.0,0.0,4.0,16.0,12.0,13.932500000000001,2.0675,16.0,0.0,1.0,1.0,0.25,0.375,0.0,0.0,5.0,5.0,2.2125,1.3519375,2.0,0.0,8.0,8.0,0.06,0.1191,0.0,0.0,0.0,0.0,0.0,0.0,0.0,1.0,8.0,7.0,2.5225,1.28375,2.0,11.07,34.7633333333,23.693333333299996,24.84728541665,9.916047916649998,34.7633333333,0.0,0.464,0.464,0.232,0.232,0.464,0.0,2.25333333333e-05,2.25333333333e-05,1.6899999999975e-07,3.3546499999950374e-07,0.0,64.0,225.0,161.0,149.225,41.334125,152.0
CuGa0.97Ti0.03Te2,700,Cu1 Ga0.97 Ti0.03 Te2,22.0,52.0,30.0,40.9325,11.067499999999999,52.0,43.0,90.0,47.0,79.2675,10.732499999999998,90.0,47.867,127.6,79.733,96.95333,30.64667,127.6,302.91,1941.0,1638.09,788.785675,301.775377375,722.66,4.0,16.0,12.0,13.932500000000001,2.0675,16.0,4.0,5.0,1.0,4.5,0.5,5.0,122.0,160.0,38.0,132.785,5.623225,138.0,1.54,2.1,0.56,1.9754749999999999,0.12452500000000005,2.1,1.0,2.0,1.0,1.75,0.375,2.0,0.0,4.0,4.0,2.2425,1.7574999999999998,4.0,2.0,10.0,8.0,9.94,0.11910000000000048,10.0,0.0,0.0,0.0,0.0,0.0,0.0,4.0,16.0,12.0,13.932500000000001,2.0675,16.0,0.0,1.0,1.0,0.25,0.375,0.0,0.0,5.0,5.0,2.2125,1.3519375,2.0,0.0,8.0,8.0,0.06,0.1191,0.0,0.0,0.0,0.0,0.0,0.0,0.0,1.0,8.0,7.0,2.5225,1.28375,2.0,11.07,34.7633333333,23.693333333299996,24.84728541665,9.916047916649998,34.7633333333,0.0,0.464,0.464,0.232,0.232,0.464,0.0,2.25333333333e-05,2.25333333333e-05,1.6899999999975e-07,3.3546499999950374e-07,0.0,64.0,225.0,161.0,149.225,41.334125,152.0
CuGa0.97Ti0.03Te2,750,Cu1 Ga0.97 Ti0.03 Te2,22.0,52.0,30.0,40.9325,11.067499999999999,52.0,43.0,90.0,47.0,79.2675,10.732499999999998,90.0,47.867,127.6,79.733,96.95333,30.64667,127.6,302.91,1941.0,1638.09,788.785675,301.775377375,722.66,4.0,16.0,12.0,13.932500000000001,2.0675,16.0,4.0,5.0,1.0,4.5,0.5,5.0,122.0,160.0,38.0,132.785,5.623225,138.0,1.54,2.1,0.56,1.9754749999999999,0.12452500000000005,2.1,1.0,2.0,1.0,1.75,0.375,2.0,0.0,4.0,4.0,2.2425,1.7574999999999998,4.0,2.0,10.0,8.0,9.94,0.11910000000000048,10.0,0.0,0.0,0.0,0.0,0.0,0.0,4.0,16.0,12.0,13.932500000000001,2.0675,16.0,0.0,1.0,1.0,0.25,0.375,0.0,0.0,5.0,5.0,2.2125,1.3519375,2.0,0.0,8.0,8.0,0.06,0.1191,0.0,0.0,0.0,0.0,0.0,0.0,0.0,1.0,8.0,7.0,2.5225,1.28375,2.0,11.07,34.7633333333,23.693333333299996,24.84728541665,9.916047916649998,34.7633333333,0.0,0.464,0.464,0.232,0.232,0.464,0.0,2.25333333333e-05,2.25333333333e-05,1.6899999999975e-07,3.3546499999950374e-07,0.0,64.0,225.0,161.0,149.225,41.334125,152.0
CuGa0.97Ti0.03Te2,800,Cu1 Ga0.97 Ti0.03 Te2,22.0,52.0,30.0,40.9325,11.067499999999999,52.0,43.0,90.0,47.0,79.2675,10.732499999999998,90.0,47.867,127.6,79.733,96.95333,30.64667,127.6,302.91,1941.0,1638.09,788.785675,301.775377375,722.66,4.0,16.0,12.0,13.932500000000001,2.0675,16.0,4.0,5.0,1.0,4.5,0.5,5.0,122.0,160.0,38.0,132.785,5.623225,138.0,1.54,2.1,0.56,1.9754749999999999,0.12452500000000005,2.1,1.0,2.0,1.0,1.75,0.375,2.0,0.0,4.0,4.0,2.2425,1.7574999999999998,4.0,2.0,10.0,8.0,9.94,0.11910000000000048,10.0,0.0,0.0,0.0,0.0,0.0,0.0,4.0,16.0,12.0,13.932500000000001,2.0675,16.0,0.0,1.0,1.0,0.25,0.375,0.0,0.0,5.0,5.0,2.2125,1.3519375,2.0,0.0,8.0,8.0,0.06,0.1191,0.0,0.0,0.0,0.0,0.0,0.0,0.0,1.0,8.0,7.0,2.5225,1.28375,2.0,11.07,34.7633333333,23.693333333299996,24.84728541665,9.916047916649998,34.7633333333,0.0,0.464,0.464,0.232,0.232,0.464,0.0,2.25333333333e-05,2.25333333333e-05,1.6899999999975e-07,3.3546499999950374e-07,0.0,64.0,225.0,161.0,149.225,41.334125,152.0
CuGa0.95Ti0.05Te2,300,Cu1 Ga0.95 Ti0.05 Te2,22.0,52.0,30.0,40.8875,11.1125,52.0,43.0,90.0,47.0,79.11250000000001,10.8875,90.0,47.867,127.6,79.733,96.84405,30.75595,127.6,302.91,1941.0,1638.09,796.9761249999999,308.99753437499993,722.66,4.0,16.0,12.0,13.8875,2.1125,16.0,4.0,5.0,1.0,4.5,0.5,5.0,122.0,160.0,38.0,132.975,5.7006250000000005,138.0,1.54,2.1,0.56,1.974125,0.12587500000000007,2.1,1.0,2.0,1.0,1.75,0.375,2.0,0.0,4.0,4.0,2.2375,1.7625,4.0,2.0,10.0,8.0,9.9,0.19749999999999965,10.0,0.0,0.0,0.0,0.0,0.0,0.0,4.0,16.0,12.0,13.8875,2.1125,16.0,0.0,1.0,1.0,0.25,0.375,0.0,0.0,5.0,5.0,2.1875,1.3359375,2.0,0.0,8.0,8.0,0.1,0.1975,0.0,0.0,0.0,0.0,0.0,0.0,0.0,1.0,8.0,7.0,2.5375,1.3062500000000001,2.0,11.07,34.7633333333,23.693333333299996,24.83644791665,9.926885416649998,34.7633333333,0.0,0.464,0.464,0.232,0.232,0.464,0.0,2.25333333333e-05,2.25333333333e-05,2.8166666666625e-07,5.562916666658437e-07,0.0,64.0,225.0,161.0,149.875,40.790625000000006,152.0
CuGa0.95Ti0.05Te2,350,Cu1 Ga0.95 Ti0.05 Te2,22.0,52.0,30.0,40.8875,11.1125,52.0,43.0,90.0,47.0,79.11250000000001,10.8875,90.0,47.867,127.6,79.733,96.84405,30.75595,127.6,302.91,1941.0,1638.09,796.9761249999999,308.99753437499993,722.66,4.0,16.0,12.0,13.8875,2.1125,16.0,4.0,5.0,1.0,4.5,0.5,5.0,122.0,160.0,38.0,132.975,5.7006250000000005,138.0,1.54,2.1,0.56,1.974125,0.12587500000000007,2.1,1.0,2.0,1.0,1.75,0.375,2.0,0.0,4.0,4.0,2.2375,1.7625,4.0,2.0,10.0,8.0,9.9,0.19749999999999965,10.0,0.0,0.0,0.0,0.0,0.0,0.0,4.0,16.0,12.0,13.8875,2.1125,16.0,0.0,1.0,1.0,0.25,0.375,0.0,0.0,5.0,5.0,2.1875,1.3359375,2.0,0.0,8.0,8.0,0.1,0.1975,0.0,0.0,0.0,0.0,0.0,0.0,0.0,1.0,8.0,7.0,2.5375,1.3062500000000001,2.0,11.07,34.7633333333,23.693333333299996,24.83644791665,9.926885416649998,34.7633333333,0.0,0.464,0.464,0.232,0.232,0.464,0.0,2.25333333333e-05,2.25333333333e-05,2.8166666666625e-07,5.562916666658437e-07,0.0,64.0,225.0,161.0,149.875,40.790625000000006,152.0
CuGa0.95Ti0.05Te2,400,Cu1 Ga0.95 Ti0.05 Te2,22.0,52.0,30.0,40.8875,11.1125,52.0,43.0,90.0,47.0,79.11250000000001,10.8875,90.0,47.867,127.6,79.733,96.84405,30.75595,127.6,302.91,1941.0,1638.09,796.9761249999999,308.99753437499993,722.66,4.0,16.0,12.0,13.8875,2.1125,16.0,4.0,5.0,1.0,4.5,0.5,5.0,122.0,160.0,38.0,132.975,5.7006250000000005,138.0,1.54,2.1,0.56,1.974125,0.12587500000000007,2.1,1.0,2.0,1.0,1.75,0.375,2.0,0.0,4.0,4.0,2.2375,1.7625,4.0,2.0,10.0,8.0,9.9,0.19749999999999965,10.0,0.0,0.0,0.0,0.0,0.0,0.0,4.0,16.0,12.0,13.8875,2.1125,16.0,0.0,1.0,1.0,0.25,0.375,0.0,0.0,5.0,5.0,2.1875,1.3359375,2.0,0.0,8.0,8.0,0.1,0.1975,0.0,0.0,0.0,0.0,0.0,0.0,0.0,1.0,8.0,7.0,2.5375,1.3062500000000001,2.0,11.07,34.7633333333,23.693333333299996,24.83644791665,9.926885416649998,34.7633333333,0.0,0.464,0.464,0.232,0.232,0.464,0.0,2.25333333333e-05,2.25333333333e-05,2.8166666666625e-07,5.562916666658437e-07,0.0,64.0,225.0,161.0,149.875,40.790625000000006,152.0
CuGa0.95Ti0.05Te2,450,Cu1 Ga0.95 Ti0.05 Te2,22.0,52.0,30.0,40.8875,11.1125,52.0,43.0,90.0,47.0,79.11250000000001,10.8875,90.0,47.867,127.6,79.733,96.84405,30.75595,127.6,302.91,1941.0,1638.09,796.9761249999999,308.99753437499993,722.66,4.0,16.0,12.0,13.8875,2.1125,16.0,4.0,5.0,1.0,4.5,0.5,5.0,122.0,160.0,38.0,132.975,5.7006250000000005,138.0,1.54,2.1,0.56,1.974125,0.12587500000000007,2.1,1.0,2.0,1.0,1.75,0.375,2.0,0.0,4.0,4.0,2.2375,1.7625,4.0,2.0,10.0,8.0,9.9,0.19749999999999965,10.0,0.0,0.0,0.0,0.0,0.0,0.0,4.0,16.0,12.0,13.8875,2.1125,16.0,0.0,1.0,1.0,0.25,0.375,0.0,0.0,5.0,5.0,2.1875,1.3359375,2.0,0.0,8.0,8.0,0.1,0.1975,0.0,0.0,0.0,0.0,0.0,0.0,0.0,1.0,8.0,7.0,2.5375,1.3062500000000001,2.0,11.07,34.7633333333,23.693333333299996,24.83644791665,9.926885416649998,34.7633333333,0.0,0.464,0.464,0.232,0.232,0.464,0.0,2.25333333333e-05,2.25333333333e-05,2.8166666666625e-07,5.562916666658437e-07,0.0,64.0,225.0,161.0,149.875,40.790625000000006,152.0
CuGa0.95Ti0.05Te2,500,Cu1 Ga0.95 Ti0.05 Te2,22.0,52.0,30.0,40.8875,11.1125,52.0,43.0,90.0,47.0,79.11250000000001,10.8875,90.0,47.867,127.6,79.733,96.84405,30.75595,127.6,302.91,1941.0,1638.09,796.9761249999999,308.99753437499993,722.66,4.0,16.0,12.0,13.8875,2.1125,16.0,4.0,5.0,1.0,4.5,0.5,5.0,122.0,160.0,38.0,132.975,5.7006250000000005,138.0,1.54,2.1,0.56,1.974125,0.12587500000000007,2.1,1.0,2.0,1.0,1.75,0.375,2.0,0.0,4.0,4.0,2.2375,1.7625,4.0,2.0,10.0,8.0,9.9,0.19749999999999965,10.0,0.0,0.0,0.0,0.0,0.0,0.0,4.0,16.0,12.0,13.8875,2.1125,16.0,0.0,1.0,1.0,0.25,0.375,0.0,0.0,5.0,5.0,2.1875,1.3359375,2.0,0.0,8.0,8.0,0.1,0.1975,0.0,0.0,0.0,0.0,0.0,0.0,0.0,1.0,8.0,7.0,2.5375,1.3062500000000001,2.0,11.07,34.7633333333,23.693333333299996,24.83644791665,9.926885416649998,34.7633333333,0.0,0.464,0.464,0.232,0.232,0.464,0.0,2.25333333333e-05,2.25333333333e-05,2.8166666666625e-07,5.562916666658437e-07,0.0,64.0,225.0,161.0,149.875,40.790625000000006,152.0
CuGa0.95Ti0.05Te2,550,Cu1 Ga0.95 Ti0.05 Te2,22.0,52.0,30.0,40.8875,11.1125,52.0,43.0,90.0,47.0,79.11250000000001,10.8875,90.0,47.867,127.6,79.733,96.84405,30.75595,127.6,302.91,1941.0,1638.09,796.9761249999999,308.99753437499993,722.66,4.0,16.0,12.0,13.8875,2.1125,16.0,4.0,5.0,1.0,4.5,0.5,5.0,122.0,160.0,38.0,132.975,5.7006250000000005,138.0,1.54,2.1,0.56,1.974125,0.12587500000000007,2.1,1.0,2.0,1.0,1.75,0.375,2.0,0.0,4.0,4.0,2.2375,1.7625,4.0,2.0,10.0,8.0,9.9,0.19749999999999965,10.0,0.0,0.0,0.0,0.0,0.0,0.0,4.0,16.0,12.0,13.8875,2.1125,16.0,0.0,1.0,1.0,0.25,0.375,0.0,0.0,5.0,5.0,2.1875,1.3359375,2.0,0.0,8.0,8.0,0.1,0.1975,0.0,0.0,0.0,0.0,0.0,0.0,0.0,1.0,8.0,7.0,2.5375,1.3062500000000001,2.0,11.07,34.7633333333,23.693333333299996,24.83644791665,9.926885416649998,34.7633333333,0.0,0.464,0.464,0.232,0.232,0.464,0.0,2.25333333333e-05,2.25333333333e-05,2.8166666666625e-07,5.562916666658437e-07,0.0,64.0,225.0,161.0,149.875,40.790625000000006,152.0
CuGa0.95Ti0.05Te2,600,Cu1 Ga0.95 Ti0.05 Te2,22.0,52.0,30.0,40.8875,11.1125,52.0,43.0,90.0,47.0,79.11250000000001,10.8875,90.0,47.867,127.6,79.733,96.84405,30.75595,127.6,302.91,1941.0,1638.09,796.9761249999999,308.99753437499993,722.66,4.0,16.0,12.0,13.8875,2.1125,16.0,4.0,5.0,1.0,4.5,0.5,5.0,122.0,160.0,38.0,132.975,5.7006250000000005,138.0,1.54,2.1,0.56,1.974125,0.12587500000000007,2.1,1.0,2.0,1.0,1.75,0.375,2.0,0.0,4.0,4.0,2.2375,1.7625,4.0,2.0,10.0,8.0,9.9,0.19749999999999965,10.0,0.0,0.0,0.0,0.0,0.0,0.0,4.0,16.0,12.0,13.8875,2.1125,16.0,0.0,1.0,1.0,0.25,0.375,0.0,0.0,5.0,5.0,2.1875,1.3359375,2.0,0.0,8.0,8.0,0.1,0.1975,0.0,0.0,0.0,0.0,0.0,0.0,0.0,1.0,8.0,7.0,2.5375,1.3062500000000001,2.0,11.07,34.7633333333,23.693333333299996,24.83644791665,9.926885416649998,34.7633333333,0.0,0.464,0.464,0.232,0.232,0.464,0.0,2.25333333333e-05,2.25333333333e-05,2.8166666666625e-07,5.562916666658437e-07,0.0,64.0,225.0,161.0,149.875,40.790625000000006,152.0
CuGa0.95Ti0.05Te2,650,Cu1 Ga0.95 Ti0.05 Te2,22.0,52.0,30.0,40.8875,11.1125,52.0,43.0,90.0,47.0,79.11250000000001,10.8875,90.0,47.867,127.6,79.733,96.84405,30.75595,127.6,302.91,1941.0,1638.09,796.9761249999999,308.99753437499993,722.66,4.0,16.0,12.0,13.8875,2.1125,16.0,4.0,5.0,1.0,4.5,0.5,5.0,122.0,160.0,38.0,132.975,5.7006250000000005,138.0,1.54,2.1,0.56,1.974125,0.12587500000000007,2.1,1.0,2.0,1.0,1.75,0.375,2.0,0.0,4.0,4.0,2.2375,1.7625,4.0,2.0,10.0,8.0,9.9,0.19749999999999965,10.0,0.0,0.0,0.0,0.0,0.0,0.0,4.0,16.0,12.0,13.8875,2.1125,16.0,0.0,1.0,1.0,0.25,0.375,0.0,0.0,5.0,5.0,2.1875,1.3359375,2.0,0.0,8.0,8.0,0.1,0.1975,0.0,0.0,0.0,0.0,0.0,0.0,0.0,1.0,8.0,7.0,2.5375,1.3062500000000001,2.0,11.07,34.7633333333,23.693333333299996,24.83644791665,9.926885416649998,34.7633333333,0.0,0.464,0.464,0.232,0.232,0.464,0.0,2.25333333333e-05,2.25333333333e-05,2.8166666666625e-07,5.562916666658437e-07,0.0,64.0,225.0,161.0,149.875,40.790625000000006,152.0
CuGa0.95Ti0.05Te2,700,Cu1 Ga0.95 Ti0.05 Te2,22.0,52.0,30.0,40.8875,11.1125,52.0,43.0,90.0,47.0,79.11250000000001,10.8875,90.0,47.867,127.6,79.733,96.84405,30.75595,127.6,302.91,1941.0,1638.09,796.9761249999999,308.99753437499993,722.66,4.0,16.0,12.0,13.8875,2.1125,16.0,4.0,5.0,1.0,4.5,0.5,5.0,122.0,160.0,38.0,132.975,5.7006250000000005,138.0,1.54,2.1,0.56,1.974125,0.12587500000000007,2.1,1.0,2.0,1.0,1.75,0.375,2.0,0.0,4.0,4.0,2.2375,1.7625,4.0,2.0,10.0,8.0,9.9,0.19749999999999965,10.0,0.0,0.0,0.0,0.0,0.0,0.0,4.0,16.0,12.0,13.8875,2.1125,16.0,0.0,1.0,1.0,0.25,0.375,0.0,0.0,5.0,5.0,2.1875,1.3359375,2.0,0.0,8.0,8.0,0.1,0.1975,0.0,0.0,0.0,0.0,0.0,0.0,0.0,1.0,8.0,7.0,2.5375,1.3062500000000001,2.0,11.07,34.7633333333,23.693333333299996,24.83644791665,9.926885416649998,34.7633333333,0.0,0.464,0.464,0.232,0.232,0.464,0.0,2.25333333333e-05,2.25333333333e-05,2.8166666666625e-07,5.562916666658437e-07,0.0,64.0,225.0,161.0,149.875,40.790625000000006,152.0
CuGa0.95Ti0.05Te2,750,Cu1 Ga0.95 Ti0.05 Te2,22.0,52.0,30.0,40.8875,11.1125,52.0,43.0,90.0,47.0,79.11250000000001,10.8875,90.0,47.867,127.6,79.733,96.84405,30.75595,127.6,302.91,1941.0,1638.09,796.9761249999999,308.99753437499993,722.66,4.0,16.0,12.0,13.8875,2.1125,16.0,4.0,5.0,1.0,4.5,0.5,5.0,122.0,160.0,38.0,132.975,5.7006250000000005,138.0,1.54,2.1,0.56,1.974125,0.12587500000000007,2.1,1.0,2.0,1.0,1.75,0.375,2.0,0.0,4.0,4.0,2.2375,1.7625,4.0,2.0,10.0,8.0,9.9,0.19749999999999965,10.0,0.0,0.0,0.0,0.0,0.0,0.0,4.0,16.0,12.0,13.8875,2.1125,16.0,0.0,1.0,1.0,0.25,0.375,0.0,0.0,5.0,5.0,2.1875,1.3359375,2.0,0.0,8.0,8.0,0.1,0.1975,0.0,0.0,0.0,0.0,0.0,0.0,0.0,1.0,8.0,7.0,2.5375,1.3062500000000001,2.0,11.07,34.7633333333,23.693333333299996,24.83644791665,9.926885416649998,34.7633333333,0.0,0.464,0.464,0.232,0.232,0.464,0.0,2.25333333333e-05,2.25333333333e-05,2.8166666666625e-07,5.562916666658437e-07,0.0,64.0,225.0,161.0,149.875,40.790625000000006,152.0
CuGa0.95Ti0.05Te2,800,Cu1 Ga0.95 Ti0.05 Te2,22.0,52.0,30.0,40.8875,11.1125,52.0,43.0,90.0,47.0,79.11250000000001,10.8875,90.0,47.867,127.6,79.733,96.84405,30.75595,127.6,302.91,1941.0,1638.09,796.9761249999999,308.99753437499993,722.66,4.0,16.0,12.0,13.8875,2.1125,16.0,4.0,5.0,1.0,4.5,0.5,5.0,122.0,160.0,38.0,132.975,5.7006250000000005,138.0,1.54,2.1,0.56,1.974125,0.12587500000000007,2.1,1.0,2.0,1.0,1.75,0.375,2.0,0.0,4.0,4.0,2.2375,1.7625,4.0,2.0,10.0,8.0,9.9,0.19749999999999965,10.0,0.0,0.0,0.0,0.0,0.0,0.0,4.0,16.0,12.0,13.8875,2.1125,16.0,0.0,1.0,1.0,0.25,0.375,0.0,0.0,5.0,5.0,2.1875,1.3359375,2.0,0.0,8.0,8.0,0.1,0.1975,0.0,0.0,0.0,0.0,0.0,0.0,0.0,1.0,8.0,7.0,2.5375,1.3062500000000001,2.0,11.07,34.7633333333,23.693333333299996,24.83644791665,9.926885416649998,34.7633333333,0.0,0.464,0.464,0.232,0.232,0.464,0.0,2.25333333333e-05,2.25333333333e-05,2.8166666666625e-07,5.562916666658437e-07,0.0,64.0,225.0,161.0,149.875,40.790625000000006,152.0
Li2Pb2Se1.5Te0.75S0.75,300,Li2 Pb2 Se1.5 Te0.75 S0.75,3.0,82.0,79.0,38.857142857142854,27.46938775510204,3.0,1.0,90.0,89.0,61.57142857142857,34.61224489795919,1.0,6.941,207.2,200.259,95.21010714285715,70.93491581632654,6.941,388.36,722.66,334.29999999999995,526.1235714285714,84.67862244897958,453.69,1.0,16.0,15.0,11.142857142857142,5.79591836734694,1.0,2.0,6.0,4.0,4.0,1.3571428571428572,2.0,105.0,146.0,41.0,130.03571428571428,10.82908163265306,128.0,0.98,2.58,1.6,1.9935714285714285,0.5791836734693877,0.98,1.0,2.0,1.0,1.7142857142857142,0.4081632653061225,1.0,0.0,4.0,4.0,2.2857142857142856,1.469387755102041,0.0,0.0,10.0,10.0,6.071428571428571,4.770408163265307,0.0,0.0,14.0,14.0,4.0,5.714285714285714,0.0,1.0,28.0,27.0,14.071428571428571,9.198979591836734,1.0,0.0,1.0,1.0,0.2857142857142857,0.40816326530612246,0.0,0.0,4.0,4.0,2.0,1.1428571428571428,0.0,0.0,0.0,0.0,0.0,0.0,0.0,0.0,0.0,0.0,0.0,0.0,0.0,1.0,4.0,3.0,2.2857142857142856,0.979591836734694,1.0,16.5933333333,34.7633333333,18.169999999999998,24.814188988082144,4.697631802732653,16.5933333333,0.0,2.202,2.202,0.4568571428571429,0.5221224489795918,0.0,0.0,0.0,0.0,0.0,0.0,0.0,14.0,229.0,215.0,156.5,80.57142857142857,225.0
Li2Pb2Se1.5Te0.75S0.75,400,Li2 Pb2 Se1.5 Te0.75 S0.75,3.0,82.0,79.0,38.857142857142854,27.46938775510204,3.0,1.0,90.0,89.0,61.57142857142857,34.61224489795919,1.0,6.941,207.2,200.259,95.21010714285715,70.93491581632654,6.941,388.36,722.66,334.29999999999995,526.1235714285714,84.67862244897958,453.69,1.0,16.0,15.0,11.142857142857142,5.79591836734694,1.0,2.0,6.0,4.0,4.0,1.3571428571428572,2.0,105.0,146.0,41.0,130.03571428571428,10.82908163265306,128.0,0.98,2.58,1.6,1.9935714285714285,0.5791836734693877,0.98,1.0,2.0,1.0,1.7142857142857142,0.4081632653061225,1.0,0.0,4.0,4.0,2.2857142857142856,1.469387755102041,0.0,0.0,10.0,10.0,6.071428571428571,4.770408163265307,0.0,0.0,14.0,14.0,4.0,5.714285714285714,0.0,1.0,28.0,27.0,14.071428571428571,9.198979591836734,1.0,0.0,1.0,1.0,0.2857142857142857,0.40816326530612246,0.0,0.0,4.0,4.0,2.0,1.1428571428571428,0.0,0.0,0.0,0.0,0.0,0.0,0.0,0.0,0.0,0.0,0.0,0.0,0.0,1.0,4.0,3.0,2.2857142857142856,0.979591836734694,1.0,16.5933333333,34.7633333333,18.169999999999998,24.814188988082144,4.697631802732653,16.5933333333,0.0,2.202,2.202,0.4568571428571429,0.5221224489795918,0.0,0.0,0.0,0.0,0.0,0.0,0.0,14.0,229.0,215.0,156.5,80.57142857142857,225.0
Li2Pb2Se1.5Te0.75S0.75,500,Li2 Pb2 Se1.5 Te0.75 S0.75,3.0,82.0,79.0,38.857142857142854,27.46938775510204,3.0,1.0,90.0,89.0,61.57142857142857,34.61224489795919,1.0,6.941,207.2,200.259,95.21010714285715,70.93491581632654,6.941,388.36,722.66,334.29999999999995,526.1235714285714,84.67862244897958,453.69,1.0,16.0,15.0,11.142857142857142,5.79591836734694,1.0,2.0,6.0,4.0,4.0,1.3571428571428572,2.0,105.0,146.0,41.0,130.03571428571428,10.82908163265306,128.0,0.98,2.58,1.6,1.9935714285714285,0.5791836734693877,0.98,1.0,2.0,1.0,1.7142857142857142,0.4081632653061225,1.0,0.0,4.0,4.0,2.2857142857142856,1.469387755102041,0.0,0.0,10.0,10.0,6.071428571428571,4.770408163265307,0.0,0.0,14.0,14.0,4.0,5.714285714285714,0.0,1.0,28.0,27.0,14.071428571428571,9.198979591836734,1.0,0.0,1.0,1.0,0.2857142857142857,0.40816326530612246,0.0,0.0,4.0,4.0,2.0,1.1428571428571428,0.0,0.0,0.0,0.0,0.0,0.0,0.0,0.0,0.0,0.0,0.0,0.0,0.0,1.0,4.0,3.0,2.2857142857142856,0.979591836734694,1.0,16.5933333333,34.7633333333,18.169999999999998,24.814188988082144,4.697631802732653,16.5933333333,0.0,2.202,2.202,0.4568571428571429,0.5221224489795918,0.0,0.0,0.0,0.0,0.0,0.0,0.0,14.0,229.0,215.0,156.5,80.57142857142857,225.0
Li2Pb2Se1.5Te0.75S0.75,600,Li2 Pb2 Se1.5 Te0.75 S0.75,3.0,82.0,79.0,38.857142857142854,27.46938775510204,3.0,1.0,90.0,89.0,61.57142857142857,34.61224489795919,1.0,6.941,207.2,200.259,95.21010714285715,70.93491581632654,6.941,388.36,722.66,334.29999999999995,526.1235714285714,84.67862244897958,453.69,1.0,16.0,15.0,11.142857142857142,5.79591836734694,1.0,2.0,6.0,4.0,4.0,1.3571428571428572,2.0,105.0,146.0,41.0,130.03571428571428,10.82908163265306,128.0,0.98,2.58,1.6,1.9935714285714285,0.5791836734693877,0.98,1.0,2.0,1.0,1.7142857142857142,0.4081632653061225,1.0,0.0,4.0,4.0,2.2857142857142856,1.469387755102041,0.0,0.0,10.0,10.0,6.071428571428571,4.770408163265307,0.0,0.0,14.0,14.0,4.0,5.714285714285714,0.0,1.0,28.0,27.0,14.071428571428571,9.198979591836734,1.0,0.0,1.0,1.0,0.2857142857142857,0.40816326530612246,0.0,0.0,4.0,4.0,2.0,1.1428571428571428,0.0,0.0,0.0,0.0,0.0,0.0,0.0,0.0,0.0,0.0,0.0,0.0,0.0,1.0,4.0,3.0,2.2857142857142856,0.979591836734694,1.0,16.5933333333,34.7633333333,18.169999999999998,24.814188988082144,4.697631802732653,16.5933333333,0.0,2.202,2.202,0.4568571428571429,0.5221224489795918,0.0,0.0,0.0,0.0,0.0,0.0,0.0,14.0,229.0,215.0,156.5,80.57142857142857,225.0
Li2Pb2Se1.5Te0.75S0.75,700,Li2 Pb2 Se1.5 Te0.75 S0.75,3.0,82.0,79.0,38.857142857142854,27.46938775510204,3.0,1.0,90.0,89.0,61.57142857142857,34.61224489795919,1.0,6.941,207.2,200.259,95.21010714285715,70.93491581632654,6.941,388.36,722.66,334.29999999999995,526.1235714285714,84.67862244897958,453.69,1.0,16.0,15.0,11.142857142857142,5.79591836734694,1.0,2.0,6.0,4.0,4.0,1.3571428571428572,2.0,105.0,146.0,41.0,130.03571428571428,10.82908163265306,128.0,0.98,2.58,1.6,1.9935714285714285,0.5791836734693877,0.98,1.0,2.0,1.0,1.7142857142857142,0.4081632653061225,1.0,0.0,4.0,4.0,2.2857142857142856,1.469387755102041,0.0,0.0,10.0,10.0,6.071428571428571,4.770408163265307,0.0,0.0,14.0,14.0,4.0,5.714285714285714,0.0,1.0,28.0,27.0,14.071428571428571,9.198979591836734,1.0,0.0,1.0,1.0,0.2857142857142857,0.40816326530612246,0.0,0.0,4.0,4.0,2.0,1.1428571428571428,0.0,0.0,0.0,0.0,0.0,0.0,0.0,0.0,0.0,0.0,0.0,0.0,0.0,1.0,4.0,3.0,2.2857142857142856,0.979591836734694,1.0,16.5933333333,34.7633333333,18.169999999999998,24.814188988082144,4.697631802732653,16.5933333333,0.0,2.202,2.202,0.4568571428571429,0.5221224489795918,0.0,0.0,0.0,0.0,0.0,0.0,0.0,14.0,229.0,215.0,156.5,80.57142857142857,225.0
Li2Pb2Se1.5Te0.75S0.75,800,Li2 Pb2 Se1.5 Te0.75 S0.75,3.0,82.0,79.0,38.857142857142854,27.46938775510204,3.0,1.0,90.0,89.0,61.57142857142857,34.61224489795919,1.0,6.941,207.2,200.259,95.21010714285715,70.93491581632654,6.941,388.36,722.66,334.29999999999995,526.1235714285714,84.67862244897958,453.69,1.0,16.0,15.0,11.142857142857142,5.79591836734694,1.0,2.0,6.0,4.0,4.0,1.3571428571428572,2.0,105.0,146.0,41.0,130.03571428571428,10.82908163265306,128.0,0.98,2.58,1.6,1.9935714285714285,0.5791836734693877,0.98,1.0,2.0,1.0,1.7142857142857142,0.4081632653061225,1.0,0.0,4.0,4.0,2.2857142857142856,1.469387755102041,0.0,0.0,10.0,10.0,6.071428571428571,4.770408163265307,0.0,0.0,14.0,14.0,4.0,5.714285714285714,0.0,1.0,28.0,27.0,14.071428571428571,9.198979591836734,1.0,0.0,1.0,1.0,0.2857142857142857,0.40816326530612246,0.0,0.0,4.0,4.0,2.0,1.1428571428571428,0.0,0.0,0.0,0.0,0.0,0.0,0.0,0.0,0.0,0.0,0.0,0.0,0.0,1.0,4.0,3.0,2.2857142857142856,0.979591836734694,1.0,16.5933333333,34.7633333333,18.169999999999998,24.814188988082144,4.697631802732653,16.5933333333,0.0,2.202,2.202,0.4568571428571429,0.5221224489795918,0.0,0.0,0.0,0.0,0.0,0.0,0.0,14.0,229.0,215.0,156.5,80.57142857142857,225.0
BaSnS3,300,Ba1 Sn1 S3,16.0,56.0,40.0,30.8,17.76,16.0,9.0,88.0,79.0,70.6,24.640000000000004,88.0,32.065,137.327,105.262,70.4464,46.05768,32.065,388.36,1000.0,611.64,534.0319999999999,186.38719999999995,388.36,2.0,16.0,14.0,12.8,4.319999999999999,16.0,3.0,6.0,3.0,4.0,1.2,3.0,105.0,215.0,110.0,133.8,34.56,105.0,0.89,2.58,1.69,2.118,0.5544,2.58,2.0,2.0,0.0,2.0,0.0,2.0,0.0,4.0,4.0,2.8,1.44,4.0,0.0,10.0,10.0,2.0,3.2,0.0,0.0,0.0,0.0,0.0,0.0,0.0,2.0,14.0,12.0,6.8,2.88,6.0,0.0,0.0,0.0,0.0,0.0,0.0,0.0,4.0,4.0,2.0,0.8,2.0,0.0,0.0,0.0,0.0,0.0,0.0,0.0,0.0,0.0,0.0,0.0,0.0,0.0,4.0,4.0,2.0,0.8,2.0,25.786875,63.59,37.80312500000001,34.847125,11.497150000000001,25.786875,0.0,2.202,2.202,1.3212,1.0569600000000001,2.202,0.0,0.0,0.0,0.0,0.0,0.0,70.0,229.0,159.0,116.0,55.2,70.0
BaSnS3,375,Ba1 Sn1 S3,16.0,56.0,40.0,30.8,17.76,16.0,9.0,88.0,79.0,70.6,24.640000000000004,88.0,32.065,137.327,105.262,70.4464,46.05768,32.065,388.36,1000.0,611.64,534.0319999999999,186.38719999999995,388.36,2.0,16.0,14.0,12.8,4.319999999999999,16.0,3.0,6.0,3.0,4.0,1.2,3.0,105.0,215.0,110.0,133.8,34.56,105.0,0.89,2.58,1.69,2.118,0.5544,2.58,2.0,2.0,0.0,2.0,0.0,2.0,0.0,4.0,4.0,2.8,1.44,4.0,0.0,10.0,10.0,2.0,3.2,0.0,0.0,0.0,0.0,0.0,0.0,0.0,2.0,14.0,12.0,6.8,2.88,6.0,0.0,0.0,0.0,0.0,0.0,0.0,0.0,4.0,4.0,2.0,0.8,2.0,0.0,0.0,0.0,0.0,0.0,0.0,0.0,0.0,0.0,0.0,0.0,0.0,0.0,4.0,4.0,2.0,0.8,2.0,25.786875,63.59,37.80312500000001,34.847125,11.497150000000001,25.786875,0.0,2.202,2.202,1.3212,1.0569600000000001,2.202,0.0,0.0,0.0,0.0,0.0,0.0,70.0,229.0,159.0,116.0,55.2,70.0
BaSnS3,450,Ba1 Sn1 S3,16.0,56.0,40.0,30.8,17.76,16.0,9.0,88.0,79.0,70.6,24.640000000000004,88.0,32.065,137.327,105.262,70.4464,46.05768,32.065,388.36,1000.0,611.64,534.0319999999999,186.38719999999995,388.36,2.0,16.0,14.0,12.8,4.319999999999999,16.0,3.0,6.0,3.0,4.0,1.2,3.0,105.0,215.0,110.0,133.8,34.56,105.0,0.89,2.58,1.69,2.118,0.5544,2.58,2.0,2.0,0.0,2.0,0.0,2.0,0.0,4.0,4.0,2.8,1.44,4.0,0.0,10.0,10.0,2.0,3.2,0.0,0.0,0.0,0.0,0.0,0.0,0.0,2.0,14.0,12.0,6.8,2.88,6.0,0.0,0.0,0.0,0.0,0.0,0.0,0.0,4.0,4.0,2.0,0.8,2.0,0.0,0.0,0.0,0.0,0.0,0.0,0.0,0.0,0.0,0.0,0.0,0.0,0.0,4.0,4.0,2.0,0.8,2.0,25.786875,63.59,37.80312500000001,34.847125,11.497150000000001,25.786875,0.0,2.202,2.202,1.3212,1.0569600000000001,2.202,0.0,0.0,0.0,0.0,0.0,0.0,70.0,229.0,159.0,116.0,55.2,70.0
BaSnS3,525,Ba1 Sn1 S3,16.0,56.0,40.0,30.8,17.76,16.0,9.0,88.0,79.0,70.6,24.640000000000004,88.0,32.065,137.327,105.262,70.4464,46.05768,32.065,388.36,1000.0,611.64,534.0319999999999,186.38719999999995,388.36,2.0,16.0,14.0,12.8,4.319999999999999,16.0,3.0,6.0,3.0,4.0,1.2,3.0,105.0,215.0,110.0,133.8,34.56,105.0,0.89,2.58,1.69,2.118,0.5544,2.58,2.0,2.0,0.0,2.0,0.0,2.0,0.0,4.0,4.0,2.8,1.44,4.0,0.0,10.0,10.0,2.0,3.2,0.0,0.0,0.0,0.0,0.0,0.0,0.0,2.0,14.0,12.0,6.8,2.88,6.0,0.0,0.0,0.0,0.0,0.0,0.0,0.0,4.0,4.0,2.0,0.8,2.0,0.0,0.0,0.0,0.0,0.0,0.0,0.0,0.0,0.0,0.0,0.0,0.0,0.0,4.0,4.0,2.0,0.8,2.0,25.786875,63.59,37.80312500000001,34.847125,11.497150000000001,25.786875,0.0,2.202,2.202,1.3212,1.0569600000000001,2.202,0.0,0.0,0.0,0.0,0.0,0.0,70.0,229.0,159.0,116.0,55.2,70.0
BaSnS3,600,Ba1 Sn1 S3,16.0,56.0,40.0,30.8,17.76,16.0,9.0,88.0,79.0,70.6,24.640000000000004,88.0,32.065,137.327,105.262,70.4464,46.05768,32.065,388.36,1000.0,611.64,534.0319999999999,186.38719999999995,388.36,2.0,16.0,14.0,12.8,4.319999999999999,16.0,3.0,6.0,3.0,4.0,1.2,3.0,105.0,215.0,110.0,133.8,34.56,105.0,0.89,2.58,1.69,2.118,0.5544,2.58,2.0,2.0,0.0,2.0,0.0,2.0,0.0,4.0,4.0,2.8,1.44,4.0,0.0,10.0,10.0,2.0,3.2,0.0,0.0,0.0,0.0,0.0,0.0,0.0,2.0,14.0,12.0,6.8,2.88,6.0,0.0,0.0,0.0,0.0,0.0,0.0,0.0,4.0,4.0,2.0,0.8,2.0,0.0,0.0,0.0,0.0,0.0,0.0,0.0,0.0,0.0,0.0,0.0,0.0,0.0,4.0,4.0,2.0,0.8,2.0,25.786875,63.59,37.80312500000001,34.847125,11.497150000000001,25.786875,0.0,2.202,2.202,1.3212,1.0569600000000001,2.202,0.0,0.0,0.0,0.0,0.0,0.0,70.0,229.0,159.0,116.0,55.2,70.0
BaSnS3,675,Ba1 Sn1 S3,16.0,56.0,40.0,30.8,17.76,16.0,9.0,88.0,79.0,70.6,24.640000000000004,88.0,32.065,137.327,105.262,70.4464,46.05768,32.065,388.36,1000.0,611.64,534.0319999999999,186.38719999999995,388.36,2.0,16.0,14.0,12.8,4.319999999999999,16.0,3.0,6.0,3.0,4.0,1.2,3.0,105.0,215.0,110.0,133.8,34.56,105.0,0.89,2.58,1.69,2.118,0.5544,2.58,2.0,2.0,0.0,2.0,0.0,2.0,0.0,4.0,4.0,2.8,1.44,4.0,0.0,10.0,10.0,2.0,3.2,0.0,0.0,0.0,0.0,0.0,0.0,0.0,2.0,14.0,12.0,6.8,2.88,6.0,0.0,0.0,0.0,0.0,0.0,0.0,0.0,4.0,4.0,2.0,0.8,2.0,0.0,0.0,0.0,0.0,0.0,0.0,0.0,0.0,0.0,0.0,0.0,0.0,0.0,4.0,4.0,2.0,0.8,2.0,25.786875,63.59,37.80312500000001,34.847125,11.497150000000001,25.786875,0.0,2.202,2.202,1.3212,1.0569600000000001,2.202,0.0,0.0,0.0,0.0,0.0,0.0,70.0,229.0,159.0,116.0,55.2,70.0
BaSnS3,750,Ba1 Sn1 S3,16.0,56.0,40.0,30.8,17.76,16.0,9.0,88.0,79.0,70.6,24.640000000000004,88.0,32.065,137.327,105.262,70.4464,46.05768,32.065,388.36,1000.0,611.64,534.0319999999999,186.38719999999995,388.36,2.0,16.0,14.0,12.8,4.319999999999999,16.0,3.0,6.0,3.0,4.0,1.2,3.0,105.0,215.0,110.0,133.8,34.56,105.0,0.89,2.58,1.69,2.118,0.5544,2.58,2.0,2.0,0.0,2.0,0.0,2.0,0.0,4.0,4.0,2.8,1.44,4.0,0.0,10.0,10.0,2.0,3.2,0.0,0.0,0.0,0.0,0.0,0.0,0.0,2.0,14.0,12.0,6.8,2.88,6.0,0.0,0.0,0.0,0.0,0.0,0.0,0.0,4.0,4.0,2.0,0.8,2.0,0.0,0.0,0.0,0.0,0.0,0.0,0.0,0.0,0.0,0.0,0.0,0.0,0.0,4.0,4.0,2.0,0.8,2.0,25.786875,63.59,37.80312500000001,34.847125,11.497150000000001,25.786875,0.0,2.202,2.202,1.3212,1.0569600000000001,2.202,0.0,0.0,0.0,0.0,0.0,0.0,70.0,229.0,159.0,116.0,55.2,70.0
BaSnS3,825,Ba1 Sn1 S3,16.0,56.0,40.0,30.8,17.76,16.0,9.0,88.0,79.0,70.6,24.640000000000004,88.0,32.065,137.327,105.262,70.4464,46.05768,32.065,388.36,1000.0,611.64,534.0319999999999,186.38719999999995,388.36,2.0,16.0,14.0,12.8,4.319999999999999,16.0,3.0,6.0,3.0,4.0,1.2,3.0,105.0,215.0,110.0,133.8,34.56,105.0,0.89,2.58,1.69,2.118,0.5544,2.58,2.0,2.0,0.0,2.0,0.0,2.0,0.0,4.0,4.0,2.8,1.44,4.0,0.0,10.0,10.0,2.0,3.2,0.0,0.0,0.0,0.0,0.0,0.0,0.0,2.0,14.0,12.0,6.8,2.88,6.0,0.0,0.0,0.0,0.0,0.0,0.0,0.0,4.0,4.0,2.0,0.8,2.0,0.0,0.0,0.0,0.0,0.0,0.0,0.0,0.0,0.0,0.0,0.0,0.0,0.0,4.0,4.0,2.0,0.8,2.0,25.786875,63.59,37.80312500000001,34.847125,11.497150000000001,25.786875,0.0,2.202,2.202,1.3212,1.0569600000000001,2.202,0.0,0.0,0.0,0.0,0.0,0.0,70.0,229.0,159.0,116.0,55.2,70.0
BaSnS3,900,Ba1 Sn1 S3,16.0,56.0,40.0,30.8,17.76,16.0,9.0,88.0,79.0,70.6,24.640000000000004,88.0,32.065,137.327,105.262,70.4464,46.05768,32.065,388.36,1000.0,611.64,534.0319999999999,186.38719999999995,388.36,2.0,16.0,14.0,12.8,4.319999999999999,16.0,3.0,6.0,3.0,4.0,1.2,3.0,105.0,215.0,110.0,133.8,34.56,105.0,0.89,2.58,1.69,2.118,0.5544,2.58,2.0,2.0,0.0,2.0,0.0,2.0,0.0,4.0,4.0,2.8,1.44,4.0,0.0,10.0,10.0,2.0,3.2,0.0,0.0,0.0,0.0,0.0,0.0,0.0,2.0,14.0,12.0,6.8,2.88,6.0,0.0,0.0,0.0,0.0,0.0,0.0,0.0,4.0,4.0,2.0,0.8,2.0,0.0,0.0,0.0,0.0,0.0,0.0,0.0,0.0,0.0,0.0,0.0,0.0,0.0,4.0,4.0,2.0,0.8,2.0,25.786875,63.59,37.80312500000001,34.847125,11.497150000000001,25.786875,0.0,2.202,2.202,1.3212,1.0569600000000001,2.202,0.0,0.0,0.0,0.0,0.0,0.0,70.0,229.0,159.0,116.0,55.2,70.0
SrSnS3,300,Sr1 Sn1 S3,16.0,50.0,34.0,27.2,13.439999999999998,16.0,8.0,88.0,80.0,70.4,24.959999999999997,88.0,32.065,118.71,86.645,60.504999999999995,34.128,32.065,388.36,1050.0,661.64,544.0319999999999,202.38719999999995,388.36,2.0,16.0,14.0,12.8,4.319999999999999,16.0,3.0,5.0,2.0,3.8,0.96,3.0,105.0,195.0,90.0,129.8,29.76,105.0,0.95,2.58,1.6300000000000001,2.13,0.54,2.58,2.0,2.0,0.0,2.0,0.0,2.0,0.0,4.0,4.0,2.8,1.44,4.0,0.0,10.0,10.0,2.0,3.2,0.0,0.0,0.0,0.0,0.0,0.0,0.0,2.0,14.0,12.0,6.8,2.88,6.0,0.0,0.0,0.0,0.0,0.0,0.0,0.0,4.0,4.0,2.0,0.8,2.0,0.0,0.0,0.0,0.0,0.0,0.0,0.0,0.0,0.0,0.0,0.0,0.0,0.0,4.0,4.0,2.0,0.8,2.0,25.786875,54.23,28.443125,32.975125,8.625899999999998,25.786875,0.0,2.202,2.202,1.3212,1.0569600000000001,2.202,0.0,0.0,0.0,0.0,0.0,0.0,70.0,225.0,155.0,115.2,54.24000000000001,70.0
SrSnS3,375,Sr1 Sn1 S3,16.0,50.0,34.0,27.2,13.439999999999998,16.0,8.0,88.0,80.0,70.4,24.959999999999997,88.0,32.065,118.71,86.645,60.504999999999995,34.128,32.065,388.36,1050.0,661.64,544.0319999999999,202.38719999999995,388.36,2.0,16.0,14.0,12.8,4.319999999999999,16.0,3.0,5.0,2.0,3.8,0.96,3.0,105.0,195.0,90.0,129.8,29.76,105.0,0.95,2.58,1.6300000000000001,2.13,0.54,2.58,2.0,2.0,0.0,2.0,0.0,2.0,0.0,4.0,4.0,2.8,1.44,4.0,0.0,10.0,10.0,2.0,3.2,0.0,0.0,0.0,0.0,0.0,0.0,0.0,2.0,14.0,12.0,6.8,2.88,6.0,0.0,0.0,0.0,0.0,0.0,0.0,0.0,4.0,4.0,2.0,0.8,2.0,0.0,0.0,0.0,0.0,0.0,0.0,0.0,0.0,0.0,0.0,0.0,0.0,0.0,4.0,4.0,2.0,0.8,2.0,25.786875,54.23,28.443125,32.975125,8.625899999999998,25.786875,0.0,2.202,2.202,1.3212,1.0569600000000001,2.202,0.0,0.0,0.0,0.0,0.0,0.0,70.0,225.0,155.0,115.2,54.24000000000001,70.0
SrSnS3,450,Sr1 Sn1 S3,16.0,50.0,34.0,27.2,13.439999999999998,16.0,8.0,88.0,80.0,70.4,24.959999999999997,88.0,32.065,118.71,86.645,60.504999999999995,34.128,32.065,388.36,1050.0,661.64,544.0319999999999,202.38719999999995,388.36,2.0,16.0,14.0,12.8,4.319999999999999,16.0,3.0,5.0,2.0,3.8,0.96,3.0,105.0,195.0,90.0,129.8,29.76,105.0,0.95,2.58,1.6300000000000001,2.13,0.54,2.58,2.0,2.0,0.0,2.0,0.0,2.0,0.0,4.0,4.0,2.8,1.44,4.0,0.0,10.0,10.0,2.0,3.2,0.0,0.0,0.0,0.0,0.0,0.0,0.0,2.0,14.0,12.0,6.8,2.88,6.0,0.0,0.0,0.0,0.0,0.0,0.0,0.0,4.0,4.0,2.0,0.8,2.0,0.0,0.0,0.0,0.0,0.0,0.0,0.0,0.0,0.0,0.0,0.0,0.0,0.0,4.0,4.0,2.0,0.8,2.0,25.786875,54.23,28.443125,32.975125,8.625899999999998,25.786875,0.0,2.202,2.202,1.3212,1.0569600000000001,2.202,0.0,0.0,0.0,0.0,0.0,0.0,70.0,225.0,155.0,115.2,54.24000000000001,70.0
SrSnS3,525,Sr1 Sn1 S3,16.0,50.0,34.0,27.2,13.439999999999998,16.0,8.0,88.0,80.0,70.4,24.959999999999997,88.0,32.065,118.71,86.645,60.504999999999995,34.128,32.065,388.36,1050.0,661.64,544.0319999999999,202.38719999999995,388.36,2.0,16.0,14.0,12.8,4.319999999999999,16.0,3.0,5.0,2.0,3.8,0.96,3.0,105.0,195.0,90.0,129.8,29.76,105.0,0.95,2.58,1.6300000000000001,2.13,0.54,2.58,2.0,2.0,0.0,2.0,0.0,2.0,0.0,4.0,4.0,2.8,1.44,4.0,0.0,10.0,10.0,2.0,3.2,0.0,0.0,0.0,0.0,0.0,0.0,0.0,2.0,14.0,12.0,6.8,2.88,6.0,0.0,0.0,0.0,0.0,0.0,0.0,0.0,4.0,4.0,2.0,0.8,2.0,0.0,0.0,0.0,0.0,0.0,0.0,0.0,0.0,0.0,0.0,0.0,0.0,0.0,4.0,4.0,2.0,0.8,2.0,25.786875,54.23,28.443125,32.975125,8.625899999999998,25.786875,0.0,2.202,2.202,1.3212,1.0569600000000001,2.202,0.0,0.0,0.0,0.0,0.0,0.0,70.0,225.0,155.0,115.2,54.24000000000001,70.0
SrSnS3,600,Sr1 Sn1 S3,16.0,50.0,34.0,27.2,13.439999999999998,16.0,8.0,88.0,80.0,70.4,24.959999999999997,88.0,32.065,118.71,86.645,60.504999999999995,34.128,32.065,388.36,1050.0,661.64,544.0319999999999,202.38719999999995,388.36,2.0,16.0,14.0,12.8,4.319999999999999,16.0,3.0,5.0,2.0,3.8,0.96,3.0,105.0,195.0,90.0,129.8,29.76,105.0,0.95,2.58,1.6300000000000001,2.13,0.54,2.58,2.0,2.0,0.0,2.0,0.0,2.0,0.0,4.0,4.0,2.8,1.44,4.0,0.0,10.0,10.0,2.0,3.2,0.0,0.0,0.0,0.0,0.0,0.0,0.0,2.0,14.0,12.0,6.8,2.88,6.0,0.0,0.0,0.0,0.0,0.0,0.0,0.0,4.0,4.0,2.0,0.8,2.0,0.0,0.0,0.0,0.0,0.0,0.0,0.0,0.0,0.0,0.0,0.0,0.0,0.0,4.0,4.0,2.0,0.8,2.0,25.786875,54.23,28.443125,32.975125,8.625899999999998,25.786875,0.0,2.202,2.202,1.3212,1.0569600000000001,2.202,0.0,0.0,0.0,0.0,0.0,0.0,70.0,225.0,155.0,115.2,54.24000000000001,70.0
SrSnS3,675,Sr1 Sn1 S3,16.0,50.0,34.0,27.2,13.439999999999998,16.0,8.0,88.0,80.0,70.4,24.959999999999997,88.0,32.065,118.71,86.645,60.504999999999995,34.128,32.065,388.36,1050.0,661.64,544.0319999999999,202.38719999999995,388.36,2.0,16.0,14.0,12.8,4.319999999999999,16.0,3.0,5.0,2.0,3.8,0.96,3.0,105.0,195.0,90.0,129.8,29.76,105.0,0.95,2.58,1.6300000000000001,2.13,0.54,2.58,2.0,2.0,0.0,2.0,0.0,2.0,0.0,4.0,4.0,2.8,1.44,4.0,0.0,10.0,10.0,2.0,3.2,0.0,0.0,0.0,0.0,0.0,0.0,0.0,2.0,14.0,12.0,6.8,2.88,6.0,0.0,0.0,0.0,0.0,0.0,0.0,0.0,4.0,4.0,2.0,0.8,2.0,0.0,0.0,0.0,0.0,0.0,0.0,0.0,0.0,0.0,0.0,0.0,0.0,0.0,4.0,4.0,2.0,0.8,2.0,25.786875,54.23,28.443125,32.975125,8.625899999999998,25.786875,0.0,2.202,2.202,1.3212,1.0569600000000001,2.202,0.0,0.0,0.0,0.0,0.0,0.0,70.0,225.0,155.0,115.2,54.24000000000001,70.0
SrSnS3,750,Sr1 Sn1 S3,16.0,50.0,34.0,27.2,13.439999999999998,16.0,8.0,88.0,80.0,70.4,24.959999999999997,88.0,32.065,118.71,86.645,60.504999999999995,34.128,32.065,388.36,1050.0,661.64,544.0319999999999,202.38719999999995,388.36,2.0,16.0,14.0,12.8,4.319999999999999,16.0,3.0,5.0,2.0,3.8,0.96,3.0,105.0,195.0,90.0,129.8,29.76,105.0,0.95,2.58,1.6300000000000001,2.13,0.54,2.58,2.0,2.0,0.0,2.0,0.0,2.0,0.0,4.0,4.0,2.8,1.44,4.0,0.0,10.0,10.0,2.0,3.2,0.0,0.0,0.0,0.0,0.0,0.0,0.0,2.0,14.0,12.0,6.8,2.88,6.0,0.0,0.0,0.0,0.0,0.0,0.0,0.0,4.0,4.0,2.0,0.8,2.0,0.0,0.0,0.0,0.0,0.0,0.0,0.0,0.0,0.0,0.0,0.0,0.0,0.0,4.0,4.0,2.0,0.8,2.0,25.786875,54.23,28.443125,32.975125,8.625899999999998,25.786875,0.0,2.202,2.202,1.3212,1.0569600000000001,2.202,0.0,0.0,0.0,0.0,0.0,0.0,70.0,225.0,155.0,115.2,54.24000000000001,70.0
SrSnS3,825,Sr1 Sn1 S3,16.0,50.0,34.0,27.2,13.439999999999998,16.0,8.0,88.0,80.0,70.4,24.959999999999997,88.0,32.065,118.71,86.645,60.504999999999995,34.128,32.065,388.36,1050.0,661.64,544.0319999999999,202.38719999999995,388.36,2.0,16.0,14.0,12.8,4.319999999999999,16.0,3.0,5.0,2.0,3.8,0.96,3.0,105.0,195.0,90.0,129.8,29.76,105.0,0.95,2.58,1.6300000000000001,2.13,0.54,2.58,2.0,2.0,0.0,2.0,0.0,2.0,0.0,4.0,4.0,2.8,1.44,4.0,0.0,10.0,10.0,2.0,3.2,0.0,0.0,0.0,0.0,0.0,0.0,0.0,2.0,14.0,12.0,6.8,2.88,6.0,0.0,0.0,0.0,0.0,0.0,0.0,0.0,4.0,4.0,2.0,0.8,2.0,0.0,0.0,0.0,0.0,0.0,0.0,0.0,0.0,0.0,0.0,0.0,0.0,0.0,4.0,4.0,2.0,0.8,2.0,25.786875,54.23,28.443125,32.975125,8.625899999999998,25.786875,0.0,2.202,2.202,1.3212,1.0569600000000001,2.202,0.0,0.0,0.0,0.0,0.0,0.0,70.0,225.0,155.0,115.2,54.24000000000001,70.0
SrSnS3,900,Sr1 Sn1 S3,16.0,50.0,34.0,27.2,13.439999999999998,16.0,8.0,88.0,80.0,70.4,24.959999999999997,88.0,32.065,118.71,86.645,60.504999999999995,34.128,32.065,388.36,1050.0,661.64,544.0319999999999,202.38719999999995,388.36,2.0,16.0,14.0,12.8,4.319999999999999,16.0,3.0,5.0,2.0,3.8,0.96,3.0,105.0,195.0,90.0,129.8,29.76,105.0,0.95,2.58,1.6300000000000001,2.13,0.54,2.58,2.0,2.0,0.0,2.0,0.0,2.0,0.0,4.0,4.0,2.8,1.44,4.0,0.0,10.0,10.0,2.0,3.2,0.0,0.0,0.0,0.0,0.0,0.0,0.0,2.0,14.0,12.0,6.8,2.88,6.0,0.0,0.0,0.0,0.0,0.0,0.0,0.0,4.0,4.0,2.0,0.8,2.0,0.0,0.0,0.0,0.0,0.0,0.0,0.0,0.0,0.0,0.0,0.0,0.0,0.0,4.0,4.0,2.0,0.8,2.0,25.786875,54.23,28.443125,32.975125,8.625899999999998,25.786875,0.0,2.202,2.202,1.3212,1.0569600000000001,2.202,0.0,0.0,0.0,0.0,0.0,0.0,70.0,225.0,155.0,115.2,54.24000000000001,70.0
PbS,300,Pb1 S1,16.0,82.0,66.0,49.0,33.0,16.0,81.0,88.0,7.0,84.5,3.5,81.0,32.065,207.2,175.135,119.6325,87.5675,32.065,388.36,600.61,212.25,494.485,106.125,388.36,14.0,16.0,2.0,15.0,1.0,14.0,3.0,6.0,3.0,4.5,1.5,3.0,105.0,146.0,41.0,125.5,20.5,105.0,2.33,2.58,0.25,2.455,0.125,2.33,2.0,2.0,0.0,2.0,0.0,2.0,2.0,4.0,2.0,3.0,1.0,2.0,0.0,10.0,10.0,5.0,5.0,0.0,0.0,14.0,14.0,7.0,7.0,0.0,6.0,28.0,22.0,17.0,11.0,6.0,0.0,0.0,0.0,0.0,0.0,0.0,2.0,4.0,2.0,3.0,1.0,2.0,0.0,0.0,0.0,0.0,0.0,0.0,0.0,0.0,0.0,0.0,0.0,0.0,2.0,4.0,2.0,3.0,1.0,2.0,25.786875,28.11,2.323125000000001,26.948437499999997,1.1615625000000005,25.786875,0.0,2.202,2.202,1.101,1.101,0.0,0.0,0.0,0.0,0.0,0.0,0.0,70.0,225.0,155.0,147.5,77.5,70.0
PbS,400,Pb1 S1,16.0,82.0,66.0,49.0,33.0,16.0,81.0,88.0,7.0,84.5,3.5,81.0,32.065,207.2,175.135,119.6325,87.5675,32.065,388.36,600.61,212.25,494.485,106.125,388.36,14.0,16.0,2.0,15.0,1.0,14.0,3.0,6.0,3.0,4.5,1.5,3.0,105.0,146.0,41.0,125.5,20.5,105.0,2.33,2.58,0.25,2.455,0.125,2.33,2.0,2.0,0.0,2.0,0.0,2.0,2.0,4.0,2.0,3.0,1.0,2.0,0.0,10.0,10.0,5.0,5.0,0.0,0.0,14.0,14.0,7.0,7.0,0.0,6.0,28.0,22.0,17.0,11.0,6.0,0.0,0.0,0.0,0.0,0.0,0.0,2.0,4.0,2.0,3.0,1.0,2.0,0.0,0.0,0.0,0.0,0.0,0.0,0.0,0.0,0.0,0.0,0.0,0.0,2.0,4.0,2.0,3.0,1.0,2.0,25.786875,28.11,2.323125000000001,26.948437499999997,1.1615625000000005,25.786875,0.0,2.202,2.202,1.101,1.101,0.0,0.0,0.0,0.0,0.0,0.0,0.0,70.0,225.0,155.0,147.5,77.5,70.0
PbS,500,Pb1 S1,16.0,82.0,66.0,49.0,33.0,16.0,81.0,88.0,7.0,84.5,3.5,81.0,32.065,207.2,175.135,119.6325,87.5675,32.065,388.36,600.61,212.25,494.485,106.125,388.36,14.0,16.0,2.0,15.0,1.0,14.0,3.0,6.0,3.0,4.5,1.5,3.0,105.0,146.0,41.0,125.5,20.5,105.0,2.33,2.58,0.25,2.455,0.125,2.33,2.0,2.0,0.0,2.0,0.0,2.0,2.0,4.0,2.0,3.0,1.0,2.0,0.0,10.0,10.0,5.0,5.0,0.0,0.0,14.0,14.0,7.0,7.0,0.0,6.0,28.0,22.0,17.0,11.0,6.0,0.0,0.0,0.0,0.0,0.0,0.0,2.0,4.0,2.0,3.0,1.0,2.0,0.0,0.0,0.0,0.0,0.0,0.0,0.0,0.0,0.0,0.0,0.0,0.0,2.0,4.0,2.0,3.0,1.0,2.0,25.786875,28.11,2.323125000000001,26.948437499999997,1.1615625000000005,25.786875,0.0,2.202,2.202,1.101,1.101,0.0,0.0,0.0,0.0,0.0,0.0,0.0,70.0,225.0,155.0,147.5,77.5,70.0
PbS,600,Pb1 S1,16.0,82.0,66.0,49.0,33.0,16.0,81.0,88.0,7.0,84.5,3.5,81.0,32.065,207.2,175.135,119.6325,87.5675,32.065,388.36,600.61,212.25,494.485,106.125,388.36,14.0,16.0,2.0,15.0,1.0,14.0,3.0,6.0,3.0,4.5,1.5,3.0,105.0,146.0,41.0,125.5,20.5,105.0,2.33,2.58,0.25,2.455,0.125,2.33,2.0,2.0,0.0,2.0,0.0,2.0,2.0,4.0,2.0,3.0,1.0,2.0,0.0,10.0,10.0,5.0,5.0,0.0,0.0,14.0,14.0,7.0,7.0,0.0,6.0,28.0,22.0,17.0,11.0,6.0,0.0,0.0,0.0,0.0,0.0,0.0,2.0,4.0,2.0,3.0,1.0,2.0,0.0,0.0,0.0,0.0,0.0,0.0,0.0,0.0,0.0,0.0,0.0,0.0,2.0,4.0,2.0,3.0,1.0,2.0,25.786875,28.11,2.323125000000001,26.948437499999997,1.1615625000000005,25.786875,0.0,2.202,2.202,1.101,1.101,0.0,0.0,0.0,0.0,0.0,0.0,0.0,70.0,225.0,155.0,147.5,77.5,70.0
PbS,700,Pb1 S1,16.0,82.0,66.0,49.0,33.0,16.0,81.0,88.0,7.0,84.5,3.5,81.0,32.065,207.2,175.135,119.6325,87.5675,32.065,388.36,600.61,212.25,494.485,106.125,388.36,14.0,16.0,2.0,15.0,1.0,14.0,3.0,6.0,3.0,4.5,1.5,3.0,105.0,146.0,41.0,125.5,20.5,105.0,2.33,2.58,0.25,2.455,0.125,2.33,2.0,2.0,0.0,2.0,0.0,2.0,2.0,4.0,2.0,3.0,1.0,2.0,0.0,10.0,10.0,5.0,5.0,0.0,0.0,14.0,14.0,7.0,7.0,0.0,6.0,28.0,22.0,17.0,11.0,6.0,0.0,0.0,0.0,0.0,0.0,0.0,2.0,4.0,2.0,3.0,1.0,2.0,0.0,0.0,0.0,0.0,0.0,0.0,0.0,0.0,0.0,0.0,0.0,0.0,2.0,4.0,2.0,3.0,1.0,2.0,25.786875,28.11,2.323125000000001,26.948437499999997,1.1615625000000005,25.786875,0.0,2.202,2.202,1.101,1.101,0.0,0.0,0.0,0.0,0.0,0.0,0.0,70.0,225.0,155.0,147.5,77.5,70.0
PbS,800,Pb1 S1,16.0,82.0,66.0,49.0,33.0,16.0,81.0,88.0,7.0,84.5,3.5,81.0,32.065,207.2,175.135,119.6325,87.5675,32.065,388.36,600.61,212.25,494.485,106.125,388.36,14.0,16.0,2.0,15.0,1.0,14.0,3.0,6.0,3.0,4.5,1.5,3.0,105.0,146.0,41.0,125.5,20.5,105.0,2.33,2.58,0.25,2.455,0.125,2.33,2.0,2.0,0.0,2.0,0.0,2.0,2.0,4.0,2.0,3.0,1.0,2.0,0.0,10.0,10.0,5.0,5.0,0.0,0.0,14.0,14.0,7.0,7.0,0.0,6.0,28.0,22.0,17.0,11.0,6.0,0.0,0.0,0.0,0.0,0.0,0.0,2.0,4.0,2.0,3.0,1.0,2.0,0.0,0.0,0.0,0.0,0.0,0.0,0.0,0.0,0.0,0.0,0.0,0.0,2.0,4.0,2.0,3.0,1.0,2.0,25.786875,28.11,2.323125000000001,26.948437499999997,1.1615625000000005,25.786875,0.0,2.202,2.202,1.101,1.101,0.0,0.0,0.0,0.0,0.0,0.0,0.0,70.0,225.0,155.0,147.5,77.5,70.0
Ga2I2S2,300,Ga2 I2 S2,16.0,53.0,37.0,33.333333333333336,13.111111111111112,16.0,74.0,96.0,22.0,86.0,8.0,74.0,32.065,126.90447,94.83947,76.23082333333333,33.782431111111116,32.065,302.91,388.36,85.44999999999999,359.3733333333333,37.642222222222244,302.91,13.0,17.0,4.0,15.333333333333334,1.5555555555555554,13.0,3.0,5.0,2.0,4.0,0.6666666666666666,3.0,105.0,139.0,34.0,122.0,11.333333333333334,105.0,1.81,2.66,0.8500000000000001,2.35,0.36000000000000004,1.81,2.0,2.0,0.0,2.0,0.0,2.0,1.0,5.0,4.0,3.3333333333333335,1.5555555555555554,1.0,0.0,10.0,10.0,6.666666666666667,4.444444444444444,0.0,0.0,0.0,0.0,0.0,0.0,0.0,6.0,17.0,11.0,12.0,4.0,6.0,0.0,0.0,0.0,0.0,0.0,0.0,1.0,5.0,4.0,2.6666666666666665,1.5555555555555554,1.0,0.0,0.0,0.0,0.0,0.0,0.0,0.0,0.0,0.0,0.0,0.0,0.0,1.0,5.0,4.0,2.6666666666666665,1.5555555555555554,1.0,18.8575,43.015,24.1575,29.219791666666666,9.196805555555555,18.8575,0.0,2.202,2.202,1.088,0.7426666666666666,0.0,0.0,0.0,0.0,0.0,0.0,0.0,64.0,70.0,6.0,66.0,2.6666666666666665,64.0
Ga2I2S2,350,Ga2 I2 S2,16.0,53.0,37.0,33.333333333333336,13.111111111111112,16.0,74.0,96.0,22.0,86.0,8.0,74.0,32.065,126.90447,94.83947,76.23082333333333,33.782431111111116,32.065,302.91,388.36,85.44999999999999,359.3733333333333,37.642222222222244,302.91,13.0,17.0,4.0,15.333333333333334,1.5555555555555554,13.0,3.0,5.0,2.0,4.0,0.6666666666666666,3.0,105.0,139.0,34.0,122.0,11.333333333333334,105.0,1.81,2.66,0.8500000000000001,2.35,0.36000000000000004,1.81,2.0,2.0,0.0,2.0,0.0,2.0,1.0,5.0,4.0,3.3333333333333335,1.5555555555555554,1.0,0.0,10.0,10.0,6.666666666666667,4.444444444444444,0.0,0.0,0.0,0.0,0.0,0.0,0.0,6.0,17.0,11.0,12.0,4.0,6.0,0.0,0.0,0.0,0.0,0.0,0.0,1.0,5.0,4.0,2.6666666666666665,1.5555555555555554,1.0,0.0,0.0,0.0,0.0,0.0,0.0,0.0,0.0,0.0,0.0,0.0,0.0,1.0,5.0,4.0,2.6666666666666665,1.5555555555555554,1.0,18.8575,43.015,24.1575,29.219791666666666,9.196805555555555,18.8575,0.0,2.202,2.202,1.088,0.7426666666666666,0.0,0.0,0.0,0.0,0.0,0.0,0.0,64.0,70.0,6.0,66.0,2.6666666666666665,64.0
Ga2I2S2,400,Ga2 I2 S2,16.0,53.0,37.0,33.333333333333336,13.111111111111112,16.0,74.0,96.0,22.0,86.0,8.0,74.0,32.065,126.90447,94.83947,76.23082333333333,33.782431111111116,32.065,302.91,388.36,85.44999999999999,359.3733333333333,37.642222222222244,302.91,13.0,17.0,4.0,15.333333333333334,1.5555555555555554,13.0,3.0,5.0,2.0,4.0,0.6666666666666666,3.0,105.0,139.0,34.0,122.0,11.333333333333334,105.0,1.81,2.66,0.8500000000000001,2.35,0.36000000000000004,1.81,2.0,2.0,0.0,2.0,0.0,2.0,1.0,5.0,4.0,3.3333333333333335,1.5555555555555554,1.0,0.0,10.0,10.0,6.666666666666667,4.444444444444444,0.0,0.0,0.0,0.0,0.0,0.0,0.0,6.0,17.0,11.0,12.0,4.0,6.0,0.0,0.0,0.0,0.0,0.0,0.0,1.0,5.0,4.0,2.6666666666666665,1.5555555555555554,1.0,0.0,0.0,0.0,0.0,0.0,0.0,0.0,0.0,0.0,0.0,0.0,0.0,1.0,5.0,4.0,2.6666666666666665,1.5555555555555554,1.0,18.8575,43.015,24.1575,29.219791666666666,9.196805555555555,18.8575,0.0,2.202,2.202,1.088,0.7426666666666666,0.0,0.0,0.0,0.0,0.0,0.0,0.0,64.0,70.0,6.0,66.0,2.6666666666666665,64.0
Ga2I2S2,450,Ga2 I2 S2,16.0,53.0,37.0,33.333333333333336,13.111111111111112,16.0,74.0,96.0,22.0,86.0,8.0,74.0,32.065,126.90447,94.83947,76.23082333333333,33.782431111111116,32.065,302.91,388.36,85.44999999999999,359.3733333333333,37.642222222222244,302.91,13.0,17.0,4.0,15.333333333333334,1.5555555555555554,13.0,3.0,5.0,2.0,4.0,0.6666666666666666,3.0,105.0,139.0,34.0,122.0,11.333333333333334,105.0,1.81,2.66,0.8500000000000001,2.35,0.36000000000000004,1.81,2.0,2.0,0.0,2.0,0.0,2.0,1.0,5.0,4.0,3.3333333333333335,1.5555555555555554,1.0,0.0,10.0,10.0,6.666666666666667,4.444444444444444,0.0,0.0,0.0,0.0,0.0,0.0,0.0,6.0,17.0,11.0,12.0,4.0,6.0,0.0,0.0,0.0,0.0,0.0,0.0,1.0,5.0,4.0,2.6666666666666665,1.5555555555555554,1.0,0.0,0.0,0.0,0.0,0.0,0.0,0.0,0.0,0.0,0.0,0.0,0.0,1.0,5.0,4.0,2.6666666666666665,1.5555555555555554,1.0,18.8575,43.015,24.1575,29.219791666666666,9.196805555555555,18.8575,0.0,2.202,2.202,1.088,0.7426666666666666,0.0,0.0,0.0,0.0,0.0,0.0,0.0,64.0,70.0,6.0,66.0,2.6666666666666665,64.0
Ga2I2S2,500,Ga2 I2 S2,16.0,53.0,37.0,33.333333333333336,13.111111111111112,16.0,74.0,96.0,22.0,86.0,8.0,74.0,32.065,126.90447,94.83947,76.23082333333333,33.782431111111116,32.065,302.91,388.36,85.44999999999999,359.3733333333333,37.642222222222244,302.91,13.0,17.0,4.0,15.333333333333334,1.5555555555555554,13.0,3.0,5.0,2.0,4.0,0.6666666666666666,3.0,105.0,139.0,34.0,122.0,11.333333333333334,105.0,1.81,2.66,0.8500000000000001,2.35,0.36000000000000004,1.81,2.0,2.0,0.0,2.0,0.0,2.0,1.0,5.0,4.0,3.3333333333333335,1.5555555555555554,1.0,0.0,10.0,10.0,6.666666666666667,4.444444444444444,0.0,0.0,0.0,0.0,0.0,0.0,0.0,6.0,17.0,11.0,12.0,4.0,6.0,0.0,0.0,0.0,0.0,0.0,0.0,1.0,5.0,4.0,2.6666666666666665,1.5555555555555554,1.0,0.0,0.0,0.0,0.0,0.0,0.0,0.0,0.0,0.0,0.0,0.0,0.0,1.0,5.0,4.0,2.6666666666666665,1.5555555555555554,1.0,18.8575,43.015,24.1575,29.219791666666666,9.196805555555555,18.8575,0.0,2.202,2.202,1.088,0.7426666666666666,0.0,0.0,0.0,0.0,0.0,0.0,0.0,64.0,70.0,6.0,66.0,2.6666666666666665,64.0
Ga2I2S2,550,Ga2 I2 S2,16.0,53.0,37.0,33.333333333333336,13.111111111111112,16.0,74.0,96.0,22.0,86.0,8.0,74.0,32.065,126.90447,94.83947,76.23082333333333,33.782431111111116,32.065,302.91,388.36,85.44999999999999,359.3733333333333,37.642222222222244,302.91,13.0,17.0,4.0,15.333333333333334,1.5555555555555554,13.0,3.0,5.0,2.0,4.0,0.6666666666666666,3.0,105.0,139.0,34.0,122.0,11.333333333333334,105.0,1.81,2.66,0.8500000000000001,2.35,0.36000000000000004,1.81,2.0,2.0,0.0,2.0,0.0,2.0,1.0,5.0,4.0,3.3333333333333335,1.5555555555555554,1.0,0.0,10.0,10.0,6.666666666666667,4.444444444444444,0.0,0.0,0.0,0.0,0.0,0.0,0.0,6.0,17.0,11.0,12.0,4.0,6.0,0.0,0.0,0.0,0.0,0.0,0.0,1.0,5.0,4.0,2.6666666666666665,1.5555555555555554,1.0,0.0,0.0,0.0,0.0,0.0,0.0,0.0,0.0,0.0,0.0,0.0,0.0,1.0,5.0,4.0,2.6666666666666665,1.5555555555555554,1.0,18.8575,43.015,24.1575,29.219791666666666,9.196805555555555,18.8575,0.0,2.202,2.202,1.088,0.7426666666666666,0.0,0.0,0.0,0.0,0.0,0.0,0.0,64.0,70.0,6.0,66.0,2.6666666666666665,64.0
Ga2I2S2,600,Ga2 I2 S2,16.0,53.0,37.0,33.333333333333336,13.111111111111112,16.0,74.0,96.0,22.0,86.0,8.0,74.0,32.065,126.90447,94.83947,76.23082333333333,33.782431111111116,32.065,302.91,388.36,85.44999999999999,359.3733333333333,37.642222222222244,302.91,13.0,17.0,4.0,15.333333333333334,1.5555555555555554,13.0,3.0,5.0,2.0,4.0,0.6666666666666666,3.0,105.0,139.0,34.0,122.0,11.333333333333334,105.0,1.81,2.66,0.8500000000000001,2.35,0.36000000000000004,1.81,2.0,2.0,0.0,2.0,0.0,2.0,1.0,5.0,4.0,3.3333333333333335,1.5555555555555554,1.0,0.0,10.0,10.0,6.666666666666667,4.444444444444444,0.0,0.0,0.0,0.0,0.0,0.0,0.0,6.0,17.0,11.0,12.0,4.0,6.0,0.0,0.0,0.0,0.0,0.0,0.0,1.0,5.0,4.0,2.6666666666666665,1.5555555555555554,1.0,0.0,0.0,0.0,0.0,0.0,0.0,0.0,0.0,0.0,0.0,0.0,0.0,1.0,5.0,4.0,2.6666666666666665,1.5555555555555554,1.0,18.8575,43.015,24.1575,29.219791666666666,9.196805555555555,18.8575,0.0,2.202,2.202,1.088,0.7426666666666666,0.0,0.0,0.0,0.0,0.0,0.0,0.0,64.0,70.0,6.0,66.0,2.6666666666666665,64.0
Ga2I2S2,650,Ga2 I2 S2,16.0,53.0,37.0,33.333333333333336,13.111111111111112,16.0,74.0,96.0,22.0,86.0,8.0,74.0,32.065,126.90447,94.83947,76.23082333333333,33.782431111111116,32.065,302.91,388.36,85.44999999999999,359.3733333333333,37.642222222222244,302.91,13.0,17.0,4.0,15.333333333333334,1.5555555555555554,13.0,3.0,5.0,2.0,4.0,0.6666666666666666,3.0,105.0,139.0,34.0,122.0,11.333333333333334,105.0,1.81,2.66,0.8500000000000001,2.35,0.36000000000000004,1.81,2.0,2.0,0.0,2.0,0.0,2.0,1.0,5.0,4.0,3.3333333333333335,1.5555555555555554,1.0,0.0,10.0,10.0,6.666666666666667,4.444444444444444,0.0,0.0,0.0,0.0,0.0,0.0,0.0,6.0,17.0,11.0,12.0,4.0,6.0,0.0,0.0,0.0,0.0,0.0,0.0,1.0,5.0,4.0,2.6666666666666665,1.5555555555555554,1.0,0.0,0.0,0.0,0.0,0.0,0.0,0.0,0.0,0.0,0.0,0.0,0.0,1.0,5.0,4.0,2.6666666666666665,1.5555555555555554,1.0,18.8575,43.015,24.1575,29.219791666666666,9.196805555555555,18.8575,0.0,2.202,2.202,1.088,0.7426666666666666,0.0,0.0,0.0,0.0,0.0,0.0,0.0,64.0,70.0,6.0,66.0,2.6666666666666665,64.0
Ga2I2S2,700,Ga2 I2 S2,16.0,53.0,37.0,33.333333333333336,13.111111111111112,16.0,74.0,96.0,22.0,86.0,8.0,74.0,32.065,126.90447,94.83947,76.23082333333333,33.782431111111116,32.065,302.91,388.36,85.44999999999999,359.3733333333333,37.642222222222244,302.91,13.0,17.0,4.0,15.333333333333334,1.5555555555555554,13.0,3.0,5.0,2.0,4.0,0.6666666666666666,3.0,105.0,139.0,34.0,122.0,11.333333333333334,105.0,1.81,2.66,0.8500000000000001,2.35,0.36000000000000004,1.81,2.0,2.0,0.0,2.0,0.0,2.0,1.0,5.0,4.0,3.3333333333333335,1.5555555555555554,1.0,0.0,10.0,10.0,6.666666666666667,4.444444444444444,0.0,0.0,0.0,0.0,0.0,0.0,0.0,6.0,17.0,11.0,12.0,4.0,6.0,0.0,0.0,0.0,0.0,0.0,0.0,1.0,5.0,4.0,2.6666666666666665,1.5555555555555554,1.0,0.0,0.0,0.0,0.0,0.0,0.0,0.0,0.0,0.0,0.0,0.0,0.0,1.0,5.0,4.0,2.6666666666666665,1.5555555555555554,1.0,18.8575,43.015,24.1575,29.219791666666666,9.196805555555555,18.8575,0.0,2.202,2.202,1.088,0.7426666666666666,0.0,0.0,0.0,0.0,0.0,0.0,0.0,64.0,70.0,6.0,66.0,2.6666666666666665,64.0
Ga2I2S2,750,Ga2 I2 S2,16.0,53.0,37.0,33.333333333333336,13.111111111111112,16.0,74.0,96.0,22.0,86.0,8.0,74.0,32.065,126.90447,94.83947,76.23082333333333,33.782431111111116,32.065,302.91,388.36,85.44999999999999,359.3733333333333,37.642222222222244,302.91,13.0,17.0,4.0,15.333333333333334,1.5555555555555554,13.0,3.0,5.0,2.0,4.0,0.6666666666666666,3.0,105.0,139.0,34.0,122.0,11.333333333333334,105.0,1.81,2.66,0.8500000000000001,2.35,0.36000000000000004,1.81,2.0,2.0,0.0,2.0,0.0,2.0,1.0,5.0,4.0,3.3333333333333335,1.5555555555555554,1.0,0.0,10.0,10.0,6.666666666666667,4.444444444444444,0.0,0.0,0.0,0.0,0.0,0.0,0.0,6.0,17.0,11.0,12.0,4.0,6.0,0.0,0.0,0.0,0.0,0.0,0.0,1.0,5.0,4.0,2.6666666666666665,1.5555555555555554,1.0,0.0,0.0,0.0,0.0,0.0,0.0,0.0,0.0,0.0,0.0,0.0,0.0,1.0,5.0,4.0,2.6666666666666665,1.5555555555555554,1.0,18.8575,43.015,24.1575,29.219791666666666,9.196805555555555,18.8575,0.0,2.202,2.202,1.088,0.7426666666666666,0.0,0.0,0.0,0.0,0.0,0.0,0.0,64.0,70.0,6.0,66.0,2.6666666666666665,64.0
Ga2I2S2,800,Ga2 I2 S2,16.0,53.0,37.0,33.333333333333336,13.111111111111112,16.0,74.0,96.0,22.0,86.0,8.0,74.0,32.065,126.90447,94.83947,76.23082333333333,33.782431111111116,32.065,302.91,388.36,85.44999999999999,359.3733333333333,37.642222222222244,302.91,13.0,17.0,4.0,15.333333333333334,1.5555555555555554,13.0,3.0,5.0,2.0,4.0,0.6666666666666666,3.0,105.0,139.0,34.0,122.0,11.333333333333334,105.0,1.81,2.66,0.8500000000000001,2.35,0.36000000000000004,1.81,2.0,2.0,0.0,2.0,0.0,2.0,1.0,5.0,4.0,3.3333333333333335,1.5555555555555554,1.0,0.0,10.0,10.0,6.666666666666667,4.444444444444444,0.0,0.0,0.0,0.0,0.0,0.0,0.0,6.0,17.0,11.0,12.0,4.0,6.0,0.0,0.0,0.0,0.0,0.0,0.0,1.0,5.0,4.0,2.6666666666666665,1.5555555555555554,1.0,0.0,0.0,0.0,0.0,0.0,0.0,0.0,0.0,0.0,0.0,0.0,0.0,1.0,5.0,4.0,2.6666666666666665,1.5555555555555554,1.0,18.8575,43.015,24.1575,29.219791666666666,9.196805555555555,18.8575,0.0,2.202,2.202,1.088,0.7426666666666666,0.0,0.0,0.0,0.0,0.0,0.0,0.0,64.0,70.0,6.0,66.0,2.6666666666666665,64.0
SnSb2Te4,300,Sn1 Sb2 Te4,50.0,52.0,2.0,51.42857142857143,0.6530612244897956,52.0,80.0,90.0,10.0,87.14285714285714,3.26530612244898,90.0,118.71,127.6,8.89,124.66142857142857,3.3583673469387714,127.6,505.08,903.78,398.7,743.3257142857143,91.68816326530613,722.66,14.0,16.0,2.0,15.428571428571429,0.6530612244897959,16.0,5.0,5.0,0.0,5.0,0.0,5.0,138.0,139.0,1.0,138.42857142857142,0.4897959183673452,138.0,1.96,2.1,0.14000000000000012,2.065714285714286,0.03918367346938784,2.1,2.0,2.0,0.0,2.0,0.0,2.0,2.0,4.0,2.0,3.4285714285714284,0.6530612244897959,4.0,10.0,10.0,0.0,10.0,0.0,10.0,0.0,0.0,0.0,0.0,0.0,0.0,14.0,16.0,2.0,15.428571428571429,0.6530612244897959,16.0,0.0,0.0,0.0,0.0,0.0,0.0,2.0,4.0,2.0,2.5714285714285716,0.6530612244897959,2.0,0.0,0.0,0.0,0.0,0.0,0.0,0.0,0.0,0.0,0.0,0.0,0.0,2.0,4.0,2.0,2.5714285714285716,0.6530612244897959,2.0,31.56,34.7633333333,3.203333333299998,33.63690476188571,1.2873469387591834,34.7633333333,0.0,0.464,0.464,0.2651428571428572,0.227265306122449,0.464,0.0,0.0,0.0,0.0,0.0,0.0,141.0,166.0,25.0,154.42857142857142,6.612244897959179,152.0
SnSb2Te4,350,Sn1 Sb2 Te4,50.0,52.0,2.0,51.42857142857143,0.6530612244897956,52.0,80.0,90.0,10.0,87.14285714285714,3.26530612244898,90.0,118.71,127.6,8.89,124.66142857142857,3.3583673469387714,127.6,505.08,903.78,398.7,743.3257142857143,91.68816326530613,722.66,14.0,16.0,2.0,15.428571428571429,0.6530612244897959,16.0,5.0,5.0,0.0,5.0,0.0,5.0,138.0,139.0,1.0,138.42857142857142,0.4897959183673452,138.0,1.96,2.1,0.14000000000000012,2.065714285714286,0.03918367346938784,2.1,2.0,2.0,0.0,2.0,0.0,2.0,2.0,4.0,2.0,3.4285714285714284,0.6530612244897959,4.0,10.0,10.0,0.0,10.0,0.0,10.0,0.0,0.0,0.0,0.0,0.0,0.0,14.0,16.0,2.0,15.428571428571429,0.6530612244897959,16.0,0.0,0.0,0.0,0.0,0.0,0.0,2.0,4.0,2.0,2.5714285714285716,0.6530612244897959,2.0,0.0,0.0,0.0,0.0,0.0,0.0,0.0,0.0,0.0,0.0,0.0,0.0,2.0,4.0,2.0,2.5714285714285716,0.6530612244897959,2.0,31.56,34.7633333333,3.203333333299998,33.63690476188571,1.2873469387591834,34.7633333333,0.0,0.464,0.464,0.2651428571428572,0.227265306122449,0.464,0.0,0.0,0.0,0.0,0.0,0.0,141.0,166.0,25.0,154.42857142857142,6.612244897959179,152.0
SnSb2Te4,400,Sn1 Sb2 Te4,50.0,52.0,2.0,51.42857142857143,0.6530612244897956,52.0,80.0,90.0,10.0,87.14285714285714,3.26530612244898,90.0,118.71,127.6,8.89,124.66142857142857,3.3583673469387714,127.6,505.08,903.78,398.7,743.3257142857143,91.68816326530613,722.66,14.0,16.0,2.0,15.428571428571429,0.6530612244897959,16.0,5.0,5.0,0.0,5.0,0.0,5.0,138.0,139.0,1.0,138.42857142857142,0.4897959183673452,138.0,1.96,2.1,0.14000000000000012,2.065714285714286,0.03918367346938784,2.1,2.0,2.0,0.0,2.0,0.0,2.0,2.0,4.0,2.0,3.4285714285714284,0.6530612244897959,4.0,10.0,10.0,0.0,10.0,0.0,10.0,0.0,0.0,0.0,0.0,0.0,0.0,14.0,16.0,2.0,15.428571428571429,0.6530612244897959,16.0,0.0,0.0,0.0,0.0,0.0,0.0,2.0,4.0,2.0,2.5714285714285716,0.6530612244897959,2.0,0.0,0.0,0.0,0.0,0.0,0.0,0.0,0.0,0.0,0.0,0.0,0.0,2.0,4.0,2.0,2.5714285714285716,0.6530612244897959,2.0,31.56,34.7633333333,3.203333333299998,33.63690476188571,1.2873469387591834,34.7633333333,0.0,0.464,0.464,0.2651428571428572,0.227265306122449,0.464,0.0,0.0,0.0,0.0,0.0,0.0,141.0,166.0,25.0,154.42857142857142,6.612244897959179,152.0
SnSb2Te4,450,Sn1 Sb2 Te4,50.0,52.0,2.0,51.42857142857143,0.6530612244897956,52.0,80.0,90.0,10.0,87.14285714285714,3.26530612244898,90.0,118.71,127.6,8.89,124.66142857142857,3.3583673469387714,127.6,505.08,903.78,398.7,743.3257142857143,91.68816326530613,722.66,14.0,16.0,2.0,15.428571428571429,0.6530612244897959,16.0,5.0,5.0,0.0,5.0,0.0,5.0,138.0,139.0,1.0,138.42857142857142,0.4897959183673452,138.0,1.96,2.1,0.14000000000000012,2.065714285714286,0.03918367346938784,2.1,2.0,2.0,0.0,2.0,0.0,2.0,2.0,4.0,2.0,3.4285714285714284,0.6530612244897959,4.0,10.0,10.0,0.0,10.0,0.0,10.0,0.0,0.0,0.0,0.0,0.0,0.0,14.0,16.0,2.0,15.428571428571429,0.6530612244897959,16.0,0.0,0.0,0.0,0.0,0.0,0.0,2.0,4.0,2.0,2.5714285714285716,0.6530612244897959,2.0,0.0,0.0,0.0,0.0,0.0,0.0,0.0,0.0,0.0,0.0,0.0,0.0,2.0,4.0,2.0,2.5714285714285716,0.6530612244897959,2.0,31.56,34.7633333333,3.203333333299998,33.63690476188571,1.2873469387591834,34.7633333333,0.0,0.464,0.464,0.2651428571428572,0.227265306122449,0.464,0.0,0.0,0.0,0.0,0.0,0.0,141.0,166.0,25.0,154.42857142857142,6.612244897959179,152.0
SnSb2Te4,500,Sn1 Sb2 Te4,50.0,52.0,2.0,51.42857142857143,0.6530612244897956,52.0,80.0,90.0,10.0,87.14285714285714,3.26530612244898,90.0,118.71,127.6,8.89,124.66142857142857,3.3583673469387714,127.6,505.08,903.78,398.7,743.3257142857143,91.68816326530613,722.66,14.0,16.0,2.0,15.428571428571429,0.6530612244897959,16.0,5.0,5.0,0.0,5.0,0.0,5.0,138.0,139.0,1.0,138.42857142857142,0.4897959183673452,138.0,1.96,2.1,0.14000000000000012,2.065714285714286,0.03918367346938784,2.1,2.0,2.0,0.0,2.0,0.0,2.0,2.0,4.0,2.0,3.4285714285714284,0.6530612244897959,4.0,10.0,10.0,0.0,10.0,0.0,10.0,0.0,0.0,0.0,0.0,0.0,0.0,14.0,16.0,2.0,15.428571428571429,0.6530612244897959,16.0,0.0,0.0,0.0,0.0,0.0,0.0,2.0,4.0,2.0,2.5714285714285716,0.6530612244897959,2.0,0.0,0.0,0.0,0.0,0.0,0.0,0.0,0.0,0.0,0.0,0.0,0.0,2.0,4.0,2.0,2.5714285714285716,0.6530612244897959,2.0,31.56,34.7633333333,3.203333333299998,33.63690476188571,1.2873469387591834,34.7633333333,0.0,0.464,0.464,0.2651428571428572,0.227265306122449,0.464,0.0,0.0,0.0,0.0,0.0,0.0,141.0,166.0,25.0,154.42857142857142,6.612244897959179,152.0
SnSb2Te4,550,Sn1 Sb2 Te4,50.0,52.0,2.0,51.42857142857143,0.6530612244897956,52.0,80.0,90.0,10.0,87.14285714285714,3.26530612244898,90.0,118.71,127.6,8.89,124.66142857142857,3.3583673469387714,127.6,505.08,903.78,398.7,743.3257142857143,91.68816326530613,722.66,14.0,16.0,2.0,15.428571428571429,0.6530612244897959,16.0,5.0,5.0,0.0,5.0,0.0,5.0,138.0,139.0,1.0,138.42857142857142,0.4897959183673452,138.0,1.96,2.1,0.14000000000000012,2.065714285714286,0.03918367346938784,2.1,2.0,2.0,0.0,2.0,0.0,2.0,2.0,4.0,2.0,3.4285714285714284,0.6530612244897959,4.0,10.0,10.0,0.0,10.0,0.0,10.0,0.0,0.0,0.0,0.0,0.0,0.0,14.0,16.0,2.0,15.428571428571429,0.6530612244897959,16.0,0.0,0.0,0.0,0.0,0.0,0.0,2.0,4.0,2.0,2.5714285714285716,0.6530612244897959,2.0,0.0,0.0,0.0,0.0,0.0,0.0,0.0,0.0,0.0,0.0,0.0,0.0,2.0,4.0,2.0,2.5714285714285716,0.6530612244897959,2.0,31.56,34.7633333333,3.203333333299998,33.63690476188571,1.2873469387591834,34.7633333333,0.0,0.464,0.464,0.2651428571428572,0.227265306122449,0.464,0.0,0.0,0.0,0.0,0.0,0.0,141.0,166.0,25.0,154.42857142857142,6.612244897959179,152.0
SnSb2Te4,600,Sn1 Sb2 Te4,50.0,52.0,2.0,51.42857142857143,0.6530612244897956,52.0,80.0,90.0,10.0,87.14285714285714,3.26530612244898,90.0,118.71,127.6,8.89,124.66142857142857,3.3583673469387714,127.6,505.08,903.78,398.7,743.3257142857143,91.68816326530613,722.66,14.0,16.0,2.0,15.428571428571429,0.6530612244897959,16.0,5.0,5.0,0.0,5.0,0.0,5.0,138.0,139.0,1.0,138.42857142857142,0.4897959183673452,138.0,1.96,2.1,0.14000000000000012,2.065714285714286,0.03918367346938784,2.1,2.0,2.0,0.0,2.0,0.0,2.0,2.0,4.0,2.0,3.4285714285714284,0.6530612244897959,4.0,10.0,10.0,0.0,10.0,0.0,10.0,0.0,0.0,0.0,0.0,0.0,0.0,14.0,16.0,2.0,15.428571428571429,0.6530612244897959,16.0,0.0,0.0,0.0,0.0,0.0,0.0,2.0,4.0,2.0,2.5714285714285716,0.6530612244897959,2.0,0.0,0.0,0.0,0.0,0.0,0.0,0.0,0.0,0.0,0.0,0.0,0.0,2.0,4.0,2.0,2.5714285714285716,0.6530612244897959,2.0,31.56,34.7633333333,3.203333333299998,33.63690476188571,1.2873469387591834,34.7633333333,0.0,0.464,0.464,0.2651428571428572,0.227265306122449,0.464,0.0,0.0,0.0,0.0,0.0,0.0,141.0,166.0,25.0,154.42857142857142,6.612244897959179,152.0
SnSb2Te4,650,Sn1 Sb2 Te4,50.0,52.0,2.0,51.42857142857143,0.6530612244897956,52.0,80.0,90.0,10.0,87.14285714285714,3.26530612244898,90.0,118.71,127.6,8.89,124.66142857142857,3.3583673469387714,127.6,505.08,903.78,398.7,743.3257142857143,91.68816326530613,722.66,14.0,16.0,2.0,15.428571428571429,0.6530612244897959,16.0,5.0,5.0,0.0,5.0,0.0,5.0,138.0,139.0,1.0,138.42857142857142,0.4897959183673452,138.0,1.96,2.1,0.14000000000000012,2.065714285714286,0.03918367346938784,2.1,2.0,2.0,0.0,2.0,0.0,2.0,2.0,4.0,2.0,3.4285714285714284,0.6530612244897959,4.0,10.0,10.0,0.0,10.0,0.0,10.0,0.0,0.0,0.0,0.0,0.0,0.0,14.0,16.0,2.0,15.428571428571429,0.6530612244897959,16.0,0.0,0.0,0.0,0.0,0.0,0.0,2.0,4.0,2.0,2.5714285714285716,0.6530612244897959,2.0,0.0,0.0,0.0,0.0,0.0,0.0,0.0,0.0,0.0,0.0,0.0,0.0,2.0,4.0,2.0,2.5714285714285716,0.6530612244897959,2.0,31.56,34.7633333333,3.203333333299998,33.63690476188571,1.2873469387591834,34.7633333333,0.0,0.464,0.464,0.2651428571428572,0.227265306122449,0.464,0.0,0.0,0.0,0.0,0.0,0.0,141.0,166.0,25.0,154.42857142857142,6.612244897959179,152.0
SnSb2Te4,700,Sn1 Sb2 Te4,50.0,52.0,2.0,51.42857142857143,0.6530612244897956,52.0,80.0,90.0,10.0,87.14285714285714,3.26530612244898,90.0,118.71,127.6,8.89,124.66142857142857,3.3583673469387714,127.6,505.08,903.78,398.7,743.3257142857143,91.68816326530613,722.66,14.0,16.0,2.0,15.428571428571429,0.6530612244897959,16.0,5.0,5.0,0.0,5.0,0.0,5.0,138.0,139.0,1.0,138.42857142857142,0.4897959183673452,138.0,1.96,2.1,0.14000000000000012,2.065714285714286,0.03918367346938784,2.1,2.0,2.0,0.0,2.0,0.0,2.0,2.0,4.0,2.0,3.4285714285714284,0.6530612244897959,4.0,10.0,10.0,0.0,10.0,0.0,10.0,0.0,0.0,0.0,0.0,0.0,0.0,14.0,16.0,2.0,15.428571428571429,0.6530612244897959,16.0,0.0,0.0,0.0,0.0,0.0,0.0,2.0,4.0,2.0,2.5714285714285716,0.6530612244897959,2.0,0.0,0.0,0.0,0.0,0.0,0.0,0.0,0.0,0.0,0.0,0.0,0.0,2.0,4.0,2.0,2.5714285714285716,0.6530612244897959,2.0,31.56,34.7633333333,3.203333333299998,33.63690476188571,1.2873469387591834,34.7633333333,0.0,0.464,0.464,0.2651428571428572,0.227265306122449,0.464,0.0,0.0,0.0,0.0,0.0,0.0,141.0,166.0,25.0,154.42857142857142,6.612244897959179,152.0
SnSb2Te4,750,Sn1 Sb2 Te4,50.0,52.0,2.0,51.42857142857143,0.6530612244897956,52.0,80.0,90.0,10.0,87.14285714285714,3.26530612244898,90.0,118.71,127.6,8.89,124.66142857142857,3.3583673469387714,127.6,505.08,903.78,398.7,743.3257142857143,91.68816326530613,722.66,14.0,16.0,2.0,15.428571428571429,0.6530612244897959,16.0,5.0,5.0,0.0,5.0,0.0,5.0,138.0,139.0,1.0,138.42857142857142,0.4897959183673452,138.0,1.96,2.1,0.14000000000000012,2.065714285714286,0.03918367346938784,2.1,2.0,2.0,0.0,2.0,0.0,2.0,2.0,4.0,2.0,3.4285714285714284,0.6530612244897959,4.0,10.0,10.0,0.0,10.0,0.0,10.0,0.0,0.0,0.0,0.0,0.0,0.0,14.0,16.0,2.0,15.428571428571429,0.6530612244897959,16.0,0.0,0.0,0.0,0.0,0.0,0.0,2.0,4.0,2.0,2.5714285714285716,0.6530612244897959,2.0,0.0,0.0,0.0,0.0,0.0,0.0,0.0,0.0,0.0,0.0,0.0,0.0,2.0,4.0,2.0,2.5714285714285716,0.6530612244897959,2.0,31.56,34.7633333333,3.203333333299998,33.63690476188571,1.2873469387591834,34.7633333333,0.0,0.464,0.464,0.2651428571428572,0.227265306122449,0.464,0.0,0.0,0.0,0.0,0.0,0.0,141.0,166.0,25.0,154.42857142857142,6.612244897959179,152.0
SnSb2Te4,800,Sn1 Sb2 Te4,50.0,52.0,2.0,51.42857142857143,0.6530612244897956,52.0,80.0,90.0,10.0,87.14285714285714,3.26530612244898,90.0,118.71,127.6,8.89,124.66142857142857,3.3583673469387714,127.6,505.08,903.78,398.7,743.3257142857143,91.68816326530613,722.66,14.0,16.0,2.0,15.428571428571429,0.6530612244897959,16.0,5.0,5.0,0.0,5.0,0.0,5.0,138.0,139.0,1.0,138.42857142857142,0.4897959183673452,138.0,1.96,2.1,0.14000000000000012,2.065714285714286,0.03918367346938784,2.1,2.0,2.0,0.0,2.0,0.0,2.0,2.0,4.0,2.0,3.4285714285714284,0.6530612244897959,4.0,10.0,10.0,0.0,10.0,0.0,10.0,0.0,0.0,0.0,0.0,0.0,0.0,14.0,16.0,2.0,15.428571428571429,0.6530612244897959,16.0,0.0,0.0,0.0,0.0,0.0,0.0,2.0,4.0,2.0,2.5714285714285716,0.6530612244897959,2.0,0.0,0.0,0.0,0.0,0.0,0.0,0.0,0.0,0.0,0.0,0.0,0.0,2.0,4.0,2.0,2.5714285714285716,0.6530612244897959,2.0,31.56,34.7633333333,3.203333333299998,33.63690476188571,1.2873469387591834,34.7633333333,0.0,0.464,0.464,0.2651428571428572,0.227265306122449,0.464,0.0,0.0,0.0,0.0,0.0,0.0,141.0,166.0,25.0,154.42857142857142,6.612244897959179,152.0
SnSb2Te4,850,Sn1 Sb2 Te4,50.0,52.0,2.0,51.42857142857143,0.6530612244897956,52.0,80.0,90.0,10.0,87.14285714285714,3.26530612244898,90.0,118.71,127.6,8.89,124.66142857142857,3.3583673469387714,127.6,505.08,903.78,398.7,743.3257142857143,91.68816326530613,722.66,14.0,16.0,2.0,15.428571428571429,0.6530612244897959,16.0,5.0,5.0,0.0,5.0,0.0,5.0,138.0,139.0,1.0,138.42857142857142,0.4897959183673452,138.0,1.96,2.1,0.14000000000000012,2.065714285714286,0.03918367346938784,2.1,2.0,2.0,0.0,2.0,0.0,2.0,2.0,4.0,2.0,3.4285714285714284,0.6530612244897959,4.0,10.0,10.0,0.0,10.0,0.0,10.0,0.0,0.0,0.0,0.0,0.0,0.0,14.0,16.0,2.0,15.428571428571429,0.6530612244897959,16.0,0.0,0.0,0.0,0.0,0.0,0.0,2.0,4.0,2.0,2.5714285714285716,0.6530612244897959,2.0,0.0,0.0,0.0,0.0,0.0,0.0,0.0,0.0,0.0,0.0,0.0,0.0,2.0,4.0,2.0,2.5714285714285716,0.6530612244897959,2.0,31.56,34.7633333333,3.203333333299998,33.63690476188571,1.2873469387591834,34.7633333333,0.0,0.464,0.464,0.2651428571428572,0.227265306122449,0.464,0.0,0.0,0.0,0.0,0.0,0.0,141.0,166.0,25.0,154.42857142857142,6.612244897959179,152.0
SnSb2Te4,900,Sn1 Sb2 Te4,50.0,52.0,2.0,51.42857142857143,0.6530612244897956,52.0,80.0,90.0,10.0,87.14285714285714,3.26530612244898,90.0,118.71,127.6,8.89,124.66142857142857,3.3583673469387714,127.6,505.08,903.78,398.7,743.3257142857143,91.68816326530613,722.66,14.0,16.0,2.0,15.428571428571429,0.6530612244897959,16.0,5.0,5.0,0.0,5.0,0.0,5.0,138.0,139.0,1.0,138.42857142857142,0.4897959183673452,138.0,1.96,2.1,0.14000000000000012,2.065714285714286,0.03918367346938784,2.1,2.0,2.0,0.0,2.0,0.0,2.0,2.0,4.0,2.0,3.4285714285714284,0.6530612244897959,4.0,10.0,10.0,0.0,10.0,0.0,10.0,0.0,0.0,0.0,0.0,0.0,0.0,14.0,16.0,2.0,15.428571428571429,0.6530612244897959,16.0,0.0,0.0,0.0,0.0,0.0,0.0,2.0,4.0,2.0,2.5714285714285716,0.6530612244897959,2.0,0.0,0.0,0.0,0.0,0.0,0.0,0.0,0.0,0.0,0.0,0.0,0.0,2.0,4.0,2.0,2.5714285714285716,0.6530612244897959,2.0,31.56,34.7633333333,3.203333333299998,33.63690476188571,1.2873469387591834,34.7633333333,0.0,0.464,0.464,0.2651428571428572,0.227265306122449,0.464,0.0,0.0,0.0,0.0,0.0,0.0,141.0,166.0,25.0,154.42857142857142,6.612244897959179,152.0
SnSb2Te4,950,Sn1 Sb2 Te4,50.0,52.0,2.0,51.42857142857143,0.6530612244897956,52.0,80.0,90.0,10.0,87.14285714285714,3.26530612244898,90.0,118.71,127.6,8.89,124.66142857142857,3.3583673469387714,127.6,505.08,903.78,398.7,743.3257142857143,91.68816326530613,722.66,14.0,16.0,2.0,15.428571428571429,0.6530612244897959,16.0,5.0,5.0,0.0,5.0,0.0,5.0,138.0,139.0,1.0,138.42857142857142,0.4897959183673452,138.0,1.96,2.1,0.14000000000000012,2.065714285714286,0.03918367346938784,2.1,2.0,2.0,0.0,2.0,0.0,2.0,2.0,4.0,2.0,3.4285714285714284,0.6530612244897959,4.0,10.0,10.0,0.0,10.0,0.0,10.0,0.0,0.0,0.0,0.0,0.0,0.0,14.0,16.0,2.0,15.428571428571429,0.6530612244897959,16.0,0.0,0.0,0.0,0.0,0.0,0.0,2.0,4.0,2.0,2.5714285714285716,0.6530612244897959,2.0,0.0,0.0,0.0,0.0,0.0,0.0,0.0,0.0,0.0,0.0,0.0,0.0,2.0,4.0,2.0,2.5714285714285716,0.6530612244897959,2.0,31.56,34.7633333333,3.203333333299998,33.63690476188571,1.2873469387591834,34.7633333333,0.0,0.464,0.464,0.2651428571428572,0.227265306122449,0.464,0.0,0.0,0.0,0.0,0.0,0.0,141.0,166.0,25.0,154.42857142857142,6.612244897959179,152.0
SnSb2Te4,1000,Sn1 Sb2 Te4,50.0,52.0,2.0,51.42857142857143,0.6530612244897956,52.0,80.0,90.0,10.0,87.14285714285714,3.26530612244898,90.0,118.71,127.6,8.89,124.66142857142857,3.3583673469387714,127.6,505.08,903.78,398.7,743.3257142857143,91.68816326530613,722.66,14.0,16.0,2.0,15.428571428571429,0.6530612244897959,16.0,5.0,5.0,0.0,5.0,0.0,5.0,138.0,139.0,1.0,138.42857142857142,0.4897959183673452,138.0,1.96,2.1,0.14000000000000012,2.065714285714286,0.03918367346938784,2.1,2.0,2.0,0.0,2.0,0.0,2.0,2.0,4.0,2.0,3.4285714285714284,0.6530612244897959,4.0,10.0,10.0,0.0,10.0,0.0,10.0,0.0,0.0,0.0,0.0,0.0,0.0,14.0,16.0,2.0,15.428571428571429,0.6530612244897959,16.0,0.0,0.0,0.0,0.0,0.0,0.0,2.0,4.0,2.0,2.5714285714285716,0.6530612244897959,2.0,0.0,0.0,0.0,0.0,0.0,0.0,0.0,0.0,0.0,0.0,0.0,0.0,2.0,4.0,2.0,2.5714285714285716,0.6530612244897959,2.0,31.56,34.7633333333,3.203333333299998,33.63690476188571,1.2873469387591834,34.7633333333,0.0,0.464,0.464,0.2651428571428572,0.227265306122449,0.464,0.0,0.0,0.0,0.0,0.0,0.0,141.0,166.0,25.0,154.42857142857142,6.612244897959179,152.0
SnSb2Te4,1050,Sn1 Sb2 Te4,50.0,52.0,2.0,51.42857142857143,0.6530612244897956,52.0,80.0,90.0,10.0,87.14285714285714,3.26530612244898,90.0,118.71,127.6,8.89,124.66142857142857,3.3583673469387714,127.6,505.08,903.78,398.7,743.3257142857143,91.68816326530613,722.66,14.0,16.0,2.0,15.428571428571429,0.6530612244897959,16.0,5.0,5.0,0.0,5.0,0.0,5.0,138.0,139.0,1.0,138.42857142857142,0.4897959183673452,138.0,1.96,2.1,0.14000000000000012,2.065714285714286,0.03918367346938784,2.1,2.0,2.0,0.0,2.0,0.0,2.0,2.0,4.0,2.0,3.4285714285714284,0.6530612244897959,4.0,10.0,10.0,0.0,10.0,0.0,10.0,0.0,0.0,0.0,0.0,0.0,0.0,14.0,16.0,2.0,15.428571428571429,0.6530612244897959,16.0,0.0,0.0,0.0,0.0,0.0,0.0,2.0,4.0,2.0,2.5714285714285716,0.6530612244897959,2.0,0.0,0.0,0.0,0.0,0.0,0.0,0.0,0.0,0.0,0.0,0.0,0.0,2.0,4.0,2.0,2.5714285714285716,0.6530612244897959,2.0,31.56,34.7633333333,3.203333333299998,33.63690476188571,1.2873469387591834,34.7633333333,0.0,0.464,0.464,0.2651428571428572,0.227265306122449,0.464,0.0,0.0,0.0,0.0,0.0,0.0,141.0,166.0,25.0,154.42857142857142,6.612244897959179,152.0
SnSb2Te4,1100,Sn1 Sb2 Te4,50.0,52.0,2.0,51.42857142857143,0.6530612244897956,52.0,80.0,90.0,10.0,87.14285714285714,3.26530612244898,90.0,118.71,127.6,8.89,124.66142857142857,3.3583673469387714,127.6,505.08,903.78,398.7,743.3257142857143,91.68816326530613,722.66,14.0,16.0,2.0,15.428571428571429,0.6530612244897959,16.0,5.0,5.0,0.0,5.0,0.0,5.0,138.0,139.0,1.0,138.42857142857142,0.4897959183673452,138.0,1.96,2.1,0.14000000000000012,2.065714285714286,0.03918367346938784,2.1,2.0,2.0,0.0,2.0,0.0,2.0,2.0,4.0,2.0,3.4285714285714284,0.6530612244897959,4.0,10.0,10.0,0.0,10.0,0.0,10.0,0.0,0.0,0.0,0.0,0.0,0.0,14.0,16.0,2.0,15.428571428571429,0.6530612244897959,16.0,0.0,0.0,0.0,0.0,0.0,0.0,2.0,4.0,2.0,2.5714285714285716,0.6530612244897959,2.0,0.0,0.0,0.0,0.0,0.0,0.0,0.0,0.0,0.0,0.0,0.0,0.0,2.0,4.0,2.0,2.5714285714285716,0.6530612244897959,2.0,31.56,34.7633333333,3.203333333299998,33.63690476188571,1.2873469387591834,34.7633333333,0.0,0.464,0.464,0.2651428571428572,0.227265306122449,0.464,0.0,0.0,0.0,0.0,0.0,0.0,141.0,166.0,25.0,154.42857142857142,6.612244897959179,152.0
SnSb2Te4,1150,Sn1 Sb2 Te4,50.0,52.0,2.0,51.42857142857143,0.6530612244897956,52.0,80.0,90.0,10.0,87.14285714285714,3.26530612244898,90.0,118.71,127.6,8.89,124.66142857142857,3.3583673469387714,127.6,505.08,903.78,398.7,743.3257142857143,91.68816326530613,722.66,14.0,16.0,2.0,15.428571428571429,0.6530612244897959,16.0,5.0,5.0,0.0,5.0,0.0,5.0,138.0,139.0,1.0,138.42857142857142,0.4897959183673452,138.0,1.96,2.1,0.14000000000000012,2.065714285714286,0.03918367346938784,2.1,2.0,2.0,0.0,2.0,0.0,2.0,2.0,4.0,2.0,3.4285714285714284,0.6530612244897959,4.0,10.0,10.0,0.0,10.0,0.0,10.0,0.0,0.0,0.0,0.0,0.0,0.0,14.0,16.0,2.0,15.428571428571429,0.6530612244897959,16.0,0.0,0.0,0.0,0.0,0.0,0.0,2.0,4.0,2.0,2.5714285714285716,0.6530612244897959,2.0,0.0,0.0,0.0,0.0,0.0,0.0,0.0,0.0,0.0,0.0,0.0,0.0,2.0,4.0,2.0,2.5714285714285716,0.6530612244897959,2.0,31.56,34.7633333333,3.203333333299998,33.63690476188571,1.2873469387591834,34.7633333333,0.0,0.464,0.464,0.2651428571428572,0.227265306122449,0.464,0.0,0.0,0.0,0.0,0.0,0.0,141.0,166.0,25.0,154.42857142857142,6.612244897959179,152.0
SnSb2Te4,1200,Sn1 Sb2 Te4,50.0,52.0,2.0,51.42857142857143,0.6530612244897956,52.0,80.0,90.0,10.0,87.14285714285714,3.26530612244898,90.0,118.71,127.6,8.89,124.66142857142857,3.3583673469387714,127.6,505.08,903.78,398.7,743.3257142857143,91.68816326530613,722.66,14.0,16.0,2.0,15.428571428571429,0.6530612244897959,16.0,5.0,5.0,0.0,5.0,0.0,5.0,138.0,139.0,1.0,138.42857142857142,0.4897959183673452,138.0,1.96,2.1,0.14000000000000012,2.065714285714286,0.03918367346938784,2.1,2.0,2.0,0.0,2.0,0.0,2.0,2.0,4.0,2.0,3.4285714285714284,0.6530612244897959,4.0,10.0,10.0,0.0,10.0,0.0,10.0,0.0,0.0,0.0,0.0,0.0,0.0,14.0,16.0,2.0,15.428571428571429,0.6530612244897959,16.0,0.0,0.0,0.0,0.0,0.0,0.0,2.0,4.0,2.0,2.5714285714285716,0.6530612244897959,2.0,0.0,0.0,0.0,0.0,0.0,0.0,0.0,0.0,0.0,0.0,0.0,0.0,2.0,4.0,2.0,2.5714285714285716,0.6530612244897959,2.0,31.56,34.7633333333,3.203333333299998,33.63690476188571,1.2873469387591834,34.7633333333,0.0,0.464,0.464,0.2651428571428572,0.227265306122449,0.464,0.0,0.0,0.0,0.0,0.0,0.0,141.0,166.0,25.0,154.42857142857142,6.612244897959179,152.0
SnBi2Te4,300,Sn1 Bi2 Te4,50.0,83.0,33.0,60.57142857142857,12.816326530612244,52.0,80.0,90.0,10.0,87.42857142857143,2.9387755102040813,90.0,118.71,208.9804,90.27040000000001,149.58154285714286,33.94220408163266,127.6,505.08,722.66,217.57999999999998,640.6457142857142,93.73061224489796,722.66,14.0,16.0,2.0,15.428571428571429,0.6530612244897959,16.0,5.0,6.0,1.0,5.285714285714286,0.4081632653061224,5.0,138.0,148.0,10.0,141.0,4.0,138.0,1.96,2.1,0.14000000000000012,2.0571428571428574,0.04897959183673471,2.1,2.0,2.0,0.0,2.0,0.0,2.0,2.0,4.0,2.0,3.4285714285714284,0.6530612244897959,4.0,10.0,10.0,0.0,10.0,0.0,10.0,0.0,14.0,14.0,4.0,5.714285714285714,0.0,14.0,29.0,15.0,19.428571428571427,5.46938775510204,16.0,0.0,0.0,0.0,0.0,0.0,0.0,2.0,4.0,2.0,2.5714285714285716,0.6530612244897959,2.0,0.0,0.0,0.0,0.0,0.0,0.0,0.0,0.0,0.0,0.0,0.0,0.0,2.0,4.0,2.0,2.5714285714285716,0.6530612244897959,2.0,32.95,34.7633333333,1.813333333299994,34.03404761902857,0.8334693877387735,34.7633333333,0.0,0.464,0.464,0.2651428571428572,0.227265306122449,0.464,0.0,0.0,0.0,0.0,0.0,0.0,12.0,152.0,140.0,110.42857142857143,56.244897959183675,152.0
SnBi2Te4,350,Sn1 Bi2 Te4,50.0,83.0,33.0,60.57142857142857,12.816326530612244,52.0,80.0,90.0,10.0,87.42857142857143,2.9387755102040813,90.0,118.71,208.9804,90.27040000000001,149.58154285714286,33.94220408163266,127.6,505.08,722.66,217.57999999999998,640.6457142857142,93.73061224489796,722.66,14.0,16.0,2.0,15.428571428571429,0.6530612244897959,16.0,5.0,6.0,1.0,5.285714285714286,0.4081632653061224,5.0,138.0,148.0,10.0,141.0,4.0,138.0,1.96,2.1,0.14000000000000012,2.0571428571428574,0.04897959183673471,2.1,2.0,2.0,0.0,2.0,0.0,2.0,2.0,4.0,2.0,3.4285714285714284,0.6530612244897959,4.0,10.0,10.0,0.0,10.0,0.0,10.0,0.0,14.0,14.0,4.0,5.714285714285714,0.0,14.0,29.0,15.0,19.428571428571427,5.46938775510204,16.0,0.0,0.0,0.0,0.0,0.0,0.0,2.0,4.0,2.0,2.5714285714285716,0.6530612244897959,2.0,0.0,0.0,0.0,0.0,0.0,0.0,0.0,0.0,0.0,0.0,0.0,0.0,2.0,4.0,2.0,2.5714285714285716,0.6530612244897959,2.0,32.95,34.7633333333,1.813333333299994,34.03404761902857,0.8334693877387735,34.7633333333,0.0,0.464,0.464,0.2651428571428572,0.227265306122449,0.464,0.0,0.0,0.0,0.0,0.0,0.0,12.0,152.0,140.0,110.42857142857143,56.244897959183675,152.0
SnBi2Te4,400,Sn1 Bi2 Te4,50.0,83.0,33.0,60.57142857142857,12.816326530612244,52.0,80.0,90.0,10.0,87.42857142857143,2.9387755102040813,90.0,118.71,208.9804,90.27040000000001,149.58154285714286,33.94220408163266,127.6,505.08,722.66,217.57999999999998,640.6457142857142,93.73061224489796,722.66,14.0,16.0,2.0,15.428571428571429,0.6530612244897959,16.0,5.0,6.0,1.0,5.285714285714286,0.4081632653061224,5.0,138.0,148.0,10.0,141.0,4.0,138.0,1.96,2.1,0.14000000000000012,2.0571428571428574,0.04897959183673471,2.1,2.0,2.0,0.0,2.0,0.0,2.0,2.0,4.0,2.0,3.4285714285714284,0.6530612244897959,4.0,10.0,10.0,0.0,10.0,0.0,10.0,0.0,14.0,14.0,4.0,5.714285714285714,0.0,14.0,29.0,15.0,19.428571428571427,5.46938775510204,16.0,0.0,0.0,0.0,0.0,0.0,0.0,2.0,4.0,2.0,2.5714285714285716,0.6530612244897959,2.0,0.0,0.0,0.0,0.0,0.0,0.0,0.0,0.0,0.0,0.0,0.0,0.0,2.0,4.0,2.0,2.5714285714285716,0.6530612244897959,2.0,32.95,34.7633333333,1.813333333299994,34.03404761902857,0.8334693877387735,34.7633333333,0.0,0.464,0.464,0.2651428571428572,0.227265306122449,0.464,0.0,0.0,0.0,0.0,0.0,0.0,12.0,152.0,140.0,110.42857142857143,56.244897959183675,152.0
SnBi2Te4,450,Sn1 Bi2 Te4,50.0,83.0,33.0,60.57142857142857,12.816326530612244,52.0,80.0,90.0,10.0,87.42857142857143,2.9387755102040813,90.0,118.71,208.9804,90.27040000000001,149.58154285714286,33.94220408163266,127.6,505.08,722.66,217.57999999999998,640.6457142857142,93.73061224489796,722.66,14.0,16.0,2.0,15.428571428571429,0.6530612244897959,16.0,5.0,6.0,1.0,5.285714285714286,0.4081632653061224,5.0,138.0,148.0,10.0,141.0,4.0,138.0,1.96,2.1,0.14000000000000012,2.0571428571428574,0.04897959183673471,2.1,2.0,2.0,0.0,2.0,0.0,2.0,2.0,4.0,2.0,3.4285714285714284,0.6530612244897959,4.0,10.0,10.0,0.0,10.0,0.0,10.0,0.0,14.0,14.0,4.0,5.714285714285714,0.0,14.0,29.0,15.0,19.428571428571427,5.46938775510204,16.0,0.0,0.0,0.0,0.0,0.0,0.0,2.0,4.0,2.0,2.5714285714285716,0.6530612244897959,2.0,0.0,0.0,0.0,0.0,0.0,0.0,0.0,0.0,0.0,0.0,0.0,0.0,2.0,4.0,2.0,2.5714285714285716,0.6530612244897959,2.0,32.95,34.7633333333,1.813333333299994,34.03404761902857,0.8334693877387735,34.7633333333,0.0,0.464,0.464,0.2651428571428572,0.227265306122449,0.464,0.0,0.0,0.0,0.0,0.0,0.0,12.0,152.0,140.0,110.42857142857143,56.244897959183675,152.0
SnBi2Te4,500,Sn1 Bi2 Te4,50.0,83.0,33.0,60.57142857142857,12.816326530612244,52.0,80.0,90.0,10.0,87.42857142857143,2.9387755102040813,90.0,118.71,208.9804,90.27040000000001,149.58154285714286,33.94220408163266,127.6,505.08,722.66,217.57999999999998,640.6457142857142,93.73061224489796,722.66,14.0,16.0,2.0,15.428571428571429,0.6530612244897959,16.0,5.0,6.0,1.0,5.285714285714286,0.4081632653061224,5.0,138.0,148.0,10.0,141.0,4.0,138.0,1.96,2.1,0.14000000000000012,2.0571428571428574,0.04897959183673471,2.1,2.0,2.0,0.0,2.0,0.0,2.0,2.0,4.0,2.0,3.4285714285714284,0.6530612244897959,4.0,10.0,10.0,0.0,10.0,0.0,10.0,0.0,14.0,14.0,4.0,5.714285714285714,0.0,14.0,29.0,15.0,19.428571428571427,5.46938775510204,16.0,0.0,0.0,0.0,0.0,0.0,0.0,2.0,4.0,2.0,2.5714285714285716,0.6530612244897959,2.0,0.0,0.0,0.0,0.0,0.0,0.0,0.0,0.0,0.0,0.0,0.0,0.0,2.0,4.0,2.0,2.5714285714285716,0.6530612244897959,2.0,32.95,34.7633333333,1.813333333299994,34.03404761902857,0.8334693877387735,34.7633333333,0.0,0.464,0.464,0.2651428571428572,0.227265306122449,0.464,0.0,0.0,0.0,0.0,0.0,0.0,12.0,152.0,140.0,110.42857142857143,56.244897959183675,152.0
SnBi2Te4,550,Sn1 Bi2 Te4,50.0,83.0,33.0,60.57142857142857,12.816326530612244,52.0,80.0,90.0,10.0,87.42857142857143,2.9387755102040813,90.0,118.71,208.9804,90.27040000000001,149.58154285714286,33.94220408163266,127.6,505.08,722.66,217.57999999999998,640.6457142857142,93.73061224489796,722.66,14.0,16.0,2.0,15.428571428571429,0.6530612244897959,16.0,5.0,6.0,1.0,5.285714285714286,0.4081632653061224,5.0,138.0,148.0,10.0,141.0,4.0,138.0,1.96,2.1,0.14000000000000012,2.0571428571428574,0.04897959183673471,2.1,2.0,2.0,0.0,2.0,0.0,2.0,2.0,4.0,2.0,3.4285714285714284,0.6530612244897959,4.0,10.0,10.0,0.0,10.0,0.0,10.0,0.0,14.0,14.0,4.0,5.714285714285714,0.0,14.0,29.0,15.0,19.428571428571427,5.46938775510204,16.0,0.0,0.0,0.0,0.0,0.0,0.0,2.0,4.0,2.0,2.5714285714285716,0.6530612244897959,2.0,0.0,0.0,0.0,0.0,0.0,0.0,0.0,0.0,0.0,0.0,0.0,0.0,2.0,4.0,2.0,2.5714285714285716,0.6530612244897959,2.0,32.95,34.7633333333,1.813333333299994,34.03404761902857,0.8334693877387735,34.7633333333,0.0,0.464,0.464,0.2651428571428572,0.227265306122449,0.464,0.0,0.0,0.0,0.0,0.0,0.0,12.0,152.0,140.0,110.42857142857143,56.244897959183675,152.0
SnBi2Te4,600,Sn1 Bi2 Te4,50.0,83.0,33.0,60.57142857142857,12.816326530612244,52.0,80.0,90.0,10.0,87.42857142857143,2.9387755102040813,90.0,118.71,208.9804,90.27040000000001,149.58154285714286,33.94220408163266,127.6,505.08,722.66,217.57999999999998,640.6457142857142,93.73061224489796,722.66,14.0,16.0,2.0,15.428571428571429,0.6530612244897959,16.0,5.0,6.0,1.0,5.285714285714286,0.4081632653061224,5.0,138.0,148.0,10.0,141.0,4.0,138.0,1.96,2.1,0.14000000000000012,2.0571428571428574,0.04897959183673471,2.1,2.0,2.0,0.0,2.0,0.0,2.0,2.0,4.0,2.0,3.4285714285714284,0.6530612244897959,4.0,10.0,10.0,0.0,10.0,0.0,10.0,0.0,14.0,14.0,4.0,5.714285714285714,0.0,14.0,29.0,15.0,19.428571428571427,5.46938775510204,16.0,0.0,0.0,0.0,0.0,0.0,0.0,2.0,4.0,2.0,2.5714285714285716,0.6530612244897959,2.0,0.0,0.0,0.0,0.0,0.0,0.0,0.0,0.0,0.0,0.0,0.0,0.0,2.0,4.0,2.0,2.5714285714285716,0.6530612244897959,2.0,32.95,34.7633333333,1.813333333299994,34.03404761902857,0.8334693877387735,34.7633333333,0.0,0.464,0.464,0.2651428571428572,0.227265306122449,0.464,0.0,0.0,0.0,0.0,0.0,0.0,12.0,152.0,140.0,110.42857142857143,56.244897959183675,152.0
SnBi2Te4,650,Sn1 Bi2 Te4,50.0,83.0,33.0,60.57142857142857,12.816326530612244,52.0,80.0,90.0,10.0,87.42857142857143,2.9387755102040813,90.0,118.71,208.9804,90.27040000000001,149.58154285714286,33.94220408163266,127.6,505.08,722.66,217.57999999999998,640.6457142857142,93.73061224489796,722.66,14.0,16.0,2.0,15.428571428571429,0.6530612244897959,16.0,5.0,6.0,1.0,5.285714285714286,0.4081632653061224,5.0,138.0,148.0,10.0,141.0,4.0,138.0,1.96,2.1,0.14000000000000012,2.0571428571428574,0.04897959183673471,2.1,2.0,2.0,0.0,2.0,0.0,2.0,2.0,4.0,2.0,3.4285714285714284,0.6530612244897959,4.0,10.0,10.0,0.0,10.0,0.0,10.0,0.0,14.0,14.0,4.0,5.714285714285714,0.0,14.0,29.0,15.0,19.428571428571427,5.46938775510204,16.0,0.0,0.0,0.0,0.0,0.0,0.0,2.0,4.0,2.0,2.5714285714285716,0.6530612244897959,2.0,0.0,0.0,0.0,0.0,0.0,0.0,0.0,0.0,0.0,0.0,0.0,0.0,2.0,4.0,2.0,2.5714285714285716,0.6530612244897959,2.0,32.95,34.7633333333,1.813333333299994,34.03404761902857,0.8334693877387735,34.7633333333,0.0,0.464,0.464,0.2651428571428572,0.227265306122449,0.464,0.0,0.0,0.0,0.0,0.0,0.0,12.0,152.0,140.0,110.42857142857143,56.244897959183675,152.0
SnBi2Te4,700,Sn1 Bi2 Te4,50.0,83.0,33.0,60.57142857142857,12.816326530612244,52.0,80.0,90.0,10.0,87.42857142857143,2.9387755102040813,90.0,118.71,208.9804,90.27040000000001,149.58154285714286,33.94220408163266,127.6,505.08,722.66,217.57999999999998,640.6457142857142,93.73061224489796,722.66,14.0,16.0,2.0,15.428571428571429,0.6530612244897959,16.0,5.0,6.0,1.0,5.285714285714286,0.4081632653061224,5.0,138.0,148.0,10.0,141.0,4.0,138.0,1.96,2.1,0.14000000000000012,2.0571428571428574,0.04897959183673471,2.1,2.0,2.0,0.0,2.0,0.0,2.0,2.0,4.0,2.0,3.4285714285714284,0.6530612244897959,4.0,10.0,10.0,0.0,10.0,0.0,10.0,0.0,14.0,14.0,4.0,5.714285714285714,0.0,14.0,29.0,15.0,19.428571428571427,5.46938775510204,16.0,0.0,0.0,0.0,0.0,0.0,0.0,2.0,4.0,2.0,2.5714285714285716,0.6530612244897959,2.0,0.0,0.0,0.0,0.0,0.0,0.0,0.0,0.0,0.0,0.0,0.0,0.0,2.0,4.0,2.0,2.5714285714285716,0.6530612244897959,2.0,32.95,34.7633333333,1.813333333299994,34.03404761902857,0.8334693877387735,34.7633333333,0.0,0.464,0.464,0.2651428571428572,0.227265306122449,0.464,0.0,0.0,0.0,0.0,0.0,0.0,12.0,152.0,140.0,110.42857142857143,56.244897959183675,152.0
SnBi2Te4,750,Sn1 Bi2 Te4,50.0,83.0,33.0,60.57142857142857,12.816326530612244,52.0,80.0,90.0,10.0,87.42857142857143,2.9387755102040813,90.0,118.71,208.9804,90.27040000000001,149.58154285714286,33.94220408163266,127.6,505.08,722.66,217.57999999999998,640.6457142857142,93.73061224489796,722.66,14.0,16.0,2.0,15.428571428571429,0.6530612244897959,16.0,5.0,6.0,1.0,5.285714285714286,0.4081632653061224,5.0,138.0,148.0,10.0,141.0,4.0,138.0,1.96,2.1,0.14000000000000012,2.0571428571428574,0.04897959183673471,2.1,2.0,2.0,0.0,2.0,0.0,2.0,2.0,4.0,2.0,3.4285714285714284,0.6530612244897959,4.0,10.0,10.0,0.0,10.0,0.0,10.0,0.0,14.0,14.0,4.0,5.714285714285714,0.0,14.0,29.0,15.0,19.428571428571427,5.46938775510204,16.0,0.0,0.0,0.0,0.0,0.0,0.0,2.0,4.0,2.0,2.5714285714285716,0.6530612244897959,2.0,0.0,0.0,0.0,0.0,0.0,0.0,0.0,0.0,0.0,0.0,0.0,0.0,2.0,4.0,2.0,2.5714285714285716,0.6530612244897959,2.0,32.95,34.7633333333,1.813333333299994,34.03404761902857,0.8334693877387735,34.7633333333,0.0,0.464,0.464,0.2651428571428572,0.227265306122449,0.464,0.0,0.0,0.0,0.0,0.0,0.0,12.0,152.0,140.0,110.42857142857143,56.244897959183675,152.0
SnBi2Te4,800,Sn1 Bi2 Te4,50.0,83.0,33.0,60.57142857142857,12.816326530612244,52.0,80.0,90.0,10.0,87.42857142857143,2.9387755102040813,90.0,118.71,208.9804,90.27040000000001,149.58154285714286,33.94220408163266,127.6,505.08,722.66,217.57999999999998,640.6457142857142,93.73061224489796,722.66,14.0,16.0,2.0,15.428571428571429,0.6530612244897959,16.0,5.0,6.0,1.0,5.285714285714286,0.4081632653061224,5.0,138.0,148.0,10.0,141.0,4.0,138.0,1.96,2.1,0.14000000000000012,2.0571428571428574,0.04897959183673471,2.1,2.0,2.0,0.0,2.0,0.0,2.0,2.0,4.0,2.0,3.4285714285714284,0.6530612244897959,4.0,10.0,10.0,0.0,10.0,0.0,10.0,0.0,14.0,14.0,4.0,5.714285714285714,0.0,14.0,29.0,15.0,19.428571428571427,5.46938775510204,16.0,0.0,0.0,0.0,0.0,0.0,0.0,2.0,4.0,2.0,2.5714285714285716,0.6530612244897959,2.0,0.0,0.0,0.0,0.0,0.0,0.0,0.0,0.0,0.0,0.0,0.0,0.0,2.0,4.0,2.0,2.5714285714285716,0.6530612244897959,2.0,32.95,34.7633333333,1.813333333299994,34.03404761902857,0.8334693877387735,34.7633333333,0.0,0.464,0.464,0.2651428571428572,0.227265306122449,0.464,0.0,0.0,0.0,0.0,0.0,0.0,12.0,152.0,140.0,110.42857142857143,56.244897959183675,152.0
SnBi2Te4,850,Sn1 Bi2 Te4,50.0,83.0,33.0,60.57142857142857,12.816326530612244,52.0,80.0,90.0,10.0,87.42857142857143,2.9387755102040813,90.0,118.71,208.9804,90.27040000000001,149.58154285714286,33.94220408163266,127.6,505.08,722.66,217.57999999999998,640.6457142857142,93.73061224489796,722.66,14.0,16.0,2.0,15.428571428571429,0.6530612244897959,16.0,5.0,6.0,1.0,5.285714285714286,0.4081632653061224,5.0,138.0,148.0,10.0,141.0,4.0,138.0,1.96,2.1,0.14000000000000012,2.0571428571428574,0.04897959183673471,2.1,2.0,2.0,0.0,2.0,0.0,2.0,2.0,4.0,2.0,3.4285714285714284,0.6530612244897959,4.0,10.0,10.0,0.0,10.0,0.0,10.0,0.0,14.0,14.0,4.0,5.714285714285714,0.0,14.0,29.0,15.0,19.428571428571427,5.46938775510204,16.0,0.0,0.0,0.0,0.0,0.0,0.0,2.0,4.0,2.0,2.5714285714285716,0.6530612244897959,2.0,0.0,0.0,0.0,0.0,0.0,0.0,0.0,0.0,0.0,0.0,0.0,0.0,2.0,4.0,2.0,2.5714285714285716,0.6530612244897959,2.0,32.95,34.7633333333,1.813333333299994,34.03404761902857,0.8334693877387735,34.7633333333,0.0,0.464,0.464,0.2651428571428572,0.227265306122449,0.464,0.0,0.0,0.0,0.0,0.0,0.0,12.0,152.0,140.0,110.42857142857143,56.244897959183675,152.0
SnBi2Te4,900,Sn1 Bi2 Te4,50.0,83.0,33.0,60.57142857142857,12.816326530612244,52.0,80.0,90.0,10.0,87.42857142857143,2.9387755102040813,90.0,118.71,208.9804,90.27040000000001,149.58154285714286,33.94220408163266,127.6,505.08,722.66,217.57999999999998,640.6457142857142,93.73061224489796,722.66,14.0,16.0,2.0,15.428571428571429,0.6530612244897959,16.0,5.0,6.0,1.0,5.285714285714286,0.4081632653061224,5.0,138.0,148.0,10.0,141.0,4.0,138.0,1.96,2.1,0.14000000000000012,2.0571428571428574,0.04897959183673471,2.1,2.0,2.0,0.0,2.0,0.0,2.0,2.0,4.0,2.0,3.4285714285714284,0.6530612244897959,4.0,10.0,10.0,0.0,10.0,0.0,10.0,0.0,14.0,14.0,4.0,5.714285714285714,0.0,14.0,29.0,15.0,19.428571428571427,5.46938775510204,16.0,0.0,0.0,0.0,0.0,0.0,0.0,2.0,4.0,2.0,2.5714285714285716,0.6530612244897959,2.0,0.0,0.0,0.0,0.0,0.0,0.0,0.0,0.0,0.0,0.0,0.0,0.0,2.0,4.0,2.0,2.5714285714285716,0.6530612244897959,2.0,32.95,34.7633333333,1.813333333299994,34.03404761902857,0.8334693877387735,34.7633333333,0.0,0.464,0.464,0.2651428571428572,0.227265306122449,0.464,0.0,0.0,0.0,0.0,0.0,0.0,12.0,152.0,140.0,110.42857142857143,56.244897959183675,152.0
SnBi2Te4,950,Sn1 Bi2 Te4,50.0,83.0,33.0,60.57142857142857,12.816326530612244,52.0,80.0,90.0,10.0,87.42857142857143,2.9387755102040813,90.0,118.71,208.9804,90.27040000000001,149.58154285714286,33.94220408163266,127.6,505.08,722.66,217.57999999999998,640.6457142857142,93.73061224489796,722.66,14.0,16.0,2.0,15.428571428571429,0.6530612244897959,16.0,5.0,6.0,1.0,5.285714285714286,0.4081632653061224,5.0,138.0,148.0,10.0,141.0,4.0,138.0,1.96,2.1,0.14000000000000012,2.0571428571428574,0.04897959183673471,2.1,2.0,2.0,0.0,2.0,0.0,2.0,2.0,4.0,2.0,3.4285714285714284,0.6530612244897959,4.0,10.0,10.0,0.0,10.0,0.0,10.0,0.0,14.0,14.0,4.0,5.714285714285714,0.0,14.0,29.0,15.0,19.428571428571427,5.46938775510204,16.0,0.0,0.0,0.0,0.0,0.0,0.0,2.0,4.0,2.0,2.5714285714285716,0.6530612244897959,2.0,0.0,0.0,0.0,0.0,0.0,0.0,0.0,0.0,0.0,0.0,0.0,0.0,2.0,4.0,2.0,2.5714285714285716,0.6530612244897959,2.0,32.95,34.7633333333,1.813333333299994,34.03404761902857,0.8334693877387735,34.7633333333,0.0,0.464,0.464,0.2651428571428572,0.227265306122449,0.464,0.0,0.0,0.0,0.0,0.0,0.0,12.0,152.0,140.0,110.42857142857143,56.244897959183675,152.0
SnBi2Te4,1000,Sn1 Bi2 Te4,50.0,83.0,33.0,60.57142857142857,12.816326530612244,52.0,80.0,90.0,10.0,87.42857142857143,2.9387755102040813,90.0,118.71,208.9804,90.27040000000001,149.58154285714286,33.94220408163266,127.6,505.08,722.66,217.57999999999998,640.6457142857142,93.73061224489796,722.66,14.0,16.0,2.0,15.428571428571429,0.6530612244897959,16.0,5.0,6.0,1.0,5.285714285714286,0.4081632653061224,5.0,138.0,148.0,10.0,141.0,4.0,138.0,1.96,2.1,0.14000000000000012,2.0571428571428574,0.04897959183673471,2.1,2.0,2.0,0.0,2.0,0.0,2.0,2.0,4.0,2.0,3.4285714285714284,0.6530612244897959,4.0,10.0,10.0,0.0,10.0,0.0,10.0,0.0,14.0,14.0,4.0,5.714285714285714,0.0,14.0,29.0,15.0,19.428571428571427,5.46938775510204,16.0,0.0,0.0,0.0,0.0,0.0,0.0,2.0,4.0,2.0,2.5714285714285716,0.6530612244897959,2.0,0.0,0.0,0.0,0.0,0.0,0.0,0.0,0.0,0.0,0.0,0.0,0.0,2.0,4.0,2.0,2.5714285714285716,0.6530612244897959,2.0,32.95,34.7633333333,1.813333333299994,34.03404761902857,0.8334693877387735,34.7633333333,0.0,0.464,0.464,0.2651428571428572,0.227265306122449,0.464,0.0,0.0,0.0,0.0,0.0,0.0,12.0,152.0,140.0,110.42857142857143,56.244897959183675,152.0
SnBi2Te4,1050,Sn1 Bi2 Te4,50.0,83.0,33.0,60.57142857142857,12.816326530612244,52.0,80.0,90.0,10.0,87.42857142857143,2.9387755102040813,90.0,118.71,208.9804,90.27040000000001,149.58154285714286,33.94220408163266,127.6,505.08,722.66,217.57999999999998,640.6457142857142,93.73061224489796,722.66,14.0,16.0,2.0,15.428571428571429,0.6530612244897959,16.0,5.0,6.0,1.0,5.285714285714286,0.4081632653061224,5.0,138.0,148.0,10.0,141.0,4.0,138.0,1.96,2.1,0.14000000000000012,2.0571428571428574,0.04897959183673471,2.1,2.0,2.0,0.0,2.0,0.0,2.0,2.0,4.0,2.0,3.4285714285714284,0.6530612244897959,4.0,10.0,10.0,0.0,10.0,0.0,10.0,0.0,14.0,14.0,4.0,5.714285714285714,0.0,14.0,29.0,15.0,19.428571428571427,5.46938775510204,16.0,0.0,0.0,0.0,0.0,0.0,0.0,2.0,4.0,2.0,2.5714285714285716,0.6530612244897959,2.0,0.0,0.0,0.0,0.0,0.0,0.0,0.0,0.0,0.0,0.0,0.0,0.0,2.0,4.0,2.0,2.5714285714285716,0.6530612244897959,2.0,32.95,34.7633333333,1.813333333299994,34.03404761902857,0.8334693877387735,34.7633333333,0.0,0.464,0.464,0.2651428571428572,0.227265306122449,0.464,0.0,0.0,0.0,0.0,0.0,0.0,12.0,152.0,140.0,110.42857142857143,56.244897959183675,152.0
SnBi2Te4,1100,Sn1 Bi2 Te4,50.0,83.0,33.0,60.57142857142857,12.816326530612244,52.0,80.0,90.0,10.0,87.42857142857143,2.9387755102040813,90.0,118.71,208.9804,90.27040000000001,149.58154285714286,33.94220408163266,127.6,505.08,722.66,217.57999999999998,640.6457142857142,93.73061224489796,722.66,14.0,16.0,2.0,15.428571428571429,0.6530612244897959,16.0,5.0,6.0,1.0,5.285714285714286,0.4081632653061224,5.0,138.0,148.0,10.0,141.0,4.0,138.0,1.96,2.1,0.14000000000000012,2.0571428571428574,0.04897959183673471,2.1,2.0,2.0,0.0,2.0,0.0,2.0,2.0,4.0,2.0,3.4285714285714284,0.6530612244897959,4.0,10.0,10.0,0.0,10.0,0.0,10.0,0.0,14.0,14.0,4.0,5.714285714285714,0.0,14.0,29.0,15.0,19.428571428571427,5.46938775510204,16.0,0.0,0.0,0.0,0.0,0.0,0.0,2.0,4.0,2.0,2.5714285714285716,0.6530612244897959,2.0,0.0,0.0,0.0,0.0,0.0,0.0,0.0,0.0,0.0,0.0,0.0,0.0,2.0,4.0,2.0,2.5714285714285716,0.6530612244897959,2.0,32.95,34.7633333333,1.813333333299994,34.03404761902857,0.8334693877387735,34.7633333333,0.0,0.464,0.464,0.2651428571428572,0.227265306122449,0.464,0.0,0.0,0.0,0.0,0.0,0.0,12.0,152.0,140.0,110.42857142857143,56.244897959183675,152.0
SnBi2Te4,1150,Sn1 Bi2 Te4,50.0,83.0,33.0,60.57142857142857,12.816326530612244,52.0,80.0,90.0,10.0,87.42857142857143,2.9387755102040813,90.0,118.71,208.9804,90.27040000000001,149.58154285714286,33.94220408163266,127.6,505.08,722.66,217.57999999999998,640.6457142857142,93.73061224489796,722.66,14.0,16.0,2.0,15.428571428571429,0.6530612244897959,16.0,5.0,6.0,1.0,5.285714285714286,0.4081632653061224,5.0,138.0,148.0,10.0,141.0,4.0,138.0,1.96,2.1,0.14000000000000012,2.0571428571428574,0.04897959183673471,2.1,2.0,2.0,0.0,2.0,0.0,2.0,2.0,4.0,2.0,3.4285714285714284,0.6530612244897959,4.0,10.0,10.0,0.0,10.0,0.0,10.0,0.0,14.0,14.0,4.0,5.714285714285714,0.0,14.0,29.0,15.0,19.428571428571427,5.46938775510204,16.0,0.0,0.0,0.0,0.0,0.0,0.0,2.0,4.0,2.0,2.5714285714285716,0.6530612244897959,2.0,0.0,0.0,0.0,0.0,0.0,0.0,0.0,0.0,0.0,0.0,0.0,0.0,2.0,4.0,2.0,2.5714285714285716,0.6530612244897959,2.0,32.95,34.7633333333,1.813333333299994,34.03404761902857,0.8334693877387735,34.7633333333,0.0,0.464,0.464,0.2651428571428572,0.227265306122449,0.464,0.0,0.0,0.0,0.0,0.0,0.0,12.0,152.0,140.0,110.42857142857143,56.244897959183675,152.0
SnBi2Te4,1200,Sn1 Bi2 Te4,50.0,83.0,33.0,60.57142857142857,12.816326530612244,52.0,80.0,90.0,10.0,87.42857142857143,2.9387755102040813,90.0,118.71,208.9804,90.27040000000001,149.58154285714286,33.94220408163266,127.6,505.08,722.66,217.57999999999998,640.6457142857142,93.73061224489796,722.66,14.0,16.0,2.0,15.428571428571429,0.6530612244897959,16.0,5.0,6.0,1.0,5.285714285714286,0.4081632653061224,5.0,138.0,148.0,10.0,141.0,4.0,138.0,1.96,2.1,0.14000000000000012,2.0571428571428574,0.04897959183673471,2.1,2.0,2.0,0.0,2.0,0.0,2.0,2.0,4.0,2.0,3.4285714285714284,0.6530612244897959,4.0,10.0,10.0,0.0,10.0,0.0,10.0,0.0,14.0,14.0,4.0,5.714285714285714,0.0,14.0,29.0,15.0,19.428571428571427,5.46938775510204,16.0,0.0,0.0,0.0,0.0,0.0,0.0,2.0,4.0,2.0,2.5714285714285716,0.6530612244897959,2.0,0.0,0.0,0.0,0.0,0.0,0.0,0.0,0.0,0.0,0.0,0.0,0.0,2.0,4.0,2.0,2.5714285714285716,0.6530612244897959,2.0,32.95,34.7633333333,1.813333333299994,34.03404761902857,0.8334693877387735,34.7633333333,0.0,0.464,0.464,0.2651428571428572,0.227265306122449,0.464,0.0,0.0,0.0,0.0,0.0,0.0,12.0,152.0,140.0,110.42857142857143,56.244897959183675,152.0
PbSb2Te4,300,Pb1 Sb2 Te4,51.0,82.0,31.0,56.0,7.428571428571429,52.0,81.0,90.0,9.0,87.28571428571429,3.1020408163265296,90.0,121.76,207.2,85.43999999999998,137.30285714285714,19.970612244897954,127.6,600.61,903.78,303.16999999999996,756.972857142857,83.88979591836731,722.66,14.0,16.0,2.0,15.428571428571429,0.6530612244897959,16.0,5.0,6.0,1.0,5.142857142857143,0.24489795918367374,5.0,138.0,146.0,8.0,139.42857142857142,1.8775510204081545,138.0,2.05,2.33,0.28000000000000025,2.1185714285714288,0.06040816326530628,2.1,2.0,2.0,0.0,2.0,0.0,2.0,2.0,4.0,2.0,3.4285714285714284,0.6530612244897959,4.0,10.0,10.0,0.0,10.0,0.0,10.0,0.0,14.0,14.0,2.0,3.4285714285714284,0.0,15.0,28.0,13.0,17.428571428571427,3.020408163265305,16.0,0.0,0.0,0.0,0.0,0.0,0.0,2.0,4.0,2.0,2.5714285714285716,0.6530612244897959,2.0,0.0,0.0,0.0,0.0,0.0,0.0,0.0,0.0,0.0,0.0,0.0,0.0,2.0,4.0,2.0,2.5714285714285716,0.6530612244897959,2.0,28.11,34.7633333333,6.653333333299997,32.897619047599996,2.1322448979428565,34.7633333333,0.0,0.464,0.464,0.2651428571428572,0.227265306122449,0.464,0.0,0.0,0.0,0.0,0.0,0.0,152.0,225.0,73.0,166.42857142857142,16.734693877551013,152.0
PbSb2Te4,350,Pb1 Sb2 Te4,51.0,82.0,31.0,56.0,7.428571428571429,52.0,81.0,90.0,9.0,87.28571428571429,3.1020408163265296,90.0,121.76,207.2,85.43999999999998,137.30285714285714,19.970612244897954,127.6,600.61,903.78,303.16999999999996,756.972857142857,83.88979591836731,722.66,14.0,16.0,2.0,15.428571428571429,0.6530612244897959,16.0,5.0,6.0,1.0,5.142857142857143,0.24489795918367374,5.0,138.0,146.0,8.0,139.42857142857142,1.8775510204081545,138.0,2.05,2.33,0.28000000000000025,2.1185714285714288,0.06040816326530628,2.1,2.0,2.0,0.0,2.0,0.0,2.0,2.0,4.0,2.0,3.4285714285714284,0.6530612244897959,4.0,10.0,10.0,0.0,10.0,0.0,10.0,0.0,14.0,14.0,2.0,3.4285714285714284,0.0,15.0,28.0,13.0,17.428571428571427,3.020408163265305,16.0,0.0,0.0,0.0,0.0,0.0,0.0,2.0,4.0,2.0,2.5714285714285716,0.6530612244897959,2.0,0.0,0.0,0.0,0.0,0.0,0.0,0.0,0.0,0.0,0.0,0.0,0.0,2.0,4.0,2.0,2.5714285714285716,0.6530612244897959,2.0,28.11,34.7633333333,6.653333333299997,32.897619047599996,2.1322448979428565,34.7633333333,0.0,0.464,0.464,0.2651428571428572,0.227265306122449,0.464,0.0,0.0,0.0,0.0,0.0,0.0,152.0,225.0,73.0,166.42857142857142,16.734693877551013,152.0
PbSb2Te4,400,Pb1 Sb2 Te4,51.0,82.0,31.0,56.0,7.428571428571429,52.0,81.0,90.0,9.0,87.28571428571429,3.1020408163265296,90.0,121.76,207.2,85.43999999999998,137.30285714285714,19.970612244897954,127.6,600.61,903.78,303.16999999999996,756.972857142857,83.88979591836731,722.66,14.0,16.0,2.0,15.428571428571429,0.6530612244897959,16.0,5.0,6.0,1.0,5.142857142857143,0.24489795918367374,5.0,138.0,146.0,8.0,139.42857142857142,1.8775510204081545,138.0,2.05,2.33,0.28000000000000025,2.1185714285714288,0.06040816326530628,2.1,2.0,2.0,0.0,2.0,0.0,2.0,2.0,4.0,2.0,3.4285714285714284,0.6530612244897959,4.0,10.0,10.0,0.0,10.0,0.0,10.0,0.0,14.0,14.0,2.0,3.4285714285714284,0.0,15.0,28.0,13.0,17.428571428571427,3.020408163265305,16.0,0.0,0.0,0.0,0.0,0.0,0.0,2.0,4.0,2.0,2.5714285714285716,0.6530612244897959,2.0,0.0,0.0,0.0,0.0,0.0,0.0,0.0,0.0,0.0,0.0,0.0,0.0,2.0,4.0,2.0,2.5714285714285716,0.6530612244897959,2.0,28.11,34.7633333333,6.653333333299997,32.897619047599996,2.1322448979428565,34.7633333333,0.0,0.464,0.464,0.2651428571428572,0.227265306122449,0.464,0.0,0.0,0.0,0.0,0.0,0.0,152.0,225.0,73.0,166.42857142857142,16.734693877551013,152.0
PbSb2Te4,450,Pb1 Sb2 Te4,51.0,82.0,31.0,56.0,7.428571428571429,52.0,81.0,90.0,9.0,87.28571428571429,3.1020408163265296,90.0,121.76,207.2,85.43999999999998,137.30285714285714,19.970612244897954,127.6,600.61,903.78,303.16999999999996,756.972857142857,83.88979591836731,722.66,14.0,16.0,2.0,15.428571428571429,0.6530612244897959,16.0,5.0,6.0,1.0,5.142857142857143,0.24489795918367374,5.0,138.0,146.0,8.0,139.42857142857142,1.8775510204081545,138.0,2.05,2.33,0.28000000000000025,2.1185714285714288,0.06040816326530628,2.1,2.0,2.0,0.0,2.0,0.0,2.0,2.0,4.0,2.0,3.4285714285714284,0.6530612244897959,4.0,10.0,10.0,0.0,10.0,0.0,10.0,0.0,14.0,14.0,2.0,3.4285714285714284,0.0,15.0,28.0,13.0,17.428571428571427,3.020408163265305,16.0,0.0,0.0,0.0,0.0,0.0,0.0,2.0,4.0,2.0,2.5714285714285716,0.6530612244897959,2.0,0.0,0.0,0.0,0.0,0.0,0.0,0.0,0.0,0.0,0.0,0.0,0.0,2.0,4.0,2.0,2.5714285714285716,0.6530612244897959,2.0,28.11,34.7633333333,6.653333333299997,32.897619047599996,2.1322448979428565,34.7633333333,0.0,0.464,0.464,0.2651428571428572,0.227265306122449,0.464,0.0,0.0,0.0,0.0,0.0,0.0,152.0,225.0,73.0,166.42857142857142,16.734693877551013,152.0
PbSb2Te4,500,Pb1 Sb2 Te4,51.0,82.0,31.0,56.0,7.428571428571429,52.0,81.0,90.0,9.0,87.28571428571429,3.1020408163265296,90.0,121.76,207.2,85.43999999999998,137.30285714285714,19.970612244897954,127.6,600.61,903.78,303.16999999999996,756.972857142857,83.88979591836731,722.66,14.0,16.0,2.0,15.428571428571429,0.6530612244897959,16.0,5.0,6.0,1.0,5.142857142857143,0.24489795918367374,5.0,138.0,146.0,8.0,139.42857142857142,1.8775510204081545,138.0,2.05,2.33,0.28000000000000025,2.1185714285714288,0.06040816326530628,2.1,2.0,2.0,0.0,2.0,0.0,2.0,2.0,4.0,2.0,3.4285714285714284,0.6530612244897959,4.0,10.0,10.0,0.0,10.0,0.0,10.0,0.0,14.0,14.0,2.0,3.4285714285714284,0.0,15.0,28.0,13.0,17.428571428571427,3.020408163265305,16.0,0.0,0.0,0.0,0.0,0.0,0.0,2.0,4.0,2.0,2.5714285714285716,0.6530612244897959,2.0,0.0,0.0,0.0,0.0,0.0,0.0,0.0,0.0,0.0,0.0,0.0,0.0,2.0,4.0,2.0,2.5714285714285716,0.6530612244897959,2.0,28.11,34.7633333333,6.653333333299997,32.897619047599996,2.1322448979428565,34.7633333333,0.0,0.464,0.464,0.2651428571428572,0.227265306122449,0.464,0.0,0.0,0.0,0.0,0.0,0.0,152.0,225.0,73.0,166.42857142857142,16.734693877551013,152.0
PbSb2Te4,550,Pb1 Sb2 Te4,51.0,82.0,31.0,56.0,7.428571428571429,52.0,81.0,90.0,9.0,87.28571428571429,3.1020408163265296,90.0,121.76,207.2,85.43999999999998,137.30285714285714,19.970612244897954,127.6,600.61,903.78,303.16999999999996,756.972857142857,83.88979591836731,722.66,14.0,16.0,2.0,15.428571428571429,0.6530612244897959,16.0,5.0,6.0,1.0,5.142857142857143,0.24489795918367374,5.0,138.0,146.0,8.0,139.42857142857142,1.8775510204081545,138.0,2.05,2.33,0.28000000000000025,2.1185714285714288,0.06040816326530628,2.1,2.0,2.0,0.0,2.0,0.0,2.0,2.0,4.0,2.0,3.4285714285714284,0.6530612244897959,4.0,10.0,10.0,0.0,10.0,0.0,10.0,0.0,14.0,14.0,2.0,3.4285714285714284,0.0,15.0,28.0,13.0,17.428571428571427,3.020408163265305,16.0,0.0,0.0,0.0,0.0,0.0,0.0,2.0,4.0,2.0,2.5714285714285716,0.6530612244897959,2.0,0.0,0.0,0.0,0.0,0.0,0.0,0.0,0.0,0.0,0.0,0.0,0.0,2.0,4.0,2.0,2.5714285714285716,0.6530612244897959,2.0,28.11,34.7633333333,6.653333333299997,32.897619047599996,2.1322448979428565,34.7633333333,0.0,0.464,0.464,0.2651428571428572,0.227265306122449,0.464,0.0,0.0,0.0,0.0,0.0,0.0,152.0,225.0,73.0,166.42857142857142,16.734693877551013,152.0
PbSb2Te4,600,Pb1 Sb2 Te4,51.0,82.0,31.0,56.0,7.428571428571429,52.0,81.0,90.0,9.0,87.28571428571429,3.1020408163265296,90.0,121.76,207.2,85.43999999999998,137.30285714285714,19.970612244897954,127.6,600.61,903.78,303.16999999999996,756.972857142857,83.88979591836731,722.66,14.0,16.0,2.0,15.428571428571429,0.6530612244897959,16.0,5.0,6.0,1.0,5.142857142857143,0.24489795918367374,5.0,138.0,146.0,8.0,139.42857142857142,1.8775510204081545,138.0,2.05,2.33,0.28000000000000025,2.1185714285714288,0.06040816326530628,2.1,2.0,2.0,0.0,2.0,0.0,2.0,2.0,4.0,2.0,3.4285714285714284,0.6530612244897959,4.0,10.0,10.0,0.0,10.0,0.0,10.0,0.0,14.0,14.0,2.0,3.4285714285714284,0.0,15.0,28.0,13.0,17.428571428571427,3.020408163265305,16.0,0.0,0.0,0.0,0.0,0.0,0.0,2.0,4.0,2.0,2.5714285714285716,0.6530612244897959,2.0,0.0,0.0,0.0,0.0,0.0,0.0,0.0,0.0,0.0,0.0,0.0,0.0,2.0,4.0,2.0,2.5714285714285716,0.6530612244897959,2.0,28.11,34.7633333333,6.653333333299997,32.897619047599996,2.1322448979428565,34.7633333333,0.0,0.464,0.464,0.2651428571428572,0.227265306122449,0.464,0.0,0.0,0.0,0.0,0.0,0.0,152.0,225.0,73.0,166.42857142857142,16.734693877551013,152.0
PbSb2Te4,650,Pb1 Sb2 Te4,51.0,82.0,31.0,56.0,7.428571428571429,52.0,81.0,90.0,9.0,87.28571428571429,3.1020408163265296,90.0,121.76,207.2,85.43999999999998,137.30285714285714,19.970612244897954,127.6,600.61,903.78,303.16999999999996,756.972857142857,83.88979591836731,722.66,14.0,16.0,2.0,15.428571428571429,0.6530612244897959,16.0,5.0,6.0,1.0,5.142857142857143,0.24489795918367374,5.0,138.0,146.0,8.0,139.42857142857142,1.8775510204081545,138.0,2.05,2.33,0.28000000000000025,2.1185714285714288,0.06040816326530628,2.1,2.0,2.0,0.0,2.0,0.0,2.0,2.0,4.0,2.0,3.4285714285714284,0.6530612244897959,4.0,10.0,10.0,0.0,10.0,0.0,10.0,0.0,14.0,14.0,2.0,3.4285714285714284,0.0,15.0,28.0,13.0,17.428571428571427,3.020408163265305,16.0,0.0,0.0,0.0,0.0,0.0,0.0,2.0,4.0,2.0,2.5714285714285716,0.6530612244897959,2.0,0.0,0.0,0.0,0.0,0.0,0.0,0.0,0.0,0.0,0.0,0.0,0.0,2.0,4.0,2.0,2.5714285714285716,0.6530612244897959,2.0,28.11,34.7633333333,6.653333333299997,32.897619047599996,2.1322448979428565,34.7633333333,0.0,0.464,0.464,0.2651428571428572,0.227265306122449,0.464,0.0,0.0,0.0,0.0,0.0,0.0,152.0,225.0,73.0,166.42857142857142,16.734693877551013,152.0
PbSb2Te4,700,Pb1 Sb2 Te4,51.0,82.0,31.0,56.0,7.428571428571429,52.0,81.0,90.0,9.0,87.28571428571429,3.1020408163265296,90.0,121.76,207.2,85.43999999999998,137.30285714285714,19.970612244897954,127.6,600.61,903.78,303.16999999999996,756.972857142857,83.88979591836731,722.66,14.0,16.0,2.0,15.428571428571429,0.6530612244897959,16.0,5.0,6.0,1.0,5.142857142857143,0.24489795918367374,5.0,138.0,146.0,8.0,139.42857142857142,1.8775510204081545,138.0,2.05,2.33,0.28000000000000025,2.1185714285714288,0.06040816326530628,2.1,2.0,2.0,0.0,2.0,0.0,2.0,2.0,4.0,2.0,3.4285714285714284,0.6530612244897959,4.0,10.0,10.0,0.0,10.0,0.0,10.0,0.0,14.0,14.0,2.0,3.4285714285714284,0.0,15.0,28.0,13.0,17.428571428571427,3.020408163265305,16.0,0.0,0.0,0.0,0.0,0.0,0.0,2.0,4.0,2.0,2.5714285714285716,0.6530612244897959,2.0,0.0,0.0,0.0,0.0,0.0,0.0,0.0,0.0,0.0,0.0,0.0,0.0,2.0,4.0,2.0,2.5714285714285716,0.6530612244897959,2.0,28.11,34.7633333333,6.653333333299997,32.897619047599996,2.1322448979428565,34.7633333333,0.0,0.464,0.464,0.2651428571428572,0.227265306122449,0.464,0.0,0.0,0.0,0.0,0.0,0.0,152.0,225.0,73.0,166.42857142857142,16.734693877551013,152.0
PbSb2Te4,750,Pb1 Sb2 Te4,51.0,82.0,31.0,56.0,7.428571428571429,52.0,81.0,90.0,9.0,87.28571428571429,3.1020408163265296,90.0,121.76,207.2,85.43999999999998,137.30285714285714,19.970612244897954,127.6,600.61,903.78,303.16999999999996,756.972857142857,83.88979591836731,722.66,14.0,16.0,2.0,15.428571428571429,0.6530612244897959,16.0,5.0,6.0,1.0,5.142857142857143,0.24489795918367374,5.0,138.0,146.0,8.0,139.42857142857142,1.8775510204081545,138.0,2.05,2.33,0.28000000000000025,2.1185714285714288,0.06040816326530628,2.1,2.0,2.0,0.0,2.0,0.0,2.0,2.0,4.0,2.0,3.4285714285714284,0.6530612244897959,4.0,10.0,10.0,0.0,10.0,0.0,10.0,0.0,14.0,14.0,2.0,3.4285714285714284,0.0,15.0,28.0,13.0,17.428571428571427,3.020408163265305,16.0,0.0,0.0,0.0,0.0,0.0,0.0,2.0,4.0,2.0,2.5714285714285716,0.6530612244897959,2.0,0.0,0.0,0.0,0.0,0.0,0.0,0.0,0.0,0.0,0.0,0.0,0.0,2.0,4.0,2.0,2.5714285714285716,0.6530612244897959,2.0,28.11,34.7633333333,6.653333333299997,32.897619047599996,2.1322448979428565,34.7633333333,0.0,0.464,0.464,0.2651428571428572,0.227265306122449,0.464,0.0,0.0,0.0,0.0,0.0,0.0,152.0,225.0,73.0,166.42857142857142,16.734693877551013,152.0
PbSb2Te4,800,Pb1 Sb2 Te4,51.0,82.0,31.0,56.0,7.428571428571429,52.0,81.0,90.0,9.0,87.28571428571429,3.1020408163265296,90.0,121.76,207.2,85.43999999999998,137.30285714285714,19.970612244897954,127.6,600.61,903.78,303.16999999999996,756.972857142857,83.88979591836731,722.66,14.0,16.0,2.0,15.428571428571429,0.6530612244897959,16.0,5.0,6.0,1.0,5.142857142857143,0.24489795918367374,5.0,138.0,146.0,8.0,139.42857142857142,1.8775510204081545,138.0,2.05,2.33,0.28000000000000025,2.1185714285714288,0.06040816326530628,2.1,2.0,2.0,0.0,2.0,0.0,2.0,2.0,4.0,2.0,3.4285714285714284,0.6530612244897959,4.0,10.0,10.0,0.0,10.0,0.0,10.0,0.0,14.0,14.0,2.0,3.4285714285714284,0.0,15.0,28.0,13.0,17.428571428571427,3.020408163265305,16.0,0.0,0.0,0.0,0.0,0.0,0.0,2.0,4.0,2.0,2.5714285714285716,0.6530612244897959,2.0,0.0,0.0,0.0,0.0,0.0,0.0,0.0,0.0,0.0,0.0,0.0,0.0,2.0,4.0,2.0,2.5714285714285716,0.6530612244897959,2.0,28.11,34.7633333333,6.653333333299997,32.897619047599996,2.1322448979428565,34.7633333333,0.0,0.464,0.464,0.2651428571428572,0.227265306122449,0.464,0.0,0.0,0.0,0.0,0.0,0.0,152.0,225.0,73.0,166.42857142857142,16.734693877551013,152.0
PbSb2Te4,850,Pb1 Sb2 Te4,51.0,82.0,31.0,56.0,7.428571428571429,52.0,81.0,90.0,9.0,87.28571428571429,3.1020408163265296,90.0,121.76,207.2,85.43999999999998,137.30285714285714,19.970612244897954,127.6,600.61,903.78,303.16999999999996,756.972857142857,83.88979591836731,722.66,14.0,16.0,2.0,15.428571428571429,0.6530612244897959,16.0,5.0,6.0,1.0,5.142857142857143,0.24489795918367374,5.0,138.0,146.0,8.0,139.42857142857142,1.8775510204081545,138.0,2.05,2.33,0.28000000000000025,2.1185714285714288,0.06040816326530628,2.1,2.0,2.0,0.0,2.0,0.0,2.0,2.0,4.0,2.0,3.4285714285714284,0.6530612244897959,4.0,10.0,10.0,0.0,10.0,0.0,10.0,0.0,14.0,14.0,2.0,3.4285714285714284,0.0,15.0,28.0,13.0,17.428571428571427,3.020408163265305,16.0,0.0,0.0,0.0,0.0,0.0,0.0,2.0,4.0,2.0,2.5714285714285716,0.6530612244897959,2.0,0.0,0.0,0.0,0.0,0.0,0.0,0.0,0.0,0.0,0.0,0.0,0.0,2.0,4.0,2.0,2.5714285714285716,0.6530612244897959,2.0,28.11,34.7633333333,6.653333333299997,32.897619047599996,2.1322448979428565,34.7633333333,0.0,0.464,0.464,0.2651428571428572,0.227265306122449,0.464,0.0,0.0,0.0,0.0,0.0,0.0,152.0,225.0,73.0,166.42857142857142,16.734693877551013,152.0
PbSb2Te4,900,Pb1 Sb2 Te4,51.0,82.0,31.0,56.0,7.428571428571429,52.0,81.0,90.0,9.0,87.28571428571429,3.1020408163265296,90.0,121.76,207.2,85.43999999999998,137.30285714285714,19.970612244897954,127.6,600.61,903.78,303.16999999999996,756.972857142857,83.88979591836731,722.66,14.0,16.0,2.0,15.428571428571429,0.6530612244897959,16.0,5.0,6.0,1.0,5.142857142857143,0.24489795918367374,5.0,138.0,146.0,8.0,139.42857142857142,1.8775510204081545,138.0,2.05,2.33,0.28000000000000025,2.1185714285714288,0.06040816326530628,2.1,2.0,2.0,0.0,2.0,0.0,2.0,2.0,4.0,2.0,3.4285714285714284,0.6530612244897959,4.0,10.0,10.0,0.0,10.0,0.0,10.0,0.0,14.0,14.0,2.0,3.4285714285714284,0.0,15.0,28.0,13.0,17.428571428571427,3.020408163265305,16.0,0.0,0.0,0.0,0.0,0.0,0.0,2.0,4.0,2.0,2.5714285714285716,0.6530612244897959,2.0,0.0,0.0,0.0,0.0,0.0,0.0,0.0,0.0,0.0,0.0,0.0,0.0,2.0,4.0,2.0,2.5714285714285716,0.6530612244897959,2.0,28.11,34.7633333333,6.653333333299997,32.897619047599996,2.1322448979428565,34.7633333333,0.0,0.464,0.464,0.2651428571428572,0.227265306122449,0.464,0.0,0.0,0.0,0.0,0.0,0.0,152.0,225.0,73.0,166.42857142857142,16.734693877551013,152.0
PbSb2Te4,950,Pb1 Sb2 Te4,51.0,82.0,31.0,56.0,7.428571428571429,52.0,81.0,90.0,9.0,87.28571428571429,3.1020408163265296,90.0,121.76,207.2,85.43999999999998,137.30285714285714,19.970612244897954,127.6,600.61,903.78,303.16999999999996,756.972857142857,83.88979591836731,722.66,14.0,16.0,2.0,15.428571428571429,0.6530612244897959,16.0,5.0,6.0,1.0,5.142857142857143,0.24489795918367374,5.0,138.0,146.0,8.0,139.42857142857142,1.8775510204081545,138.0,2.05,2.33,0.28000000000000025,2.1185714285714288,0.06040816326530628,2.1,2.0,2.0,0.0,2.0,0.0,2.0,2.0,4.0,2.0,3.4285714285714284,0.6530612244897959,4.0,10.0,10.0,0.0,10.0,0.0,10.0,0.0,14.0,14.0,2.0,3.4285714285714284,0.0,15.0,28.0,13.0,17.428571428571427,3.020408163265305,16.0,0.0,0.0,0.0,0.0,0.0,0.0,2.0,4.0,2.0,2.5714285714285716,0.6530612244897959,2.0,0.0,0.0,0.0,0.0,0.0,0.0,0.0,0.0,0.0,0.0,0.0,0.0,2.0,4.0,2.0,2.5714285714285716,0.6530612244897959,2.0,28.11,34.7633333333,6.653333333299997,32.897619047599996,2.1322448979428565,34.7633333333,0.0,0.464,0.464,0.2651428571428572,0.227265306122449,0.464,0.0,0.0,0.0,0.0,0.0,0.0,152.0,225.0,73.0,166.42857142857142,16.734693877551013,152.0
PbSb2Te4,1000,Pb1 Sb2 Te4,51.0,82.0,31.0,56.0,7.428571428571429,52.0,81.0,90.0,9.0,87.28571428571429,3.1020408163265296,90.0,121.76,207.2,85.43999999999998,137.30285714285714,19.970612244897954,127.6,600.61,903.78,303.16999999999996,756.972857142857,83.88979591836731,722.66,14.0,16.0,2.0,15.428571428571429,0.6530612244897959,16.0,5.0,6.0,1.0,5.142857142857143,0.24489795918367374,5.0,138.0,146.0,8.0,139.42857142857142,1.8775510204081545,138.0,2.05,2.33,0.28000000000000025,2.1185714285714288,0.06040816326530628,2.1,2.0,2.0,0.0,2.0,0.0,2.0,2.0,4.0,2.0,3.4285714285714284,0.6530612244897959,4.0,10.0,10.0,0.0,10.0,0.0,10.0,0.0,14.0,14.0,2.0,3.4285714285714284,0.0,15.0,28.0,13.0,17.428571428571427,3.020408163265305,16.0,0.0,0.0,0.0,0.0,0.0,0.0,2.0,4.0,2.0,2.5714285714285716,0.6530612244897959,2.0,0.0,0.0,0.0,0.0,0.0,0.0,0.0,0.0,0.0,0.0,0.0,0.0,2.0,4.0,2.0,2.5714285714285716,0.6530612244897959,2.0,28.11,34.7633333333,6.653333333299997,32.897619047599996,2.1322448979428565,34.7633333333,0.0,0.464,0.464,0.2651428571428572,0.227265306122449,0.464,0.0,0.0,0.0,0.0,0.0,0.0,152.0,225.0,73.0,166.42857142857142,16.734693877551013,152.0
PbSb2Te4,1050,Pb1 Sb2 Te4,51.0,82.0,31.0,56.0,7.428571428571429,52.0,81.0,90.0,9.0,87.28571428571429,3.1020408163265296,90.0,121.76,207.2,85.43999999999998,137.30285714285714,19.970612244897954,127.6,600.61,903.78,303.16999999999996,756.972857142857,83.88979591836731,722.66,14.0,16.0,2.0,15.428571428571429,0.6530612244897959,16.0,5.0,6.0,1.0,5.142857142857143,0.24489795918367374,5.0,138.0,146.0,8.0,139.42857142857142,1.8775510204081545,138.0,2.05,2.33,0.28000000000000025,2.1185714285714288,0.06040816326530628,2.1,2.0,2.0,0.0,2.0,0.0,2.0,2.0,4.0,2.0,3.4285714285714284,0.6530612244897959,4.0,10.0,10.0,0.0,10.0,0.0,10.0,0.0,14.0,14.0,2.0,3.4285714285714284,0.0,15.0,28.0,13.0,17.428571428571427,3.020408163265305,16.0,0.0,0.0,0.0,0.0,0.0,0.0,2.0,4.0,2.0,2.5714285714285716,0.6530612244897959,2.0,0.0,0.0,0.0,0.0,0.0,0.0,0.0,0.0,0.0,0.0,0.0,0.0,2.0,4.0,2.0,2.5714285714285716,0.6530612244897959,2.0,28.11,34.7633333333,6.653333333299997,32.897619047599996,2.1322448979428565,34.7633333333,0.0,0.464,0.464,0.2651428571428572,0.227265306122449,0.464,0.0,0.0,0.0,0.0,0.0,0.0,152.0,225.0,73.0,166.42857142857142,16.734693877551013,152.0
PbSb2Te4,1100,Pb1 Sb2 Te4,51.0,82.0,31.0,56.0,7.428571428571429,52.0,81.0,90.0,9.0,87.28571428571429,3.1020408163265296,90.0,121.76,207.2,85.43999999999998,137.30285714285714,19.970612244897954,127.6,600.61,903.78,303.16999999999996,756.972857142857,83.88979591836731,722.66,14.0,16.0,2.0,15.428571428571429,0.6530612244897959,16.0,5.0,6.0,1.0,5.142857142857143,0.24489795918367374,5.0,138.0,146.0,8.0,139.42857142857142,1.8775510204081545,138.0,2.05,2.33,0.28000000000000025,2.1185714285714288,0.06040816326530628,2.1,2.0,2.0,0.0,2.0,0.0,2.0,2.0,4.0,2.0,3.4285714285714284,0.6530612244897959,4.0,10.0,10.0,0.0,10.0,0.0,10.0,0.0,14.0,14.0,2.0,3.4285714285714284,0.0,15.0,28.0,13.0,17.428571428571427,3.020408163265305,16.0,0.0,0.0,0.0,0.0,0.0,0.0,2.0,4.0,2.0,2.5714285714285716,0.6530612244897959,2.0,0.0,0.0,0.0,0.0,0.0,0.0,0.0,0.0,0.0,0.0,0.0,0.0,2.0,4.0,2.0,2.5714285714285716,0.6530612244897959,2.0,28.11,34.7633333333,6.653333333299997,32.897619047599996,2.1322448979428565,34.7633333333,0.0,0.464,0.464,0.2651428571428572,0.227265306122449,0.464,0.0,0.0,0.0,0.0,0.0,0.0,152.0,225.0,73.0,166.42857142857142,16.734693877551013,152.0
PbSb2Te4,1150,Pb1 Sb2 Te4,51.0,82.0,31.0,56.0,7.428571428571429,52.0,81.0,90.0,9.0,87.28571428571429,3.1020408163265296,90.0,121.76,207.2,85.43999999999998,137.30285714285714,19.970612244897954,127.6,600.61,903.78,303.16999999999996,756.972857142857,83.88979591836731,722.66,14.0,16.0,2.0,15.428571428571429,0.6530612244897959,16.0,5.0,6.0,1.0,5.142857142857143,0.24489795918367374,5.0,138.0,146.0,8.0,139.42857142857142,1.8775510204081545,138.0,2.05,2.33,0.28000000000000025,2.1185714285714288,0.06040816326530628,2.1,2.0,2.0,0.0,2.0,0.0,2.0,2.0,4.0,2.0,3.4285714285714284,0.6530612244897959,4.0,10.0,10.0,0.0,10.0,0.0,10.0,0.0,14.0,14.0,2.0,3.4285714285714284,0.0,15.0,28.0,13.0,17.428571428571427,3.020408163265305,16.0,0.0,0.0,0.0,0.0,0.0,0.0,2.0,4.0,2.0,2.5714285714285716,0.6530612244897959,2.0,0.0,0.0,0.0,0.0,0.0,0.0,0.0,0.0,0.0,0.0,0.0,0.0,2.0,4.0,2.0,2.5714285714285716,0.6530612244897959,2.0,28.11,34.7633333333,6.653333333299997,32.897619047599996,2.1322448979428565,34.7633333333,0.0,0.464,0.464,0.2651428571428572,0.227265306122449,0.464,0.0,0.0,0.0,0.0,0.0,0.0,152.0,225.0,73.0,166.42857142857142,16.734693877551013,152.0
PbSb2Te4,1200,Pb1 Sb2 Te4,51.0,82.0,31.0,56.0,7.428571428571429,52.0,81.0,90.0,9.0,87.28571428571429,3.1020408163265296,90.0,121.76,207.2,85.43999999999998,137.30285714285714,19.970612244897954,127.6,600.61,903.78,303.16999999999996,756.972857142857,83.88979591836731,722.66,14.0,16.0,2.0,15.428571428571429,0.6530612244897959,16.0,5.0,6.0,1.0,5.142857142857143,0.24489795918367374,5.0,138.0,146.0,8.0,139.42857142857142,1.8775510204081545,138.0,2.05,2.33,0.28000000000000025,2.1185714285714288,0.06040816326530628,2.1,2.0,2.0,0.0,2.0,0.0,2.0,2.0,4.0,2.0,3.4285714285714284,0.6530612244897959,4.0,10.0,10.0,0.0,10.0,0.0,10.0,0.0,14.0,14.0,2.0,3.4285714285714284,0.0,15.0,28.0,13.0,17.428571428571427,3.020408163265305,16.0,0.0,0.0,0.0,0.0,0.0,0.0,2.0,4.0,2.0,2.5714285714285716,0.6530612244897959,2.0,0.0,0.0,0.0,0.0,0.0,0.0,0.0,0.0,0.0,0.0,0.0,0.0,2.0,4.0,2.0,2.5714285714285716,0.6530612244897959,2.0,28.11,34.7633333333,6.653333333299997,32.897619047599996,2.1322448979428565,34.7633333333,0.0,0.464,0.464,0.2651428571428572,0.227265306122449,0.464,0.0,0.0,0.0,0.0,0.0,0.0,152.0,225.0,73.0,166.42857142857142,16.734693877551013,152.0
PbBi2Te4,300,Pb1 Bi2 Te4,52.0,83.0,31.0,65.14285714285714,15.020408163265305,52.0,81.0,90.0,9.0,87.57142857142857,2.775510204081633,90.0,127.6,208.9804,81.38040000000001,162.2229714285714,39.56911020408164,127.6,544.4,722.66,178.26,654.2928571428571,78.1338775510204,722.66,14.0,16.0,2.0,15.428571428571429,0.6530612244897959,16.0,5.0,6.0,1.0,5.428571428571429,0.489795918367347,5.0,138.0,148.0,10.0,142.0,4.571428571428571,138.0,2.02,2.33,0.31000000000000005,2.11,0.06285714285714272,2.1,2.0,2.0,0.0,2.0,0.0,2.0,2.0,4.0,2.0,3.4285714285714284,0.6530612244897959,4.0,10.0,10.0,0.0,10.0,0.0,10.0,0.0,14.0,14.0,6.0,6.857142857142857,0.0,16.0,29.0,13.0,21.428571428571427,6.204081632653062,16.0,0.0,0.0,0.0,0.0,0.0,0.0,2.0,4.0,2.0,2.5714285714285716,0.6530612244897959,2.0,0.0,0.0,0.0,0.0,0.0,0.0,0.0,0.0,0.0,0.0,0.0,0.0,2.0,4.0,2.0,2.5714285714285716,0.6530612244897959,2.0,28.11,34.7633333333,6.653333333299997,33.294761904742856,1.6783673469224465,34.7633333333,0.0,0.464,0.464,0.2651428571428572,0.227265306122449,0.464,0.0,0.0,0.0,0.0,0.0,0.0,12.0,225.0,213.0,122.42857142857143,63.10204081632653,152.0
PbBi2Te4,350,Pb1 Bi2 Te4,52.0,83.0,31.0,65.14285714285714,15.020408163265305,52.0,81.0,90.0,9.0,87.57142857142857,2.775510204081633,90.0,127.6,208.9804,81.38040000000001,162.2229714285714,39.56911020408164,127.6,544.4,722.66,178.26,654.2928571428571,78.1338775510204,722.66,14.0,16.0,2.0,15.428571428571429,0.6530612244897959,16.0,5.0,6.0,1.0,5.428571428571429,0.489795918367347,5.0,138.0,148.0,10.0,142.0,4.571428571428571,138.0,2.02,2.33,0.31000000000000005,2.11,0.06285714285714272,2.1,2.0,2.0,0.0,2.0,0.0,2.0,2.0,4.0,2.0,3.4285714285714284,0.6530612244897959,4.0,10.0,10.0,0.0,10.0,0.0,10.0,0.0,14.0,14.0,6.0,6.857142857142857,0.0,16.0,29.0,13.0,21.428571428571427,6.204081632653062,16.0,0.0,0.0,0.0,0.0,0.0,0.0,2.0,4.0,2.0,2.5714285714285716,0.6530612244897959,2.0,0.0,0.0,0.0,0.0,0.0,0.0,0.0,0.0,0.0,0.0,0.0,0.0,2.0,4.0,2.0,2.5714285714285716,0.6530612244897959,2.0,28.11,34.7633333333,6.653333333299997,33.294761904742856,1.6783673469224465,34.7633333333,0.0,0.464,0.464,0.2651428571428572,0.227265306122449,0.464,0.0,0.0,0.0,0.0,0.0,0.0,12.0,225.0,213.0,122.42857142857143,63.10204081632653,152.0
PbBi2Te4,400,Pb1 Bi2 Te4,52.0,83.0,31.0,65.14285714285714,15.020408163265305,52.0,81.0,90.0,9.0,87.57142857142857,2.775510204081633,90.0,127.6,208.9804,81.38040000000001,162.2229714285714,39.56911020408164,127.6,544.4,722.66,178.26,654.2928571428571,78.1338775510204,722.66,14.0,16.0,2.0,15.428571428571429,0.6530612244897959,16.0,5.0,6.0,1.0,5.428571428571429,0.489795918367347,5.0,138.0,148.0,10.0,142.0,4.571428571428571,138.0,2.02,2.33,0.31000000000000005,2.11,0.06285714285714272,2.1,2.0,2.0,0.0,2.0,0.0,2.0,2.0,4.0,2.0,3.4285714285714284,0.6530612244897959,4.0,10.0,10.0,0.0,10.0,0.0,10.0,0.0,14.0,14.0,6.0,6.857142857142857,0.0,16.0,29.0,13.0,21.428571428571427,6.204081632653062,16.0,0.0,0.0,0.0,0.0,0.0,0.0,2.0,4.0,2.0,2.5714285714285716,0.6530612244897959,2.0,0.0,0.0,0.0,0.0,0.0,0.0,0.0,0.0,0.0,0.0,0.0,0.0,2.0,4.0,2.0,2.5714285714285716,0.6530612244897959,2.0,28.11,34.7633333333,6.653333333299997,33.294761904742856,1.6783673469224465,34.7633333333,0.0,0.464,0.464,0.2651428571428572,0.227265306122449,0.464,0.0,0.0,0.0,0.0,0.0,0.0,12.0,225.0,213.0,122.42857142857143,63.10204081632653,152.0
PbBi2Te4,450,Pb1 Bi2 Te4,52.0,83.0,31.0,65.14285714285714,15.020408163265305,52.0,81.0,90.0,9.0,87.57142857142857,2.775510204081633,90.0,127.6,208.9804,81.38040000000001,162.2229714285714,39.56911020408164,127.6,544.4,722.66,178.26,654.2928571428571,78.1338775510204,722.66,14.0,16.0,2.0,15.428571428571429,0.6530612244897959,16.0,5.0,6.0,1.0,5.428571428571429,0.489795918367347,5.0,138.0,148.0,10.0,142.0,4.571428571428571,138.0,2.02,2.33,0.31000000000000005,2.11,0.06285714285714272,2.1,2.0,2.0,0.0,2.0,0.0,2.0,2.0,4.0,2.0,3.4285714285714284,0.6530612244897959,4.0,10.0,10.0,0.0,10.0,0.0,10.0,0.0,14.0,14.0,6.0,6.857142857142857,0.0,16.0,29.0,13.0,21.428571428571427,6.204081632653062,16.0,0.0,0.0,0.0,0.0,0.0,0.0,2.0,4.0,2.0,2.5714285714285716,0.6530612244897959,2.0,0.0,0.0,0.0,0.0,0.0,0.0,0.0,0.0,0.0,0.0,0.0,0.0,2.0,4.0,2.0,2.5714285714285716,0.6530612244897959,2.0,28.11,34.7633333333,6.653333333299997,33.294761904742856,1.6783673469224465,34.7633333333,0.0,0.464,0.464,0.2651428571428572,0.227265306122449,0.464,0.0,0.0,0.0,0.0,0.0,0.0,12.0,225.0,213.0,122.42857142857143,63.10204081632653,152.0
PbBi2Te4,500,Pb1 Bi2 Te4,52.0,83.0,31.0,65.14285714285714,15.020408163265305,52.0,81.0,90.0,9.0,87.57142857142857,2.775510204081633,90.0,127.6,208.9804,81.38040000000001,162.2229714285714,39.56911020408164,127.6,544.4,722.66,178.26,654.2928571428571,78.1338775510204,722.66,14.0,16.0,2.0,15.428571428571429,0.6530612244897959,16.0,5.0,6.0,1.0,5.428571428571429,0.489795918367347,5.0,138.0,148.0,10.0,142.0,4.571428571428571,138.0,2.02,2.33,0.31000000000000005,2.11,0.06285714285714272,2.1,2.0,2.0,0.0,2.0,0.0,2.0,2.0,4.0,2.0,3.4285714285714284,0.6530612244897959,4.0,10.0,10.0,0.0,10.0,0.0,10.0,0.0,14.0,14.0,6.0,6.857142857142857,0.0,16.0,29.0,13.0,21.428571428571427,6.204081632653062,16.0,0.0,0.0,0.0,0.0,0.0,0.0,2.0,4.0,2.0,2.5714285714285716,0.6530612244897959,2.0,0.0,0.0,0.0,0.0,0.0,0.0,0.0,0.0,0.0,0.0,0.0,0.0,2.0,4.0,2.0,2.5714285714285716,0.6530612244897959,2.0,28.11,34.7633333333,6.653333333299997,33.294761904742856,1.6783673469224465,34.7633333333,0.0,0.464,0.464,0.2651428571428572,0.227265306122449,0.464,0.0,0.0,0.0,0.0,0.0,0.0,12.0,225.0,213.0,122.42857142857143,63.10204081632653,152.0
PbBi2Te4,550,Pb1 Bi2 Te4,52.0,83.0,31.0,65.14285714285714,15.020408163265305,52.0,81.0,90.0,9.0,87.57142857142857,2.775510204081633,90.0,127.6,208.9804,81.38040000000001,162.2229714285714,39.56911020408164,127.6,544.4,722.66,178.26,654.2928571428571,78.1338775510204,722.66,14.0,16.0,2.0,15.428571428571429,0.6530612244897959,16.0,5.0,6.0,1.0,5.428571428571429,0.489795918367347,5.0,138.0,148.0,10.0,142.0,4.571428571428571,138.0,2.02,2.33,0.31000000000000005,2.11,0.06285714285714272,2.1,2.0,2.0,0.0,2.0,0.0,2.0,2.0,4.0,2.0,3.4285714285714284,0.6530612244897959,4.0,10.0,10.0,0.0,10.0,0.0,10.0,0.0,14.0,14.0,6.0,6.857142857142857,0.0,16.0,29.0,13.0,21.428571428571427,6.204081632653062,16.0,0.0,0.0,0.0,0.0,0.0,0.0,2.0,4.0,2.0,2.5714285714285716,0.6530612244897959,2.0,0.0,0.0,0.0,0.0,0.0,0.0,0.0,0.0,0.0,0.0,0.0,0.0,2.0,4.0,2.0,2.5714285714285716,0.6530612244897959,2.0,28.11,34.7633333333,6.653333333299997,33.294761904742856,1.6783673469224465,34.7633333333,0.0,0.464,0.464,0.2651428571428572,0.227265306122449,0.464,0.0,0.0,0.0,0.0,0.0,0.0,12.0,225.0,213.0,122.42857142857143,63.10204081632653,152.0
PbBi2Te4,600,Pb1 Bi2 Te4,52.0,83.0,31.0,65.14285714285714,15.020408163265305,52.0,81.0,90.0,9.0,87.57142857142857,2.775510204081633,90.0,127.6,208.9804,81.38040000000001,162.2229714285714,39.56911020408164,127.6,544.4,722.66,178.26,654.2928571428571,78.1338775510204,722.66,14.0,16.0,2.0,15.428571428571429,0.6530612244897959,16.0,5.0,6.0,1.0,5.428571428571429,0.489795918367347,5.0,138.0,148.0,10.0,142.0,4.571428571428571,138.0,2.02,2.33,0.31000000000000005,2.11,0.06285714285714272,2.1,2.0,2.0,0.0,2.0,0.0,2.0,2.0,4.0,2.0,3.4285714285714284,0.6530612244897959,4.0,10.0,10.0,0.0,10.0,0.0,10.0,0.0,14.0,14.0,6.0,6.857142857142857,0.0,16.0,29.0,13.0,21.428571428571427,6.204081632653062,16.0,0.0,0.0,0.0,0.0,0.0,0.0,2.0,4.0,2.0,2.5714285714285716,0.6530612244897959,2.0,0.0,0.0,0.0,0.0,0.0,0.0,0.0,0.0,0.0,0.0,0.0,0.0,2.0,4.0,2.0,2.5714285714285716,0.6530612244897959,2.0,28.11,34.7633333333,6.653333333299997,33.294761904742856,1.6783673469224465,34.7633333333,0.0,0.464,0.464,0.2651428571428572,0.227265306122449,0.464,0.0,0.0,0.0,0.0,0.0,0.0,12.0,225.0,213.0,122.42857142857143,63.10204081632653,152.0
PbBi2Te4,650,Pb1 Bi2 Te4,52.0,83.0,31.0,65.14285714285714,15.020408163265305,52.0,81.0,90.0,9.0,87.57142857142857,2.775510204081633,90.0,127.6,208.9804,81.38040000000001,162.2229714285714,39.56911020408164,127.6,544.4,722.66,178.26,654.2928571428571,78.1338775510204,722.66,14.0,16.0,2.0,15.428571428571429,0.6530612244897959,16.0,5.0,6.0,1.0,5.428571428571429,0.489795918367347,5.0,138.0,148.0,10.0,142.0,4.571428571428571,138.0,2.02,2.33,0.31000000000000005,2.11,0.06285714285714272,2.1,2.0,2.0,0.0,2.0,0.0,2.0,2.0,4.0,2.0,3.4285714285714284,0.6530612244897959,4.0,10.0,10.0,0.0,10.0,0.0,10.0,0.0,14.0,14.0,6.0,6.857142857142857,0.0,16.0,29.0,13.0,21.428571428571427,6.204081632653062,16.0,0.0,0.0,0.0,0.0,0.0,0.0,2.0,4.0,2.0,2.5714285714285716,0.6530612244897959,2.0,0.0,0.0,0.0,0.0,0.0,0.0,0.0,0.0,0.0,0.0,0.0,0.0,2.0,4.0,2.0,2.5714285714285716,0.6530612244897959,2.0,28.11,34.7633333333,6.653333333299997,33.294761904742856,1.6783673469224465,34.7633333333,0.0,0.464,0.464,0.2651428571428572,0.227265306122449,0.464,0.0,0.0,0.0,0.0,0.0,0.0,12.0,225.0,213.0,122.42857142857143,63.10204081632653,152.0
PbBi2Te4,700,Pb1 Bi2 Te4,52.0,83.0,31.0,65.14285714285714,15.020408163265305,52.0,81.0,90.0,9.0,87.57142857142857,2.775510204081633,90.0,127.6,208.9804,81.38040000000001,162.2229714285714,39.56911020408164,127.6,544.4,722.66,178.26,654.2928571428571,78.1338775510204,722.66,14.0,16.0,2.0,15.428571428571429,0.6530612244897959,16.0,5.0,6.0,1.0,5.428571428571429,0.489795918367347,5.0,138.0,148.0,10.0,142.0,4.571428571428571,138.0,2.02,2.33,0.31000000000000005,2.11,0.06285714285714272,2.1,2.0,2.0,0.0,2.0,0.0,2.0,2.0,4.0,2.0,3.4285714285714284,0.6530612244897959,4.0,10.0,10.0,0.0,10.0,0.0,10.0,0.0,14.0,14.0,6.0,6.857142857142857,0.0,16.0,29.0,13.0,21.428571428571427,6.204081632653062,16.0,0.0,0.0,0.0,0.0,0.0,0.0,2.0,4.0,2.0,2.5714285714285716,0.6530612244897959,2.0,0.0,0.0,0.0,0.0,0.0,0.0,0.0,0.0,0.0,0.0,0.0,0.0,2.0,4.0,2.0,2.5714285714285716,0.6530612244897959,2.0,28.11,34.7633333333,6.653333333299997,33.294761904742856,1.6783673469224465,34.7633333333,0.0,0.464,0.464,0.2651428571428572,0.227265306122449,0.464,0.0,0.0,0.0,0.0,0.0,0.0,12.0,225.0,213.0,122.42857142857143,63.10204081632653,152.0
PbBi2Te4,750,Pb1 Bi2 Te4,52.0,83.0,31.0,65.14285714285714,15.020408163265305,52.0,81.0,90.0,9.0,87.57142857142857,2.775510204081633,90.0,127.6,208.9804,81.38040000000001,162.2229714285714,39.56911020408164,127.6,544.4,722.66,178.26,654.2928571428571,78.1338775510204,722.66,14.0,16.0,2.0,15.428571428571429,0.6530612244897959,16.0,5.0,6.0,1.0,5.428571428571429,0.489795918367347,5.0,138.0,148.0,10.0,142.0,4.571428571428571,138.0,2.02,2.33,0.31000000000000005,2.11,0.06285714285714272,2.1,2.0,2.0,0.0,2.0,0.0,2.0,2.0,4.0,2.0,3.4285714285714284,0.6530612244897959,4.0,10.0,10.0,0.0,10.0,0.0,10.0,0.0,14.0,14.0,6.0,6.857142857142857,0.0,16.0,29.0,13.0,21.428571428571427,6.204081632653062,16.0,0.0,0.0,0.0,0.0,0.0,0.0,2.0,4.0,2.0,2.5714285714285716,0.6530612244897959,2.0,0.0,0.0,0.0,0.0,0.0,0.0,0.0,0.0,0.0,0.0,0.0,0.0,2.0,4.0,2.0,2.5714285714285716,0.6530612244897959,2.0,28.11,34.7633333333,6.653333333299997,33.294761904742856,1.6783673469224465,34.7633333333,0.0,0.464,0.464,0.2651428571428572,0.227265306122449,0.464,0.0,0.0,0.0,0.0,0.0,0.0,12.0,225.0,213.0,122.42857142857143,63.10204081632653,152.0
PbBi2Te4,800,Pb1 Bi2 Te4,52.0,83.0,31.0,65.14285714285714,15.020408163265305,52.0,81.0,90.0,9.0,87.57142857142857,2.775510204081633,90.0,127.6,208.9804,81.38040000000001,162.2229714285714,39.56911020408164,127.6,544.4,722.66,178.26,654.2928571428571,78.1338775510204,722.66,14.0,16.0,2.0,15.428571428571429,0.6530612244897959,16.0,5.0,6.0,1.0,5.428571428571429,0.489795918367347,5.0,138.0,148.0,10.0,142.0,4.571428571428571,138.0,2.02,2.33,0.31000000000000005,2.11,0.06285714285714272,2.1,2.0,2.0,0.0,2.0,0.0,2.0,2.0,4.0,2.0,3.4285714285714284,0.6530612244897959,4.0,10.0,10.0,0.0,10.0,0.0,10.0,0.0,14.0,14.0,6.0,6.857142857142857,0.0,16.0,29.0,13.0,21.428571428571427,6.204081632653062,16.0,0.0,0.0,0.0,0.0,0.0,0.0,2.0,4.0,2.0,2.5714285714285716,0.6530612244897959,2.0,0.0,0.0,0.0,0.0,0.0,0.0,0.0,0.0,0.0,0.0,0.0,0.0,2.0,4.0,2.0,2.5714285714285716,0.6530612244897959,2.0,28.11,34.7633333333,6.653333333299997,33.294761904742856,1.6783673469224465,34.7633333333,0.0,0.464,0.464,0.2651428571428572,0.227265306122449,0.464,0.0,0.0,0.0,0.0,0.0,0.0,12.0,225.0,213.0,122.42857142857143,63.10204081632653,152.0
PbBi2Te4,850,Pb1 Bi2 Te4,52.0,83.0,31.0,65.14285714285714,15.020408163265305,52.0,81.0,90.0,9.0,87.57142857142857,2.775510204081633,90.0,127.6,208.9804,81.38040000000001,162.2229714285714,39.56911020408164,127.6,544.4,722.66,178.26,654.2928571428571,78.1338775510204,722.66,14.0,16.0,2.0,15.428571428571429,0.6530612244897959,16.0,5.0,6.0,1.0,5.428571428571429,0.489795918367347,5.0,138.0,148.0,10.0,142.0,4.571428571428571,138.0,2.02,2.33,0.31000000000000005,2.11,0.06285714285714272,2.1,2.0,2.0,0.0,2.0,0.0,2.0,2.0,4.0,2.0,3.4285714285714284,0.6530612244897959,4.0,10.0,10.0,0.0,10.0,0.0,10.0,0.0,14.0,14.0,6.0,6.857142857142857,0.0,16.0,29.0,13.0,21.428571428571427,6.204081632653062,16.0,0.0,0.0,0.0,0.0,0.0,0.0,2.0,4.0,2.0,2.5714285714285716,0.6530612244897959,2.0,0.0,0.0,0.0,0.0,0.0,0.0,0.0,0.0,0.0,0.0,0.0,0.0,2.0,4.0,2.0,2.5714285714285716,0.6530612244897959,2.0,28.11,34.7633333333,6.653333333299997,33.294761904742856,1.6783673469224465,34.7633333333,0.0,0.464,0.464,0.2651428571428572,0.227265306122449,0.464,0.0,0.0,0.0,0.0,0.0,0.0,12.0,225.0,213.0,122.42857142857143,63.10204081632653,152.0
PbBi2Te4,900,Pb1 Bi2 Te4,52.0,83.0,31.0,65.14285714285714,15.020408163265305,52.0,81.0,90.0,9.0,87.57142857142857,2.775510204081633,90.0,127.6,208.9804,81.38040000000001,162.2229714285714,39.56911020408164,127.6,544.4,722.66,178.26,654.2928571428571,78.1338775510204,722.66,14.0,16.0,2.0,15.428571428571429,0.6530612244897959,16.0,5.0,6.0,1.0,5.428571428571429,0.489795918367347,5.0,138.0,148.0,10.0,142.0,4.571428571428571,138.0,2.02,2.33,0.31000000000000005,2.11,0.06285714285714272,2.1,2.0,2.0,0.0,2.0,0.0,2.0,2.0,4.0,2.0,3.4285714285714284,0.6530612244897959,4.0,10.0,10.0,0.0,10.0,0.0,10.0,0.0,14.0,14.0,6.0,6.857142857142857,0.0,16.0,29.0,13.0,21.428571428571427,6.204081632653062,16.0,0.0,0.0,0.0,0.0,0.0,0.0,2.0,4.0,2.0,2.5714285714285716,0.6530612244897959,2.0,0.0,0.0,0.0,0.0,0.0,0.0,0.0,0.0,0.0,0.0,0.0,0.0,2.0,4.0,2.0,2.5714285714285716,0.6530612244897959,2.0,28.11,34.7633333333,6.653333333299997,33.294761904742856,1.6783673469224465,34.7633333333,0.0,0.464,0.464,0.2651428571428572,0.227265306122449,0.464,0.0,0.0,0.0,0.0,0.0,0.0,12.0,225.0,213.0,122.42857142857143,63.10204081632653,152.0
PbBi2Te4,950,Pb1 Bi2 Te4,52.0,83.0,31.0,65.14285714285714,15.020408163265305,52.0,81.0,90.0,9.0,87.57142857142857,2.775510204081633,90.0,127.6,208.9804,81.38040000000001,162.2229714285714,39.56911020408164,127.6,544.4,722.66,178.26,654.2928571428571,78.1338775510204,722.66,14.0,16.0,2.0,15.428571428571429,0.6530612244897959,16.0,5.0,6.0,1.0,5.428571428571429,0.489795918367347,5.0,138.0,148.0,10.0,142.0,4.571428571428571,138.0,2.02,2.33,0.31000000000000005,2.11,0.06285714285714272,2.1,2.0,2.0,0.0,2.0,0.0,2.0,2.0,4.0,2.0,3.4285714285714284,0.6530612244897959,4.0,10.0,10.0,0.0,10.0,0.0,10.0,0.0,14.0,14.0,6.0,6.857142857142857,0.0,16.0,29.0,13.0,21.428571428571427,6.204081632653062,16.0,0.0,0.0,0.0,0.0,0.0,0.0,2.0,4.0,2.0,2.5714285714285716,0.6530612244897959,2.0,0.0,0.0,0.0,0.0,0.0,0.0,0.0,0.0,0.0,0.0,0.0,0.0,2.0,4.0,2.0,2.5714285714285716,0.6530612244897959,2.0,28.11,34.7633333333,6.653333333299997,33.294761904742856,1.6783673469224465,34.7633333333,0.0,0.464,0.464,0.2651428571428572,0.227265306122449,0.464,0.0,0.0,0.0,0.0,0.0,0.0,12.0,225.0,213.0,122.42857142857143,63.10204081632653,152.0
PbBi2Te4,1000,Pb1 Bi2 Te4,52.0,83.0,31.0,65.14285714285714,15.020408163265305,52.0,81.0,90.0,9.0,87.57142857142857,2.775510204081633,90.0,127.6,208.9804,81.38040000000001,162.2229714285714,39.56911020408164,127.6,544.4,722.66,178.26,654.2928571428571,78.1338775510204,722.66,14.0,16.0,2.0,15.428571428571429,0.6530612244897959,16.0,5.0,6.0,1.0,5.428571428571429,0.489795918367347,5.0,138.0,148.0,10.0,142.0,4.571428571428571,138.0,2.02,2.33,0.31000000000000005,2.11,0.06285714285714272,2.1,2.0,2.0,0.0,2.0,0.0,2.0,2.0,4.0,2.0,3.4285714285714284,0.6530612244897959,4.0,10.0,10.0,0.0,10.0,0.0,10.0,0.0,14.0,14.0,6.0,6.857142857142857,0.0,16.0,29.0,13.0,21.428571428571427,6.204081632653062,16.0,0.0,0.0,0.0,0.0,0.0,0.0,2.0,4.0,2.0,2.5714285714285716,0.6530612244897959,2.0,0.0,0.0,0.0,0.0,0.0,0.0,0.0,0.0,0.0,0.0,0.0,0.0,2.0,4.0,2.0,2.5714285714285716,0.6530612244897959,2.0,28.11,34.7633333333,6.653333333299997,33.294761904742856,1.6783673469224465,34.7633333333,0.0,0.464,0.464,0.2651428571428572,0.227265306122449,0.464,0.0,0.0,0.0,0.0,0.0,0.0,12.0,225.0,213.0,122.42857142857143,63.10204081632653,152.0
PbBi2Te4,1050,Pb1 Bi2 Te4,52.0,83.0,31.0,65.14285714285714,15.020408163265305,52.0,81.0,90.0,9.0,87.57142857142857,2.775510204081633,90.0,127.6,208.9804,81.38040000000001,162.2229714285714,39.56911020408164,127.6,544.4,722.66,178.26,654.2928571428571,78.1338775510204,722.66,14.0,16.0,2.0,15.428571428571429,0.6530612244897959,16.0,5.0,6.0,1.0,5.428571428571429,0.489795918367347,5.0,138.0,148.0,10.0,142.0,4.571428571428571,138.0,2.02,2.33,0.31000000000000005,2.11,0.06285714285714272,2.1,2.0,2.0,0.0,2.0,0.0,2.0,2.0,4.0,2.0,3.4285714285714284,0.6530612244897959,4.0,10.0,10.0,0.0,10.0,0.0,10.0,0.0,14.0,14.0,6.0,6.857142857142857,0.0,16.0,29.0,13.0,21.428571428571427,6.204081632653062,16.0,0.0,0.0,0.0,0.0,0.0,0.0,2.0,4.0,2.0,2.5714285714285716,0.6530612244897959,2.0,0.0,0.0,0.0,0.0,0.0,0.0,0.0,0.0,0.0,0.0,0.0,0.0,2.0,4.0,2.0,2.5714285714285716,0.6530612244897959,2.0,28.11,34.7633333333,6.653333333299997,33.294761904742856,1.6783673469224465,34.7633333333,0.0,0.464,0.464,0.2651428571428572,0.227265306122449,0.464,0.0,0.0,0.0,0.0,0.0,0.0,12.0,225.0,213.0,122.42857142857143,63.10204081632653,152.0
PbBi2Te4,1100,Pb1 Bi2 Te4,52.0,83.0,31.0,65.14285714285714,15.020408163265305,52.0,81.0,90.0,9.0,87.57142857142857,2.775510204081633,90.0,127.6,208.9804,81.38040000000001,162.2229714285714,39.56911020408164,127.6,544.4,722.66,178.26,654.2928571428571,78.1338775510204,722.66,14.0,16.0,2.0,15.428571428571429,0.6530612244897959,16.0,5.0,6.0,1.0,5.428571428571429,0.489795918367347,5.0,138.0,148.0,10.0,142.0,4.571428571428571,138.0,2.02,2.33,0.31000000000000005,2.11,0.06285714285714272,2.1,2.0,2.0,0.0,2.0,0.0,2.0,2.0,4.0,2.0,3.4285714285714284,0.6530612244897959,4.0,10.0,10.0,0.0,10.0,0.0,10.0,0.0,14.0,14.0,6.0,6.857142857142857,0.0,16.0,29.0,13.0,21.428571428571427,6.204081632653062,16.0,0.0,0.0,0.0,0.0,0.0,0.0,2.0,4.0,2.0,2.5714285714285716,0.6530612244897959,2.0,0.0,0.0,0.0,0.0,0.0,0.0,0.0,0.0,0.0,0.0,0.0,0.0,2.0,4.0,2.0,2.5714285714285716,0.6530612244897959,2.0,28.11,34.7633333333,6.653333333299997,33.294761904742856,1.6783673469224465,34.7633333333,0.0,0.464,0.464,0.2651428571428572,0.227265306122449,0.464,0.0,0.0,0.0,0.0,0.0,0.0,12.0,225.0,213.0,122.42857142857143,63.10204081632653,152.0
PbBi2Te4,1150,Pb1 Bi2 Te4,52.0,83.0,31.0,65.14285714285714,15.020408163265305,52.0,81.0,90.0,9.0,87.57142857142857,2.775510204081633,90.0,127.6,208.9804,81.38040000000001,162.2229714285714,39.56911020408164,127.6,544.4,722.66,178.26,654.2928571428571,78.1338775510204,722.66,14.0,16.0,2.0,15.428571428571429,0.6530612244897959,16.0,5.0,6.0,1.0,5.428571428571429,0.489795918367347,5.0,138.0,148.0,10.0,142.0,4.571428571428571,138.0,2.02,2.33,0.31000000000000005,2.11,0.06285714285714272,2.1,2.0,2.0,0.0,2.0,0.0,2.0,2.0,4.0,2.0,3.4285714285714284,0.6530612244897959,4.0,10.0,10.0,0.0,10.0,0.0,10.0,0.0,14.0,14.0,6.0,6.857142857142857,0.0,16.0,29.0,13.0,21.428571428571427,6.204081632653062,16.0,0.0,0.0,0.0,0.0,0.0,0.0,2.0,4.0,2.0,2.5714285714285716,0.6530612244897959,2.0,0.0,0.0,0.0,0.0,0.0,0.0,0.0,0.0,0.0,0.0,0.0,0.0,2.0,4.0,2.0,2.5714285714285716,0.6530612244897959,2.0,28.11,34.7633333333,6.653333333299997,33.294761904742856,1.6783673469224465,34.7633333333,0.0,0.464,0.464,0.2651428571428572,0.227265306122449,0.464,0.0,0.0,0.0,0.0,0.0,0.0,12.0,225.0,213.0,122.42857142857143,63.10204081632653,152.0
PbBi2Te4,1200,Pb1 Bi2 Te4,52.0,83.0,31.0,65.14285714285714,15.020408163265305,52.0,81.0,90.0,9.0,87.57142857142857,2.775510204081633,90.0,127.6,208.9804,81.38040000000001,162.2229714285714,39.56911020408164,127.6,544.4,722.66,178.26,654.2928571428571,78.1338775510204,722.66,14.0,16.0,2.0,15.428571428571429,0.6530612244897959,16.0,5.0,6.0,1.0,5.428571428571429,0.489795918367347,5.0,138.0,148.0,10.0,142.0,4.571428571428571,138.0,2.02,2.33,0.31000000000000005,2.11,0.06285714285714272,2.1,2.0,2.0,0.0,2.0,0.0,2.0,2.0,4.0,2.0,3.4285714285714284,0.6530612244897959,4.0,10.0,10.0,0.0,10.0,0.0,10.0,0.0,14.0,14.0,6.0,6.857142857142857,0.0,16.0,29.0,13.0,21.428571428571427,6.204081632653062,16.0,0.0,0.0,0.0,0.0,0.0,0.0,2.0,4.0,2.0,2.5714285714285716,0.6530612244897959,2.0,0.0,0.0,0.0,0.0,0.0,0.0,0.0,0.0,0.0,0.0,0.0,0.0,2.0,4.0,2.0,2.5714285714285716,0.6530612244897959,2.0,28.11,34.7633333333,6.653333333299997,33.294761904742856,1.6783673469224465,34.7633333333,0.0,0.464,0.464,0.2651428571428572,0.227265306122449,0.464,0.0,0.0,0.0,0.0,0.0,0.0,12.0,225.0,213.0,122.42857142857143,63.10204081632653,152.0
Cu2ZnSnS4,100,Cu2 Zn1 Sn1 S4,16.0,50.0,34.0,25.25,9.25,16.0,64.0,88.0,24.0,78.625,9.71875,88.0,32.065,118.71,86.645,54.930249999999994,22.86525,32.065,388.36,1357.77,969.41,683.3425,339.548125,388.36,11.0,16.0,5.0,14.0,2.0,16.0,3.0,5.0,2.0,3.625,0.625,3.0,105.0,139.0,34.0,118.125,13.125,105.0,1.65,2.58,0.9300000000000002,2.21625,0.3637500000000001,2.58,1.0,2.0,1.0,1.75,0.375,2.0,0.0,4.0,4.0,2.25,1.75,4.0,0.0,10.0,10.0,5.0,5.0,0.0,0.0,0.0,0.0,0.0,0.0,0.0,6.0,14.0,8.0,9.0,3.0,6.0,0.0,1.0,1.0,0.25,0.375,0.0,0.0,4.0,4.0,1.5,1.125,2.0,0.0,0.0,0.0,0.0,0.0,0.0,0.0,0.0,0.0,0.0,0.0,0.0,0.0,4.0,4.0,1.75,0.8125,2.0,11.07,33.285,22.214999999999996,21.566562499999996,7.1499218749999995,25.786875,0.0,2.202,2.202,1.101,1.101,2.202,0.0,0.0,0.0,0.0,0.0,0.0,70.0,225.0,155.0,133.125,63.125,70.0
Cu2ZnSnS4,200,Cu2 Zn1 Sn1 S4,16.0,50.0,34.0,25.25,9.25,16.0,64.0,88.0,24.0,78.625,9.71875,88.0,32.065,118.71,86.645,54.930249999999994,22.86525,32.065,388.36,1357.77,969.41,683.3425,339.548125,388.36,11.0,16.0,5.0,14.0,2.0,16.0,3.0,5.0,2.0,3.625,0.625,3.0,105.0,139.0,34.0,118.125,13.125,105.0,1.65,2.58,0.9300000000000002,2.21625,0.3637500000000001,2.58,1.0,2.0,1.0,1.75,0.375,2.0,0.0,4.0,4.0,2.25,1.75,4.0,0.0,10.0,10.0,5.0,5.0,0.0,0.0,0.0,0.0,0.0,0.0,0.0,6.0,14.0,8.0,9.0,3.0,6.0,0.0,1.0,1.0,0.25,0.375,0.0,0.0,4.0,4.0,1.5,1.125,2.0,0.0,0.0,0.0,0.0,0.0,0.0,0.0,0.0,0.0,0.0,0.0,0.0,0.0,4.0,4.0,1.75,0.8125,2.0,11.07,33.285,22.214999999999996,21.566562499999996,7.1499218749999995,25.786875,0.0,2.202,2.202,1.101,1.101,2.202,0.0,0.0,0.0,0.0,0.0,0.0,70.0,225.0,155.0,133.125,63.125,70.0
Cu2ZnSnS4,300,Cu2 Zn1 Sn1 S4,16.0,50.0,34.0,25.25,9.25,16.0,64.0,88.0,24.0,78.625,9.71875,88.0,32.065,118.71,86.645,54.930249999999994,22.86525,32.065,388.36,1357.77,969.41,683.3425,339.548125,388.36,11.0,16.0,5.0,14.0,2.0,16.0,3.0,5.0,2.0,3.625,0.625,3.0,105.0,139.0,34.0,118.125,13.125,105.0,1.65,2.58,0.9300000000000002,2.21625,0.3637500000000001,2.58,1.0,2.0,1.0,1.75,0.375,2.0,0.0,4.0,4.0,2.25,1.75,4.0,0.0,10.0,10.0,5.0,5.0,0.0,0.0,0.0,0.0,0.0,0.0,0.0,6.0,14.0,8.0,9.0,3.0,6.0,0.0,1.0,1.0,0.25,0.375,0.0,0.0,4.0,4.0,1.5,1.125,2.0,0.0,0.0,0.0,0.0,0.0,0.0,0.0,0.0,0.0,0.0,0.0,0.0,0.0,4.0,4.0,1.75,0.8125,2.0,11.07,33.285,22.214999999999996,21.566562499999996,7.1499218749999995,25.786875,0.0,2.202,2.202,1.101,1.101,2.202,0.0,0.0,0.0,0.0,0.0,0.0,70.0,225.0,155.0,133.125,63.125,70.0
Cu2ZnSnS4,400,Cu2 Zn1 Sn1 S4,16.0,50.0,34.0,25.25,9.25,16.0,64.0,88.0,24.0,78.625,9.71875,88.0,32.065,118.71,86.645,54.930249999999994,22.86525,32.065,388.36,1357.77,969.41,683.3425,339.548125,388.36,11.0,16.0,5.0,14.0,2.0,16.0,3.0,5.0,2.0,3.625,0.625,3.0,105.0,139.0,34.0,118.125,13.125,105.0,1.65,2.58,0.9300000000000002,2.21625,0.3637500000000001,2.58,1.0,2.0,1.0,1.75,0.375,2.0,0.0,4.0,4.0,2.25,1.75,4.0,0.0,10.0,10.0,5.0,5.0,0.0,0.0,0.0,0.0,0.0,0.0,0.0,6.0,14.0,8.0,9.0,3.0,6.0,0.0,1.0,1.0,0.25,0.375,0.0,0.0,4.0,4.0,1.5,1.125,2.0,0.0,0.0,0.0,0.0,0.0,0.0,0.0,0.0,0.0,0.0,0.0,0.0,0.0,4.0,4.0,1.75,0.8125,2.0,11.07,33.285,22.214999999999996,21.566562499999996,7.1499218749999995,25.786875,0.0,2.202,2.202,1.101,1.101,2.202,0.0,0.0,0.0,0.0,0.0,0.0,70.0,225.0,155.0,133.125,63.125,70.0
Cu2ZnSnS4,500,Cu2 Zn1 Sn1 S4,16.0,50.0,34.0,25.25,9.25,16.0,64.0,88.0,24.0,78.625,9.71875,88.0,32.065,118.71,86.645,54.930249999999994,22.86525,32.065,388.36,1357.77,969.41,683.3425,339.548125,388.36,11.0,16.0,5.0,14.0,2.0,16.0,3.0,5.0,2.0,3.625,0.625,3.0,105.0,139.0,34.0,118.125,13.125,105.0,1.65,2.58,0.9300000000000002,2.21625,0.3637500000000001,2.58,1.0,2.0,1.0,1.75,0.375,2.0,0.0,4.0,4.0,2.25,1.75,4.0,0.0,10.0,10.0,5.0,5.0,0.0,0.0,0.0,0.0,0.0,0.0,0.0,6.0,14.0,8.0,9.0,3.0,6.0,0.0,1.0,1.0,0.25,0.375,0.0,0.0,4.0,4.0,1.5,1.125,2.0,0.0,0.0,0.0,0.0,0.0,0.0,0.0,0.0,0.0,0.0,0.0,0.0,0.0,4.0,4.0,1.75,0.8125,2.0,11.07,33.285,22.214999999999996,21.566562499999996,7.1499218749999995,25.786875,0.0,2.202,2.202,1.101,1.101,2.202,0.0,0.0,0.0,0.0,0.0,0.0,70.0,225.0,155.0,133.125,63.125,70.0
Cu2ZnSnS4,600,Cu2 Zn1 Sn1 S4,16.0,50.0,34.0,25.25,9.25,16.0,64.0,88.0,24.0,78.625,9.71875,88.0,32.065,118.71,86.645,54.930249999999994,22.86525,32.065,388.36,1357.77,969.41,683.3425,339.548125,388.36,11.0,16.0,5.0,14.0,2.0,16.0,3.0,5.0,2.0,3.625,0.625,3.0,105.0,139.0,34.0,118.125,13.125,105.0,1.65,2.58,0.9300000000000002,2.21625,0.3637500000000001,2.58,1.0,2.0,1.0,1.75,0.375,2.0,0.0,4.0,4.0,2.25,1.75,4.0,0.0,10.0,10.0,5.0,5.0,0.0,0.0,0.0,0.0,0.0,0.0,0.0,6.0,14.0,8.0,9.0,3.0,6.0,0.0,1.0,1.0,0.25,0.375,0.0,0.0,4.0,4.0,1.5,1.125,2.0,0.0,0.0,0.0,0.0,0.0,0.0,0.0,0.0,0.0,0.0,0.0,0.0,0.0,4.0,4.0,1.75,0.8125,2.0,11.07,33.285,22.214999999999996,21.566562499999996,7.1499218749999995,25.786875,0.0,2.202,2.202,1.101,1.101,2.202,0.0,0.0,0.0,0.0,0.0,0.0,70.0,225.0,155.0,133.125,63.125,70.0
Cu2ZnSnS4,700,Cu2 Zn1 Sn1 S4,16.0,50.0,34.0,25.25,9.25,16.0,64.0,88.0,24.0,78.625,9.71875,88.0,32.065,118.71,86.645,54.930249999999994,22.86525,32.065,388.36,1357.77,969.41,683.3425,339.548125,388.36,11.0,16.0,5.0,14.0,2.0,16.0,3.0,5.0,2.0,3.625,0.625,3.0,105.0,139.0,34.0,118.125,13.125,105.0,1.65,2.58,0.9300000000000002,2.21625,0.3637500000000001,2.58,1.0,2.0,1.0,1.75,0.375,2.0,0.0,4.0,4.0,2.25,1.75,4.0,0.0,10.0,10.0,5.0,5.0,0.0,0.0,0.0,0.0,0.0,0.0,0.0,6.0,14.0,8.0,9.0,3.0,6.0,0.0,1.0,1.0,0.25,0.375,0.0,0.0,4.0,4.0,1.5,1.125,2.0,0.0,0.0,0.0,0.0,0.0,0.0,0.0,0.0,0.0,0.0,0.0,0.0,0.0,4.0,4.0,1.75,0.8125,2.0,11.07,33.285,22.214999999999996,21.566562499999996,7.1499218749999995,25.786875,0.0,2.202,2.202,1.101,1.101,2.202,0.0,0.0,0.0,0.0,0.0,0.0,70.0,225.0,155.0,133.125,63.125,70.0
Cu2ZnSnS4,800,Cu2 Zn1 Sn1 S4,16.0,50.0,34.0,25.25,9.25,16.0,64.0,88.0,24.0,78.625,9.71875,88.0,32.065,118.71,86.645,54.930249999999994,22.86525,32.065,388.36,1357.77,969.41,683.3425,339.548125,388.36,11.0,16.0,5.0,14.0,2.0,16.0,3.0,5.0,2.0,3.625,0.625,3.0,105.0,139.0,34.0,118.125,13.125,105.0,1.65,2.58,0.9300000000000002,2.21625,0.3637500000000001,2.58,1.0,2.0,1.0,1.75,0.375,2.0,0.0,4.0,4.0,2.25,1.75,4.0,0.0,10.0,10.0,5.0,5.0,0.0,0.0,0.0,0.0,0.0,0.0,0.0,6.0,14.0,8.0,9.0,3.0,6.0,0.0,1.0,1.0,0.25,0.375,0.0,0.0,4.0,4.0,1.5,1.125,2.0,0.0,0.0,0.0,0.0,0.0,0.0,0.0,0.0,0.0,0.0,0.0,0.0,0.0,4.0,4.0,1.75,0.8125,2.0,11.07,33.285,22.214999999999996,21.566562499999996,7.1499218749999995,25.786875,0.0,2.202,2.202,1.101,1.101,2.202,0.0,0.0,0.0,0.0,0.0,0.0,70.0,225.0,155.0,133.125,63.125,70.0
Cu2ZnSnS4,900,Cu2 Zn1 Sn1 S4,16.0,50.0,34.0,25.25,9.25,16.0,64.0,88.0,24.0,78.625,9.71875,88.0,32.065,118.71,86.645,54.930249999999994,22.86525,32.065,388.36,1357.77,969.41,683.3425,339.548125,388.36,11.0,16.0,5.0,14.0,2.0,16.0,3.0,5.0,2.0,3.625,0.625,3.0,105.0,139.0,34.0,118.125,13.125,105.0,1.65,2.58,0.9300000000000002,2.21625,0.3637500000000001,2.58,1.0,2.0,1.0,1.75,0.375,2.0,0.0,4.0,4.0,2.25,1.75,4.0,0.0,10.0,10.0,5.0,5.0,0.0,0.0,0.0,0.0,0.0,0.0,0.0,6.0,14.0,8.0,9.0,3.0,6.0,0.0,1.0,1.0,0.25,0.375,0.0,0.0,4.0,4.0,1.5,1.125,2.0,0.0,0.0,0.0,0.0,0.0,0.0,0.0,0.0,0.0,0.0,0.0,0.0,0.0,4.0,4.0,1.75,0.8125,2.0,11.07,33.285,22.214999999999996,21.566562499999996,7.1499218749999995,25.786875,0.0,2.202,2.202,1.101,1.101,2.202,0.0,0.0,0.0,0.0,0.0,0.0,70.0,225.0,155.0,133.125,63.125,70.0
Cu2ZnSnS4,1000,Cu2 Zn1 Sn1 S4,16.0,50.0,34.0,25.25,9.25,16.0,64.0,88.0,24.0,78.625,9.71875,88.0,32.065,118.71,86.645,54.930249999999994,22.86525,32.065,388.36,1357.77,969.41,683.3425,339.548125,388.36,11.0,16.0,5.0,14.0,2.0,16.0,3.0,5.0,2.0,3.625,0.625,3.0,105.0,139.0,34.0,118.125,13.125,105.0,1.65,2.58,0.9300000000000002,2.21625,0.3637500000000001,2.58,1.0,2.0,1.0,1.75,0.375,2.0,0.0,4.0,4.0,2.25,1.75,4.0,0.0,10.0,10.0,5.0,5.0,0.0,0.0,0.0,0.0,0.0,0.0,0.0,6.0,14.0,8.0,9.0,3.0,6.0,0.0,1.0,1.0,0.25,0.375,0.0,0.0,4.0,4.0,1.5,1.125,2.0,0.0,0.0,0.0,0.0,0.0,0.0,0.0,0.0,0.0,0.0,0.0,0.0,0.0,4.0,4.0,1.75,0.8125,2.0,11.07,33.285,22.214999999999996,21.566562499999996,7.1499218749999995,25.786875,0.0,2.202,2.202,1.101,1.101,2.202,0.0,0.0,0.0,0.0,0.0,0.0,70.0,225.0,155.0,133.125,63.125,70.0
Cu2ZnSnSe4,200,Cu2 Zn1 Sn1 Se4,29.0,50.0,21.0,34.25,3.9375,34.0,64.0,89.0,25.0,79.125,10.09375,89.0,63.546,118.71,55.163999999999994,78.37774999999999,10.665312499999999,78.96,494.0,1357.77,863.77,736.1624999999999,310.80375,494.0,11.0,16.0,5.0,14.0,2.0,16.0,4.0,5.0,1.0,4.125,0.21875,4.0,120.0,139.0,19.0,125.625,6.53125,120.0,1.65,2.55,0.8999999999999999,2.20125,0.34874999999999995,2.55,1.0,2.0,1.0,1.75,0.375,2.0,0.0,4.0,4.0,2.25,1.75,4.0,10.0,10.0,0.0,10.0,0.0,10.0,0.0,0.0,0.0,0.0,0.0,0.0,11.0,16.0,5.0,14.0,2.0,16.0,0.0,1.0,1.0,0.25,0.375,0.0,0.0,4.0,4.0,1.5,1.125,2.0,0.0,0.0,0.0,0.0,0.0,0.0,0.0,0.0,0.0,0.0,0.0,0.0,0.0,4.0,4.0,1.75,0.8125,2.0,11.07,33.285,22.214999999999996,21.633125,7.19984375,25.92,0.0,0.799,0.799,0.3995,0.3995,0.799,0.0,0.0,0.0,0.0,0.0,0.0,14.0,225.0,211.0,105.125,91.125,14.0
Cu2ZnSnSe4,300,Cu2 Zn1 Sn1 Se4,29.0,50.0,21.0,34.25,3.9375,34.0,64.0,89.0,25.0,79.125,10.09375,89.0,63.546,118.71,55.163999999999994,78.37774999999999,10.665312499999999,78.96,494.0,1357.77,863.77,736.1624999999999,310.80375,494.0,11.0,16.0,5.0,14.0,2.0,16.0,4.0,5.0,1.0,4.125,0.21875,4.0,120.0,139.0,19.0,125.625,6.53125,120.0,1.65,2.55,0.8999999999999999,2.20125,0.34874999999999995,2.55,1.0,2.0,1.0,1.75,0.375,2.0,0.0,4.0,4.0,2.25,1.75,4.0,10.0,10.0,0.0,10.0,0.0,10.0,0.0,0.0,0.0,0.0,0.0,0.0,11.0,16.0,5.0,14.0,2.0,16.0,0.0,1.0,1.0,0.25,0.375,0.0,0.0,4.0,4.0,1.5,1.125,2.0,0.0,0.0,0.0,0.0,0.0,0.0,0.0,0.0,0.0,0.0,0.0,0.0,0.0,4.0,4.0,1.75,0.8125,2.0,11.07,33.285,22.214999999999996,21.633125,7.19984375,25.92,0.0,0.799,0.799,0.3995,0.3995,0.799,0.0,0.0,0.0,0.0,0.0,0.0,14.0,225.0,211.0,105.125,91.125,14.0
Cu2ZnSnSe4,400,Cu2 Zn1 Sn1 Se4,29.0,50.0,21.0,34.25,3.9375,34.0,64.0,89.0,25.0,79.125,10.09375,89.0,63.546,118.71,55.163999999999994,78.37774999999999,10.665312499999999,78.96,494.0,1357.77,863.77,736.1624999999999,310.80375,494.0,11.0,16.0,5.0,14.0,2.0,16.0,4.0,5.0,1.0,4.125,0.21875,4.0,120.0,139.0,19.0,125.625,6.53125,120.0,1.65,2.55,0.8999999999999999,2.20125,0.34874999999999995,2.55,1.0,2.0,1.0,1.75,0.375,2.0,0.0,4.0,4.0,2.25,1.75,4.0,10.0,10.0,0.0,10.0,0.0,10.0,0.0,0.0,0.0,0.0,0.0,0.0,11.0,16.0,5.0,14.0,2.0,16.0,0.0,1.0,1.0,0.25,0.375,0.0,0.0,4.0,4.0,1.5,1.125,2.0,0.0,0.0,0.0,0.0,0.0,0.0,0.0,0.0,0.0,0.0,0.0,0.0,0.0,4.0,4.0,1.75,0.8125,2.0,11.07,33.285,22.214999999999996,21.633125,7.19984375,25.92,0.0,0.799,0.799,0.3995,0.3995,0.799,0.0,0.0,0.0,0.0,0.0,0.0,14.0,225.0,211.0,105.125,91.125,14.0
Cu2ZnSnSe4,500,Cu2 Zn1 Sn1 Se4,29.0,50.0,21.0,34.25,3.9375,34.0,64.0,89.0,25.0,79.125,10.09375,89.0,63.546,118.71,55.163999999999994,78.37774999999999,10.665312499999999,78.96,494.0,1357.77,863.77,736.1624999999999,310.80375,494.0,11.0,16.0,5.0,14.0,2.0,16.0,4.0,5.0,1.0,4.125,0.21875,4.0,120.0,139.0,19.0,125.625,6.53125,120.0,1.65,2.55,0.8999999999999999,2.20125,0.34874999999999995,2.55,1.0,2.0,1.0,1.75,0.375,2.0,0.0,4.0,4.0,2.25,1.75,4.0,10.0,10.0,0.0,10.0,0.0,10.0,0.0,0.0,0.0,0.0,0.0,0.0,11.0,16.0,5.0,14.0,2.0,16.0,0.0,1.0,1.0,0.25,0.375,0.0,0.0,4.0,4.0,1.5,1.125,2.0,0.0,0.0,0.0,0.0,0.0,0.0,0.0,0.0,0.0,0.0,0.0,0.0,0.0,4.0,4.0,1.75,0.8125,2.0,11.07,33.285,22.214999999999996,21.633125,7.19984375,25.92,0.0,0.799,0.799,0.3995,0.3995,0.799,0.0,0.0,0.0,0.0,0.0,0.0,14.0,225.0,211.0,105.125,91.125,14.0
Cu2ZnSnSe4,600,Cu2 Zn1 Sn1 Se4,29.0,50.0,21.0,34.25,3.9375,34.0,64.0,89.0,25.0,79.125,10.09375,89.0,63.546,118.71,55.163999999999994,78.37774999999999,10.665312499999999,78.96,494.0,1357.77,863.77,736.1624999999999,310.80375,494.0,11.0,16.0,5.0,14.0,2.0,16.0,4.0,5.0,1.0,4.125,0.21875,4.0,120.0,139.0,19.0,125.625,6.53125,120.0,1.65,2.55,0.8999999999999999,2.20125,0.34874999999999995,2.55,1.0,2.0,1.0,1.75,0.375,2.0,0.0,4.0,4.0,2.25,1.75,4.0,10.0,10.0,0.0,10.0,0.0,10.0,0.0,0.0,0.0,0.0,0.0,0.0,11.0,16.0,5.0,14.0,2.0,16.0,0.0,1.0,1.0,0.25,0.375,0.0,0.0,4.0,4.0,1.5,1.125,2.0,0.0,0.0,0.0,0.0,0.0,0.0,0.0,0.0,0.0,0.0,0.0,0.0,0.0,4.0,4.0,1.75,0.8125,2.0,11.07,33.285,22.214999999999996,21.633125,7.19984375,25.92,0.0,0.799,0.799,0.3995,0.3995,0.799,0.0,0.0,0.0,0.0,0.0,0.0,14.0,225.0,211.0,105.125,91.125,14.0
Cu2ZnSnSe4,700,Cu2 Zn1 Sn1 Se4,29.0,50.0,21.0,34.25,3.9375,34.0,64.0,89.0,25.0,79.125,10.09375,89.0,63.546,118.71,55.163999999999994,78.37774999999999,10.665312499999999,78.96,494.0,1357.77,863.77,736.1624999999999,310.80375,494.0,11.0,16.0,5.0,14.0,2.0,16.0,4.0,5.0,1.0,4.125,0.21875,4.0,120.0,139.0,19.0,125.625,6.53125,120.0,1.65,2.55,0.8999999999999999,2.20125,0.34874999999999995,2.55,1.0,2.0,1.0,1.75,0.375,2.0,0.0,4.0,4.0,2.25,1.75,4.0,10.0,10.0,0.0,10.0,0.0,10.0,0.0,0.0,0.0,0.0,0.0,0.0,11.0,16.0,5.0,14.0,2.0,16.0,0.0,1.0,1.0,0.25,0.375,0.0,0.0,4.0,4.0,1.5,1.125,2.0,0.0,0.0,0.0,0.0,0.0,0.0,0.0,0.0,0.0,0.0,0.0,0.0,0.0,4.0,4.0,1.75,0.8125,2.0,11.07,33.285,22.214999999999996,21.633125,7.19984375,25.92,0.0,0.799,0.799,0.3995,0.3995,0.799,0.0,0.0,0.0,0.0,0.0,0.0,14.0,225.0,211.0,105.125,91.125,14.0
Cu2ZnSnSe4,800,Cu2 Zn1 Sn1 Se4,29.0,50.0,21.0,34.25,3.9375,34.0,64.0,89.0,25.0,79.125,10.09375,89.0,63.546,118.71,55.163999999999994,78.37774999999999,10.665312499999999,78.96,494.0,1357.77,863.77,736.1624999999999,310.80375,494.0,11.0,16.0,5.0,14.0,2.0,16.0,4.0,5.0,1.0,4.125,0.21875,4.0,120.0,139.0,19.0,125.625,6.53125,120.0,1.65,2.55,0.8999999999999999,2.20125,0.34874999999999995,2.55,1.0,2.0,1.0,1.75,0.375,2.0,0.0,4.0,4.0,2.25,1.75,4.0,10.0,10.0,0.0,10.0,0.0,10.0,0.0,0.0,0.0,0.0,0.0,0.0,11.0,16.0,5.0,14.0,2.0,16.0,0.0,1.0,1.0,0.25,0.375,0.0,0.0,4.0,4.0,1.5,1.125,2.0,0.0,0.0,0.0,0.0,0.0,0.0,0.0,0.0,0.0,0.0,0.0,0.0,0.0,4.0,4.0,1.75,0.8125,2.0,11.07,33.285,22.214999999999996,21.633125,7.19984375,25.92,0.0,0.799,0.799,0.3995,0.3995,0.799,0.0,0.0,0.0,0.0,0.0,0.0,14.0,225.0,211.0,105.125,91.125,14.0
Cu2ZnSnSe4,900,Cu2 Zn1 Sn1 Se4,29.0,50.0,21.0,34.25,3.9375,34.0,64.0,89.0,25.0,79.125,10.09375,89.0,63.546,118.71,55.163999999999994,78.37774999999999,10.665312499999999,78.96,494.0,1357.77,863.77,736.1624999999999,310.80375,494.0,11.0,16.0,5.0,14.0,2.0,16.0,4.0,5.0,1.0,4.125,0.21875,4.0,120.0,139.0,19.0,125.625,6.53125,120.0,1.65,2.55,0.8999999999999999,2.20125,0.34874999999999995,2.55,1.0,2.0,1.0,1.75,0.375,2.0,0.0,4.0,4.0,2.25,1.75,4.0,10.0,10.0,0.0,10.0,0.0,10.0,0.0,0.0,0.0,0.0,0.0,0.0,11.0,16.0,5.0,14.0,2.0,16.0,0.0,1.0,1.0,0.25,0.375,0.0,0.0,4.0,4.0,1.5,1.125,2.0,0.0,0.0,0.0,0.0,0.0,0.0,0.0,0.0,0.0,0.0,0.0,0.0,0.0,4.0,4.0,1.75,0.8125,2.0,11.07,33.285,22.214999999999996,21.633125,7.19984375,25.92,0.0,0.799,0.799,0.3995,0.3995,0.799,0.0,0.0,0.0,0.0,0.0,0.0,14.0,225.0,211.0,105.125,91.125,14.0
Cu2ZnSnSe4,1000,Cu2 Zn1 Sn1 Se4,29.0,50.0,21.0,34.25,3.9375,34.0,64.0,89.0,25.0,79.125,10.09375,89.0,63.546,118.71,55.163999999999994,78.37774999999999,10.665312499999999,78.96,494.0,1357.77,863.77,736.1624999999999,310.80375,494.0,11.0,16.0,5.0,14.0,2.0,16.0,4.0,5.0,1.0,4.125,0.21875,4.0,120.0,139.0,19.0,125.625,6.53125,120.0,1.65,2.55,0.8999999999999999,2.20125,0.34874999999999995,2.55,1.0,2.0,1.0,1.75,0.375,2.0,0.0,4.0,4.0,2.25,1.75,4.0,10.0,10.0,0.0,10.0,0.0,10.0,0.0,0.0,0.0,0.0,0.0,0.0,11.0,16.0,5.0,14.0,2.0,16.0,0.0,1.0,1.0,0.25,0.375,0.0,0.0,4.0,4.0,1.5,1.125,2.0,0.0,0.0,0.0,0.0,0.0,0.0,0.0,0.0,0.0,0.0,0.0,0.0,0.0,4.0,4.0,1.75,0.8125,2.0,11.07,33.285,22.214999999999996,21.633125,7.19984375,25.92,0.0,0.799,0.799,0.3995,0.3995,0.799,0.0,0.0,0.0,0.0,0.0,0.0,14.0,225.0,211.0,105.125,91.125,14.0
Cu16Ga16Te32,350,Cu16 Ga16 Te32,29.0,52.0,23.0,41.0,11.0,52.0,64.0,90.0,26.0,79.5,10.5,90.0,63.546,127.6,64.054,97.11725,30.482749999999996,127.6,302.91,1357.77,1054.86,776.5,290.635,722.66,11.0,16.0,5.0,14.0,2.0,16.0,4.0,5.0,1.0,4.5,0.5,5.0,122.0,138.0,16.0,132.5,5.5,138.0,1.81,2.1,0.29000000000000004,1.9775,0.12250000000000005,2.1,1.0,2.0,1.0,1.75,0.375,2.0,0.0,4.0,4.0,2.25,1.75,4.0,10.0,10.0,0.0,10.0,0.0,10.0,0.0,0.0,0.0,0.0,0.0,0.0,11.0,16.0,5.0,14.0,2.0,16.0,0.0,1.0,1.0,0.25,0.375,0.0,0.0,5.0,5.0,2.25,1.375,2.0,0.0,0.0,0.0,0.0,0.0,0.0,0.0,0.0,0.0,0.0,0.0,0.0,1.0,5.0,4.0,2.5,1.25,2.0,11.07,34.7633333333,23.693333333299996,24.86354166665,9.899791666649998,34.7633333333,0.0,0.464,0.464,0.232,0.232,0.464,0.0,0.0,0.0,0.0,0.0,0.0,64.0,225.0,161.0,148.25,42.125,152.0
Cu16Ga16Te32,400,Cu16 Ga16 Te32,29.0,52.0,23.0,41.0,11.0,52.0,64.0,90.0,26.0,79.5,10.5,90.0,63.546,127.6,64.054,97.11725,30.482749999999996,127.6,302.91,1357.77,1054.86,776.5,290.635,722.66,11.0,16.0,5.0,14.0,2.0,16.0,4.0,5.0,1.0,4.5,0.5,5.0,122.0,138.0,16.0,132.5,5.5,138.0,1.81,2.1,0.29000000000000004,1.9775,0.12250000000000005,2.1,1.0,2.0,1.0,1.75,0.375,2.0,0.0,4.0,4.0,2.25,1.75,4.0,10.0,10.0,0.0,10.0,0.0,10.0,0.0,0.0,0.0,0.0,0.0,0.0,11.0,16.0,5.0,14.0,2.0,16.0,0.0,1.0,1.0,0.25,0.375,0.0,0.0,5.0,5.0,2.25,1.375,2.0,0.0,0.0,0.0,0.0,0.0,0.0,0.0,0.0,0.0,0.0,0.0,0.0,1.0,5.0,4.0,2.5,1.25,2.0,11.07,34.7633333333,23.693333333299996,24.86354166665,9.899791666649998,34.7633333333,0.0,0.464,0.464,0.232,0.232,0.464,0.0,0.0,0.0,0.0,0.0,0.0,64.0,225.0,161.0,148.25,42.125,152.0
Cu16Ga16Te32,450,Cu16 Ga16 Te32,29.0,52.0,23.0,41.0,11.0,52.0,64.0,90.0,26.0,79.5,10.5,90.0,63.546,127.6,64.054,97.11725,30.482749999999996,127.6,302.91,1357.77,1054.86,776.5,290.635,722.66,11.0,16.0,5.0,14.0,2.0,16.0,4.0,5.0,1.0,4.5,0.5,5.0,122.0,138.0,16.0,132.5,5.5,138.0,1.81,2.1,0.29000000000000004,1.9775,0.12250000000000005,2.1,1.0,2.0,1.0,1.75,0.375,2.0,0.0,4.0,4.0,2.25,1.75,4.0,10.0,10.0,0.0,10.0,0.0,10.0,0.0,0.0,0.0,0.0,0.0,0.0,11.0,16.0,5.0,14.0,2.0,16.0,0.0,1.0,1.0,0.25,0.375,0.0,0.0,5.0,5.0,2.25,1.375,2.0,0.0,0.0,0.0,0.0,0.0,0.0,0.0,0.0,0.0,0.0,0.0,0.0,1.0,5.0,4.0,2.5,1.25,2.0,11.07,34.7633333333,23.693333333299996,24.86354166665,9.899791666649998,34.7633333333,0.0,0.464,0.464,0.232,0.232,0.464,0.0,0.0,0.0,0.0,0.0,0.0,64.0,225.0,161.0,148.25,42.125,152.0
Cu16Ga16Te32,500,Cu16 Ga16 Te32,29.0,52.0,23.0,41.0,11.0,52.0,64.0,90.0,26.0,79.5,10.5,90.0,63.546,127.6,64.054,97.11725,30.482749999999996,127.6,302.91,1357.77,1054.86,776.5,290.635,722.66,11.0,16.0,5.0,14.0,2.0,16.0,4.0,5.0,1.0,4.5,0.5,5.0,122.0,138.0,16.0,132.5,5.5,138.0,1.81,2.1,0.29000000000000004,1.9775,0.12250000000000005,2.1,1.0,2.0,1.0,1.75,0.375,2.0,0.0,4.0,4.0,2.25,1.75,4.0,10.0,10.0,0.0,10.0,0.0,10.0,0.0,0.0,0.0,0.0,0.0,0.0,11.0,16.0,5.0,14.0,2.0,16.0,0.0,1.0,1.0,0.25,0.375,0.0,0.0,5.0,5.0,2.25,1.375,2.0,0.0,0.0,0.0,0.0,0.0,0.0,0.0,0.0,0.0,0.0,0.0,0.0,1.0,5.0,4.0,2.5,1.25,2.0,11.07,34.7633333333,23.693333333299996,24.86354166665,9.899791666649998,34.7633333333,0.0,0.464,0.464,0.232,0.232,0.464,0.0,0.0,0.0,0.0,0.0,0.0,64.0,225.0,161.0,148.25,42.125,152.0
Cu16Ga16Te32,550,Cu16 Ga16 Te32,29.0,52.0,23.0,41.0,11.0,52.0,64.0,90.0,26.0,79.5,10.5,90.0,63.546,127.6,64.054,97.11725,30.482749999999996,127.6,302.91,1357.77,1054.86,776.5,290.635,722.66,11.0,16.0,5.0,14.0,2.0,16.0,4.0,5.0,1.0,4.5,0.5,5.0,122.0,138.0,16.0,132.5,5.5,138.0,1.81,2.1,0.29000000000000004,1.9775,0.12250000000000005,2.1,1.0,2.0,1.0,1.75,0.375,2.0,0.0,4.0,4.0,2.25,1.75,4.0,10.0,10.0,0.0,10.0,0.0,10.0,0.0,0.0,0.0,0.0,0.0,0.0,11.0,16.0,5.0,14.0,2.0,16.0,0.0,1.0,1.0,0.25,0.375,0.0,0.0,5.0,5.0,2.25,1.375,2.0,0.0,0.0,0.0,0.0,0.0,0.0,0.0,0.0,0.0,0.0,0.0,0.0,1.0,5.0,4.0,2.5,1.25,2.0,11.07,34.7633333333,23.693333333299996,24.86354166665,9.899791666649998,34.7633333333,0.0,0.464,0.464,0.232,0.232,0.464,0.0,0.0,0.0,0.0,0.0,0.0,64.0,225.0,161.0,148.25,42.125,152.0
Cu16Ga16Te32,600,Cu16 Ga16 Te32,29.0,52.0,23.0,41.0,11.0,52.0,64.0,90.0,26.0,79.5,10.5,90.0,63.546,127.6,64.054,97.11725,30.482749999999996,127.6,302.91,1357.77,1054.86,776.5,290.635,722.66,11.0,16.0,5.0,14.0,2.0,16.0,4.0,5.0,1.0,4.5,0.5,5.0,122.0,138.0,16.0,132.5,5.5,138.0,1.81,2.1,0.29000000000000004,1.9775,0.12250000000000005,2.1,1.0,2.0,1.0,1.75,0.375,2.0,0.0,4.0,4.0,2.25,1.75,4.0,10.0,10.0,0.0,10.0,0.0,10.0,0.0,0.0,0.0,0.0,0.0,0.0,11.0,16.0,5.0,14.0,2.0,16.0,0.0,1.0,1.0,0.25,0.375,0.0,0.0,5.0,5.0,2.25,1.375,2.0,0.0,0.0,0.0,0.0,0.0,0.0,0.0,0.0,0.0,0.0,0.0,0.0,1.0,5.0,4.0,2.5,1.25,2.0,11.07,34.7633333333,23.693333333299996,24.86354166665,9.899791666649998,34.7633333333,0.0,0.464,0.464,0.232,0.232,0.464,0.0,0.0,0.0,0.0,0.0,0.0,64.0,225.0,161.0,148.25,42.125,152.0
Cu16Ga16Te32,650,Cu16 Ga16 Te32,29.0,52.0,23.0,41.0,11.0,52.0,64.0,90.0,26.0,79.5,10.5,90.0,63.546,127.6,64.054,97.11725,30.482749999999996,127.6,302.91,1357.77,1054.86,776.5,290.635,722.66,11.0,16.0,5.0,14.0,2.0,16.0,4.0,5.0,1.0,4.5,0.5,5.0,122.0,138.0,16.0,132.5,5.5,138.0,1.81,2.1,0.29000000000000004,1.9775,0.12250000000000005,2.1,1.0,2.0,1.0,1.75,0.375,2.0,0.0,4.0,4.0,2.25,1.75,4.0,10.0,10.0,0.0,10.0,0.0,10.0,0.0,0.0,0.0,0.0,0.0,0.0,11.0,16.0,5.0,14.0,2.0,16.0,0.0,1.0,1.0,0.25,0.375,0.0,0.0,5.0,5.0,2.25,1.375,2.0,0.0,0.0,0.0,0.0,0.0,0.0,0.0,0.0,0.0,0.0,0.0,0.0,1.0,5.0,4.0,2.5,1.25,2.0,11.07,34.7633333333,23.693333333299996,24.86354166665,9.899791666649998,34.7633333333,0.0,0.464,0.464,0.232,0.232,0.464,0.0,0.0,0.0,0.0,0.0,0.0,64.0,225.0,161.0,148.25,42.125,152.0
Cu16Ga16Te32,700,Cu16 Ga16 Te32,29.0,52.0,23.0,41.0,11.0,52.0,64.0,90.0,26.0,79.5,10.5,90.0,63.546,127.6,64.054,97.11725,30.482749999999996,127.6,302.91,1357.77,1054.86,776.5,290.635,722.66,11.0,16.0,5.0,14.0,2.0,16.0,4.0,5.0,1.0,4.5,0.5,5.0,122.0,138.0,16.0,132.5,5.5,138.0,1.81,2.1,0.29000000000000004,1.9775,0.12250000000000005,2.1,1.0,2.0,1.0,1.75,0.375,2.0,0.0,4.0,4.0,2.25,1.75,4.0,10.0,10.0,0.0,10.0,0.0,10.0,0.0,0.0,0.0,0.0,0.0,0.0,11.0,16.0,5.0,14.0,2.0,16.0,0.0,1.0,1.0,0.25,0.375,0.0,0.0,5.0,5.0,2.25,1.375,2.0,0.0,0.0,0.0,0.0,0.0,0.0,0.0,0.0,0.0,0.0,0.0,0.0,1.0,5.0,4.0,2.5,1.25,2.0,11.07,34.7633333333,23.693333333299996,24.86354166665,9.899791666649998,34.7633333333,0.0,0.464,0.464,0.232,0.232,0.464,0.0,0.0,0.0,0.0,0.0,0.0,64.0,225.0,161.0,148.25,42.125,152.0
Cu16Ga16Te32,750,Cu16 Ga16 Te32,29.0,52.0,23.0,41.0,11.0,52.0,64.0,90.0,26.0,79.5,10.5,90.0,63.546,127.6,64.054,97.11725,30.482749999999996,127.6,302.91,1357.77,1054.86,776.5,290.635,722.66,11.0,16.0,5.0,14.0,2.0,16.0,4.0,5.0,1.0,4.5,0.5,5.0,122.0,138.0,16.0,132.5,5.5,138.0,1.81,2.1,0.29000000000000004,1.9775,0.12250000000000005,2.1,1.0,2.0,1.0,1.75,0.375,2.0,0.0,4.0,4.0,2.25,1.75,4.0,10.0,10.0,0.0,10.0,0.0,10.0,0.0,0.0,0.0,0.0,0.0,0.0,11.0,16.0,5.0,14.0,2.0,16.0,0.0,1.0,1.0,0.25,0.375,0.0,0.0,5.0,5.0,2.25,1.375,2.0,0.0,0.0,0.0,0.0,0.0,0.0,0.0,0.0,0.0,0.0,0.0,0.0,1.0,5.0,4.0,2.5,1.25,2.0,11.07,34.7633333333,23.693333333299996,24.86354166665,9.899791666649998,34.7633333333,0.0,0.464,0.464,0.232,0.232,0.464,0.0,0.0,0.0,0.0,0.0,0.0,64.0,225.0,161.0,148.25,42.125,152.0
Cu16Ga16Te32,800,Cu16 Ga16 Te32,29.0,52.0,23.0,41.0,11.0,52.0,64.0,90.0,26.0,79.5,10.5,90.0,63.546,127.6,64.054,97.11725,30.482749999999996,127.6,302.91,1357.77,1054.86,776.5,290.635,722.66,11.0,16.0,5.0,14.0,2.0,16.0,4.0,5.0,1.0,4.5,0.5,5.0,122.0,138.0,16.0,132.5,5.5,138.0,1.81,2.1,0.29000000000000004,1.9775,0.12250000000000005,2.1,1.0,2.0,1.0,1.75,0.375,2.0,0.0,4.0,4.0,2.25,1.75,4.0,10.0,10.0,0.0,10.0,0.0,10.0,0.0,0.0,0.0,0.0,0.0,0.0,11.0,16.0,5.0,14.0,2.0,16.0,0.0,1.0,1.0,0.25,0.375,0.0,0.0,5.0,5.0,2.25,1.375,2.0,0.0,0.0,0.0,0.0,0.0,0.0,0.0,0.0,0.0,0.0,0.0,0.0,1.0,5.0,4.0,2.5,1.25,2.0,11.07,34.7633333333,23.693333333299996,24.86354166665,9.899791666649998,34.7633333333,0.0,0.464,0.464,0.232,0.232,0.464,0.0,0.0,0.0,0.0,0.0,0.0,64.0,225.0,161.0,148.25,42.125,152.0
Cu16Ga15CdTe32,350,Cu16 Ga15 Cd1 Te32,29.0,52.0,23.0,41.265625,10.94482421875,52.0,64.0,90.0,26.0,79.4375,10.5625,90.0,63.546,127.6,64.054,97.78425,30.2728359375,127.6,302.91,1357.77,1054.86,781.05171875,288.35914062499995,722.66,11.0,16.0,5.0,13.984375,2.015625,16.0,4.0,5.0,1.0,4.515625,0.49951171875,5.0,122.0,144.0,22.0,132.84375,5.5048828125,138.0,1.69,2.1,0.41000000000000014,1.975625,0.12437500000000005,2.1,1.0,2.0,1.0,1.75,0.375,2.0,0.0,4.0,4.0,2.234375,1.765625,4.0,10.0,10.0,0.0,10.0,0.0,10.0,0.0,0.0,0.0,0.0,0.0,0.0,11.0,16.0,5.0,13.984375,2.015625,16.0,0.0,1.0,1.0,0.25,0.375,0.0,0.0,5.0,5.0,2.171875,1.32568359375,2.0,0.0,0.0,0.0,0.0,0.0,0.0,0.0,0.0,0.0,0.0,0.0,0.0,0.0,5.0,5.0,2.421875,1.20849609375,2.0,11.07,34.7633333333,23.693333333299996,24.873502604149998,9.889830729149999,34.7633333333,0.0,0.464,0.464,0.232,0.232,0.464,0.0,0.0,0.0,0.0,0.0,0.0,64.0,225.0,161.0,150.28125,40.4443359375,152.0
Cu16Ga15CdTe32,400,Cu16 Ga15 Cd1 Te32,29.0,52.0,23.0,41.265625,10.94482421875,52.0,64.0,90.0,26.0,79.4375,10.5625,90.0,63.546,127.6,64.054,97.78425,30.2728359375,127.6,302.91,1357.77,1054.86,781.05171875,288.35914062499995,722.66,11.0,16.0,5.0,13.984375,2.015625,16.0,4.0,5.0,1.0,4.515625,0.49951171875,5.0,122.0,144.0,22.0,132.84375,5.5048828125,138.0,1.69,2.1,0.41000000000000014,1.975625,0.12437500000000005,2.1,1.0,2.0,1.0,1.75,0.375,2.0,0.0,4.0,4.0,2.234375,1.765625,4.0,10.0,10.0,0.0,10.0,0.0,10.0,0.0,0.0,0.0,0.0,0.0,0.0,11.0,16.0,5.0,13.984375,2.015625,16.0,0.0,1.0,1.0,0.25,0.375,0.0,0.0,5.0,5.0,2.171875,1.32568359375,2.0,0.0,0.0,0.0,0.0,0.0,0.0,0.0,0.0,0.0,0.0,0.0,0.0,0.0,5.0,5.0,2.421875,1.20849609375,2.0,11.07,34.7633333333,23.693333333299996,24.873502604149998,9.889830729149999,34.7633333333,0.0,0.464,0.464,0.232,0.232,0.464,0.0,0.0,0.0,0.0,0.0,0.0,64.0,225.0,161.0,150.28125,40.4443359375,152.0
Cu16Ga15CdTe32,450,Cu16 Ga15 Cd1 Te32,29.0,52.0,23.0,41.265625,10.94482421875,52.0,64.0,90.0,26.0,79.4375,10.5625,90.0,63.546,127.6,64.054,97.78425,30.2728359375,127.6,302.91,1357.77,1054.86,781.05171875,288.35914062499995,722.66,11.0,16.0,5.0,13.984375,2.015625,16.0,4.0,5.0,1.0,4.515625,0.49951171875,5.0,122.0,144.0,22.0,132.84375,5.5048828125,138.0,1.69,2.1,0.41000000000000014,1.975625,0.12437500000000005,2.1,1.0,2.0,1.0,1.75,0.375,2.0,0.0,4.0,4.0,2.234375,1.765625,4.0,10.0,10.0,0.0,10.0,0.0,10.0,0.0,0.0,0.0,0.0,0.0,0.0,11.0,16.0,5.0,13.984375,2.015625,16.0,0.0,1.0,1.0,0.25,0.375,0.0,0.0,5.0,5.0,2.171875,1.32568359375,2.0,0.0,0.0,0.0,0.0,0.0,0.0,0.0,0.0,0.0,0.0,0.0,0.0,0.0,5.0,5.0,2.421875,1.20849609375,2.0,11.07,34.7633333333,23.693333333299996,24.873502604149998,9.889830729149999,34.7633333333,0.0,0.464,0.464,0.232,0.232,0.464,0.0,0.0,0.0,0.0,0.0,0.0,64.0,225.0,161.0,150.28125,40.4443359375,152.0
Cu16Ga15CdTe32,500,Cu16 Ga15 Cd1 Te32,29.0,52.0,23.0,41.265625,10.94482421875,52.0,64.0,90.0,26.0,79.4375,10.5625,90.0,63.546,127.6,64.054,97.78425,30.2728359375,127.6,302.91,1357.77,1054.86,781.05171875,288.35914062499995,722.66,11.0,16.0,5.0,13.984375,2.015625,16.0,4.0,5.0,1.0,4.515625,0.49951171875,5.0,122.0,144.0,22.0,132.84375,5.5048828125,138.0,1.69,2.1,0.41000000000000014,1.975625,0.12437500000000005,2.1,1.0,2.0,1.0,1.75,0.375,2.0,0.0,4.0,4.0,2.234375,1.765625,4.0,10.0,10.0,0.0,10.0,0.0,10.0,0.0,0.0,0.0,0.0,0.0,0.0,11.0,16.0,5.0,13.984375,2.015625,16.0,0.0,1.0,1.0,0.25,0.375,0.0,0.0,5.0,5.0,2.171875,1.32568359375,2.0,0.0,0.0,0.0,0.0,0.0,0.0,0.0,0.0,0.0,0.0,0.0,0.0,0.0,5.0,5.0,2.421875,1.20849609375,2.0,11.07,34.7633333333,23.693333333299996,24.873502604149998,9.889830729149999,34.7633333333,0.0,0.464,0.464,0.232,0.232,0.464,0.0,0.0,0.0,0.0,0.0,0.0,64.0,225.0,161.0,150.28125,40.4443359375,152.0
Cu16Ga15CdTe32,550,Cu16 Ga15 Cd1 Te32,29.0,52.0,23.0,41.265625,10.94482421875,52.0,64.0,90.0,26.0,79.4375,10.5625,90.0,63.546,127.6,64.054,97.78425,30.2728359375,127.6,302.91,1357.77,1054.86,781.05171875,288.35914062499995,722.66,11.0,16.0,5.0,13.984375,2.015625,16.0,4.0,5.0,1.0,4.515625,0.49951171875,5.0,122.0,144.0,22.0,132.84375,5.5048828125,138.0,1.69,2.1,0.41000000000000014,1.975625,0.12437500000000005,2.1,1.0,2.0,1.0,1.75,0.375,2.0,0.0,4.0,4.0,2.234375,1.765625,4.0,10.0,10.0,0.0,10.0,0.0,10.0,0.0,0.0,0.0,0.0,0.0,0.0,11.0,16.0,5.0,13.984375,2.015625,16.0,0.0,1.0,1.0,0.25,0.375,0.0,0.0,5.0,5.0,2.171875,1.32568359375,2.0,0.0,0.0,0.0,0.0,0.0,0.0,0.0,0.0,0.0,0.0,0.0,0.0,0.0,5.0,5.0,2.421875,1.20849609375,2.0,11.07,34.7633333333,23.693333333299996,24.873502604149998,9.889830729149999,34.7633333333,0.0,0.464,0.464,0.232,0.232,0.464,0.0,0.0,0.0,0.0,0.0,0.0,64.0,225.0,161.0,150.28125,40.4443359375,152.0
Cu16Ga15CdTe32,600,Cu16 Ga15 Cd1 Te32,29.0,52.0,23.0,41.265625,10.94482421875,52.0,64.0,90.0,26.0,79.4375,10.5625,90.0,63.546,127.6,64.054,97.78425,30.2728359375,127.6,302.91,1357.77,1054.86,781.05171875,288.35914062499995,722.66,11.0,16.0,5.0,13.984375,2.015625,16.0,4.0,5.0,1.0,4.515625,0.49951171875,5.0,122.0,144.0,22.0,132.84375,5.5048828125,138.0,1.69,2.1,0.41000000000000014,1.975625,0.12437500000000005,2.1,1.0,2.0,1.0,1.75,0.375,2.0,0.0,4.0,4.0,2.234375,1.765625,4.0,10.0,10.0,0.0,10.0,0.0,10.0,0.0,0.0,0.0,0.0,0.0,0.0,11.0,16.0,5.0,13.984375,2.015625,16.0,0.0,1.0,1.0,0.25,0.375,0.0,0.0,5.0,5.0,2.171875,1.32568359375,2.0,0.0,0.0,0.0,0.0,0.0,0.0,0.0,0.0,0.0,0.0,0.0,0.0,0.0,5.0,5.0,2.421875,1.20849609375,2.0,11.07,34.7633333333,23.693333333299996,24.873502604149998,9.889830729149999,34.7633333333,0.0,0.464,0.464,0.232,0.232,0.464,0.0,0.0,0.0,0.0,0.0,0.0,64.0,225.0,161.0,150.28125,40.4443359375,152.0
Cu16Ga15CdTe32,650,Cu16 Ga15 Cd1 Te32,29.0,52.0,23.0,41.265625,10.94482421875,52.0,64.0,90.0,26.0,79.4375,10.5625,90.0,63.546,127.6,64.054,97.78425,30.2728359375,127.6,302.91,1357.77,1054.86,781.05171875,288.35914062499995,722.66,11.0,16.0,5.0,13.984375,2.015625,16.0,4.0,5.0,1.0,4.515625,0.49951171875,5.0,122.0,144.0,22.0,132.84375,5.5048828125,138.0,1.69,2.1,0.41000000000000014,1.975625,0.12437500000000005,2.1,1.0,2.0,1.0,1.75,0.375,2.0,0.0,4.0,4.0,2.234375,1.765625,4.0,10.0,10.0,0.0,10.0,0.0,10.0,0.0,0.0,0.0,0.0,0.0,0.0,11.0,16.0,5.0,13.984375,2.015625,16.0,0.0,1.0,1.0,0.25,0.375,0.0,0.0,5.0,5.0,2.171875,1.32568359375,2.0,0.0,0.0,0.0,0.0,0.0,0.0,0.0,0.0,0.0,0.0,0.0,0.0,0.0,5.0,5.0,2.421875,1.20849609375,2.0,11.07,34.7633333333,23.693333333299996,24.873502604149998,9.889830729149999,34.7633333333,0.0,0.464,0.464,0.232,0.232,0.464,0.0,0.0,0.0,0.0,0.0,0.0,64.0,225.0,161.0,150.28125,40.4443359375,152.0
Cu16Ga15CdTe32,700,Cu16 Ga15 Cd1 Te32,29.0,52.0,23.0,41.265625,10.94482421875,52.0,64.0,90.0,26.0,79.4375,10.5625,90.0,63.546,127.6,64.054,97.78425,30.2728359375,127.6,302.91,1357.77,1054.86,781.05171875,288.35914062499995,722.66,11.0,16.0,5.0,13.984375,2.015625,16.0,4.0,5.0,1.0,4.515625,0.49951171875,5.0,122.0,144.0,22.0,132.84375,5.5048828125,138.0,1.69,2.1,0.41000000000000014,1.975625,0.12437500000000005,2.1,1.0,2.0,1.0,1.75,0.375,2.0,0.0,4.0,4.0,2.234375,1.765625,4.0,10.0,10.0,0.0,10.0,0.0,10.0,0.0,0.0,0.0,0.0,0.0,0.0,11.0,16.0,5.0,13.984375,2.015625,16.0,0.0,1.0,1.0,0.25,0.375,0.0,0.0,5.0,5.0,2.171875,1.32568359375,2.0,0.0,0.0,0.0,0.0,0.0,0.0,0.0,0.0,0.0,0.0,0.0,0.0,0.0,5.0,5.0,2.421875,1.20849609375,2.0,11.07,34.7633333333,23.693333333299996,24.873502604149998,9.889830729149999,34.7633333333,0.0,0.464,0.464,0.232,0.232,0.464,0.0,0.0,0.0,0.0,0.0,0.0,64.0,225.0,161.0,150.28125,40.4443359375,152.0
Cu16Ga15CdTe32,750,Cu16 Ga15 Cd1 Te32,29.0,52.0,23.0,41.265625,10.94482421875,52.0,64.0,90.0,26.0,79.4375,10.5625,90.0,63.546,127.6,64.054,97.78425,30.2728359375,127.6,302.91,1357.77,1054.86,781.05171875,288.35914062499995,722.66,11.0,16.0,5.0,13.984375,2.015625,16.0,4.0,5.0,1.0,4.515625,0.49951171875,5.0,122.0,144.0,22.0,132.84375,5.5048828125,138.0,1.69,2.1,0.41000000000000014,1.975625,0.12437500000000005,2.1,1.0,2.0,1.0,1.75,0.375,2.0,0.0,4.0,4.0,2.234375,1.765625,4.0,10.0,10.0,0.0,10.0,0.0,10.0,0.0,0.0,0.0,0.0,0.0,0.0,11.0,16.0,5.0,13.984375,2.015625,16.0,0.0,1.0,1.0,0.25,0.375,0.0,0.0,5.0,5.0,2.171875,1.32568359375,2.0,0.0,0.0,0.0,0.0,0.0,0.0,0.0,0.0,0.0,0.0,0.0,0.0,0.0,5.0,5.0,2.421875,1.20849609375,2.0,11.07,34.7633333333,23.693333333299996,24.873502604149998,9.889830729149999,34.7633333333,0.0,0.464,0.464,0.232,0.232,0.464,0.0,0.0,0.0,0.0,0.0,0.0,64.0,225.0,161.0,150.28125,40.4443359375,152.0
Cu16Ga15CdTe32,800,Cu16 Ga15 Cd1 Te32,29.0,52.0,23.0,41.265625,10.94482421875,52.0,64.0,90.0,26.0,79.4375,10.5625,90.0,63.546,127.6,64.054,97.78425,30.2728359375,127.6,302.91,1357.77,1054.86,781.05171875,288.35914062499995,722.66,11.0,16.0,5.0,13.984375,2.015625,16.0,4.0,5.0,1.0,4.515625,0.49951171875,5.0,122.0,144.0,22.0,132.84375,5.5048828125,138.0,1.69,2.1,0.41000000000000014,1.975625,0.12437500000000005,2.1,1.0,2.0,1.0,1.75,0.375,2.0,0.0,4.0,4.0,2.234375,1.765625,4.0,10.0,10.0,0.0,10.0,0.0,10.0,0.0,0.0,0.0,0.0,0.0,0.0,11.0,16.0,5.0,13.984375,2.015625,16.0,0.0,1.0,1.0,0.25,0.375,0.0,0.0,5.0,5.0,2.171875,1.32568359375,2.0,0.0,0.0,0.0,0.0,0.0,0.0,0.0,0.0,0.0,0.0,0.0,0.0,0.0,5.0,5.0,2.421875,1.20849609375,2.0,11.07,34.7633333333,23.693333333299996,24.873502604149998,9.889830729149999,34.7633333333,0.0,0.464,0.464,0.232,0.232,0.464,0.0,0.0,0.0,0.0,0.0,0.0,64.0,225.0,161.0,150.28125,40.4443359375,152.0
Cu16Ga15ZnTe32,350,Cu16 Ga15 Zn1 Te32,29.0,52.0,23.0,40.984375,11.015625,52.0,64.0,90.0,26.0,79.421875,10.578125,90.0,63.546,127.6,64.054,97.049390625,30.550609374999997,127.6,302.91,1357.77,1054.86,782.5901562500001,287.589921875,722.66,11.0,16.0,5.0,13.984375,2.015625,16.0,4.0,5.0,1.0,4.5,0.5,5.0,122.0,138.0,16.0,132.5,5.5,138.0,1.65,2.1,0.4500000000000002,1.975,0.12500000000000006,2.1,1.0,2.0,1.0,1.75,0.375,2.0,0.0,4.0,4.0,2.234375,1.765625,4.0,10.0,10.0,0.0,10.0,0.0,10.0,0.0,0.0,0.0,0.0,0.0,0.0,11.0,16.0,5.0,13.984375,2.015625,16.0,0.0,1.0,1.0,0.25,0.375,0.0,0.0,5.0,5.0,2.171875,1.32568359375,2.0,0.0,0.0,0.0,0.0,0.0,0.0,0.0,0.0,0.0,0.0,0.0,0.0,0.0,5.0,5.0,2.421875,1.20849609375,2.0,11.07,34.7633333333,23.693333333299996,24.78701822915,9.976315104149997,34.7633333333,0.0,0.464,0.464,0.232,0.232,0.464,0.0,0.0,0.0,0.0,0.0,0.0,64.0,225.0,161.0,150.28125,40.4443359375,152.0
Cu16Ga15ZnTe32,400,Cu16 Ga15 Zn1 Te32,29.0,52.0,23.0,40.984375,11.015625,52.0,64.0,90.0,26.0,79.421875,10.578125,90.0,63.546,127.6,64.054,97.049390625,30.550609374999997,127.6,302.91,1357.77,1054.86,782.5901562500001,287.589921875,722.66,11.0,16.0,5.0,13.984375,2.015625,16.0,4.0,5.0,1.0,4.5,0.5,5.0,122.0,138.0,16.0,132.5,5.5,138.0,1.65,2.1,0.4500000000000002,1.975,0.12500000000000006,2.1,1.0,2.0,1.0,1.75,0.375,2.0,0.0,4.0,4.0,2.234375,1.765625,4.0,10.0,10.0,0.0,10.0,0.0,10.0,0.0,0.0,0.0,0.0,0.0,0.0,11.0,16.0,5.0,13.984375,2.015625,16.0,0.0,1.0,1.0,0.25,0.375,0.0,0.0,5.0,5.0,2.171875,1.32568359375,2.0,0.0,0.0,0.0,0.0,0.0,0.0,0.0,0.0,0.0,0.0,0.0,0.0,0.0,5.0,5.0,2.421875,1.20849609375,2.0,11.07,34.7633333333,23.693333333299996,24.78701822915,9.976315104149997,34.7633333333,0.0,0.464,0.464,0.232,0.232,0.464,0.0,0.0,0.0,0.0,0.0,0.0,64.0,225.0,161.0,150.28125,40.4443359375,152.0
Cu16Ga15ZnTe32,450,Cu16 Ga15 Zn1 Te32,29.0,52.0,23.0,40.984375,11.015625,52.0,64.0,90.0,26.0,79.421875,10.578125,90.0,63.546,127.6,64.054,97.049390625,30.550609374999997,127.6,302.91,1357.77,1054.86,782.5901562500001,287.589921875,722.66,11.0,16.0,5.0,13.984375,2.015625,16.0,4.0,5.0,1.0,4.5,0.5,5.0,122.0,138.0,16.0,132.5,5.5,138.0,1.65,2.1,0.4500000000000002,1.975,0.12500000000000006,2.1,1.0,2.0,1.0,1.75,0.375,2.0,0.0,4.0,4.0,2.234375,1.765625,4.0,10.0,10.0,0.0,10.0,0.0,10.0,0.0,0.0,0.0,0.0,0.0,0.0,11.0,16.0,5.0,13.984375,2.015625,16.0,0.0,1.0,1.0,0.25,0.375,0.0,0.0,5.0,5.0,2.171875,1.32568359375,2.0,0.0,0.0,0.0,0.0,0.0,0.0,0.0,0.0,0.0,0.0,0.0,0.0,0.0,5.0,5.0,2.421875,1.20849609375,2.0,11.07,34.7633333333,23.693333333299996,24.78701822915,9.976315104149997,34.7633333333,0.0,0.464,0.464,0.232,0.232,0.464,0.0,0.0,0.0,0.0,0.0,0.0,64.0,225.0,161.0,150.28125,40.4443359375,152.0
Cu16Ga15ZnTe32,500,Cu16 Ga15 Zn1 Te32,29.0,52.0,23.0,40.984375,11.015625,52.0,64.0,90.0,26.0,79.421875,10.578125,90.0,63.546,127.6,64.054,97.049390625,30.550609374999997,127.6,302.91,1357.77,1054.86,782.5901562500001,287.589921875,722.66,11.0,16.0,5.0,13.984375,2.015625,16.0,4.0,5.0,1.0,4.5,0.5,5.0,122.0,138.0,16.0,132.5,5.5,138.0,1.65,2.1,0.4500000000000002,1.975,0.12500000000000006,2.1,1.0,2.0,1.0,1.75,0.375,2.0,0.0,4.0,4.0,2.234375,1.765625,4.0,10.0,10.0,0.0,10.0,0.0,10.0,0.0,0.0,0.0,0.0,0.0,0.0,11.0,16.0,5.0,13.984375,2.015625,16.0,0.0,1.0,1.0,0.25,0.375,0.0,0.0,5.0,5.0,2.171875,1.32568359375,2.0,0.0,0.0,0.0,0.0,0.0,0.0,0.0,0.0,0.0,0.0,0.0,0.0,0.0,5.0,5.0,2.421875,1.20849609375,2.0,11.07,34.7633333333,23.693333333299996,24.78701822915,9.976315104149997,34.7633333333,0.0,0.464,0.464,0.232,0.232,0.464,0.0,0.0,0.0,0.0,0.0,0.0,64.0,225.0,161.0,150.28125,40.4443359375,152.0
Cu16Ga15ZnTe32,550,Cu16 Ga15 Zn1 Te32,29.0,52.0,23.0,40.984375,11.015625,52.0,64.0,90.0,26.0,79.421875,10.578125,90.0,63.546,127.6,64.054,97.049390625,30.550609374999997,127.6,302.91,1357.77,1054.86,782.5901562500001,287.589921875,722.66,11.0,16.0,5.0,13.984375,2.015625,16.0,4.0,5.0,1.0,4.5,0.5,5.0,122.0,138.0,16.0,132.5,5.5,138.0,1.65,2.1,0.4500000000000002,1.975,0.12500000000000006,2.1,1.0,2.0,1.0,1.75,0.375,2.0,0.0,4.0,4.0,2.234375,1.765625,4.0,10.0,10.0,0.0,10.0,0.0,10.0,0.0,0.0,0.0,0.0,0.0,0.0,11.0,16.0,5.0,13.984375,2.015625,16.0,0.0,1.0,1.0,0.25,0.375,0.0,0.0,5.0,5.0,2.171875,1.32568359375,2.0,0.0,0.0,0.0,0.0,0.0,0.0,0.0,0.0,0.0,0.0,0.0,0.0,0.0,5.0,5.0,2.421875,1.20849609375,2.0,11.07,34.7633333333,23.693333333299996,24.78701822915,9.976315104149997,34.7633333333,0.0,0.464,0.464,0.232,0.232,0.464,0.0,0.0,0.0,0.0,0.0,0.0,64.0,225.0,161.0,150.28125,40.4443359375,152.0
Cu16Ga15ZnTe32,600,Cu16 Ga15 Zn1 Te32,29.0,52.0,23.0,40.984375,11.015625,52.0,64.0,90.0,26.0,79.421875,10.578125,90.0,63.546,127.6,64.054,97.049390625,30.550609374999997,127.6,302.91,1357.77,1054.86,782.5901562500001,287.589921875,722.66,11.0,16.0,5.0,13.984375,2.015625,16.0,4.0,5.0,1.0,4.5,0.5,5.0,122.0,138.0,16.0,132.5,5.5,138.0,1.65,2.1,0.4500000000000002,1.975,0.12500000000000006,2.1,1.0,2.0,1.0,1.75,0.375,2.0,0.0,4.0,4.0,2.234375,1.765625,4.0,10.0,10.0,0.0,10.0,0.0,10.0,0.0,0.0,0.0,0.0,0.0,0.0,11.0,16.0,5.0,13.984375,2.015625,16.0,0.0,1.0,1.0,0.25,0.375,0.0,0.0,5.0,5.0,2.171875,1.32568359375,2.0,0.0,0.0,0.0,0.0,0.0,0.0,0.0,0.0,0.0,0.0,0.0,0.0,0.0,5.0,5.0,2.421875,1.20849609375,2.0,11.07,34.7633333333,23.693333333299996,24.78701822915,9.976315104149997,34.7633333333,0.0,0.464,0.464,0.232,0.232,0.464,0.0,0.0,0.0,0.0,0.0,0.0,64.0,225.0,161.0,150.28125,40.4443359375,152.0
Cu16Ga15ZnTe32,650,Cu16 Ga15 Zn1 Te32,29.0,52.0,23.0,40.984375,11.015625,52.0,64.0,90.0,26.0,79.421875,10.578125,90.0,63.546,127.6,64.054,97.049390625,30.550609374999997,127.6,302.91,1357.77,1054.86,782.5901562500001,287.589921875,722.66,11.0,16.0,5.0,13.984375,2.015625,16.0,4.0,5.0,1.0,4.5,0.5,5.0,122.0,138.0,16.0,132.5,5.5,138.0,1.65,2.1,0.4500000000000002,1.975,0.12500000000000006,2.1,1.0,2.0,1.0,1.75,0.375,2.0,0.0,4.0,4.0,2.234375,1.765625,4.0,10.0,10.0,0.0,10.0,0.0,10.0,0.0,0.0,0.0,0.0,0.0,0.0,11.0,16.0,5.0,13.984375,2.015625,16.0,0.0,1.0,1.0,0.25,0.375,0.0,0.0,5.0,5.0,2.171875,1.32568359375,2.0,0.0,0.0,0.0,0.0,0.0,0.0,0.0,0.0,0.0,0.0,0.0,0.0,0.0,5.0,5.0,2.421875,1.20849609375,2.0,11.07,34.7633333333,23.693333333299996,24.78701822915,9.976315104149997,34.7633333333,0.0,0.464,0.464,0.232,0.232,0.464,0.0,0.0,0.0,0.0,0.0,0.0,64.0,225.0,161.0,150.28125,40.4443359375,152.0
Cu16Ga15ZnTe32,700,Cu16 Ga15 Zn1 Te32,29.0,52.0,23.0,40.984375,11.015625,52.0,64.0,90.0,26.0,79.421875,10.578125,90.0,63.546,127.6,64.054,97.049390625,30.550609374999997,127.6,302.91,1357.77,1054.86,782.5901562500001,287.589921875,722.66,11.0,16.0,5.0,13.984375,2.015625,16.0,4.0,5.0,1.0,4.5,0.5,5.0,122.0,138.0,16.0,132.5,5.5,138.0,1.65,2.1,0.4500000000000002,1.975,0.12500000000000006,2.1,1.0,2.0,1.0,1.75,0.375,2.0,0.0,4.0,4.0,2.234375,1.765625,4.0,10.0,10.0,0.0,10.0,0.0,10.0,0.0,0.0,0.0,0.0,0.0,0.0,11.0,16.0,5.0,13.984375,2.015625,16.0,0.0,1.0,1.0,0.25,0.375,0.0,0.0,5.0,5.0,2.171875,1.32568359375,2.0,0.0,0.0,0.0,0.0,0.0,0.0,0.0,0.0,0.0,0.0,0.0,0.0,0.0,5.0,5.0,2.421875,1.20849609375,2.0,11.07,34.7633333333,23.693333333299996,24.78701822915,9.976315104149997,34.7633333333,0.0,0.464,0.464,0.232,0.232,0.464,0.0,0.0,0.0,0.0,0.0,0.0,64.0,225.0,161.0,150.28125,40.4443359375,152.0
Cu16Ga15ZnTe32,750,Cu16 Ga15 Zn1 Te32,29.0,52.0,23.0,40.984375,11.015625,52.0,64.0,90.0,26.0,79.421875,10.578125,90.0,63.546,127.6,64.054,97.049390625,30.550609374999997,127.6,302.91,1357.77,1054.86,782.5901562500001,287.589921875,722.66,11.0,16.0,5.0,13.984375,2.015625,16.0,4.0,5.0,1.0,4.5,0.5,5.0,122.0,138.0,16.0,132.5,5.5,138.0,1.65,2.1,0.4500000000000002,1.975,0.12500000000000006,2.1,1.0,2.0,1.0,1.75,0.375,2.0,0.0,4.0,4.0,2.234375,1.765625,4.0,10.0,10.0,0.0,10.0,0.0,10.0,0.0,0.0,0.0,0.0,0.0,0.0,11.0,16.0,5.0,13.984375,2.015625,16.0,0.0,1.0,1.0,0.25,0.375,0.0,0.0,5.0,5.0,2.171875,1.32568359375,2.0,0.0,0.0,0.0,0.0,0.0,0.0,0.0,0.0,0.0,0.0,0.0,0.0,0.0,5.0,5.0,2.421875,1.20849609375,2.0,11.07,34.7633333333,23.693333333299996,24.78701822915,9.976315104149997,34.7633333333,0.0,0.464,0.464,0.232,0.232,0.464,0.0,0.0,0.0,0.0,0.0,0.0,64.0,225.0,161.0,150.28125,40.4443359375,152.0
Cu16Ga15ZnTe32,800,Cu16 Ga15 Zn1 Te32,29.0,52.0,23.0,40.984375,11.015625,52.0,64.0,90.0,26.0,79.421875,10.578125,90.0,63.546,127.6,64.054,97.049390625,30.550609374999997,127.6,302.91,1357.77,1054.86,782.5901562500001,287.589921875,722.66,11.0,16.0,5.0,13.984375,2.015625,16.0,4.0,5.0,1.0,4.5,0.5,5.0,122.0,138.0,16.0,132.5,5.5,138.0,1.65,2.1,0.4500000000000002,1.975,0.12500000000000006,2.1,1.0,2.0,1.0,1.75,0.375,2.0,0.0,4.0,4.0,2.234375,1.765625,4.0,10.0,10.0,0.0,10.0,0.0,10.0,0.0,0.0,0.0,0.0,0.0,0.0,11.0,16.0,5.0,13.984375,2.015625,16.0,0.0,1.0,1.0,0.25,0.375,0.0,0.0,5.0,5.0,2.171875,1.32568359375,2.0,0.0,0.0,0.0,0.0,0.0,0.0,0.0,0.0,0.0,0.0,0.0,0.0,0.0,5.0,5.0,2.421875,1.20849609375,2.0,11.07,34.7633333333,23.693333333299996,24.78701822915,9.976315104149997,34.7633333333,0.0,0.464,0.464,0.232,0.232,0.464,0.0,0.0,0.0,0.0,0.0,0.0,64.0,225.0,161.0,150.28125,40.4443359375,152.0
CuGaTe2CdCl2,350,Cu1 Ga1 Te2 Cd1 Cl2,17.0,52.0,35.0,35.142857142857146,13.306122448979592,17.0,64.0,94.0,30.0,82.28571428571429,11.10204081632653,90.0,35.453,127.6,92.14699999999999,81.68371428571429,35.01710204081632,35.453,171.6,1357.77,1186.17,577.6314285714286,310.5097959183673,171.6,11.0,17.0,6.0,14.571428571428571,2.2040816326530615,16.0,3.0,5.0,2.0,4.142857142857143,0.7346938775510204,3.0,102.0,144.0,42.0,125.42857142857143,14.36734693877551,102.0,1.69,3.16,1.4700000000000002,2.2742857142857145,0.5061224489795919,2.1,1.0,2.0,1.0,1.8571428571428572,0.24489795918367344,2.0,0.0,5.0,5.0,2.7142857142857144,2.0408163265306123,4.0,0.0,10.0,10.0,7.142857142857143,4.081632653061225,0.0,0.0,0.0,0.0,0.0,0.0,0.0,7.0,16.0,9.0,11.714285714285714,2.897959183673469,7.0,0.0,1.0,1.0,0.14285714285714285,0.24489795918367344,0.0,0.0,5.0,5.0,1.5714285714285714,1.2244897959183674,1.0,0.0,0.0,0.0,0.0,0.0,0.0,0.0,0.0,0.0,0.0,0.0,0.0,0.0,5.0,5.0,1.7142857142857142,1.1020408163265305,1.0,11.07,34.7633333333,23.693333333299996,23.992023809514286,6.443877551012243,24.4975,0.0,2.493,2.493,0.8448571428571429,0.9417959183673469,0.464,0.0,0.0,0.0,0.0,0.0,0.0,64.0,225.0,161.0,130.71428571428572,57.183673469387756,64.0
CuGaTe2CdCl2,400,Cu1 Ga1 Te2 Cd1 Cl2,17.0,52.0,35.0,35.142857142857146,13.306122448979592,17.0,64.0,94.0,30.0,82.28571428571429,11.10204081632653,90.0,35.453,127.6,92.14699999999999,81.68371428571429,35.01710204081632,35.453,171.6,1357.77,1186.17,577.6314285714286,310.5097959183673,171.6,11.0,17.0,6.0,14.571428571428571,2.2040816326530615,16.0,3.0,5.0,2.0,4.142857142857143,0.7346938775510204,3.0,102.0,144.0,42.0,125.42857142857143,14.36734693877551,102.0,1.69,3.16,1.4700000000000002,2.2742857142857145,0.5061224489795919,2.1,1.0,2.0,1.0,1.8571428571428572,0.24489795918367344,2.0,0.0,5.0,5.0,2.7142857142857144,2.0408163265306123,4.0,0.0,10.0,10.0,7.142857142857143,4.081632653061225,0.0,0.0,0.0,0.0,0.0,0.0,0.0,7.0,16.0,9.0,11.714285714285714,2.897959183673469,7.0,0.0,1.0,1.0,0.14285714285714285,0.24489795918367344,0.0,0.0,5.0,5.0,1.5714285714285714,1.2244897959183674,1.0,0.0,0.0,0.0,0.0,0.0,0.0,0.0,0.0,0.0,0.0,0.0,0.0,0.0,5.0,5.0,1.7142857142857142,1.1020408163265305,1.0,11.07,34.7633333333,23.693333333299996,23.992023809514286,6.443877551012243,24.4975,0.0,2.493,2.493,0.8448571428571429,0.9417959183673469,0.464,0.0,0.0,0.0,0.0,0.0,0.0,64.0,225.0,161.0,130.71428571428572,57.183673469387756,64.0
CuGaTe2CdCl2,450,Cu1 Ga1 Te2 Cd1 Cl2,17.0,52.0,35.0,35.142857142857146,13.306122448979592,17.0,64.0,94.0,30.0,82.28571428571429,11.10204081632653,90.0,35.453,127.6,92.14699999999999,81.68371428571429,35.01710204081632,35.453,171.6,1357.77,1186.17,577.6314285714286,310.5097959183673,171.6,11.0,17.0,6.0,14.571428571428571,2.2040816326530615,16.0,3.0,5.0,2.0,4.142857142857143,0.7346938775510204,3.0,102.0,144.0,42.0,125.42857142857143,14.36734693877551,102.0,1.69,3.16,1.4700000000000002,2.2742857142857145,0.5061224489795919,2.1,1.0,2.0,1.0,1.8571428571428572,0.24489795918367344,2.0,0.0,5.0,5.0,2.7142857142857144,2.0408163265306123,4.0,0.0,10.0,10.0,7.142857142857143,4.081632653061225,0.0,0.0,0.0,0.0,0.0,0.0,0.0,7.0,16.0,9.0,11.714285714285714,2.897959183673469,7.0,0.0,1.0,1.0,0.14285714285714285,0.24489795918367344,0.0,0.0,5.0,5.0,1.5714285714285714,1.2244897959183674,1.0,0.0,0.0,0.0,0.0,0.0,0.0,0.0,0.0,0.0,0.0,0.0,0.0,0.0,5.0,5.0,1.7142857142857142,1.1020408163265305,1.0,11.07,34.7633333333,23.693333333299996,23.992023809514286,6.443877551012243,24.4975,0.0,2.493,2.493,0.8448571428571429,0.9417959183673469,0.464,0.0,0.0,0.0,0.0,0.0,0.0,64.0,225.0,161.0,130.71428571428572,57.183673469387756,64.0
CuGaTe2CdCl2,500,Cu1 Ga1 Te2 Cd1 Cl2,17.0,52.0,35.0,35.142857142857146,13.306122448979592,17.0,64.0,94.0,30.0,82.28571428571429,11.10204081632653,90.0,35.453,127.6,92.14699999999999,81.68371428571429,35.01710204081632,35.453,171.6,1357.77,1186.17,577.6314285714286,310.5097959183673,171.6,11.0,17.0,6.0,14.571428571428571,2.2040816326530615,16.0,3.0,5.0,2.0,4.142857142857143,0.7346938775510204,3.0,102.0,144.0,42.0,125.42857142857143,14.36734693877551,102.0,1.69,3.16,1.4700000000000002,2.2742857142857145,0.5061224489795919,2.1,1.0,2.0,1.0,1.8571428571428572,0.24489795918367344,2.0,0.0,5.0,5.0,2.7142857142857144,2.0408163265306123,4.0,0.0,10.0,10.0,7.142857142857143,4.081632653061225,0.0,0.0,0.0,0.0,0.0,0.0,0.0,7.0,16.0,9.0,11.714285714285714,2.897959183673469,7.0,0.0,1.0,1.0,0.14285714285714285,0.24489795918367344,0.0,0.0,5.0,5.0,1.5714285714285714,1.2244897959183674,1.0,0.0,0.0,0.0,0.0,0.0,0.0,0.0,0.0,0.0,0.0,0.0,0.0,0.0,5.0,5.0,1.7142857142857142,1.1020408163265305,1.0,11.07,34.7633333333,23.693333333299996,23.992023809514286,6.443877551012243,24.4975,0.0,2.493,2.493,0.8448571428571429,0.9417959183673469,0.464,0.0,0.0,0.0,0.0,0.0,0.0,64.0,225.0,161.0,130.71428571428572,57.183673469387756,64.0
CuGaTe2CdCl2,550,Cu1 Ga1 Te2 Cd1 Cl2,17.0,52.0,35.0,35.142857142857146,13.306122448979592,17.0,64.0,94.0,30.0,82.28571428571429,11.10204081632653,90.0,35.453,127.6,92.14699999999999,81.68371428571429,35.01710204081632,35.453,171.6,1357.77,1186.17,577.6314285714286,310.5097959183673,171.6,11.0,17.0,6.0,14.571428571428571,2.2040816326530615,16.0,3.0,5.0,2.0,4.142857142857143,0.7346938775510204,3.0,102.0,144.0,42.0,125.42857142857143,14.36734693877551,102.0,1.69,3.16,1.4700000000000002,2.2742857142857145,0.5061224489795919,2.1,1.0,2.0,1.0,1.8571428571428572,0.24489795918367344,2.0,0.0,5.0,5.0,2.7142857142857144,2.0408163265306123,4.0,0.0,10.0,10.0,7.142857142857143,4.081632653061225,0.0,0.0,0.0,0.0,0.0,0.0,0.0,7.0,16.0,9.0,11.714285714285714,2.897959183673469,7.0,0.0,1.0,1.0,0.14285714285714285,0.24489795918367344,0.0,0.0,5.0,5.0,1.5714285714285714,1.2244897959183674,1.0,0.0,0.0,0.0,0.0,0.0,0.0,0.0,0.0,0.0,0.0,0.0,0.0,0.0,5.0,5.0,1.7142857142857142,1.1020408163265305,1.0,11.07,34.7633333333,23.693333333299996,23.992023809514286,6.443877551012243,24.4975,0.0,2.493,2.493,0.8448571428571429,0.9417959183673469,0.464,0.0,0.0,0.0,0.0,0.0,0.0,64.0,225.0,161.0,130.71428571428572,57.183673469387756,64.0
CuGaTe2CdCl2,600,Cu1 Ga1 Te2 Cd1 Cl2,17.0,52.0,35.0,35.142857142857146,13.306122448979592,17.0,64.0,94.0,30.0,82.28571428571429,11.10204081632653,90.0,35.453,127.6,92.14699999999999,81.68371428571429,35.01710204081632,35.453,171.6,1357.77,1186.17,577.6314285714286,310.5097959183673,171.6,11.0,17.0,6.0,14.571428571428571,2.2040816326530615,16.0,3.0,5.0,2.0,4.142857142857143,0.7346938775510204,3.0,102.0,144.0,42.0,125.42857142857143,14.36734693877551,102.0,1.69,3.16,1.4700000000000002,2.2742857142857145,0.5061224489795919,2.1,1.0,2.0,1.0,1.8571428571428572,0.24489795918367344,2.0,0.0,5.0,5.0,2.7142857142857144,2.0408163265306123,4.0,0.0,10.0,10.0,7.142857142857143,4.081632653061225,0.0,0.0,0.0,0.0,0.0,0.0,0.0,7.0,16.0,9.0,11.714285714285714,2.897959183673469,7.0,0.0,1.0,1.0,0.14285714285714285,0.24489795918367344,0.0,0.0,5.0,5.0,1.5714285714285714,1.2244897959183674,1.0,0.0,0.0,0.0,0.0,0.0,0.0,0.0,0.0,0.0,0.0,0.0,0.0,0.0,5.0,5.0,1.7142857142857142,1.1020408163265305,1.0,11.07,34.7633333333,23.693333333299996,23.992023809514286,6.443877551012243,24.4975,0.0,2.493,2.493,0.8448571428571429,0.9417959183673469,0.464,0.0,0.0,0.0,0.0,0.0,0.0,64.0,225.0,161.0,130.71428571428572,57.183673469387756,64.0
CuGaTe2CdCl2,650,Cu1 Ga1 Te2 Cd1 Cl2,17.0,52.0,35.0,35.142857142857146,13.306122448979592,17.0,64.0,94.0,30.0,82.28571428571429,11.10204081632653,90.0,35.453,127.6,92.14699999999999,81.68371428571429,35.01710204081632,35.453,171.6,1357.77,1186.17,577.6314285714286,310.5097959183673,171.6,11.0,17.0,6.0,14.571428571428571,2.2040816326530615,16.0,3.0,5.0,2.0,4.142857142857143,0.7346938775510204,3.0,102.0,144.0,42.0,125.42857142857143,14.36734693877551,102.0,1.69,3.16,1.4700000000000002,2.2742857142857145,0.5061224489795919,2.1,1.0,2.0,1.0,1.8571428571428572,0.24489795918367344,2.0,0.0,5.0,5.0,2.7142857142857144,2.0408163265306123,4.0,0.0,10.0,10.0,7.142857142857143,4.081632653061225,0.0,0.0,0.0,0.0,0.0,0.0,0.0,7.0,16.0,9.0,11.714285714285714,2.897959183673469,7.0,0.0,1.0,1.0,0.14285714285714285,0.24489795918367344,0.0,0.0,5.0,5.0,1.5714285714285714,1.2244897959183674,1.0,0.0,0.0,0.0,0.0,0.0,0.0,0.0,0.0,0.0,0.0,0.0,0.0,0.0,5.0,5.0,1.7142857142857142,1.1020408163265305,1.0,11.07,34.7633333333,23.693333333299996,23.992023809514286,6.443877551012243,24.4975,0.0,2.493,2.493,0.8448571428571429,0.9417959183673469,0.464,0.0,0.0,0.0,0.0,0.0,0.0,64.0,225.0,161.0,130.71428571428572,57.183673469387756,64.0
CuGaTe2CdCl2,700,Cu1 Ga1 Te2 Cd1 Cl2,17.0,52.0,35.0,35.142857142857146,13.306122448979592,17.0,64.0,94.0,30.0,82.28571428571429,11.10204081632653,90.0,35.453,127.6,92.14699999999999,81.68371428571429,35.01710204081632,35.453,171.6,1357.77,1186.17,577.6314285714286,310.5097959183673,171.6,11.0,17.0,6.0,14.571428571428571,2.2040816326530615,16.0,3.0,5.0,2.0,4.142857142857143,0.7346938775510204,3.0,102.0,144.0,42.0,125.42857142857143,14.36734693877551,102.0,1.69,3.16,1.4700000000000002,2.2742857142857145,0.5061224489795919,2.1,1.0,2.0,1.0,1.8571428571428572,0.24489795918367344,2.0,0.0,5.0,5.0,2.7142857142857144,2.0408163265306123,4.0,0.0,10.0,10.0,7.142857142857143,4.081632653061225,0.0,0.0,0.0,0.0,0.0,0.0,0.0,7.0,16.0,9.0,11.714285714285714,2.897959183673469,7.0,0.0,1.0,1.0,0.14285714285714285,0.24489795918367344,0.0,0.0,5.0,5.0,1.5714285714285714,1.2244897959183674,1.0,0.0,0.0,0.0,0.0,0.0,0.0,0.0,0.0,0.0,0.0,0.0,0.0,0.0,5.0,5.0,1.7142857142857142,1.1020408163265305,1.0,11.07,34.7633333333,23.693333333299996,23.992023809514286,6.443877551012243,24.4975,0.0,2.493,2.493,0.8448571428571429,0.9417959183673469,0.464,0.0,0.0,0.0,0.0,0.0,0.0,64.0,225.0,161.0,130.71428571428572,57.183673469387756,64.0
CuGaTe2CdCl2,750,Cu1 Ga1 Te2 Cd1 Cl2,17.0,52.0,35.0,35.142857142857146,13.306122448979592,17.0,64.0,94.0,30.0,82.28571428571429,11.10204081632653,90.0,35.453,127.6,92.14699999999999,81.68371428571429,35.01710204081632,35.453,171.6,1357.77,1186.17,577.6314285714286,310.5097959183673,171.6,11.0,17.0,6.0,14.571428571428571,2.2040816326530615,16.0,3.0,5.0,2.0,4.142857142857143,0.7346938775510204,3.0,102.0,144.0,42.0,125.42857142857143,14.36734693877551,102.0,1.69,3.16,1.4700000000000002,2.2742857142857145,0.5061224489795919,2.1,1.0,2.0,1.0,1.8571428571428572,0.24489795918367344,2.0,0.0,5.0,5.0,2.7142857142857144,2.0408163265306123,4.0,0.0,10.0,10.0,7.142857142857143,4.081632653061225,0.0,0.0,0.0,0.0,0.0,0.0,0.0,7.0,16.0,9.0,11.714285714285714,2.897959183673469,7.0,0.0,1.0,1.0,0.14285714285714285,0.24489795918367344,0.0,0.0,5.0,5.0,1.5714285714285714,1.2244897959183674,1.0,0.0,0.0,0.0,0.0,0.0,0.0,0.0,0.0,0.0,0.0,0.0,0.0,0.0,5.0,5.0,1.7142857142857142,1.1020408163265305,1.0,11.07,34.7633333333,23.693333333299996,23.992023809514286,6.443877551012243,24.4975,0.0,2.493,2.493,0.8448571428571429,0.9417959183673469,0.464,0.0,0.0,0.0,0.0,0.0,0.0,64.0,225.0,161.0,130.71428571428572,57.183673469387756,64.0
CuGaTe2CdCl2,800,Cu1 Ga1 Te2 Cd1 Cl2,17.0,52.0,35.0,35.142857142857146,13.306122448979592,17.0,64.0,94.0,30.0,82.28571428571429,11.10204081632653,90.0,35.453,127.6,92.14699999999999,81.68371428571429,35.01710204081632,35.453,171.6,1357.77,1186.17,577.6314285714286,310.5097959183673,171.6,11.0,17.0,6.0,14.571428571428571,2.2040816326530615,16.0,3.0,5.0,2.0,4.142857142857143,0.7346938775510204,3.0,102.0,144.0,42.0,125.42857142857143,14.36734693877551,102.0,1.69,3.16,1.4700000000000002,2.2742857142857145,0.5061224489795919,2.1,1.0,2.0,1.0,1.8571428571428572,0.24489795918367344,2.0,0.0,5.0,5.0,2.7142857142857144,2.0408163265306123,4.0,0.0,10.0,10.0,7.142857142857143,4.081632653061225,0.0,0.0,0.0,0.0,0.0,0.0,0.0,7.0,16.0,9.0,11.714285714285714,2.897959183673469,7.0,0.0,1.0,1.0,0.14285714285714285,0.24489795918367344,0.0,0.0,5.0,5.0,1.5714285714285714,1.2244897959183674,1.0,0.0,0.0,0.0,0.0,0.0,0.0,0.0,0.0,0.0,0.0,0.0,0.0,0.0,5.0,5.0,1.7142857142857142,1.1020408163265305,1.0,11.07,34.7633333333,23.693333333299996,23.992023809514286,6.443877551012243,24.4975,0.0,2.493,2.493,0.8448571428571429,0.9417959183673469,0.464,0.0,0.0,0.0,0.0,0.0,0.0,64.0,225.0,161.0,130.71428571428572,57.183673469387756,64.0
Cu0.99Ga0.99Te1.98Cd0.01Cl0.02,350,Cu0.99 Ga0.99 Te1.98 Cd0.01 Cl0.02,17.0,52.0,35.0,40.89724310776943,11.054880308540776,52.0,64.0,94.0,30.0,79.54887218045113,10.517421372981326,90.0,35.453,127.6,92.14699999999999,96.84648621553885,30.60030197046501,127.6,171.6,1357.77,1186.17,773.0110776942355,290.1811193397027,722.66,11.0,17.0,6.0,14.010025062656641,2.0049874058580035,16.0,3.0,5.0,2.0,4.4937343358396,0.5049968279093725,5.0,102.0,144.0,42.0,132.37593984962407,5.640039949497805,138.0,1.69,3.16,1.4700000000000002,1.9827067669172935,0.12821376750146046,2.1,1.0,2.0,1.0,1.7518796992481203,0.3731132342133529,2.0,0.0,5.0,5.0,2.2581453634085213,1.7562452497157681,4.0,0.0,10.0,10.0,9.949874686716793,0.09974811716006698,10.0,0.0,0.0,0.0,0.0,0.0,0.0,7.0,16.0,9.0,13.959899749373433,2.024761150997795,16.0,0.0,1.0,1.0,0.2481203007518797,0.3731132342133529,0.0,0.0,5.0,5.0,2.238095238095238,1.3705692803437164,2.0,0.0,0.0,0.0,0.0,0.0,0.0,0.0,0.0,0.0,0.0,0.0,0.0,0.0,5.0,5.0,2.486215538847118,1.2474419130533103,2.0,11.07,34.7633333333,23.693333333299996,24.848251879682707,9.840531969003628,34.7633333333,0.0,2.493,2.493,0.24275187969924816,0.2421434789982475,0.464,0.0,0.0,0.0,0.0,0.0,0.0,64.0,225.0,161.0,147.9423558897243,42.49713255570003,152.0
Cu0.99Ga0.99Te1.98Cd0.01Cl0.02,400,Cu0.99 Ga0.99 Te1.98 Cd0.01 Cl0.02,17.0,52.0,35.0,40.89724310776943,11.054880308540776,52.0,64.0,94.0,30.0,79.54887218045113,10.517421372981326,90.0,35.453,127.6,92.14699999999999,96.84648621553885,30.60030197046501,127.6,171.6,1357.77,1186.17,773.0110776942355,290.1811193397027,722.66,11.0,17.0,6.0,14.010025062656641,2.0049874058580035,16.0,3.0,5.0,2.0,4.4937343358396,0.5049968279093725,5.0,102.0,144.0,42.0,132.37593984962407,5.640039949497805,138.0,1.69,3.16,1.4700000000000002,1.9827067669172935,0.12821376750146046,2.1,1.0,2.0,1.0,1.7518796992481203,0.3731132342133529,2.0,0.0,5.0,5.0,2.2581453634085213,1.7562452497157681,4.0,0.0,10.0,10.0,9.949874686716793,0.09974811716006698,10.0,0.0,0.0,0.0,0.0,0.0,0.0,7.0,16.0,9.0,13.959899749373433,2.024761150997795,16.0,0.0,1.0,1.0,0.2481203007518797,0.3731132342133529,0.0,0.0,5.0,5.0,2.238095238095238,1.3705692803437164,2.0,0.0,0.0,0.0,0.0,0.0,0.0,0.0,0.0,0.0,0.0,0.0,0.0,0.0,5.0,5.0,2.486215538847118,1.2474419130533103,2.0,11.07,34.7633333333,23.693333333299996,24.848251879682707,9.840531969003628,34.7633333333,0.0,2.493,2.493,0.24275187969924816,0.2421434789982475,0.464,0.0,0.0,0.0,0.0,0.0,0.0,64.0,225.0,161.0,147.9423558897243,42.49713255570003,152.0
Cu0.99Ga0.99Te1.98Cd0.01Cl0.02,450,Cu0.99 Ga0.99 Te1.98 Cd0.01 Cl0.02,17.0,52.0,35.0,40.89724310776943,11.054880308540776,52.0,64.0,94.0,30.0,79.54887218045113,10.517421372981326,90.0,35.453,127.6,92.14699999999999,96.84648621553885,30.60030197046501,127.6,171.6,1357.77,1186.17,773.0110776942355,290.1811193397027,722.66,11.0,17.0,6.0,14.010025062656641,2.0049874058580035,16.0,3.0,5.0,2.0,4.4937343358396,0.5049968279093725,5.0,102.0,144.0,42.0,132.37593984962407,5.640039949497805,138.0,1.69,3.16,1.4700000000000002,1.9827067669172935,0.12821376750146046,2.1,1.0,2.0,1.0,1.7518796992481203,0.3731132342133529,2.0,0.0,5.0,5.0,2.2581453634085213,1.7562452497157681,4.0,0.0,10.0,10.0,9.949874686716793,0.09974811716006698,10.0,0.0,0.0,0.0,0.0,0.0,0.0,7.0,16.0,9.0,13.959899749373433,2.024761150997795,16.0,0.0,1.0,1.0,0.2481203007518797,0.3731132342133529,0.0,0.0,5.0,5.0,2.238095238095238,1.3705692803437164,2.0,0.0,0.0,0.0,0.0,0.0,0.0,0.0,0.0,0.0,0.0,0.0,0.0,0.0,5.0,5.0,2.486215538847118,1.2474419130533103,2.0,11.07,34.7633333333,23.693333333299996,24.848251879682707,9.840531969003628,34.7633333333,0.0,2.493,2.493,0.24275187969924816,0.2421434789982475,0.464,0.0,0.0,0.0,0.0,0.0,0.0,64.0,225.0,161.0,147.9423558897243,42.49713255570003,152.0
Cu0.99Ga0.99Te1.98Cd0.01Cl0.02,500,Cu0.99 Ga0.99 Te1.98 Cd0.01 Cl0.02,17.0,52.0,35.0,40.89724310776943,11.054880308540776,52.0,64.0,94.0,30.0,79.54887218045113,10.517421372981326,90.0,35.453,127.6,92.14699999999999,96.84648621553885,30.60030197046501,127.6,171.6,1357.77,1186.17,773.0110776942355,290.1811193397027,722.66,11.0,17.0,6.0,14.010025062656641,2.0049874058580035,16.0,3.0,5.0,2.0,4.4937343358396,0.5049968279093725,5.0,102.0,144.0,42.0,132.37593984962407,5.640039949497805,138.0,1.69,3.16,1.4700000000000002,1.9827067669172935,0.12821376750146046,2.1,1.0,2.0,1.0,1.7518796992481203,0.3731132342133529,2.0,0.0,5.0,5.0,2.2581453634085213,1.7562452497157681,4.0,0.0,10.0,10.0,9.949874686716793,0.09974811716006698,10.0,0.0,0.0,0.0,0.0,0.0,0.0,7.0,16.0,9.0,13.959899749373433,2.024761150997795,16.0,0.0,1.0,1.0,0.2481203007518797,0.3731132342133529,0.0,0.0,5.0,5.0,2.238095238095238,1.3705692803437164,2.0,0.0,0.0,0.0,0.0,0.0,0.0,0.0,0.0,0.0,0.0,0.0,0.0,0.0,5.0,5.0,2.486215538847118,1.2474419130533103,2.0,11.07,34.7633333333,23.693333333299996,24.848251879682707,9.840531969003628,34.7633333333,0.0,2.493,2.493,0.24275187969924816,0.2421434789982475,0.464,0.0,0.0,0.0,0.0,0.0,0.0,64.0,225.0,161.0,147.9423558897243,42.49713255570003,152.0
Cu0.99Ga0.99Te1.98Cd0.01Cl0.02,550,Cu0.99 Ga0.99 Te1.98 Cd0.01 Cl0.02,17.0,52.0,35.0,40.89724310776943,11.054880308540776,52.0,64.0,94.0,30.0,79.54887218045113,10.517421372981326,90.0,35.453,127.6,92.14699999999999,96.84648621553885,30.60030197046501,127.6,171.6,1357.77,1186.17,773.0110776942355,290.1811193397027,722.66,11.0,17.0,6.0,14.010025062656641,2.0049874058580035,16.0,3.0,5.0,2.0,4.4937343358396,0.5049968279093725,5.0,102.0,144.0,42.0,132.37593984962407,5.640039949497805,138.0,1.69,3.16,1.4700000000000002,1.9827067669172935,0.12821376750146046,2.1,1.0,2.0,1.0,1.7518796992481203,0.3731132342133529,2.0,0.0,5.0,5.0,2.2581453634085213,1.7562452497157681,4.0,0.0,10.0,10.0,9.949874686716793,0.09974811716006698,10.0,0.0,0.0,0.0,0.0,0.0,0.0,7.0,16.0,9.0,13.959899749373433,2.024761150997795,16.0,0.0,1.0,1.0,0.2481203007518797,0.3731132342133529,0.0,0.0,5.0,5.0,2.238095238095238,1.3705692803437164,2.0,0.0,0.0,0.0,0.0,0.0,0.0,0.0,0.0,0.0,0.0,0.0,0.0,0.0,5.0,5.0,2.486215538847118,1.2474419130533103,2.0,11.07,34.7633333333,23.693333333299996,24.848251879682707,9.840531969003628,34.7633333333,0.0,2.493,2.493,0.24275187969924816,0.2421434789982475,0.464,0.0,0.0,0.0,0.0,0.0,0.0,64.0,225.0,161.0,147.9423558897243,42.49713255570003,152.0
Cu0.99Ga0.99Te1.98Cd0.01Cl0.02,600,Cu0.99 Ga0.99 Te1.98 Cd0.01 Cl0.02,17.0,52.0,35.0,40.89724310776943,11.054880308540776,52.0,64.0,94.0,30.0,79.54887218045113,10.517421372981326,90.0,35.453,127.6,92.14699999999999,96.84648621553885,30.60030197046501,127.6,171.6,1357.77,1186.17,773.0110776942355,290.1811193397027,722.66,11.0,17.0,6.0,14.010025062656641,2.0049874058580035,16.0,3.0,5.0,2.0,4.4937343358396,0.5049968279093725,5.0,102.0,144.0,42.0,132.37593984962407,5.640039949497805,138.0,1.69,3.16,1.4700000000000002,1.9827067669172935,0.12821376750146046,2.1,1.0,2.0,1.0,1.7518796992481203,0.3731132342133529,2.0,0.0,5.0,5.0,2.2581453634085213,1.7562452497157681,4.0,0.0,10.0,10.0,9.949874686716793,0.09974811716006698,10.0,0.0,0.0,0.0,0.0,0.0,0.0,7.0,16.0,9.0,13.959899749373433,2.024761150997795,16.0,0.0,1.0,1.0,0.2481203007518797,0.3731132342133529,0.0,0.0,5.0,5.0,2.238095238095238,1.3705692803437164,2.0,0.0,0.0,0.0,0.0,0.0,0.0,0.0,0.0,0.0,0.0,0.0,0.0,0.0,5.0,5.0,2.486215538847118,1.2474419130533103,2.0,11.07,34.7633333333,23.693333333299996,24.848251879682707,9.840531969003628,34.7633333333,0.0,2.493,2.493,0.24275187969924816,0.2421434789982475,0.464,0.0,0.0,0.0,0.0,0.0,0.0,64.0,225.0,161.0,147.9423558897243,42.49713255570003,152.0
Cu0.99Ga0.99Te1.98Cd0.01Cl0.02,650,Cu0.99 Ga0.99 Te1.98 Cd0.01 Cl0.02,17.0,52.0,35.0,40.89724310776943,11.054880308540776,52.0,64.0,94.0,30.0,79.54887218045113,10.517421372981326,90.0,35.453,127.6,92.14699999999999,96.84648621553885,30.60030197046501,127.6,171.6,1357.77,1186.17,773.0110776942355,290.1811193397027,722.66,11.0,17.0,6.0,14.010025062656641,2.0049874058580035,16.0,3.0,5.0,2.0,4.4937343358396,0.5049968279093725,5.0,102.0,144.0,42.0,132.37593984962407,5.640039949497805,138.0,1.69,3.16,1.4700000000000002,1.9827067669172935,0.12821376750146046,2.1,1.0,2.0,1.0,1.7518796992481203,0.3731132342133529,2.0,0.0,5.0,5.0,2.2581453634085213,1.7562452497157681,4.0,0.0,10.0,10.0,9.949874686716793,0.09974811716006698,10.0,0.0,0.0,0.0,0.0,0.0,0.0,7.0,16.0,9.0,13.959899749373433,2.024761150997795,16.0,0.0,1.0,1.0,0.2481203007518797,0.3731132342133529,0.0,0.0,5.0,5.0,2.238095238095238,1.3705692803437164,2.0,0.0,0.0,0.0,0.0,0.0,0.0,0.0,0.0,0.0,0.0,0.0,0.0,0.0,5.0,5.0,2.486215538847118,1.2474419130533103,2.0,11.07,34.7633333333,23.693333333299996,24.848251879682707,9.840531969003628,34.7633333333,0.0,2.493,2.493,0.24275187969924816,0.2421434789982475,0.464,0.0,0.0,0.0,0.0,0.0,0.0,64.0,225.0,161.0,147.9423558897243,42.49713255570003,152.0
Cu0.99Ga0.99Te1.98Cd0.01Cl0.02,700,Cu0.99 Ga0.99 Te1.98 Cd0.01 Cl0.02,17.0,52.0,35.0,40.89724310776943,11.054880308540776,52.0,64.0,94.0,30.0,79.54887218045113,10.517421372981326,90.0,35.453,127.6,92.14699999999999,96.84648621553885,30.60030197046501,127.6,171.6,1357.77,1186.17,773.0110776942355,290.1811193397027,722.66,11.0,17.0,6.0,14.010025062656641,2.0049874058580035,16.0,3.0,5.0,2.0,4.4937343358396,0.5049968279093725,5.0,102.0,144.0,42.0,132.37593984962407,5.640039949497805,138.0,1.69,3.16,1.4700000000000002,1.9827067669172935,0.12821376750146046,2.1,1.0,2.0,1.0,1.7518796992481203,0.3731132342133529,2.0,0.0,5.0,5.0,2.2581453634085213,1.7562452497157681,4.0,0.0,10.0,10.0,9.949874686716793,0.09974811716006698,10.0,0.0,0.0,0.0,0.0,0.0,0.0,7.0,16.0,9.0,13.959899749373433,2.024761150997795,16.0,0.0,1.0,1.0,0.2481203007518797,0.3731132342133529,0.0,0.0,5.0,5.0,2.238095238095238,1.3705692803437164,2.0,0.0,0.0,0.0,0.0,0.0,0.0,0.0,0.0,0.0,0.0,0.0,0.0,0.0,5.0,5.0,2.486215538847118,1.2474419130533103,2.0,11.07,34.7633333333,23.693333333299996,24.848251879682707,9.840531969003628,34.7633333333,0.0,2.493,2.493,0.24275187969924816,0.2421434789982475,0.464,0.0,0.0,0.0,0.0,0.0,0.0,64.0,225.0,161.0,147.9423558897243,42.49713255570003,152.0
Cu0.99Ga0.99Te1.98Cd0.01Cl0.02,750,Cu0.99 Ga0.99 Te1.98 Cd0.01 Cl0.02,17.0,52.0,35.0,40.89724310776943,11.054880308540776,52.0,64.0,94.0,30.0,79.54887218045113,10.517421372981326,90.0,35.453,127.6,92.14699999999999,96.84648621553885,30.60030197046501,127.6,171.6,1357.77,1186.17,773.0110776942355,290.1811193397027,722.66,11.0,17.0,6.0,14.010025062656641,2.0049874058580035,16.0,3.0,5.0,2.0,4.4937343358396,0.5049968279093725,5.0,102.0,144.0,42.0,132.37593984962407,5.640039949497805,138.0,1.69,3.16,1.4700000000000002,1.9827067669172935,0.12821376750146046,2.1,1.0,2.0,1.0,1.7518796992481203,0.3731132342133529,2.0,0.0,5.0,5.0,2.2581453634085213,1.7562452497157681,4.0,0.0,10.0,10.0,9.949874686716793,0.09974811716006698,10.0,0.0,0.0,0.0,0.0,0.0,0.0,7.0,16.0,9.0,13.959899749373433,2.024761150997795,16.0,0.0,1.0,1.0,0.2481203007518797,0.3731132342133529,0.0,0.0,5.0,5.0,2.238095238095238,1.3705692803437164,2.0,0.0,0.0,0.0,0.0,0.0,0.0,0.0,0.0,0.0,0.0,0.0,0.0,0.0,5.0,5.0,2.486215538847118,1.2474419130533103,2.0,11.07,34.7633333333,23.693333333299996,24.848251879682707,9.840531969003628,34.7633333333,0.0,2.493,2.493,0.24275187969924816,0.2421434789982475,0.464,0.0,0.0,0.0,0.0,0.0,0.0,64.0,225.0,161.0,147.9423558897243,42.49713255570003,152.0
Cu0.99Ga0.99Te1.98Cd0.01Cl0.02,800,Cu0.99 Ga0.99 Te1.98 Cd0.01 Cl0.02,17.0,52.0,35.0,40.89724310776943,11.054880308540776,52.0,64.0,94.0,30.0,79.54887218045113,10.517421372981326,90.0,35.453,127.6,92.14699999999999,96.84648621553885,30.60030197046501,127.6,171.6,1357.77,1186.17,773.0110776942355,290.1811193397027,722.66,11.0,17.0,6.0,14.010025062656641,2.0049874058580035,16.0,3.0,5.0,2.0,4.4937343358396,0.5049968279093725,5.0,102.0,144.0,42.0,132.37593984962407,5.640039949497805,138.0,1.69,3.16,1.4700000000000002,1.9827067669172935,0.12821376750146046,2.1,1.0,2.0,1.0,1.7518796992481203,0.3731132342133529,2.0,0.0,5.0,5.0,2.2581453634085213,1.7562452497157681,4.0,0.0,10.0,10.0,9.949874686716793,0.09974811716006698,10.0,0.0,0.0,0.0,0.0,0.0,0.0,7.0,16.0,9.0,13.959899749373433,2.024761150997795,16.0,0.0,1.0,1.0,0.2481203007518797,0.3731132342133529,0.0,0.0,5.0,5.0,2.238095238095238,1.3705692803437164,2.0,0.0,0.0,0.0,0.0,0.0,0.0,0.0,0.0,0.0,0.0,0.0,0.0,0.0,5.0,5.0,2.486215538847118,1.2474419130533103,2.0,11.07,34.7633333333,23.693333333299996,24.848251879682707,9.840531969003628,34.7633333333,0.0,2.493,2.493,0.24275187969924816,0.2421434789982475,0.464,0.0,0.0,0.0,0.0,0.0,0.0,64.0,225.0,161.0,147.9423558897243,42.49713255570003,152.0
CuGaTe2ZnCl2,350,Cu1 Ga1 Te2 Zn1 Cl2,17.0,52.0,35.0,32.57142857142857,11.10204081632653,17.0,64.0,94.0,30.0,82.14285714285714,11.26530612244898,90.0,35.453,127.6,92.14699999999999,74.965,30.077142857142857,35.453,171.6,1357.77,1186.17,591.6971428571429,322.5661224489795,171.6,11.0,17.0,6.0,14.571428571428571,2.2040816326530615,16.0,3.0,5.0,2.0,4.0,0.5714285714285714,3.0,102.0,138.0,36.0,122.28571428571429,11.755102040816327,102.0,1.65,3.16,1.5100000000000002,2.2685714285714287,0.5093877551020409,2.1,1.0,2.0,1.0,1.8571428571428572,0.24489795918367344,2.0,0.0,5.0,5.0,2.7142857142857144,2.0408163265306123,4.0,0.0,10.0,10.0,7.142857142857143,4.081632653061225,0.0,0.0,0.0,0.0,0.0,0.0,0.0,7.0,16.0,9.0,11.714285714285714,2.897959183673469,7.0,0.0,1.0,1.0,0.14285714285714285,0.24489795918367344,0.0,0.0,5.0,5.0,1.5714285714285714,1.2244897959183674,1.0,0.0,0.0,0.0,0.0,0.0,0.0,0.0,0.0,0.0,0.0,0.0,0.0,0.0,5.0,5.0,1.7142857142857142,1.1020408163265305,1.0,11.07,34.7633333333,23.693333333299996,23.201309523800003,7.347551020399998,24.4975,0.0,2.493,2.493,0.8448571428571429,0.9417959183673469,0.464,0.0,0.0,0.0,0.0,0.0,0.0,64.0,225.0,161.0,130.71428571428572,57.183673469387756,64.0
CuGaTe2ZnCl2,400,Cu1 Ga1 Te2 Zn1 Cl2,17.0,52.0,35.0,32.57142857142857,11.10204081632653,17.0,64.0,94.0,30.0,82.14285714285714,11.26530612244898,90.0,35.453,127.6,92.14699999999999,74.965,30.077142857142857,35.453,171.6,1357.77,1186.17,591.6971428571429,322.5661224489795,171.6,11.0,17.0,6.0,14.571428571428571,2.2040816326530615,16.0,3.0,5.0,2.0,4.0,0.5714285714285714,3.0,102.0,138.0,36.0,122.28571428571429,11.755102040816327,102.0,1.65,3.16,1.5100000000000002,2.2685714285714287,0.5093877551020409,2.1,1.0,2.0,1.0,1.8571428571428572,0.24489795918367344,2.0,0.0,5.0,5.0,2.7142857142857144,2.0408163265306123,4.0,0.0,10.0,10.0,7.142857142857143,4.081632653061225,0.0,0.0,0.0,0.0,0.0,0.0,0.0,7.0,16.0,9.0,11.714285714285714,2.897959183673469,7.0,0.0,1.0,1.0,0.14285714285714285,0.24489795918367344,0.0,0.0,5.0,5.0,1.5714285714285714,1.2244897959183674,1.0,0.0,0.0,0.0,0.0,0.0,0.0,0.0,0.0,0.0,0.0,0.0,0.0,0.0,5.0,5.0,1.7142857142857142,1.1020408163265305,1.0,11.07,34.7633333333,23.693333333299996,23.201309523800003,7.347551020399998,24.4975,0.0,2.493,2.493,0.8448571428571429,0.9417959183673469,0.464,0.0,0.0,0.0,0.0,0.0,0.0,64.0,225.0,161.0,130.71428571428572,57.183673469387756,64.0
CuGaTe2ZnCl2,450,Cu1 Ga1 Te2 Zn1 Cl2,17.0,52.0,35.0,32.57142857142857,11.10204081632653,17.0,64.0,94.0,30.0,82.14285714285714,11.26530612244898,90.0,35.453,127.6,92.14699999999999,74.965,30.077142857142857,35.453,171.6,1357.77,1186.17,591.6971428571429,322.5661224489795,171.6,11.0,17.0,6.0,14.571428571428571,2.2040816326530615,16.0,3.0,5.0,2.0,4.0,0.5714285714285714,3.0,102.0,138.0,36.0,122.28571428571429,11.755102040816327,102.0,1.65,3.16,1.5100000000000002,2.2685714285714287,0.5093877551020409,2.1,1.0,2.0,1.0,1.8571428571428572,0.24489795918367344,2.0,0.0,5.0,5.0,2.7142857142857144,2.0408163265306123,4.0,0.0,10.0,10.0,7.142857142857143,4.081632653061225,0.0,0.0,0.0,0.0,0.0,0.0,0.0,7.0,16.0,9.0,11.714285714285714,2.897959183673469,7.0,0.0,1.0,1.0,0.14285714285714285,0.24489795918367344,0.0,0.0,5.0,5.0,1.5714285714285714,1.2244897959183674,1.0,0.0,0.0,0.0,0.0,0.0,0.0,0.0,0.0,0.0,0.0,0.0,0.0,0.0,5.0,5.0,1.7142857142857142,1.1020408163265305,1.0,11.07,34.7633333333,23.693333333299996,23.201309523800003,7.347551020399998,24.4975,0.0,2.493,2.493,0.8448571428571429,0.9417959183673469,0.464,0.0,0.0,0.0,0.0,0.0,0.0,64.0,225.0,161.0,130.71428571428572,57.183673469387756,64.0
CuGaTe2ZnCl2,500,Cu1 Ga1 Te2 Zn1 Cl2,17.0,52.0,35.0,32.57142857142857,11.10204081632653,17.0,64.0,94.0,30.0,82.14285714285714,11.26530612244898,90.0,35.453,127.6,92.14699999999999,74.965,30.077142857142857,35.453,171.6,1357.77,1186.17,591.6971428571429,322.5661224489795,171.6,11.0,17.0,6.0,14.571428571428571,2.2040816326530615,16.0,3.0,5.0,2.0,4.0,0.5714285714285714,3.0,102.0,138.0,36.0,122.28571428571429,11.755102040816327,102.0,1.65,3.16,1.5100000000000002,2.2685714285714287,0.5093877551020409,2.1,1.0,2.0,1.0,1.8571428571428572,0.24489795918367344,2.0,0.0,5.0,5.0,2.7142857142857144,2.0408163265306123,4.0,0.0,10.0,10.0,7.142857142857143,4.081632653061225,0.0,0.0,0.0,0.0,0.0,0.0,0.0,7.0,16.0,9.0,11.714285714285714,2.897959183673469,7.0,0.0,1.0,1.0,0.14285714285714285,0.24489795918367344,0.0,0.0,5.0,5.0,1.5714285714285714,1.2244897959183674,1.0,0.0,0.0,0.0,0.0,0.0,0.0,0.0,0.0,0.0,0.0,0.0,0.0,0.0,5.0,5.0,1.7142857142857142,1.1020408163265305,1.0,11.07,34.7633333333,23.693333333299996,23.201309523800003,7.347551020399998,24.4975,0.0,2.493,2.493,0.8448571428571429,0.9417959183673469,0.464,0.0,0.0,0.0,0.0,0.0,0.0,64.0,225.0,161.0,130.71428571428572,57.183673469387756,64.0
CuGaTe2ZnCl2,550,Cu1 Ga1 Te2 Zn1 Cl2,17.0,52.0,35.0,32.57142857142857,11.10204081632653,17.0,64.0,94.0,30.0,82.14285714285714,11.26530612244898,90.0,35.453,127.6,92.14699999999999,74.965,30.077142857142857,35.453,171.6,1357.77,1186.17,591.6971428571429,322.5661224489795,171.6,11.0,17.0,6.0,14.571428571428571,2.2040816326530615,16.0,3.0,5.0,2.0,4.0,0.5714285714285714,3.0,102.0,138.0,36.0,122.28571428571429,11.755102040816327,102.0,1.65,3.16,1.5100000000000002,2.2685714285714287,0.5093877551020409,2.1,1.0,2.0,1.0,1.8571428571428572,0.24489795918367344,2.0,0.0,5.0,5.0,2.7142857142857144,2.0408163265306123,4.0,0.0,10.0,10.0,7.142857142857143,4.081632653061225,0.0,0.0,0.0,0.0,0.0,0.0,0.0,7.0,16.0,9.0,11.714285714285714,2.897959183673469,7.0,0.0,1.0,1.0,0.14285714285714285,0.24489795918367344,0.0,0.0,5.0,5.0,1.5714285714285714,1.2244897959183674,1.0,0.0,0.0,0.0,0.0,0.0,0.0,0.0,0.0,0.0,0.0,0.0,0.0,0.0,5.0,5.0,1.7142857142857142,1.1020408163265305,1.0,11.07,34.7633333333,23.693333333299996,23.201309523800003,7.347551020399998,24.4975,0.0,2.493,2.493,0.8448571428571429,0.9417959183673469,0.464,0.0,0.0,0.0,0.0,0.0,0.0,64.0,225.0,161.0,130.71428571428572,57.183673469387756,64.0
CuGaTe2ZnCl2,600,Cu1 Ga1 Te2 Zn1 Cl2,17.0,52.0,35.0,32.57142857142857,11.10204081632653,17.0,64.0,94.0,30.0,82.14285714285714,11.26530612244898,90.0,35.453,127.6,92.14699999999999,74.965,30.077142857142857,35.453,171.6,1357.77,1186.17,591.6971428571429,322.5661224489795,171.6,11.0,17.0,6.0,14.571428571428571,2.2040816326530615,16.0,3.0,5.0,2.0,4.0,0.5714285714285714,3.0,102.0,138.0,36.0,122.28571428571429,11.755102040816327,102.0,1.65,3.16,1.5100000000000002,2.2685714285714287,0.5093877551020409,2.1,1.0,2.0,1.0,1.8571428571428572,0.24489795918367344,2.0,0.0,5.0,5.0,2.7142857142857144,2.0408163265306123,4.0,0.0,10.0,10.0,7.142857142857143,4.081632653061225,0.0,0.0,0.0,0.0,0.0,0.0,0.0,7.0,16.0,9.0,11.714285714285714,2.897959183673469,7.0,0.0,1.0,1.0,0.14285714285714285,0.24489795918367344,0.0,0.0,5.0,5.0,1.5714285714285714,1.2244897959183674,1.0,0.0,0.0,0.0,0.0,0.0,0.0,0.0,0.0,0.0,0.0,0.0,0.0,0.0,5.0,5.0,1.7142857142857142,1.1020408163265305,1.0,11.07,34.7633333333,23.693333333299996,23.201309523800003,7.347551020399998,24.4975,0.0,2.493,2.493,0.8448571428571429,0.9417959183673469,0.464,0.0,0.0,0.0,0.0,0.0,0.0,64.0,225.0,161.0,130.71428571428572,57.183673469387756,64.0
CuGaTe2ZnCl2,650,Cu1 Ga1 Te2 Zn1 Cl2,17.0,52.0,35.0,32.57142857142857,11.10204081632653,17.0,64.0,94.0,30.0,82.14285714285714,11.26530612244898,90.0,35.453,127.6,92.14699999999999,74.965,30.077142857142857,35.453,171.6,1357.77,1186.17,591.6971428571429,322.5661224489795,171.6,11.0,17.0,6.0,14.571428571428571,2.2040816326530615,16.0,3.0,5.0,2.0,4.0,0.5714285714285714,3.0,102.0,138.0,36.0,122.28571428571429,11.755102040816327,102.0,1.65,3.16,1.5100000000000002,2.2685714285714287,0.5093877551020409,2.1,1.0,2.0,1.0,1.8571428571428572,0.24489795918367344,2.0,0.0,5.0,5.0,2.7142857142857144,2.0408163265306123,4.0,0.0,10.0,10.0,7.142857142857143,4.081632653061225,0.0,0.0,0.0,0.0,0.0,0.0,0.0,7.0,16.0,9.0,11.714285714285714,2.897959183673469,7.0,0.0,1.0,1.0,0.14285714285714285,0.24489795918367344,0.0,0.0,5.0,5.0,1.5714285714285714,1.2244897959183674,1.0,0.0,0.0,0.0,0.0,0.0,0.0,0.0,0.0,0.0,0.0,0.0,0.0,0.0,5.0,5.0,1.7142857142857142,1.1020408163265305,1.0,11.07,34.7633333333,23.693333333299996,23.201309523800003,7.347551020399998,24.4975,0.0,2.493,2.493,0.8448571428571429,0.9417959183673469,0.464,0.0,0.0,0.0,0.0,0.0,0.0,64.0,225.0,161.0,130.71428571428572,57.183673469387756,64.0
CuGaTe2ZnCl2,700,Cu1 Ga1 Te2 Zn1 Cl2,17.0,52.0,35.0,32.57142857142857,11.10204081632653,17.0,64.0,94.0,30.0,82.14285714285714,11.26530612244898,90.0,35.453,127.6,92.14699999999999,74.965,30.077142857142857,35.453,171.6,1357.77,1186.17,591.6971428571429,322.5661224489795,171.6,11.0,17.0,6.0,14.571428571428571,2.2040816326530615,16.0,3.0,5.0,2.0,4.0,0.5714285714285714,3.0,102.0,138.0,36.0,122.28571428571429,11.755102040816327,102.0,1.65,3.16,1.5100000000000002,2.2685714285714287,0.5093877551020409,2.1,1.0,2.0,1.0,1.8571428571428572,0.24489795918367344,2.0,0.0,5.0,5.0,2.7142857142857144,2.0408163265306123,4.0,0.0,10.0,10.0,7.142857142857143,4.081632653061225,0.0,0.0,0.0,0.0,0.0,0.0,0.0,7.0,16.0,9.0,11.714285714285714,2.897959183673469,7.0,0.0,1.0,1.0,0.14285714285714285,0.24489795918367344,0.0,0.0,5.0,5.0,1.5714285714285714,1.2244897959183674,1.0,0.0,0.0,0.0,0.0,0.0,0.0,0.0,0.0,0.0,0.0,0.0,0.0,0.0,5.0,5.0,1.7142857142857142,1.1020408163265305,1.0,11.07,34.7633333333,23.693333333299996,23.201309523800003,7.347551020399998,24.4975,0.0,2.493,2.493,0.8448571428571429,0.9417959183673469,0.464,0.0,0.0,0.0,0.0,0.0,0.0,64.0,225.0,161.0,130.71428571428572,57.183673469387756,64.0
CuGaTe2ZnCl2,750,Cu1 Ga1 Te2 Zn1 Cl2,17.0,52.0,35.0,32.57142857142857,11.10204081632653,17.0,64.0,94.0,30.0,82.14285714285714,11.26530612244898,90.0,35.453,127.6,92.14699999999999,74.965,30.077142857142857,35.453,171.6,1357.77,1186.17,591.6971428571429,322.5661224489795,171.6,11.0,17.0,6.0,14.571428571428571,2.2040816326530615,16.0,3.0,5.0,2.0,4.0,0.5714285714285714,3.0,102.0,138.0,36.0,122.28571428571429,11.755102040816327,102.0,1.65,3.16,1.5100000000000002,2.2685714285714287,0.5093877551020409,2.1,1.0,2.0,1.0,1.8571428571428572,0.24489795918367344,2.0,0.0,5.0,5.0,2.7142857142857144,2.0408163265306123,4.0,0.0,10.0,10.0,7.142857142857143,4.081632653061225,0.0,0.0,0.0,0.0,0.0,0.0,0.0,7.0,16.0,9.0,11.714285714285714,2.897959183673469,7.0,0.0,1.0,1.0,0.14285714285714285,0.24489795918367344,0.0,0.0,5.0,5.0,1.5714285714285714,1.2244897959183674,1.0,0.0,0.0,0.0,0.0,0.0,0.0,0.0,0.0,0.0,0.0,0.0,0.0,0.0,5.0,5.0,1.7142857142857142,1.1020408163265305,1.0,11.07,34.7633333333,23.693333333299996,23.201309523800003,7.347551020399998,24.4975,0.0,2.493,2.493,0.8448571428571429,0.9417959183673469,0.464,0.0,0.0,0.0,0.0,0.0,0.0,64.0,225.0,161.0,130.71428571428572,57.183673469387756,64.0
CuGaTe2ZnCl2,800,Cu1 Ga1 Te2 Zn1 Cl2,17.0,52.0,35.0,32.57142857142857,11.10204081632653,17.0,64.0,94.0,30.0,82.14285714285714,11.26530612244898,90.0,35.453,127.6,92.14699999999999,74.965,30.077142857142857,35.453,171.6,1357.77,1186.17,591.6971428571429,322.5661224489795,171.6,11.0,17.0,6.0,14.571428571428571,2.2040816326530615,16.0,3.0,5.0,2.0,4.0,0.5714285714285714,3.0,102.0,138.0,36.0,122.28571428571429,11.755102040816327,102.0,1.65,3.16,1.5100000000000002,2.2685714285714287,0.5093877551020409,2.1,1.0,2.0,1.0,1.8571428571428572,0.24489795918367344,2.0,0.0,5.0,5.0,2.7142857142857144,2.0408163265306123,4.0,0.0,10.0,10.0,7.142857142857143,4.081632653061225,0.0,0.0,0.0,0.0,0.0,0.0,0.0,7.0,16.0,9.0,11.714285714285714,2.897959183673469,7.0,0.0,1.0,1.0,0.14285714285714285,0.24489795918367344,0.0,0.0,5.0,5.0,1.5714285714285714,1.2244897959183674,1.0,0.0,0.0,0.0,0.0,0.0,0.0,0.0,0.0,0.0,0.0,0.0,0.0,0.0,5.0,5.0,1.7142857142857142,1.1020408163265305,1.0,11.07,34.7633333333,23.693333333299996,23.201309523800003,7.347551020399998,24.4975,0.0,2.493,2.493,0.8448571428571429,0.9417959183673469,0.464,0.0,0.0,0.0,0.0,0.0,0.0,64.0,225.0,161.0,130.71428571428572,57.183673469387756,64.0
Cu0.99Ga0.99Te1.98Zn0.01Cl0.02,350,Cu0.99 Ga0.99 Te1.98 Zn0.01 Cl0.02,17.0,52.0,35.0,40.85213032581454,11.064051105206627,52.0,64.0,94.0,30.0,79.54636591478697,10.519933920013067,90.0,35.453,127.6,92.14699999999999,96.72861403508772,30.63927028096557,127.6,171.6,1357.77,1186.17,773.2578446115288,290.05866357623387,722.66,11.0,17.0,6.0,14.010025062656641,2.0049874058580035,16.0,3.0,5.0,2.0,4.491228070175438,0.5049465769687376,5.0,102.0,138.0,36.0,132.32080200501255,5.636497258183052,138.0,1.65,3.16,1.5100000000000002,1.9826065162907271,0.12831426938273008,2.1,1.0,2.0,1.0,1.7518796992481203,0.3731132342133529,2.0,0.0,5.0,5.0,2.2581453634085213,1.7562452497157681,4.0,0.0,10.0,10.0,9.949874686716793,0.09974811716006698,10.0,0.0,0.0,0.0,0.0,0.0,0.0,7.0,16.0,9.0,13.959899749373433,2.024761150997795,16.0,0.0,1.0,1.0,0.2481203007518797,0.3731132342133529,0.0,0.0,5.0,5.0,2.238095238095238,1.3705692803437164,2.0,0.0,0.0,0.0,0.0,0.0,0.0,0.0,0.0,0.0,0.0,0.0,0.0,0.0,5.0,5.0,2.486215538847118,1.2474419130533103,2.0,11.07,34.7633333333,23.693333333299996,24.834379699231576,9.8542998473461,34.7633333333,0.0,2.493,2.493,0.24275187969924816,0.2421434789982475,0.464,0.0,0.0,0.0,0.0,0.0,0.0,64.0,225.0,161.0,147.9423558897243,42.49713255570003,152.0
Cu0.99Ga0.99Te1.98Zn0.01Cl0.02,400,Cu0.99 Ga0.99 Te1.98 Zn0.01 Cl0.02,17.0,52.0,35.0,40.85213032581454,11.064051105206627,52.0,64.0,94.0,30.0,79.54636591478697,10.519933920013067,90.0,35.453,127.6,92.14699999999999,96.72861403508772,30.63927028096557,127.6,171.6,1357.77,1186.17,773.2578446115288,290.05866357623387,722.66,11.0,17.0,6.0,14.010025062656641,2.0049874058580035,16.0,3.0,5.0,2.0,4.491228070175438,0.5049465769687376,5.0,102.0,138.0,36.0,132.32080200501255,5.636497258183052,138.0,1.65,3.16,1.5100000000000002,1.9826065162907271,0.12831426938273008,2.1,1.0,2.0,1.0,1.7518796992481203,0.3731132342133529,2.0,0.0,5.0,5.0,2.2581453634085213,1.7562452497157681,4.0,0.0,10.0,10.0,9.949874686716793,0.09974811716006698,10.0,0.0,0.0,0.0,0.0,0.0,0.0,7.0,16.0,9.0,13.959899749373433,2.024761150997795,16.0,0.0,1.0,1.0,0.2481203007518797,0.3731132342133529,0.0,0.0,5.0,5.0,2.238095238095238,1.3705692803437164,2.0,0.0,0.0,0.0,0.0,0.0,0.0,0.0,0.0,0.0,0.0,0.0,0.0,0.0,5.0,5.0,2.486215538847118,1.2474419130533103,2.0,11.07,34.7633333333,23.693333333299996,24.834379699231576,9.8542998473461,34.7633333333,0.0,2.493,2.493,0.24275187969924816,0.2421434789982475,0.464,0.0,0.0,0.0,0.0,0.0,0.0,64.0,225.0,161.0,147.9423558897243,42.49713255570003,152.0
Cu0.99Ga0.99Te1.98Zn0.01Cl0.02,450,Cu0.99 Ga0.99 Te1.98 Zn0.01 Cl0.02,17.0,52.0,35.0,40.85213032581454,11.064051105206627,52.0,64.0,94.0,30.0,79.54636591478697,10.519933920013067,90.0,35.453,127.6,92.14699999999999,96.72861403508772,30.63927028096557,127.6,171.6,1357.77,1186.17,773.2578446115288,290.05866357623387,722.66,11.0,17.0,6.0,14.010025062656641,2.0049874058580035,16.0,3.0,5.0,2.0,4.491228070175438,0.5049465769687376,5.0,102.0,138.0,36.0,132.32080200501255,5.636497258183052,138.0,1.65,3.16,1.5100000000000002,1.9826065162907271,0.12831426938273008,2.1,1.0,2.0,1.0,1.7518796992481203,0.3731132342133529,2.0,0.0,5.0,5.0,2.2581453634085213,1.7562452497157681,4.0,0.0,10.0,10.0,9.949874686716793,0.09974811716006698,10.0,0.0,0.0,0.0,0.0,0.0,0.0,7.0,16.0,9.0,13.959899749373433,2.024761150997795,16.0,0.0,1.0,1.0,0.2481203007518797,0.3731132342133529,0.0,0.0,5.0,5.0,2.238095238095238,1.3705692803437164,2.0,0.0,0.0,0.0,0.0,0.0,0.0,0.0,0.0,0.0,0.0,0.0,0.0,0.0,5.0,5.0,2.486215538847118,1.2474419130533103,2.0,11.07,34.7633333333,23.693333333299996,24.834379699231576,9.8542998473461,34.7633333333,0.0,2.493,2.493,0.24275187969924816,0.2421434789982475,0.464,0.0,0.0,0.0,0.0,0.0,0.0,64.0,225.0,161.0,147.9423558897243,42.49713255570003,152.0
Cu0.99Ga0.99Te1.98Zn0.01Cl0.02,500,Cu0.99 Ga0.99 Te1.98 Zn0.01 Cl0.02,17.0,52.0,35.0,40.85213032581454,11.064051105206627,52.0,64.0,94.0,30.0,79.54636591478697,10.519933920013067,90.0,35.453,127.6,92.14699999999999,96.72861403508772,30.63927028096557,127.6,171.6,1357.77,1186.17,773.2578446115288,290.05866357623387,722.66,11.0,17.0,6.0,14.010025062656641,2.0049874058580035,16.0,3.0,5.0,2.0,4.491228070175438,0.5049465769687376,5.0,102.0,138.0,36.0,132.32080200501255,5.636497258183052,138.0,1.65,3.16,1.5100000000000002,1.9826065162907271,0.12831426938273008,2.1,1.0,2.0,1.0,1.7518796992481203,0.3731132342133529,2.0,0.0,5.0,5.0,2.2581453634085213,1.7562452497157681,4.0,0.0,10.0,10.0,9.949874686716793,0.09974811716006698,10.0,0.0,0.0,0.0,0.0,0.0,0.0,7.0,16.0,9.0,13.959899749373433,2.024761150997795,16.0,0.0,1.0,1.0,0.2481203007518797,0.3731132342133529,0.0,0.0,5.0,5.0,2.238095238095238,1.3705692803437164,2.0,0.0,0.0,0.0,0.0,0.0,0.0,0.0,0.0,0.0,0.0,0.0,0.0,0.0,5.0,5.0,2.486215538847118,1.2474419130533103,2.0,11.07,34.7633333333,23.693333333299996,24.834379699231576,9.8542998473461,34.7633333333,0.0,2.493,2.493,0.24275187969924816,0.2421434789982475,0.464,0.0,0.0,0.0,0.0,0.0,0.0,64.0,225.0,161.0,147.9423558897243,42.49713255570003,152.0
Cu0.99Ga0.99Te1.98Zn0.01Cl0.02,550,Cu0.99 Ga0.99 Te1.98 Zn0.01 Cl0.02,17.0,52.0,35.0,40.85213032581454,11.064051105206627,52.0,64.0,94.0,30.0,79.54636591478697,10.519933920013067,90.0,35.453,127.6,92.14699999999999,96.72861403508772,30.63927028096557,127.6,171.6,1357.77,1186.17,773.2578446115288,290.05866357623387,722.66,11.0,17.0,6.0,14.010025062656641,2.0049874058580035,16.0,3.0,5.0,2.0,4.491228070175438,0.5049465769687376,5.0,102.0,138.0,36.0,132.32080200501255,5.636497258183052,138.0,1.65,3.16,1.5100000000000002,1.9826065162907271,0.12831426938273008,2.1,1.0,2.0,1.0,1.7518796992481203,0.3731132342133529,2.0,0.0,5.0,5.0,2.2581453634085213,1.7562452497157681,4.0,0.0,10.0,10.0,9.949874686716793,0.09974811716006698,10.0,0.0,0.0,0.0,0.0,0.0,0.0,7.0,16.0,9.0,13.959899749373433,2.024761150997795,16.0,0.0,1.0,1.0,0.2481203007518797,0.3731132342133529,0.0,0.0,5.0,5.0,2.238095238095238,1.3705692803437164,2.0,0.0,0.0,0.0,0.0,0.0,0.0,0.0,0.0,0.0,0.0,0.0,0.0,0.0,5.0,5.0,2.486215538847118,1.2474419130533103,2.0,11.07,34.7633333333,23.693333333299996,24.834379699231576,9.8542998473461,34.7633333333,0.0,2.493,2.493,0.24275187969924816,0.2421434789982475,0.464,0.0,0.0,0.0,0.0,0.0,0.0,64.0,225.0,161.0,147.9423558897243,42.49713255570003,152.0
Cu0.99Ga0.99Te1.98Zn0.01Cl0.02,600,Cu0.99 Ga0.99 Te1.98 Zn0.01 Cl0.02,17.0,52.0,35.0,40.85213032581454,11.064051105206627,52.0,64.0,94.0,30.0,79.54636591478697,10.519933920013067,90.0,35.453,127.6,92.14699999999999,96.72861403508772,30.63927028096557,127.6,171.6,1357.77,1186.17,773.2578446115288,290.05866357623387,722.66,11.0,17.0,6.0,14.010025062656641,2.0049874058580035,16.0,3.0,5.0,2.0,4.491228070175438,0.5049465769687376,5.0,102.0,138.0,36.0,132.32080200501255,5.636497258183052,138.0,1.65,3.16,1.5100000000000002,1.9826065162907271,0.12831426938273008,2.1,1.0,2.0,1.0,1.7518796992481203,0.3731132342133529,2.0,0.0,5.0,5.0,2.2581453634085213,1.7562452497157681,4.0,0.0,10.0,10.0,9.949874686716793,0.09974811716006698,10.0,0.0,0.0,0.0,0.0,0.0,0.0,7.0,16.0,9.0,13.959899749373433,2.024761150997795,16.0,0.0,1.0,1.0,0.2481203007518797,0.3731132342133529,0.0,0.0,5.0,5.0,2.238095238095238,1.3705692803437164,2.0,0.0,0.0,0.0,0.0,0.0,0.0,0.0,0.0,0.0,0.0,0.0,0.0,0.0,5.0,5.0,2.486215538847118,1.2474419130533103,2.0,11.07,34.7633333333,23.693333333299996,24.834379699231576,9.8542998473461,34.7633333333,0.0,2.493,2.493,0.24275187969924816,0.2421434789982475,0.464,0.0,0.0,0.0,0.0,0.0,0.0,64.0,225.0,161.0,147.9423558897243,42.49713255570003,152.0
Cu0.99Ga0.99Te1.98Zn0.01Cl0.02,650,Cu0.99 Ga0.99 Te1.98 Zn0.01 Cl0.02,17.0,52.0,35.0,40.85213032581454,11.064051105206627,52.0,64.0,94.0,30.0,79.54636591478697,10.519933920013067,90.0,35.453,127.6,92.14699999999999,96.72861403508772,30.63927028096557,127.6,171.6,1357.77,1186.17,773.2578446115288,290.05866357623387,722.66,11.0,17.0,6.0,14.010025062656641,2.0049874058580035,16.0,3.0,5.0,2.0,4.491228070175438,0.5049465769687376,5.0,102.0,138.0,36.0,132.32080200501255,5.636497258183052,138.0,1.65,3.16,1.5100000000000002,1.9826065162907271,0.12831426938273008,2.1,1.0,2.0,1.0,1.7518796992481203,0.3731132342133529,2.0,0.0,5.0,5.0,2.2581453634085213,1.7562452497157681,4.0,0.0,10.0,10.0,9.949874686716793,0.09974811716006698,10.0,0.0,0.0,0.0,0.0,0.0,0.0,7.0,16.0,9.0,13.959899749373433,2.024761150997795,16.0,0.0,1.0,1.0,0.2481203007518797,0.3731132342133529,0.0,0.0,5.0,5.0,2.238095238095238,1.3705692803437164,2.0,0.0,0.0,0.0,0.0,0.0,0.0,0.0,0.0,0.0,0.0,0.0,0.0,0.0,5.0,5.0,2.486215538847118,1.2474419130533103,2.0,11.07,34.7633333333,23.693333333299996,24.834379699231576,9.8542998473461,34.7633333333,0.0,2.493,2.493,0.24275187969924816,0.2421434789982475,0.464,0.0,0.0,0.0,0.0,0.0,0.0,64.0,225.0,161.0,147.9423558897243,42.49713255570003,152.0
Cu0.99Ga0.99Te1.98Zn0.01Cl0.02,700,Cu0.99 Ga0.99 Te1.98 Zn0.01 Cl0.02,17.0,52.0,35.0,40.85213032581454,11.064051105206627,52.0,64.0,94.0,30.0,79.54636591478697,10.519933920013067,90.0,35.453,127.6,92.14699999999999,96.72861403508772,30.63927028096557,127.6,171.6,1357.77,1186.17,773.2578446115288,290.05866357623387,722.66,11.0,17.0,6.0,14.010025062656641,2.0049874058580035,16.0,3.0,5.0,2.0,4.491228070175438,0.5049465769687376,5.0,102.0,138.0,36.0,132.32080200501255,5.636497258183052,138.0,1.65,3.16,1.5100000000000002,1.9826065162907271,0.12831426938273008,2.1,1.0,2.0,1.0,1.7518796992481203,0.3731132342133529,2.0,0.0,5.0,5.0,2.2581453634085213,1.7562452497157681,4.0,0.0,10.0,10.0,9.949874686716793,0.09974811716006698,10.0,0.0,0.0,0.0,0.0,0.0,0.0,7.0,16.0,9.0,13.959899749373433,2.024761150997795,16.0,0.0,1.0,1.0,0.2481203007518797,0.3731132342133529,0.0,0.0,5.0,5.0,2.238095238095238,1.3705692803437164,2.0,0.0,0.0,0.0,0.0,0.0,0.0,0.0,0.0,0.0,0.0,0.0,0.0,0.0,5.0,5.0,2.486215538847118,1.2474419130533103,2.0,11.07,34.7633333333,23.693333333299996,24.834379699231576,9.8542998473461,34.7633333333,0.0,2.493,2.493,0.24275187969924816,0.2421434789982475,0.464,0.0,0.0,0.0,0.0,0.0,0.0,64.0,225.0,161.0,147.9423558897243,42.49713255570003,152.0
Cu0.99Ga0.99Te1.98Zn0.01Cl0.02,750,Cu0.99 Ga0.99 Te1.98 Zn0.01 Cl0.02,17.0,52.0,35.0,40.85213032581454,11.064051105206627,52.0,64.0,94.0,30.0,79.54636591478697,10.519933920013067,90.0,35.453,127.6,92.14699999999999,96.72861403508772,30.63927028096557,127.6,171.6,1357.77,1186.17,773.2578446115288,290.05866357623387,722.66,11.0,17.0,6.0,14.010025062656641,2.0049874058580035,16.0,3.0,5.0,2.0,4.491228070175438,0.5049465769687376,5.0,102.0,138.0,36.0,132.32080200501255,5.636497258183052,138.0,1.65,3.16,1.5100000000000002,1.9826065162907271,0.12831426938273008,2.1,1.0,2.0,1.0,1.7518796992481203,0.3731132342133529,2.0,0.0,5.0,5.0,2.2581453634085213,1.7562452497157681,4.0,0.0,10.0,10.0,9.949874686716793,0.09974811716006698,10.0,0.0,0.0,0.0,0.0,0.0,0.0,7.0,16.0,9.0,13.959899749373433,2.024761150997795,16.0,0.0,1.0,1.0,0.2481203007518797,0.3731132342133529,0.0,0.0,5.0,5.0,2.238095238095238,1.3705692803437164,2.0,0.0,0.0,0.0,0.0,0.0,0.0,0.0,0.0,0.0,0.0,0.0,0.0,0.0,5.0,5.0,2.486215538847118,1.2474419130533103,2.0,11.07,34.7633333333,23.693333333299996,24.834379699231576,9.8542998473461,34.7633333333,0.0,2.493,2.493,0.24275187969924816,0.2421434789982475,0.464,0.0,0.0,0.0,0.0,0.0,0.0,64.0,225.0,161.0,147.9423558897243,42.49713255570003,152.0
Cu0.99Ga0.99Te1.98Zn0.01Cl0.02,800,Cu0.99 Ga0.99 Te1.98 Zn0.01 Cl0.02,17.0,52.0,35.0,40.85213032581454,11.064051105206627,52.0,64.0,94.0,30.0,79.54636591478697,10.519933920013067,90.0,35.453,127.6,92.14699999999999,96.72861403508772,30.63927028096557,127.6,171.6,1357.77,1186.17,773.2578446115288,290.05866357623387,722.66,11.0,17.0,6.0,14.010025062656641,2.0049874058580035,16.0,3.0,5.0,2.0,4.491228070175438,0.5049465769687376,5.0,102.0,138.0,36.0,132.32080200501255,5.636497258183052,138.0,1.65,3.16,1.5100000000000002,1.9826065162907271,0.12831426938273008,2.1,1.0,2.0,1.0,1.7518796992481203,0.3731132342133529,2.0,0.0,5.0,5.0,2.2581453634085213,1.7562452497157681,4.0,0.0,10.0,10.0,9.949874686716793,0.09974811716006698,10.0,0.0,0.0,0.0,0.0,0.0,0.0,7.0,16.0,9.0,13.959899749373433,2.024761150997795,16.0,0.0,1.0,1.0,0.2481203007518797,0.3731132342133529,0.0,0.0,5.0,5.0,2.238095238095238,1.3705692803437164,2.0,0.0,0.0,0.0,0.0,0.0,0.0,0.0,0.0,0.0,0.0,0.0,0.0,0.0,5.0,5.0,2.486215538847118,1.2474419130533103,2.0,11.07,34.7633333333,23.693333333299996,24.834379699231576,9.8542998473461,34.7633333333,0.0,2.493,2.493,0.24275187969924816,0.2421434789982475,0.464,0.0,0.0,0.0,0.0,0.0,0.0,64.0,225.0,161.0,147.9423558897243,42.49713255570003,152.0
Na3P,100,Na3 P1,11.0,15.0,4.0,12.0,1.5,11.0,2.0,83.0,81.0,22.25,30.375,2.0,22.98976928,30.973762,7.98399272,24.985767459999998,2.9939972699999986,22.98976928,317.3,370.87,53.56999999999999,357.4775,20.08874999999999,370.87,1.0,15.0,14.0,4.5,5.25,1.0,3.0,3.0,0.0,3.0,0.0,3.0,107.0,166.0,59.0,151.25,22.125,166.0,0.93,2.19,1.2599999999999998,1.245,0.47250000000000003,0.93,1.0,2.0,1.0,1.25,0.375,1.0,0.0,3.0,3.0,0.75,1.125,0.0,0.0,0.0,0.0,0.0,0.0,0.0,0.0,0.0,0.0,0.0,0.0,0.0,1.0,5.0,4.0,2.0,1.5,1.0,0.0,1.0,1.0,0.75,0.375,1.0,0.0,3.0,3.0,0.75,1.125,0.0,0.0,0.0,0.0,0.0,0.0,0.0,0.0,0.0,0.0,0.0,0.0,0.0,1.0,3.0,2.0,1.5,0.75,1.0,22.5702380952,29.2433333333,6.6730952381,27.575059523775,2.5024107142875005,29.2433333333,0.0,1.625,1.625,0.40625,0.609375,0.0,0.0,0.0,0.0,0.0,0.0,0.0,2.0,229.0,227.0,172.25,85.125,229.0
Na3P,200,Na3 P1,11.0,15.0,4.0,12.0,1.5,11.0,2.0,83.0,81.0,22.25,30.375,2.0,22.98976928,30.973762,7.98399272,24.985767459999998,2.9939972699999986,22.98976928,317.3,370.87,53.56999999999999,357.4775,20.08874999999999,370.87,1.0,15.0,14.0,4.5,5.25,1.0,3.0,3.0,0.0,3.0,0.0,3.0,107.0,166.0,59.0,151.25,22.125,166.0,0.93,2.19,1.2599999999999998,1.245,0.47250000000000003,0.93,1.0,2.0,1.0,1.25,0.375,1.0,0.0,3.0,3.0,0.75,1.125,0.0,0.0,0.0,0.0,0.0,0.0,0.0,0.0,0.0,0.0,0.0,0.0,0.0,1.0,5.0,4.0,2.0,1.5,1.0,0.0,1.0,1.0,0.75,0.375,1.0,0.0,3.0,3.0,0.75,1.125,0.0,0.0,0.0,0.0,0.0,0.0,0.0,0.0,0.0,0.0,0.0,0.0,0.0,1.0,3.0,2.0,1.5,0.75,1.0,22.5702380952,29.2433333333,6.6730952381,27.575059523775,2.5024107142875005,29.2433333333,0.0,1.625,1.625,0.40625,0.609375,0.0,0.0,0.0,0.0,0.0,0.0,0.0,2.0,229.0,227.0,172.25,85.125,229.0
Na3P,300,Na3 P1,11.0,15.0,4.0,12.0,1.5,11.0,2.0,83.0,81.0,22.25,30.375,2.0,22.98976928,30.973762,7.98399272,24.985767459999998,2.9939972699999986,22.98976928,317.3,370.87,53.56999999999999,357.4775,20.08874999999999,370.87,1.0,15.0,14.0,4.5,5.25,1.0,3.0,3.0,0.0,3.0,0.0,3.0,107.0,166.0,59.0,151.25,22.125,166.0,0.93,2.19,1.2599999999999998,1.245,0.47250000000000003,0.93,1.0,2.0,1.0,1.25,0.375,1.0,0.0,3.0,3.0,0.75,1.125,0.0,0.0,0.0,0.0,0.0,0.0,0.0,0.0,0.0,0.0,0.0,0.0,0.0,1.0,5.0,4.0,2.0,1.5,1.0,0.0,1.0,1.0,0.75,0.375,1.0,0.0,3.0,3.0,0.75,1.125,0.0,0.0,0.0,0.0,0.0,0.0,0.0,0.0,0.0,0.0,0.0,0.0,0.0,1.0,3.0,2.0,1.5,0.75,1.0,22.5702380952,29.2433333333,6.6730952381,27.575059523775,2.5024107142875005,29.2433333333,0.0,1.625,1.625,0.40625,0.609375,0.0,0.0,0.0,0.0,0.0,0.0,0.0,2.0,229.0,227.0,172.25,85.125,229.0
Na3P,400,Na3 P1,11.0,15.0,4.0,12.0,1.5,11.0,2.0,83.0,81.0,22.25,30.375,2.0,22.98976928,30.973762,7.98399272,24.985767459999998,2.9939972699999986,22.98976928,317.3,370.87,53.56999999999999,357.4775,20.08874999999999,370.87,1.0,15.0,14.0,4.5,5.25,1.0,3.0,3.0,0.0,3.0,0.0,3.0,107.0,166.0,59.0,151.25,22.125,166.0,0.93,2.19,1.2599999999999998,1.245,0.47250000000000003,0.93,1.0,2.0,1.0,1.25,0.375,1.0,0.0,3.0,3.0,0.75,1.125,0.0,0.0,0.0,0.0,0.0,0.0,0.0,0.0,0.0,0.0,0.0,0.0,0.0,1.0,5.0,4.0,2.0,1.5,1.0,0.0,1.0,1.0,0.75,0.375,1.0,0.0,3.0,3.0,0.75,1.125,0.0,0.0,0.0,0.0,0.0,0.0,0.0,0.0,0.0,0.0,0.0,0.0,0.0,1.0,3.0,2.0,1.5,0.75,1.0,22.5702380952,29.2433333333,6.6730952381,27.575059523775,2.5024107142875005,29.2433333333,0.0,1.625,1.625,0.40625,0.609375,0.0,0.0,0.0,0.0,0.0,0.0,0.0,2.0,229.0,227.0,172.25,85.125,229.0
Na3P,500,Na3 P1,11.0,15.0,4.0,12.0,1.5,11.0,2.0,83.0,81.0,22.25,30.375,2.0,22.98976928,30.973762,7.98399272,24.985767459999998,2.9939972699999986,22.98976928,317.3,370.87,53.56999999999999,357.4775,20.08874999999999,370.87,1.0,15.0,14.0,4.5,5.25,1.0,3.0,3.0,0.0,3.0,0.0,3.0,107.0,166.0,59.0,151.25,22.125,166.0,0.93,2.19,1.2599999999999998,1.245,0.47250000000000003,0.93,1.0,2.0,1.0,1.25,0.375,1.0,0.0,3.0,3.0,0.75,1.125,0.0,0.0,0.0,0.0,0.0,0.0,0.0,0.0,0.0,0.0,0.0,0.0,0.0,1.0,5.0,4.0,2.0,1.5,1.0,0.0,1.0,1.0,0.75,0.375,1.0,0.0,3.0,3.0,0.75,1.125,0.0,0.0,0.0,0.0,0.0,0.0,0.0,0.0,0.0,0.0,0.0,0.0,0.0,1.0,3.0,2.0,1.5,0.75,1.0,22.5702380952,29.2433333333,6.6730952381,27.575059523775,2.5024107142875005,29.2433333333,0.0,1.625,1.625,0.40625,0.609375,0.0,0.0,0.0,0.0,0.0,0.0,0.0,2.0,229.0,227.0,172.25,85.125,229.0
Na3P,600,Na3 P1,11.0,15.0,4.0,12.0,1.5,11.0,2.0,83.0,81.0,22.25,30.375,2.0,22.98976928,30.973762,7.98399272,24.985767459999998,2.9939972699999986,22.98976928,317.3,370.87,53.56999999999999,357.4775,20.08874999999999,370.87,1.0,15.0,14.0,4.5,5.25,1.0,3.0,3.0,0.0,3.0,0.0,3.0,107.0,166.0,59.0,151.25,22.125,166.0,0.93,2.19,1.2599999999999998,1.245,0.47250000000000003,0.93,1.0,2.0,1.0,1.25,0.375,1.0,0.0,3.0,3.0,0.75,1.125,0.0,0.0,0.0,0.0,0.0,0.0,0.0,0.0,0.0,0.0,0.0,0.0,0.0,1.0,5.0,4.0,2.0,1.5,1.0,0.0,1.0,1.0,0.75,0.375,1.0,0.0,3.0,3.0,0.75,1.125,0.0,0.0,0.0,0.0,0.0,0.0,0.0,0.0,0.0,0.0,0.0,0.0,0.0,1.0,3.0,2.0,1.5,0.75,1.0,22.5702380952,29.2433333333,6.6730952381,27.575059523775,2.5024107142875005,29.2433333333,0.0,1.625,1.625,0.40625,0.609375,0.0,0.0,0.0,0.0,0.0,0.0,0.0,2.0,229.0,227.0,172.25,85.125,229.0
Na3P,700,Na3 P1,11.0,15.0,4.0,12.0,1.5,11.0,2.0,83.0,81.0,22.25,30.375,2.0,22.98976928,30.973762,7.98399272,24.985767459999998,2.9939972699999986,22.98976928,317.3,370.87,53.56999999999999,357.4775,20.08874999999999,370.87,1.0,15.0,14.0,4.5,5.25,1.0,3.0,3.0,0.0,3.0,0.0,3.0,107.0,166.0,59.0,151.25,22.125,166.0,0.93,2.19,1.2599999999999998,1.245,0.47250000000000003,0.93,1.0,2.0,1.0,1.25,0.375,1.0,0.0,3.0,3.0,0.75,1.125,0.0,0.0,0.0,0.0,0.0,0.0,0.0,0.0,0.0,0.0,0.0,0.0,0.0,1.0,5.0,4.0,2.0,1.5,1.0,0.0,1.0,1.0,0.75,0.375,1.0,0.0,3.0,3.0,0.75,1.125,0.0,0.0,0.0,0.0,0.0,0.0,0.0,0.0,0.0,0.0,0.0,0.0,0.0,1.0,3.0,2.0,1.5,0.75,1.0,22.5702380952,29.2433333333,6.6730952381,27.575059523775,2.5024107142875005,29.2433333333,0.0,1.625,1.625,0.40625,0.609375,0.0,0.0,0.0,0.0,0.0,0.0,0.0,2.0,229.0,227.0,172.25,85.125,229.0
Na3P,800,Na3 P1,11.0,15.0,4.0,12.0,1.5,11.0,2.0,83.0,81.0,22.25,30.375,2.0,22.98976928,30.973762,7.98399272,24.985767459999998,2.9939972699999986,22.98976928,317.3,370.87,53.56999999999999,357.4775,20.08874999999999,370.87,1.0,15.0,14.0,4.5,5.25,1.0,3.0,3.0,0.0,3.0,0.0,3.0,107.0,166.0,59.0,151.25,22.125,166.0,0.93,2.19,1.2599999999999998,1.245,0.47250000000000003,0.93,1.0,2.0,1.0,1.25,0.375,1.0,0.0,3.0,3.0,0.75,1.125,0.0,0.0,0.0,0.0,0.0,0.0,0.0,0.0,0.0,0.0,0.0,0.0,0.0,1.0,5.0,4.0,2.0,1.5,1.0,0.0,1.0,1.0,0.75,0.375,1.0,0.0,3.0,3.0,0.75,1.125,0.0,0.0,0.0,0.0,0.0,0.0,0.0,0.0,0.0,0.0,0.0,0.0,0.0,1.0,3.0,2.0,1.5,0.75,1.0,22.5702380952,29.2433333333,6.6730952381,27.575059523775,2.5024107142875005,29.2433333333,0.0,1.625,1.625,0.40625,0.609375,0.0,0.0,0.0,0.0,0.0,0.0,0.0,2.0,229.0,227.0,172.25,85.125,229.0
Na3P,900,Na3 P1,11.0,15.0,4.0,12.0,1.5,11.0,2.0,83.0,81.0,22.25,30.375,2.0,22.98976928,30.973762,7.98399272,24.985767459999998,2.9939972699999986,22.98976928,317.3,370.87,53.56999999999999,357.4775,20.08874999999999,370.87,1.0,15.0,14.0,4.5,5.25,1.0,3.0,3.0,0.0,3.0,0.0,3.0,107.0,166.0,59.0,151.25,22.125,166.0,0.93,2.19,1.2599999999999998,1.245,0.47250000000000003,0.93,1.0,2.0,1.0,1.25,0.375,1.0,0.0,3.0,3.0,0.75,1.125,0.0,0.0,0.0,0.0,0.0,0.0,0.0,0.0,0.0,0.0,0.0,0.0,0.0,1.0,5.0,4.0,2.0,1.5,1.0,0.0,1.0,1.0,0.75,0.375,1.0,0.0,3.0,3.0,0.75,1.125,0.0,0.0,0.0,0.0,0.0,0.0,0.0,0.0,0.0,0.0,0.0,0.0,0.0,1.0,3.0,2.0,1.5,0.75,1.0,22.5702380952,29.2433333333,6.6730952381,27.575059523775,2.5024107142875005,29.2433333333,0.0,1.625,1.625,0.40625,0.609375,0.0,0.0,0.0,0.0,0.0,0.0,0.0,2.0,229.0,227.0,172.25,85.125,229.0
Na3P,1000,Na3 P1,11.0,15.0,4.0,12.0,1.5,11.0,2.0,83.0,81.0,22.25,30.375,2.0,22.98976928,30.973762,7.98399272,24.985767459999998,2.9939972699999986,22.98976928,317.3,370.87,53.56999999999999,357.4775,20.08874999999999,370.87,1.0,15.0,14.0,4.5,5.25,1.0,3.0,3.0,0.0,3.0,0.0,3.0,107.0,166.0,59.0,151.25,22.125,166.0,0.93,2.19,1.2599999999999998,1.245,0.47250000000000003,0.93,1.0,2.0,1.0,1.25,0.375,1.0,0.0,3.0,3.0,0.75,1.125,0.0,0.0,0.0,0.0,0.0,0.0,0.0,0.0,0.0,0.0,0.0,0.0,0.0,1.0,5.0,4.0,2.0,1.5,1.0,0.0,1.0,1.0,0.75,0.375,1.0,0.0,3.0,3.0,0.75,1.125,0.0,0.0,0.0,0.0,0.0,0.0,0.0,0.0,0.0,0.0,0.0,0.0,0.0,1.0,3.0,2.0,1.5,0.75,1.0,22.5702380952,29.2433333333,6.6730952381,27.575059523775,2.5024107142875005,29.2433333333,0.0,1.625,1.625,0.40625,0.609375,0.0,0.0,0.0,0.0,0.0,0.0,0.0,2.0,229.0,227.0,172.25,85.125,229.0
K3P,100,K3 P1,15.0,19.0,4.0,18.0,1.5,19.0,3.0,83.0,80.0,23.0,30.0,3.0,30.973762,39.0983,8.124538000000001,37.0671655,3.0467017500000004,39.0983,317.3,336.53,19.22999999999996,331.72249999999997,7.211249999999993,336.53,1.0,15.0,14.0,4.5,5.25,1.0,3.0,4.0,1.0,3.75,0.375,4.0,107.0,203.0,96.0,179.0,36.0,203.0,0.82,2.19,1.37,1.1625,0.51375,0.82,1.0,2.0,1.0,1.25,0.375,1.0,0.0,3.0,3.0,0.75,1.125,0.0,0.0,0.0,0.0,0.0,0.0,0.0,0.0,0.0,0.0,0.0,0.0,0.0,1.0,5.0,4.0,2.0,1.5,1.0,0.0,1.0,1.0,0.75,0.375,1.0,0.0,3.0,3.0,0.75,1.125,0.0,0.0,0.0,0.0,0.0,0.0,0.0,0.0,0.0,0.0,0.0,0.0,0.0,1.0,3.0,2.0,1.5,0.75,1.0,22.5702380952,73.1066666667,50.5364285715,60.472559523825,18.951160714312497,73.1066666667,0.0,1.625,1.625,0.40625,0.609375,0.0,0.0,0.0,0.0,0.0,0.0,0.0,2.0,229.0,227.0,172.25,85.125,229.0
K3P,200,K3 P1,15.0,19.0,4.0,18.0,1.5,19.0,3.0,83.0,80.0,23.0,30.0,3.0,30.973762,39.0983,8.124538000000001,37.0671655,3.0467017500000004,39.0983,317.3,336.53,19.22999999999996,331.72249999999997,7.211249999999993,336.53,1.0,15.0,14.0,4.5,5.25,1.0,3.0,4.0,1.0,3.75,0.375,4.0,107.0,203.0,96.0,179.0,36.0,203.0,0.82,2.19,1.37,1.1625,0.51375,0.82,1.0,2.0,1.0,1.25,0.375,1.0,0.0,3.0,3.0,0.75,1.125,0.0,0.0,0.0,0.0,0.0,0.0,0.0,0.0,0.0,0.0,0.0,0.0,0.0,1.0,5.0,4.0,2.0,1.5,1.0,0.0,1.0,1.0,0.75,0.375,1.0,0.0,3.0,3.0,0.75,1.125,0.0,0.0,0.0,0.0,0.0,0.0,0.0,0.0,0.0,0.0,0.0,0.0,0.0,1.0,3.0,2.0,1.5,0.75,1.0,22.5702380952,73.1066666667,50.5364285715,60.472559523825,18.951160714312497,73.1066666667,0.0,1.625,1.625,0.40625,0.609375,0.0,0.0,0.0,0.0,0.0,0.0,0.0,2.0,229.0,227.0,172.25,85.125,229.0
K3P,300,K3 P1,15.0,19.0,4.0,18.0,1.5,19.0,3.0,83.0,80.0,23.0,30.0,3.0,30.973762,39.0983,8.124538000000001,37.0671655,3.0467017500000004,39.0983,317.3,336.53,19.22999999999996,331.72249999999997,7.211249999999993,336.53,1.0,15.0,14.0,4.5,5.25,1.0,3.0,4.0,1.0,3.75,0.375,4.0,107.0,203.0,96.0,179.0,36.0,203.0,0.82,2.19,1.37,1.1625,0.51375,0.82,1.0,2.0,1.0,1.25,0.375,1.0,0.0,3.0,3.0,0.75,1.125,0.0,0.0,0.0,0.0,0.0,0.0,0.0,0.0,0.0,0.0,0.0,0.0,0.0,1.0,5.0,4.0,2.0,1.5,1.0,0.0,1.0,1.0,0.75,0.375,1.0,0.0,3.0,3.0,0.75,1.125,0.0,0.0,0.0,0.0,0.0,0.0,0.0,0.0,0.0,0.0,0.0,0.0,0.0,1.0,3.0,2.0,1.5,0.75,1.0,22.5702380952,73.1066666667,50.5364285715,60.472559523825,18.951160714312497,73.1066666667,0.0,1.625,1.625,0.40625,0.609375,0.0,0.0,0.0,0.0,0.0,0.0,0.0,2.0,229.0,227.0,172.25,85.125,229.0
K3P,400,K3 P1,15.0,19.0,4.0,18.0,1.5,19.0,3.0,83.0,80.0,23.0,30.0,3.0,30.973762,39.0983,8.124538000000001,37.0671655,3.0467017500000004,39.0983,317.3,336.53,19.22999999999996,331.72249999999997,7.211249999999993,336.53,1.0,15.0,14.0,4.5,5.25,1.0,3.0,4.0,1.0,3.75,0.375,4.0,107.0,203.0,96.0,179.0,36.0,203.0,0.82,2.19,1.37,1.1625,0.51375,0.82,1.0,2.0,1.0,1.25,0.375,1.0,0.0,3.0,3.0,0.75,1.125,0.0,0.0,0.0,0.0,0.0,0.0,0.0,0.0,0.0,0.0,0.0,0.0,0.0,1.0,5.0,4.0,2.0,1.5,1.0,0.0,1.0,1.0,0.75,0.375,1.0,0.0,3.0,3.0,0.75,1.125,0.0,0.0,0.0,0.0,0.0,0.0,0.0,0.0,0.0,0.0,0.0,0.0,0.0,1.0,3.0,2.0,1.5,0.75,1.0,22.5702380952,73.1066666667,50.5364285715,60.472559523825,18.951160714312497,73.1066666667,0.0,1.625,1.625,0.40625,0.609375,0.0,0.0,0.0,0.0,0.0,0.0,0.0,2.0,229.0,227.0,172.25,85.125,229.0
K3P,500,K3 P1,15.0,19.0,4.0,18.0,1.5,19.0,3.0,83.0,80.0,23.0,30.0,3.0,30.973762,39.0983,8.124538000000001,37.0671655,3.0467017500000004,39.0983,317.3,336.53,19.22999999999996,331.72249999999997,7.211249999999993,336.53,1.0,15.0,14.0,4.5,5.25,1.0,3.0,4.0,1.0,3.75,0.375,4.0,107.0,203.0,96.0,179.0,36.0,203.0,0.82,2.19,1.37,1.1625,0.51375,0.82,1.0,2.0,1.0,1.25,0.375,1.0,0.0,3.0,3.0,0.75,1.125,0.0,0.0,0.0,0.0,0.0,0.0,0.0,0.0,0.0,0.0,0.0,0.0,0.0,1.0,5.0,4.0,2.0,1.5,1.0,0.0,1.0,1.0,0.75,0.375,1.0,0.0,3.0,3.0,0.75,1.125,0.0,0.0,0.0,0.0,0.0,0.0,0.0,0.0,0.0,0.0,0.0,0.0,0.0,1.0,3.0,2.0,1.5,0.75,1.0,22.5702380952,73.1066666667,50.5364285715,60.472559523825,18.951160714312497,73.1066666667,0.0,1.625,1.625,0.40625,0.609375,0.0,0.0,0.0,0.0,0.0,0.0,0.0,2.0,229.0,227.0,172.25,85.125,229.0
K3P,600,K3 P1,15.0,19.0,4.0,18.0,1.5,19.0,3.0,83.0,80.0,23.0,30.0,3.0,30.973762,39.0983,8.124538000000001,37.0671655,3.0467017500000004,39.0983,317.3,336.53,19.22999999999996,331.72249999999997,7.211249999999993,336.53,1.0,15.0,14.0,4.5,5.25,1.0,3.0,4.0,1.0,3.75,0.375,4.0,107.0,203.0,96.0,179.0,36.0,203.0,0.82,2.19,1.37,1.1625,0.51375,0.82,1.0,2.0,1.0,1.25,0.375,1.0,0.0,3.0,3.0,0.75,1.125,0.0,0.0,0.0,0.0,0.0,0.0,0.0,0.0,0.0,0.0,0.0,0.0,0.0,1.0,5.0,4.0,2.0,1.5,1.0,0.0,1.0,1.0,0.75,0.375,1.0,0.0,3.0,3.0,0.75,1.125,0.0,0.0,0.0,0.0,0.0,0.0,0.0,0.0,0.0,0.0,0.0,0.0,0.0,1.0,3.0,2.0,1.5,0.75,1.0,22.5702380952,73.1066666667,50.5364285715,60.472559523825,18.951160714312497,73.1066666667,0.0,1.625,1.625,0.40625,0.609375,0.0,0.0,0.0,0.0,0.0,0.0,0.0,2.0,229.0,227.0,172.25,85.125,229.0
K3P,700,K3 P1,15.0,19.0,4.0,18.0,1.5,19.0,3.0,83.0,80.0,23.0,30.0,3.0,30.973762,39.0983,8.124538000000001,37.0671655,3.0467017500000004,39.0983,317.3,336.53,19.22999999999996,331.72249999999997,7.211249999999993,336.53,1.0,15.0,14.0,4.5,5.25,1.0,3.0,4.0,1.0,3.75,0.375,4.0,107.0,203.0,96.0,179.0,36.0,203.0,0.82,2.19,1.37,1.1625,0.51375,0.82,1.0,2.0,1.0,1.25,0.375,1.0,0.0,3.0,3.0,0.75,1.125,0.0,0.0,0.0,0.0,0.0,0.0,0.0,0.0,0.0,0.0,0.0,0.0,0.0,1.0,5.0,4.0,2.0,1.5,1.0,0.0,1.0,1.0,0.75,0.375,1.0,0.0,3.0,3.0,0.75,1.125,0.0,0.0,0.0,0.0,0.0,0.0,0.0,0.0,0.0,0.0,0.0,0.0,0.0,1.0,3.0,2.0,1.5,0.75,1.0,22.5702380952,73.1066666667,50.5364285715,60.472559523825,18.951160714312497,73.1066666667,0.0,1.625,1.625,0.40625,0.609375,0.0,0.0,0.0,0.0,0.0,0.0,0.0,2.0,229.0,227.0,172.25,85.125,229.0
K3P,800,K3 P1,15.0,19.0,4.0,18.0,1.5,19.0,3.0,83.0,80.0,23.0,30.0,3.0,30.973762,39.0983,8.124538000000001,37.0671655,3.0467017500000004,39.0983,317.3,336.53,19.22999999999996,331.72249999999997,7.211249999999993,336.53,1.0,15.0,14.0,4.5,5.25,1.0,3.0,4.0,1.0,3.75,0.375,4.0,107.0,203.0,96.0,179.0,36.0,203.0,0.82,2.19,1.37,1.1625,0.51375,0.82,1.0,2.0,1.0,1.25,0.375,1.0,0.0,3.0,3.0,0.75,1.125,0.0,0.0,0.0,0.0,0.0,0.0,0.0,0.0,0.0,0.0,0.0,0.0,0.0,1.0,5.0,4.0,2.0,1.5,1.0,0.0,1.0,1.0,0.75,0.375,1.0,0.0,3.0,3.0,0.75,1.125,0.0,0.0,0.0,0.0,0.0,0.0,0.0,0.0,0.0,0.0,0.0,0.0,0.0,1.0,3.0,2.0,1.5,0.75,1.0,22.5702380952,73.1066666667,50.5364285715,60.472559523825,18.951160714312497,73.1066666667,0.0,1.625,1.625,0.40625,0.609375,0.0,0.0,0.0,0.0,0.0,0.0,0.0,2.0,229.0,227.0,172.25,85.125,229.0
K3P,900,K3 P1,15.0,19.0,4.0,18.0,1.5,19.0,3.0,83.0,80.0,23.0,30.0,3.0,30.973762,39.0983,8.124538000000001,37.0671655,3.0467017500000004,39.0983,317.3,336.53,19.22999999999996,331.72249999999997,7.211249999999993,336.53,1.0,15.0,14.0,4.5,5.25,1.0,3.0,4.0,1.0,3.75,0.375,4.0,107.0,203.0,96.0,179.0,36.0,203.0,0.82,2.19,1.37,1.1625,0.51375,0.82,1.0,2.0,1.0,1.25,0.375,1.0,0.0,3.0,3.0,0.75,1.125,0.0,0.0,0.0,0.0,0.0,0.0,0.0,0.0,0.0,0.0,0.0,0.0,0.0,1.0,5.0,4.0,2.0,1.5,1.0,0.0,1.0,1.0,0.75,0.375,1.0,0.0,3.0,3.0,0.75,1.125,0.0,0.0,0.0,0.0,0.0,0.0,0.0,0.0,0.0,0.0,0.0,0.0,0.0,1.0,3.0,2.0,1.5,0.75,1.0,22.5702380952,73.1066666667,50.5364285715,60.472559523825,18.951160714312497,73.1066666667,0.0,1.625,1.625,0.40625,0.609375,0.0,0.0,0.0,0.0,0.0,0.0,0.0,2.0,229.0,227.0,172.25,85.125,229.0
K3P,1000,K3 P1,15.0,19.0,4.0,18.0,1.5,19.0,3.0,83.0,80.0,23.0,30.0,3.0,30.973762,39.0983,8.124538000000001,37.0671655,3.0467017500000004,39.0983,317.3,336.53,19.22999999999996,331.72249999999997,7.211249999999993,336.53,1.0,15.0,14.0,4.5,5.25,1.0,3.0,4.0,1.0,3.75,0.375,4.0,107.0,203.0,96.0,179.0,36.0,203.0,0.82,2.19,1.37,1.1625,0.51375,0.82,1.0,2.0,1.0,1.25,0.375,1.0,0.0,3.0,3.0,0.75,1.125,0.0,0.0,0.0,0.0,0.0,0.0,0.0,0.0,0.0,0.0,0.0,0.0,0.0,1.0,5.0,4.0,2.0,1.5,1.0,0.0,1.0,1.0,0.75,0.375,1.0,0.0,3.0,3.0,0.75,1.125,0.0,0.0,0.0,0.0,0.0,0.0,0.0,0.0,0.0,0.0,0.0,0.0,0.0,1.0,3.0,2.0,1.5,0.75,1.0,22.5702380952,73.1066666667,50.5364285715,60.472559523825,18.951160714312497,73.1066666667,0.0,1.625,1.625,0.40625,0.609375,0.0,0.0,0.0,0.0,0.0,0.0,0.0,2.0,229.0,227.0,172.25,85.125,229.0
NaCuTe,100,Na1 Cu1 Te1,11.0,52.0,41.0,30.666666666666668,14.222222222222223,11.0,2.0,90.0,88.0,52.0,33.333333333333336,2.0,22.98976928,127.6,104.61023071999999,71.37858976,37.480940159999996,22.98976928,370.87,1357.77,986.9,817.0999999999999,360.44666666666666,370.87,1.0,16.0,15.0,9.333333333333334,5.5555555555555545,1.0,3.0,5.0,2.0,4.0,0.6666666666666666,3.0,132.0,166.0,34.0,145.33333333333334,13.77777777777778,132.0,0.93,2.1,1.17,1.6433333333333333,0.47555555555555556,0.93,1.0,2.0,1.0,1.3333333333333333,0.4444444444444444,1.0,0.0,4.0,4.0,1.3333333333333333,1.777777777777778,0.0,0.0,10.0,10.0,6.666666666666667,4.444444444444444,0.0,0.0,0.0,0.0,0.0,0.0,0.0,1.0,16.0,15.0,9.333333333333334,5.5555555555555545,1.0,0.0,1.0,1.0,0.6666666666666666,0.4444444444444445,0.0,0.0,2.0,2.0,0.6666666666666666,0.888888888888889,0.0,0.0,0.0,0.0,0.0,0.0,0.0,0.0,0.0,0.0,0.0,0.0,0.0,1.0,2.0,1.0,1.3333333333333333,0.4444444444444444,1.0,11.07,34.7633333333,23.693333333299996,25.025555555533334,9.303703703688887,11.07,0.0,0.464,0.464,0.15466666666666667,0.20622222222222222,0.0,0.0,0.0,0.0,0.0,0.0,0.0,152.0,229.0,77.0,202.0,33.333333333333336,152.0
NaCuTe,200,Na1 Cu1 Te1,11.0,52.0,41.0,30.666666666666668,14.222222222222223,11.0,2.0,90.0,88.0,52.0,33.333333333333336,2.0,22.98976928,127.6,104.61023071999999,71.37858976,37.480940159999996,22.98976928,370.87,1357.77,986.9,817.0999999999999,360.44666666666666,370.87,1.0,16.0,15.0,9.333333333333334,5.5555555555555545,1.0,3.0,5.0,2.0,4.0,0.6666666666666666,3.0,132.0,166.0,34.0,145.33333333333334,13.77777777777778,132.0,0.93,2.1,1.17,1.6433333333333333,0.47555555555555556,0.93,1.0,2.0,1.0,1.3333333333333333,0.4444444444444444,1.0,0.0,4.0,4.0,1.3333333333333333,1.777777777777778,0.0,0.0,10.0,10.0,6.666666666666667,4.444444444444444,0.0,0.0,0.0,0.0,0.0,0.0,0.0,1.0,16.0,15.0,9.333333333333334,5.5555555555555545,1.0,0.0,1.0,1.0,0.6666666666666666,0.4444444444444445,0.0,0.0,2.0,2.0,0.6666666666666666,0.888888888888889,0.0,0.0,0.0,0.0,0.0,0.0,0.0,0.0,0.0,0.0,0.0,0.0,0.0,1.0,2.0,1.0,1.3333333333333333,0.4444444444444444,1.0,11.07,34.7633333333,23.693333333299996,25.025555555533334,9.303703703688887,11.07,0.0,0.464,0.464,0.15466666666666667,0.20622222222222222,0.0,0.0,0.0,0.0,0.0,0.0,0.0,152.0,229.0,77.0,202.0,33.333333333333336,152.0
NaCuTe,300,Na1 Cu1 Te1,11.0,52.0,41.0,30.666666666666668,14.222222222222223,11.0,2.0,90.0,88.0,52.0,33.333333333333336,2.0,22.98976928,127.6,104.61023071999999,71.37858976,37.480940159999996,22.98976928,370.87,1357.77,986.9,817.0999999999999,360.44666666666666,370.87,1.0,16.0,15.0,9.333333333333334,5.5555555555555545,1.0,3.0,5.0,2.0,4.0,0.6666666666666666,3.0,132.0,166.0,34.0,145.33333333333334,13.77777777777778,132.0,0.93,2.1,1.17,1.6433333333333333,0.47555555555555556,0.93,1.0,2.0,1.0,1.3333333333333333,0.4444444444444444,1.0,0.0,4.0,4.0,1.3333333333333333,1.777777777777778,0.0,0.0,10.0,10.0,6.666666666666667,4.444444444444444,0.0,0.0,0.0,0.0,0.0,0.0,0.0,1.0,16.0,15.0,9.333333333333334,5.5555555555555545,1.0,0.0,1.0,1.0,0.6666666666666666,0.4444444444444445,0.0,0.0,2.0,2.0,0.6666666666666666,0.888888888888889,0.0,0.0,0.0,0.0,0.0,0.0,0.0,0.0,0.0,0.0,0.0,0.0,0.0,1.0,2.0,1.0,1.3333333333333333,0.4444444444444444,1.0,11.07,34.7633333333,23.693333333299996,25.025555555533334,9.303703703688887,11.07,0.0,0.464,0.464,0.15466666666666667,0.20622222222222222,0.0,0.0,0.0,0.0,0.0,0.0,0.0,152.0,229.0,77.0,202.0,33.333333333333336,152.0
NaCuTe,400,Na1 Cu1 Te1,11.0,52.0,41.0,30.666666666666668,14.222222222222223,11.0,2.0,90.0,88.0,52.0,33.333333333333336,2.0,22.98976928,127.6,104.61023071999999,71.37858976,37.480940159999996,22.98976928,370.87,1357.77,986.9,817.0999999999999,360.44666666666666,370.87,1.0,16.0,15.0,9.333333333333334,5.5555555555555545,1.0,3.0,5.0,2.0,4.0,0.6666666666666666,3.0,132.0,166.0,34.0,145.33333333333334,13.77777777777778,132.0,0.93,2.1,1.17,1.6433333333333333,0.47555555555555556,0.93,1.0,2.0,1.0,1.3333333333333333,0.4444444444444444,1.0,0.0,4.0,4.0,1.3333333333333333,1.777777777777778,0.0,0.0,10.0,10.0,6.666666666666667,4.444444444444444,0.0,0.0,0.0,0.0,0.0,0.0,0.0,1.0,16.0,15.0,9.333333333333334,5.5555555555555545,1.0,0.0,1.0,1.0,0.6666666666666666,0.4444444444444445,0.0,0.0,2.0,2.0,0.6666666666666666,0.888888888888889,0.0,0.0,0.0,0.0,0.0,0.0,0.0,0.0,0.0,0.0,0.0,0.0,0.0,1.0,2.0,1.0,1.3333333333333333,0.4444444444444444,1.0,11.07,34.7633333333,23.693333333299996,25.025555555533334,9.303703703688887,11.07,0.0,0.464,0.464,0.15466666666666667,0.20622222222222222,0.0,0.0,0.0,0.0,0.0,0.0,0.0,152.0,229.0,77.0,202.0,33.333333333333336,152.0
NaCuTe,500,Na1 Cu1 Te1,11.0,52.0,41.0,30.666666666666668,14.222222222222223,11.0,2.0,90.0,88.0,52.0,33.333333333333336,2.0,22.98976928,127.6,104.61023071999999,71.37858976,37.480940159999996,22.98976928,370.87,1357.77,986.9,817.0999999999999,360.44666666666666,370.87,1.0,16.0,15.0,9.333333333333334,5.5555555555555545,1.0,3.0,5.0,2.0,4.0,0.6666666666666666,3.0,132.0,166.0,34.0,145.33333333333334,13.77777777777778,132.0,0.93,2.1,1.17,1.6433333333333333,0.47555555555555556,0.93,1.0,2.0,1.0,1.3333333333333333,0.4444444444444444,1.0,0.0,4.0,4.0,1.3333333333333333,1.777777777777778,0.0,0.0,10.0,10.0,6.666666666666667,4.444444444444444,0.0,0.0,0.0,0.0,0.0,0.0,0.0,1.0,16.0,15.0,9.333333333333334,5.5555555555555545,1.0,0.0,1.0,1.0,0.6666666666666666,0.4444444444444445,0.0,0.0,2.0,2.0,0.6666666666666666,0.888888888888889,0.0,0.0,0.0,0.0,0.0,0.0,0.0,0.0,0.0,0.0,0.0,0.0,0.0,1.0,2.0,1.0,1.3333333333333333,0.4444444444444444,1.0,11.07,34.7633333333,23.693333333299996,25.025555555533334,9.303703703688887,11.07,0.0,0.464,0.464,0.15466666666666667,0.20622222222222222,0.0,0.0,0.0,0.0,0.0,0.0,0.0,152.0,229.0,77.0,202.0,33.333333333333336,152.0
NaCuTe,600,Na1 Cu1 Te1,11.0,52.0,41.0,30.666666666666668,14.222222222222223,11.0,2.0,90.0,88.0,52.0,33.333333333333336,2.0,22.98976928,127.6,104.61023071999999,71.37858976,37.480940159999996,22.98976928,370.87,1357.77,986.9,817.0999999999999,360.44666666666666,370.87,1.0,16.0,15.0,9.333333333333334,5.5555555555555545,1.0,3.0,5.0,2.0,4.0,0.6666666666666666,3.0,132.0,166.0,34.0,145.33333333333334,13.77777777777778,132.0,0.93,2.1,1.17,1.6433333333333333,0.47555555555555556,0.93,1.0,2.0,1.0,1.3333333333333333,0.4444444444444444,1.0,0.0,4.0,4.0,1.3333333333333333,1.777777777777778,0.0,0.0,10.0,10.0,6.666666666666667,4.444444444444444,0.0,0.0,0.0,0.0,0.0,0.0,0.0,1.0,16.0,15.0,9.333333333333334,5.5555555555555545,1.0,0.0,1.0,1.0,0.6666666666666666,0.4444444444444445,0.0,0.0,2.0,2.0,0.6666666666666666,0.888888888888889,0.0,0.0,0.0,0.0,0.0,0.0,0.0,0.0,0.0,0.0,0.0,0.0,0.0,1.0,2.0,1.0,1.3333333333333333,0.4444444444444444,1.0,11.07,34.7633333333,23.693333333299996,25.025555555533334,9.303703703688887,11.07,0.0,0.464,0.464,0.15466666666666667,0.20622222222222222,0.0,0.0,0.0,0.0,0.0,0.0,0.0,152.0,229.0,77.0,202.0,33.333333333333336,152.0
NaCuTe,700,Na1 Cu1 Te1,11.0,52.0,41.0,30.666666666666668,14.222222222222223,11.0,2.0,90.0,88.0,52.0,33.333333333333336,2.0,22.98976928,127.6,104.61023071999999,71.37858976,37.480940159999996,22.98976928,370.87,1357.77,986.9,817.0999999999999,360.44666666666666,370.87,1.0,16.0,15.0,9.333333333333334,5.5555555555555545,1.0,3.0,5.0,2.0,4.0,0.6666666666666666,3.0,132.0,166.0,34.0,145.33333333333334,13.77777777777778,132.0,0.93,2.1,1.17,1.6433333333333333,0.47555555555555556,0.93,1.0,2.0,1.0,1.3333333333333333,0.4444444444444444,1.0,0.0,4.0,4.0,1.3333333333333333,1.777777777777778,0.0,0.0,10.0,10.0,6.666666666666667,4.444444444444444,0.0,0.0,0.0,0.0,0.0,0.0,0.0,1.0,16.0,15.0,9.333333333333334,5.5555555555555545,1.0,0.0,1.0,1.0,0.6666666666666666,0.4444444444444445,0.0,0.0,2.0,2.0,0.6666666666666666,0.888888888888889,0.0,0.0,0.0,0.0,0.0,0.0,0.0,0.0,0.0,0.0,0.0,0.0,0.0,1.0,2.0,1.0,1.3333333333333333,0.4444444444444444,1.0,11.07,34.7633333333,23.693333333299996,25.025555555533334,9.303703703688887,11.07,0.0,0.464,0.464,0.15466666666666667,0.20622222222222222,0.0,0.0,0.0,0.0,0.0,0.0,0.0,152.0,229.0,77.0,202.0,33.333333333333336,152.0
NaCuTe,800,Na1 Cu1 Te1,11.0,52.0,41.0,30.666666666666668,14.222222222222223,11.0,2.0,90.0,88.0,52.0,33.333333333333336,2.0,22.98976928,127.6,104.61023071999999,71.37858976,37.480940159999996,22.98976928,370.87,1357.77,986.9,817.0999999999999,360.44666666666666,370.87,1.0,16.0,15.0,9.333333333333334,5.5555555555555545,1.0,3.0,5.0,2.0,4.0,0.6666666666666666,3.0,132.0,166.0,34.0,145.33333333333334,13.77777777777778,132.0,0.93,2.1,1.17,1.6433333333333333,0.47555555555555556,0.93,1.0,2.0,1.0,1.3333333333333333,0.4444444444444444,1.0,0.0,4.0,4.0,1.3333333333333333,1.777777777777778,0.0,0.0,10.0,10.0,6.666666666666667,4.444444444444444,0.0,0.0,0.0,0.0,0.0,0.0,0.0,1.0,16.0,15.0,9.333333333333334,5.5555555555555545,1.0,0.0,1.0,1.0,0.6666666666666666,0.4444444444444445,0.0,0.0,2.0,2.0,0.6666666666666666,0.888888888888889,0.0,0.0,0.0,0.0,0.0,0.0,0.0,0.0,0.0,0.0,0.0,0.0,0.0,1.0,2.0,1.0,1.3333333333333333,0.4444444444444444,1.0,11.07,34.7633333333,23.693333333299996,25.025555555533334,9.303703703688887,11.07,0.0,0.464,0.464,0.15466666666666667,0.20622222222222222,0.0,0.0,0.0,0.0,0.0,0.0,0.0,152.0,229.0,77.0,202.0,33.333333333333336,152.0
KCuTe,100,K1 Cu1 Te1,19.0,52.0,33.0,33.333333333333336,12.444444444444445,19.0,3.0,90.0,87.0,52.333333333333336,32.888888888888886,3.0,39.0983,127.6,88.5017,76.74810000000001,33.901266666666665,39.0983,336.53,1357.77,1021.24,805.6533333333333,368.0777777777778,336.53,1.0,16.0,15.0,9.333333333333334,5.5555555555555545,1.0,4.0,5.0,1.0,4.333333333333333,0.44444444444444436,4.0,132.0,203.0,71.0,157.66666666666666,30.222222222222218,132.0,0.82,2.1,1.2800000000000002,1.6066666666666667,0.5244444444444445,0.82,1.0,2.0,1.0,1.3333333333333333,0.4444444444444444,1.0,0.0,4.0,4.0,1.3333333333333333,1.777777777777778,0.0,0.0,10.0,10.0,6.666666666666667,4.444444444444444,0.0,0.0,0.0,0.0,0.0,0.0,0.0,1.0,16.0,15.0,9.333333333333334,5.5555555555555545,1.0,0.0,1.0,1.0,0.6666666666666666,0.4444444444444445,0.0,0.0,2.0,2.0,0.6666666666666666,0.888888888888889,0.0,0.0,0.0,0.0,0.0,0.0,0.0,0.0,0.0,0.0,0.0,0.0,0.0,1.0,2.0,1.0,1.3333333333333333,0.4444444444444444,1.0,11.07,73.1066666667,62.03666666669999,39.64666666666666,22.306666666688887,11.07,0.0,0.464,0.464,0.15466666666666667,0.20622222222222222,0.0,0.0,0.0,0.0,0.0,0.0,0.0,152.0,229.0,77.0,202.0,33.333333333333336,152.0
KCuTe,200,K1 Cu1 Te1,19.0,52.0,33.0,33.333333333333336,12.444444444444445,19.0,3.0,90.0,87.0,52.333333333333336,32.888888888888886,3.0,39.0983,127.6,88.5017,76.74810000000001,33.901266666666665,39.0983,336.53,1357.77,1021.24,805.6533333333333,368.0777777777778,336.53,1.0,16.0,15.0,9.333333333333334,5.5555555555555545,1.0,4.0,5.0,1.0,4.333333333333333,0.44444444444444436,4.0,132.0,203.0,71.0,157.66666666666666,30.222222222222218,132.0,0.82,2.1,1.2800000000000002,1.6066666666666667,0.5244444444444445,0.82,1.0,2.0,1.0,1.3333333333333333,0.4444444444444444,1.0,0.0,4.0,4.0,1.3333333333333333,1.777777777777778,0.0,0.0,10.0,10.0,6.666666666666667,4.444444444444444,0.0,0.0,0.0,0.0,0.0,0.0,0.0,1.0,16.0,15.0,9.333333333333334,5.5555555555555545,1.0,0.0,1.0,1.0,0.6666666666666666,0.4444444444444445,0.0,0.0,2.0,2.0,0.6666666666666666,0.888888888888889,0.0,0.0,0.0,0.0,0.0,0.0,0.0,0.0,0.0,0.0,0.0,0.0,0.0,1.0,2.0,1.0,1.3333333333333333,0.4444444444444444,1.0,11.07,73.1066666667,62.03666666669999,39.64666666666666,22.306666666688887,11.07,0.0,0.464,0.464,0.15466666666666667,0.20622222222222222,0.0,0.0,0.0,0.0,0.0,0.0,0.0,152.0,229.0,77.0,202.0,33.333333333333336,152.0
KCuTe,300,K1 Cu1 Te1,19.0,52.0,33.0,33.333333333333336,12.444444444444445,19.0,3.0,90.0,87.0,52.333333333333336,32.888888888888886,3.0,39.0983,127.6,88.5017,76.74810000000001,33.901266666666665,39.0983,336.53,1357.77,1021.24,805.6533333333333,368.0777777777778,336.53,1.0,16.0,15.0,9.333333333333334,5.5555555555555545,1.0,4.0,5.0,1.0,4.333333333333333,0.44444444444444436,4.0,132.0,203.0,71.0,157.66666666666666,30.222222222222218,132.0,0.82,2.1,1.2800000000000002,1.6066666666666667,0.5244444444444445,0.82,1.0,2.0,1.0,1.3333333333333333,0.4444444444444444,1.0,0.0,4.0,4.0,1.3333333333333333,1.777777777777778,0.0,0.0,10.0,10.0,6.666666666666667,4.444444444444444,0.0,0.0,0.0,0.0,0.0,0.0,0.0,1.0,16.0,15.0,9.333333333333334,5.5555555555555545,1.0,0.0,1.0,1.0,0.6666666666666666,0.4444444444444445,0.0,0.0,2.0,2.0,0.6666666666666666,0.888888888888889,0.0,0.0,0.0,0.0,0.0,0.0,0.0,0.0,0.0,0.0,0.0,0.0,0.0,1.0,2.0,1.0,1.3333333333333333,0.4444444444444444,1.0,11.07,73.1066666667,62.03666666669999,39.64666666666666,22.306666666688887,11.07,0.0,0.464,0.464,0.15466666666666667,0.20622222222222222,0.0,0.0,0.0,0.0,0.0,0.0,0.0,152.0,229.0,77.0,202.0,33.333333333333336,152.0
KCuTe,400,K1 Cu1 Te1,19.0,52.0,33.0,33.333333333333336,12.444444444444445,19.0,3.0,90.0,87.0,52.333333333333336,32.888888888888886,3.0,39.0983,127.6,88.5017,76.74810000000001,33.901266666666665,39.0983,336.53,1357.77,1021.24,805.6533333333333,368.0777777777778,336.53,1.0,16.0,15.0,9.333333333333334,5.5555555555555545,1.0,4.0,5.0,1.0,4.333333333333333,0.44444444444444436,4.0,132.0,203.0,71.0,157.66666666666666,30.222222222222218,132.0,0.82,2.1,1.2800000000000002,1.6066666666666667,0.5244444444444445,0.82,1.0,2.0,1.0,1.3333333333333333,0.4444444444444444,1.0,0.0,4.0,4.0,1.3333333333333333,1.777777777777778,0.0,0.0,10.0,10.0,6.666666666666667,4.444444444444444,0.0,0.0,0.0,0.0,0.0,0.0,0.0,1.0,16.0,15.0,9.333333333333334,5.5555555555555545,1.0,0.0,1.0,1.0,0.6666666666666666,0.4444444444444445,0.0,0.0,2.0,2.0,0.6666666666666666,0.888888888888889,0.0,0.0,0.0,0.0,0.0,0.0,0.0,0.0,0.0,0.0,0.0,0.0,0.0,1.0,2.0,1.0,1.3333333333333333,0.4444444444444444,1.0,11.07,73.1066666667,62.03666666669999,39.64666666666666,22.306666666688887,11.07,0.0,0.464,0.464,0.15466666666666667,0.20622222222222222,0.0,0.0,0.0,0.0,0.0,0.0,0.0,152.0,229.0,77.0,202.0,33.333333333333336,152.0
KCuTe,500,K1 Cu1 Te1,19.0,52.0,33.0,33.333333333333336,12.444444444444445,19.0,3.0,90.0,87.0,52.333333333333336,32.888888888888886,3.0,39.0983,127.6,88.5017,76.74810000000001,33.901266666666665,39.0983,336.53,1357.77,1021.24,805.6533333333333,368.0777777777778,336.53,1.0,16.0,15.0,9.333333333333334,5.5555555555555545,1.0,4.0,5.0,1.0,4.333333333333333,0.44444444444444436,4.0,132.0,203.0,71.0,157.66666666666666,30.222222222222218,132.0,0.82,2.1,1.2800000000000002,1.6066666666666667,0.5244444444444445,0.82,1.0,2.0,1.0,1.3333333333333333,0.4444444444444444,1.0,0.0,4.0,4.0,1.3333333333333333,1.777777777777778,0.0,0.0,10.0,10.0,6.666666666666667,4.444444444444444,0.0,0.0,0.0,0.0,0.0,0.0,0.0,1.0,16.0,15.0,9.333333333333334,5.5555555555555545,1.0,0.0,1.0,1.0,0.6666666666666666,0.4444444444444445,0.0,0.0,2.0,2.0,0.6666666666666666,0.888888888888889,0.0,0.0,0.0,0.0,0.0,0.0,0.0,0.0,0.0,0.0,0.0,0.0,0.0,1.0,2.0,1.0,1.3333333333333333,0.4444444444444444,1.0,11.07,73.1066666667,62.03666666669999,39.64666666666666,22.306666666688887,11.07,0.0,0.464,0.464,0.15466666666666667,0.20622222222222222,0.0,0.0,0.0,0.0,0.0,0.0,0.0,152.0,229.0,77.0,202.0,33.333333333333336,152.0
KCuTe,600,K1 Cu1 Te1,19.0,52.0,33.0,33.333333333333336,12.444444444444445,19.0,3.0,90.0,87.0,52.333333333333336,32.888888888888886,3.0,39.0983,127.6,88.5017,76.74810000000001,33.901266666666665,39.0983,336.53,1357.77,1021.24,805.6533333333333,368.0777777777778,336.53,1.0,16.0,15.0,9.333333333333334,5.5555555555555545,1.0,4.0,5.0,1.0,4.333333333333333,0.44444444444444436,4.0,132.0,203.0,71.0,157.66666666666666,30.222222222222218,132.0,0.82,2.1,1.2800000000000002,1.6066666666666667,0.5244444444444445,0.82,1.0,2.0,1.0,1.3333333333333333,0.4444444444444444,1.0,0.0,4.0,4.0,1.3333333333333333,1.777777777777778,0.0,0.0,10.0,10.0,6.666666666666667,4.444444444444444,0.0,0.0,0.0,0.0,0.0,0.0,0.0,1.0,16.0,15.0,9.333333333333334,5.5555555555555545,1.0,0.0,1.0,1.0,0.6666666666666666,0.4444444444444445,0.0,0.0,2.0,2.0,0.6666666666666666,0.888888888888889,0.0,0.0,0.0,0.0,0.0,0.0,0.0,0.0,0.0,0.0,0.0,0.0,0.0,1.0,2.0,1.0,1.3333333333333333,0.4444444444444444,1.0,11.07,73.1066666667,62.03666666669999,39.64666666666666,22.306666666688887,11.07,0.0,0.464,0.464,0.15466666666666667,0.20622222222222222,0.0,0.0,0.0,0.0,0.0,0.0,0.0,152.0,229.0,77.0,202.0,33.333333333333336,152.0
KCuTe,700,K1 Cu1 Te1,19.0,52.0,33.0,33.333333333333336,12.444444444444445,19.0,3.0,90.0,87.0,52.333333333333336,32.888888888888886,3.0,39.0983,127.6,88.5017,76.74810000000001,33.901266666666665,39.0983,336.53,1357.77,1021.24,805.6533333333333,368.0777777777778,336.53,1.0,16.0,15.0,9.333333333333334,5.5555555555555545,1.0,4.0,5.0,1.0,4.333333333333333,0.44444444444444436,4.0,132.0,203.0,71.0,157.66666666666666,30.222222222222218,132.0,0.82,2.1,1.2800000000000002,1.6066666666666667,0.5244444444444445,0.82,1.0,2.0,1.0,1.3333333333333333,0.4444444444444444,1.0,0.0,4.0,4.0,1.3333333333333333,1.777777777777778,0.0,0.0,10.0,10.0,6.666666666666667,4.444444444444444,0.0,0.0,0.0,0.0,0.0,0.0,0.0,1.0,16.0,15.0,9.333333333333334,5.5555555555555545,1.0,0.0,1.0,1.0,0.6666666666666666,0.4444444444444445,0.0,0.0,2.0,2.0,0.6666666666666666,0.888888888888889,0.0,0.0,0.0,0.0,0.0,0.0,0.0,0.0,0.0,0.0,0.0,0.0,0.0,1.0,2.0,1.0,1.3333333333333333,0.4444444444444444,1.0,11.07,73.1066666667,62.03666666669999,39.64666666666666,22.306666666688887,11.07,0.0,0.464,0.464,0.15466666666666667,0.20622222222222222,0.0,0.0,0.0,0.0,0.0,0.0,0.0,152.0,229.0,77.0,202.0,33.333333333333336,152.0
KCuTe,800,K1 Cu1 Te1,19.0,52.0,33.0,33.333333333333336,12.444444444444445,19.0,3.0,90.0,87.0,52.333333333333336,32.888888888888886,3.0,39.0983,127.6,88.5017,76.74810000000001,33.901266666666665,39.0983,336.53,1357.77,1021.24,805.6533333333333,368.0777777777778,336.53,1.0,16.0,15.0,9.333333333333334,5.5555555555555545,1.0,4.0,5.0,1.0,4.333333333333333,0.44444444444444436,4.0,132.0,203.0,71.0,157.66666666666666,30.222222222222218,132.0,0.82,2.1,1.2800000000000002,1.6066666666666667,0.5244444444444445,0.82,1.0,2.0,1.0,1.3333333333333333,0.4444444444444444,1.0,0.0,4.0,4.0,1.3333333333333333,1.777777777777778,0.0,0.0,10.0,10.0,6.666666666666667,4.444444444444444,0.0,0.0,0.0,0.0,0.0,0.0,0.0,1.0,16.0,15.0,9.333333333333334,5.5555555555555545,1.0,0.0,1.0,1.0,0.6666666666666666,0.4444444444444445,0.0,0.0,2.0,2.0,0.6666666666666666,0.888888888888889,0.0,0.0,0.0,0.0,0.0,0.0,0.0,0.0,0.0,0.0,0.0,0.0,0.0,1.0,2.0,1.0,1.3333333333333333,0.4444444444444444,1.0,11.07,73.1066666667,62.03666666669999,39.64666666666666,22.306666666688887,11.07,0.0,0.464,0.464,0.15466666666666667,0.20622222222222222,0.0,0.0,0.0,0.0,0.0,0.0,0.0,152.0,229.0,77.0,202.0,33.333333333333336,152.0
RbCuTe,100,Rb1 Cu1 Te1,29.0,52.0,23.0,39.333333333333336,8.444444444444445,29.0,4.0,90.0,86.0,52.666666666666664,32.44444444444445,4.0,63.546,127.6,64.054,92.20459999999999,23.59693333333333,63.546,312.46,1357.77,1045.31,797.63,373.4266666666667,312.46,1.0,16.0,15.0,9.333333333333334,5.5555555555555545,1.0,4.0,5.0,1.0,4.666666666666667,0.44444444444444436,4.0,132.0,220.0,88.0,163.33333333333334,37.77777777777778,132.0,0.82,2.1,1.2800000000000002,1.6066666666666667,0.5244444444444445,0.82,1.0,2.0,1.0,1.3333333333333333,0.4444444444444444,1.0,0.0,4.0,4.0,1.3333333333333333,1.777777777777778,0.0,0.0,10.0,10.0,6.666666666666667,4.444444444444444,0.0,0.0,0.0,0.0,0.0,0.0,0.0,1.0,16.0,15.0,9.333333333333334,5.5555555555555545,1.0,0.0,1.0,1.0,0.6666666666666666,0.4444444444444445,0.0,0.0,2.0,2.0,0.6666666666666666,0.888888888888889,0.0,0.0,0.0,0.0,0.0,0.0,0.0,0.0,0.0,0.0,0.0,0.0,0.0,1.0,2.0,1.0,1.3333333333333333,0.4444444444444444,1.0,11.07,90.7225,79.6525,45.51861111109999,30.135925925933332,11.07,0.0,0.464,0.464,0.15466666666666667,0.20622222222222222,0.0,0.0,0.0,0.0,0.0,0.0,0.0,152.0,229.0,77.0,202.0,33.333333333333336,152.0
RbCuTe,200,Rb1 Cu1 Te1,29.0,52.0,23.0,39.333333333333336,8.444444444444445,29.0,4.0,90.0,86.0,52.666666666666664,32.44444444444445,4.0,63.546,127.6,64.054,92.20459999999999,23.59693333333333,63.546,312.46,1357.77,1045.31,797.63,373.4266666666667,312.46,1.0,16.0,15.0,9.333333333333334,5.5555555555555545,1.0,4.0,5.0,1.0,4.666666666666667,0.44444444444444436,4.0,132.0,220.0,88.0,163.33333333333334,37.77777777777778,132.0,0.82,2.1,1.2800000000000002,1.6066666666666667,0.5244444444444445,0.82,1.0,2.0,1.0,1.3333333333333333,0.4444444444444444,1.0,0.0,4.0,4.0,1.3333333333333333,1.777777777777778,0.0,0.0,10.0,10.0,6.666666666666667,4.444444444444444,0.0,0.0,0.0,0.0,0.0,0.0,0.0,1.0,16.0,15.0,9.333333333333334,5.5555555555555545,1.0,0.0,1.0,1.0,0.6666666666666666,0.4444444444444445,0.0,0.0,2.0,2.0,0.6666666666666666,0.888888888888889,0.0,0.0,0.0,0.0,0.0,0.0,0.0,0.0,0.0,0.0,0.0,0.0,0.0,1.0,2.0,1.0,1.3333333333333333,0.4444444444444444,1.0,11.07,90.7225,79.6525,45.51861111109999,30.135925925933332,11.07,0.0,0.464,0.464,0.15466666666666667,0.20622222222222222,0.0,0.0,0.0,0.0,0.0,0.0,0.0,152.0,229.0,77.0,202.0,33.333333333333336,152.0
RbCuTe,300,Rb1 Cu1 Te1,29.0,52.0,23.0,39.333333333333336,8.444444444444445,29.0,4.0,90.0,86.0,52.666666666666664,32.44444444444445,4.0,63.546,127.6,64.054,92.20459999999999,23.59693333333333,63.546,312.46,1357.77,1045.31,797.63,373.4266666666667,312.46,1.0,16.0,15.0,9.333333333333334,5.5555555555555545,1.0,4.0,5.0,1.0,4.666666666666667,0.44444444444444436,4.0,132.0,220.0,88.0,163.33333333333334,37.77777777777778,132.0,0.82,2.1,1.2800000000000002,1.6066666666666667,0.5244444444444445,0.82,1.0,2.0,1.0,1.3333333333333333,0.4444444444444444,1.0,0.0,4.0,4.0,1.3333333333333333,1.777777777777778,0.0,0.0,10.0,10.0,6.666666666666667,4.444444444444444,0.0,0.0,0.0,0.0,0.0,0.0,0.0,1.0,16.0,15.0,9.333333333333334,5.5555555555555545,1.0,0.0,1.0,1.0,0.6666666666666666,0.4444444444444445,0.0,0.0,2.0,2.0,0.6666666666666666,0.888888888888889,0.0,0.0,0.0,0.0,0.0,0.0,0.0,0.0,0.0,0.0,0.0,0.0,0.0,1.0,2.0,1.0,1.3333333333333333,0.4444444444444444,1.0,11.07,90.7225,79.6525,45.51861111109999,30.135925925933332,11.07,0.0,0.464,0.464,0.15466666666666667,0.20622222222222222,0.0,0.0,0.0,0.0,0.0,0.0,0.0,152.0,229.0,77.0,202.0,33.333333333333336,152.0
RbCuTe,400,Rb1 Cu1 Te1,29.0,52.0,23.0,39.333333333333336,8.444444444444445,29.0,4.0,90.0,86.0,52.666666666666664,32.44444444444445,4.0,63.546,127.6,64.054,92.20459999999999,23.59693333333333,63.546,312.46,1357.77,1045.31,797.63,373.4266666666667,312.46,1.0,16.0,15.0,9.333333333333334,5.5555555555555545,1.0,4.0,5.0,1.0,4.666666666666667,0.44444444444444436,4.0,132.0,220.0,88.0,163.33333333333334,37.77777777777778,132.0,0.82,2.1,1.2800000000000002,1.6066666666666667,0.5244444444444445,0.82,1.0,2.0,1.0,1.3333333333333333,0.4444444444444444,1.0,0.0,4.0,4.0,1.3333333333333333,1.777777777777778,0.0,0.0,10.0,10.0,6.666666666666667,4.444444444444444,0.0,0.0,0.0,0.0,0.0,0.0,0.0,1.0,16.0,15.0,9.333333333333334,5.5555555555555545,1.0,0.0,1.0,1.0,0.6666666666666666,0.4444444444444445,0.0,0.0,2.0,2.0,0.6666666666666666,0.888888888888889,0.0,0.0,0.0,0.0,0.0,0.0,0.0,0.0,0.0,0.0,0.0,0.0,0.0,1.0,2.0,1.0,1.3333333333333333,0.4444444444444444,1.0,11.07,90.7225,79.6525,45.51861111109999,30.135925925933332,11.07,0.0,0.464,0.464,0.15466666666666667,0.20622222222222222,0.0,0.0,0.0,0.0,0.0,0.0,0.0,152.0,229.0,77.0,202.0,33.333333333333336,152.0
RbCuTe,500,Rb1 Cu1 Te1,29.0,52.0,23.0,39.333333333333336,8.444444444444445,29.0,4.0,90.0,86.0,52.666666666666664,32.44444444444445,4.0,63.546,127.6,64.054,92.20459999999999,23.59693333333333,63.546,312.46,1357.77,1045.31,797.63,373.4266666666667,312.46,1.0,16.0,15.0,9.333333333333334,5.5555555555555545,1.0,4.0,5.0,1.0,4.666666666666667,0.44444444444444436,4.0,132.0,220.0,88.0,163.33333333333334,37.77777777777778,132.0,0.82,2.1,1.2800000000000002,1.6066666666666667,0.5244444444444445,0.82,1.0,2.0,1.0,1.3333333333333333,0.4444444444444444,1.0,0.0,4.0,4.0,1.3333333333333333,1.777777777777778,0.0,0.0,10.0,10.0,6.666666666666667,4.444444444444444,0.0,0.0,0.0,0.0,0.0,0.0,0.0,1.0,16.0,15.0,9.333333333333334,5.5555555555555545,1.0,0.0,1.0,1.0,0.6666666666666666,0.4444444444444445,0.0,0.0,2.0,2.0,0.6666666666666666,0.888888888888889,0.0,0.0,0.0,0.0,0.0,0.0,0.0,0.0,0.0,0.0,0.0,0.0,0.0,1.0,2.0,1.0,1.3333333333333333,0.4444444444444444,1.0,11.07,90.7225,79.6525,45.51861111109999,30.135925925933332,11.07,0.0,0.464,0.464,0.15466666666666667,0.20622222222222222,0.0,0.0,0.0,0.0,0.0,0.0,0.0,152.0,229.0,77.0,202.0,33.333333333333336,152.0
RbCuTe,600,Rb1 Cu1 Te1,29.0,52.0,23.0,39.333333333333336,8.444444444444445,29.0,4.0,90.0,86.0,52.666666666666664,32.44444444444445,4.0,63.546,127.6,64.054,92.20459999999999,23.59693333333333,63.546,312.46,1357.77,1045.31,797.63,373.4266666666667,312.46,1.0,16.0,15.0,9.333333333333334,5.5555555555555545,1.0,4.0,5.0,1.0,4.666666666666667,0.44444444444444436,4.0,132.0,220.0,88.0,163.33333333333334,37.77777777777778,132.0,0.82,2.1,1.2800000000000002,1.6066666666666667,0.5244444444444445,0.82,1.0,2.0,1.0,1.3333333333333333,0.4444444444444444,1.0,0.0,4.0,4.0,1.3333333333333333,1.777777777777778,0.0,0.0,10.0,10.0,6.666666666666667,4.444444444444444,0.0,0.0,0.0,0.0,0.0,0.0,0.0,1.0,16.0,15.0,9.333333333333334,5.5555555555555545,1.0,0.0,1.0,1.0,0.6666666666666666,0.4444444444444445,0.0,0.0,2.0,2.0,0.6666666666666666,0.888888888888889,0.0,0.0,0.0,0.0,0.0,0.0,0.0,0.0,0.0,0.0,0.0,0.0,0.0,1.0,2.0,1.0,1.3333333333333333,0.4444444444444444,1.0,11.07,90.7225,79.6525,45.51861111109999,30.135925925933332,11.07,0.0,0.464,0.464,0.15466666666666667,0.20622222222222222,0.0,0.0,0.0,0.0,0.0,0.0,0.0,152.0,229.0,77.0,202.0,33.333333333333336,152.0
RbCuTe,700,Rb1 Cu1 Te1,29.0,52.0,23.0,39.333333333333336,8.444444444444445,29.0,4.0,90.0,86.0,52.666666666666664,32.44444444444445,4.0,63.546,127.6,64.054,92.20459999999999,23.59693333333333,63.546,312.46,1357.77,1045.31,797.63,373.4266666666667,312.46,1.0,16.0,15.0,9.333333333333334,5.5555555555555545,1.0,4.0,5.0,1.0,4.666666666666667,0.44444444444444436,4.0,132.0,220.0,88.0,163.33333333333334,37.77777777777778,132.0,0.82,2.1,1.2800000000000002,1.6066666666666667,0.5244444444444445,0.82,1.0,2.0,1.0,1.3333333333333333,0.4444444444444444,1.0,0.0,4.0,4.0,1.3333333333333333,1.777777777777778,0.0,0.0,10.0,10.0,6.666666666666667,4.444444444444444,0.0,0.0,0.0,0.0,0.0,0.0,0.0,1.0,16.0,15.0,9.333333333333334,5.5555555555555545,1.0,0.0,1.0,1.0,0.6666666666666666,0.4444444444444445,0.0,0.0,2.0,2.0,0.6666666666666666,0.888888888888889,0.0,0.0,0.0,0.0,0.0,0.0,0.0,0.0,0.0,0.0,0.0,0.0,0.0,1.0,2.0,1.0,1.3333333333333333,0.4444444444444444,1.0,11.07,90.7225,79.6525,45.51861111109999,30.135925925933332,11.07,0.0,0.464,0.464,0.15466666666666667,0.20622222222222222,0.0,0.0,0.0,0.0,0.0,0.0,0.0,152.0,229.0,77.0,202.0,33.333333333333336,152.0
RbCuTe,800,Rb1 Cu1 Te1,29.0,52.0,23.0,39.333333333333336,8.444444444444445,29.0,4.0,90.0,86.0,52.666666666666664,32.44444444444445,4.0,63.546,127.6,64.054,92.20459999999999,23.59693333333333,63.546,312.46,1357.77,1045.31,797.63,373.4266666666667,312.46,1.0,16.0,15.0,9.333333333333334,5.5555555555555545,1.0,4.0,5.0,1.0,4.666666666666667,0.44444444444444436,4.0,132.0,220.0,88.0,163.33333333333334,37.77777777777778,132.0,0.82,2.1,1.2800000000000002,1.6066666666666667,0.5244444444444445,0.82,1.0,2.0,1.0,1.3333333333333333,0.4444444444444444,1.0,0.0,4.0,4.0,1.3333333333333333,1.777777777777778,0.0,0.0,10.0,10.0,6.666666666666667,4.444444444444444,0.0,0.0,0.0,0.0,0.0,0.0,0.0,1.0,16.0,15.0,9.333333333333334,5.5555555555555545,1.0,0.0,1.0,1.0,0.6666666666666666,0.4444444444444445,0.0,0.0,2.0,2.0,0.6666666666666666,0.888888888888889,0.0,0.0,0.0,0.0,0.0,0.0,0.0,0.0,0.0,0.0,0.0,0.0,0.0,1.0,2.0,1.0,1.3333333333333333,0.4444444444444444,1.0,11.07,90.7225,79.6525,45.51861111109999,30.135925925933332,11.07,0.0,0.464,0.464,0.15466666666666667,0.20622222222222222,0.0,0.0,0.0,0.0,0.0,0.0,0.0,152.0,229.0,77.0,202.0,33.333333333333336,152.0
