formula,T(K),composition,MagpieData minimum Number,MagpieData maximum Number,MagpieData range Number,MagpieData mean Number,MagpieData avg_dev Number,MagpieData mode Number,MagpieData minimum MendeleevNumber,MagpieData maximum MendeleevNumber,MagpieData range MendeleevNumber,MagpieData mean MendeleevNumber,MagpieData avg_dev MendeleevNumber,MagpieData mode MendeleevNumber,MagpieData minimum AtomicWeight,MagpieData maximum AtomicWeight,MagpieData range AtomicWeight,MagpieData mean AtomicWeight,MagpieData avg_dev AtomicWeight,MagpieData mode AtomicWeight,MagpieData minimum MeltingT,MagpieData maximum MeltingT,MagpieData range MeltingT,MagpieData mean MeltingT,MagpieData avg_dev MeltingT,MagpieData mode MeltingT,MagpieData minimum Column,MagpieData maximum Column,MagpieData range Column,MagpieData mean Column,MagpieData avg_dev Column,MagpieData mode Column,MagpieData minimum Row,MagpieData maximum Row,MagpieData range Row,MagpieData mean Row,MagpieData avg_dev Row,MagpieData mode Row,MagpieData minimum CovalentRadius,MagpieData maximum CovalentRadius,MagpieData range CovalentRadius,MagpieData mean CovalentRadius,MagpieData avg_dev CovalentRadius,MagpieData mode CovalentRadius,MagpieData minimum Electronegativity,MagpieData maximum Electronegativity,MagpieData range Electronegativity,MagpieData mean Electronegativity,MagpieData avg_dev Electronegativity,MagpieData mode Electronegativity,MagpieData minimum NsValence,MagpieData maximum NsValence,MagpieData range NsValence,MagpieData mean NsValence,MagpieData avg_dev NsValence,MagpieData mode NsValence,MagpieData minimum NpValence,MagpieData maximum NpValence,MagpieData range NpValence,MagpieData mean NpValence,MagpieData avg_dev NpValence,MagpieData mode NpValence,MagpieData minimum NdValence,MagpieData maximum NdValence,MagpieData range NdValence,MagpieData mean NdValence,MagpieData avg_dev NdValence,MagpieData mode NdValence,MagpieData minimum NfValence,MagpieData maximum NfValence,MagpieData range NfValence,MagpieData mean NfValence,MagpieData avg_dev NfValence,MagpieData mode NfValence,MagpieData minimum NValence,MagpieData maximum NValence,MagpieData range NValence,MagpieData mean NValence,MagpieData avg_dev NValence,MagpieData mode NValence,MagpieData minimum NsUnfilled,MagpieData maximum NsUnfilled,MagpieData range NsUnfilled,MagpieData mean NsUnfilled,MagpieData avg_dev NsUnfilled,MagpieData mode NsUnfilled,MagpieData minimum NpUnfilled,MagpieData maximum NpUnfilled,MagpieData range NpUnfilled,MagpieData mean NpUnfilled,MagpieData avg_dev NpUnfilled,MagpieData mode NpUnfilled,MagpieData minimum NdUnfilled,MagpieData maximum NdUnfilled,MagpieData range NdUnfilled,MagpieData mean NdUnfilled,MagpieData avg_dev NdUnfilled,MagpieData mode NdUnfilled,MagpieData minimum NfUnfilled,MagpieData maximum NfUnfilled,MagpieData range NfUnfilled,MagpieData mean NfUnfilled,MagpieData avg_dev NfUnfilled,MagpieData mode NfUnfilled,MagpieData minimum NUnfilled,MagpieData maximum NUnfilled,MagpieData range NUnfilled,MagpieData mean NUnfilled,MagpieData avg_dev NUnfilled,MagpieData mode NUnfilled,MagpieData minimum GSvolume_pa,MagpieData maximum GSvolume_pa,MagpieData range GSvolume_pa,MagpieData mean GSvolume_pa,MagpieData avg_dev GSvolume_pa,MagpieData mode GSvolume_pa,MagpieData minimum GSbandgap,MagpieData maximum GSbandgap,MagpieData range GSbandgap,MagpieData mean GSbandgap,MagpieData avg_dev GSbandgap,MagpieData mode GSbandgap,MagpieData minimum GSmagmom,MagpieData maximum GSmagmom,MagpieData range GSmagmom,MagpieData mean GSmagmom,MagpieData avg_dev GSmagmom,MagpieData mode GSmagmom,MagpieData minimum SpaceGroupNumber,MagpieData maximum SpaceGroupNumber,MagpieData range SpaceGroupNumber,MagpieData mean SpaceGroupNumber,MagpieData avg_dev SpaceGroupNumber,MagpieData mode SpaceGroupNumber,pred_k(W/mK)
Li2Pb2Se3,400,Li2 Pb2 Se3,3.0,82.0,79.0,38.85714285714285,24.6530612244898,34.0,1.0,89.0,88.0,61.57142857142857,34.61224489795918,89.0,6.941,207.2,200.259,95.02314285714286,64.1010612244898,78.96,453.69,600.61,146.92000000000002,512.9428571428572,50.095510204081656,494.0,1.0,16.0,15.0,11.142857142857142,5.795918367346938,16.0,2.0,6.0,4.0,4.0,1.1428571428571428,4.0,120.0,146.0,26.0,129.71428571428572,9.306122448979597,120.0,0.98,2.55,1.5699999999999998,2.0385714285714287,0.6048979591836733,2.55,1.0,2.0,1.0,1.7142857142857142,0.4081632653061225,2.0,0.0,4.0,4.0,2.2857142857142856,1.469387755102041,4.0,0.0,10.0,10.0,7.142857142857143,4.081632653061225,10.0,0.0,14.0,14.0,4.0,5.714285714285714,0.0,1.0,28.0,27.0,15.142857142857142,8.081632653061224,16.0,0.0,1.0,1.0,0.2857142857142857,0.4081632653061224,0.0,0.0,4.0,4.0,2.0,1.1428571428571428,2.0,0.0,0.0,0.0,0.0,0.0,0.0,0.0,0.0,0.0,0.0,0.0,0.0,1.0,4.0,3.0,2.2857142857142856,0.979591836734694,2.0,16.5933333333,28.11,11.5166666667,23.88095238094286,4.1643537415102045,25.92,0.0,0.799,0.799,0.3424285714285714,0.3913469387755102,0.799,0.0,0.0,0.0,0.0,0.0,0.0,14.0,229.0,215.0,135.71428571428572,104.3265306122449,14.0,1.1193196
Li2Pb2Se3,800,Li2 Pb2 Se3,3.0,82.0,79.0,38.85714285714285,24.6530612244898,34.0,1.0,89.0,88.0,61.57142857142857,34.61224489795918,89.0,6.941,207.2,200.259,95.02314285714286,64.1010612244898,78.96,453.69,600.61,146.92000000000002,512.9428571428572,50.095510204081656,494.0,1.0,16.0,15.0,11.142857142857142,5.795918367346938,16.0,2.0,6.0,4.0,4.0,1.1428571428571428,4.0,120.0,146.0,26.0,129.71428571428572,9.306122448979597,120.0,0.98,2.55,1.5699999999999998,2.0385714285714287,0.6048979591836733,2.55,1.0,2.0,1.0,1.7142857142857142,0.4081632653061225,2.0,0.0,4.0,4.0,2.2857142857142856,1.469387755102041,4.0,0.0,10.0,10.0,7.142857142857143,4.081632653061225,10.0,0.0,14.0,14.0,4.0,5.714285714285714,0.0,1.0,28.0,27.0,15.142857142857142,8.081632653061224,16.0,0.0,1.0,1.0,0.2857142857142857,0.4081632653061224,0.0,0.0,4.0,4.0,2.0,1.1428571428571428,2.0,0.0,0.0,0.0,0.0,0.0,0.0,0.0,0.0,0.0,0.0,0.0,0.0,1.0,4.0,3.0,2.2857142857142856,0.979591836734694,2.0,16.5933333333,28.11,11.5166666667,23.88095238094286,4.1643537415102045,25.92,0.0,0.799,0.799,0.3424285714285714,0.3913469387755102,0.799,0.0,0.0,0.0,0.0,0.0,0.0,14.0,229.0,215.0,135.71428571428572,104.3265306122449,14.0,0.6050789
Li2Pb2Se3,500,Li2 Pb2 Se3,3.0,82.0,79.0,38.85714285714285,24.6530612244898,34.0,1.0,89.0,88.0,61.57142857142857,34.61224489795918,89.0,6.941,207.2,200.259,95.02314285714286,64.1010612244898,78.96,453.69,600.61,146.92000000000002,512.9428571428572,50.095510204081656,494.0,1.0,16.0,15.0,11.142857142857142,5.795918367346938,16.0,2.0,6.0,4.0,4.0,1.1428571428571428,4.0,120.0,146.0,26.0,129.71428571428572,9.306122448979597,120.0,0.98,2.55,1.5699999999999998,2.0385714285714287,0.6048979591836733,2.55,1.0,2.0,1.0,1.7142857142857142,0.4081632653061225,2.0,0.0,4.0,4.0,2.2857142857142856,1.469387755102041,4.0,0.0,10.0,10.0,7.142857142857143,4.081632653061225,10.0,0.0,14.0,14.0,4.0,5.714285714285714,0.0,1.0,28.0,27.0,15.142857142857142,8.081632653061224,16.0,0.0,1.0,1.0,0.2857142857142857,0.4081632653061224,0.0,0.0,4.0,4.0,2.0,1.1428571428571428,2.0,0.0,0.0,0.0,0.0,0.0,0.0,0.0,0.0,0.0,0.0,0.0,0.0,1.0,4.0,3.0,2.2857142857142856,0.979591836734694,2.0,16.5933333333,28.11,11.5166666667,23.88095238094286,4.1643537415102045,25.92,0.0,0.799,0.799,0.3424285714285714,0.3913469387755102,0.799,0.0,0.0,0.0,0.0,0.0,0.0,14.0,229.0,215.0,135.71428571428572,104.3265306122449,14.0,1.0415014
PbSe,300,Pb1 Se1,34.0,82.0,48.0,58.0,24.0,34.0,81.0,89.0,8.0,85.0,4.0,81.0,78.96,207.2,128.24,143.07999999999998,64.12,78.96,494.0,600.61,106.61,547.3050000000001,53.30500000000001,494.0,14.0,16.0,2.0,15.0,1.0,14.0,4.0,6.0,2.0,5.0,1.0,4.0,120.0,146.0,26.0,133.0,13.0,120.0,2.33,2.55,0.2199999999999997,2.44,0.1099999999999998,2.33,2.0,2.0,0.0,2.0,0.0,2.0,2.0,4.0,2.0,3.0,1.0,2.0,10.0,10.0,0.0,10.0,0.0,10.0,0.0,14.0,14.0,7.0,7.0,0.0,16.0,28.0,12.0,22.0,6.0,16.0,0.0,0.0,0.0,0.0,0.0,0.0,2.0,4.0,2.0,3.0,1.0,2.0,0.0,0.0,0.0,0.0,0.0,0.0,0.0,0.0,0.0,0.0,0.0,0.0,2.0,4.0,2.0,3.0,1.0,2.0,25.92,28.11,2.1899999999999977,27.015,1.0949999999999989,25.92,0.0,0.799,0.799,0.3995,0.3995,0.0,0.0,0.0,0.0,0.0,0.0,0.0,14.0,225.0,211.0,119.5,105.5,14.0,2.571939
PbSe,400,Pb1 Se1,34.0,82.0,48.0,58.0,24.0,34.0,81.0,89.0,8.0,85.0,4.0,81.0,78.96,207.2,128.24,143.07999999999998,64.12,78.96,494.0,600.61,106.61,547.3050000000001,53.30500000000001,494.0,14.0,16.0,2.0,15.0,1.0,14.0,4.0,6.0,2.0,5.0,1.0,4.0,120.0,146.0,26.0,133.0,13.0,120.0,2.33,2.55,0.2199999999999997,2.44,0.1099999999999998,2.33,2.0,2.0,0.0,2.0,0.0,2.0,2.0,4.0,2.0,3.0,1.0,2.0,10.0,10.0,0.0,10.0,0.0,10.0,0.0,14.0,14.0,7.0,7.0,0.0,16.0,28.0,12.0,22.0,6.0,16.0,0.0,0.0,0.0,0.0,0.0,0.0,2.0,4.0,2.0,3.0,1.0,2.0,0.0,0.0,0.0,0.0,0.0,0.0,0.0,0.0,0.0,0.0,0.0,0.0,2.0,4.0,2.0,3.0,1.0,2.0,25.92,28.11,2.1899999999999977,27.015,1.0949999999999989,25.92,0.0,0.799,0.799,0.3995,0.3995,0.0,0.0,0.0,0.0,0.0,0.0,0.0,14.0,225.0,211.0,119.5,105.5,14.0,1.9336
PbSe,500,Pb1 Se1,34.0,82.0,48.0,58.0,24.0,34.0,81.0,89.0,8.0,85.0,4.0,81.0,78.96,207.2,128.24,143.07999999999998,64.12,78.96,494.0,600.61,106.61,547.3050000000001,53.30500000000001,494.0,14.0,16.0,2.0,15.0,1.0,14.0,4.0,6.0,2.0,5.0,1.0,4.0,120.0,146.0,26.0,133.0,13.0,120.0,2.33,2.55,0.2199999999999997,2.44,0.1099999999999998,2.33,2.0,2.0,0.0,2.0,0.0,2.0,2.0,4.0,2.0,3.0,1.0,2.0,10.0,10.0,0.0,10.0,0.0,10.0,0.0,14.0,14.0,7.0,7.0,0.0,16.0,28.0,12.0,22.0,6.0,16.0,0.0,0.0,0.0,0.0,0.0,0.0,2.0,4.0,2.0,3.0,1.0,2.0,0.0,0.0,0.0,0.0,0.0,0.0,0.0,0.0,0.0,0.0,0.0,0.0,2.0,4.0,2.0,3.0,1.0,2.0,25.92,28.11,2.1899999999999977,27.015,1.0949999999999989,25.92,0.0,0.799,0.799,0.3995,0.3995,0.0,0.0,0.0,0.0,0.0,0.0,0.0,14.0,225.0,211.0,119.5,105.5,14.0,1.75892
PbSe,600,Pb1 Se1,34.0,82.0,48.0,58.0,24.0,34.0,81.0,89.0,8.0,85.0,4.0,81.0,78.96,207.2,128.24,143.07999999999998,64.12,78.96,494.0,600.61,106.61,547.3050000000001,53.30500000000001,494.0,14.0,16.0,2.0,15.0,1.0,14.0,4.0,6.0,2.0,5.0,1.0,4.0,120.0,146.0,26.0,133.0,13.0,120.0,2.33,2.55,0.2199999999999997,2.44,0.1099999999999998,2.33,2.0,2.0,0.0,2.0,0.0,2.0,2.0,4.0,2.0,3.0,1.0,2.0,10.0,10.0,0.0,10.0,0.0,10.0,0.0,14.0,14.0,7.0,7.0,0.0,16.0,28.0,12.0,22.0,6.0,16.0,0.0,0.0,0.0,0.0,0.0,0.0,2.0,4.0,2.0,3.0,1.0,2.0,0.0,0.0,0.0,0.0,0.0,0.0,0.0,0.0,0.0,0.0,0.0,0.0,2.0,4.0,2.0,3.0,1.0,2.0,25.92,28.11,2.1899999999999977,27.015,1.0949999999999989,25.92,0.0,0.799,0.799,0.3995,0.3995,0.0,0.0,0.0,0.0,0.0,0.0,0.0,14.0,225.0,211.0,119.5,105.5,14.0,1.6891975
PbTe,800,Pb1 Te1,52.0,82.0,30.0,67.0,15.0,52.0,81.0,90.0,9.0,85.5,4.5,81.0,127.6,207.2,79.6,167.39999999999998,39.8,127.6,600.61,722.66,122.04999999999995,661.635,61.02499999999998,600.61,14.0,16.0,2.0,15.0,1.0,14.0,5.0,6.0,1.0,5.5,0.5,5.0,138.0,146.0,8.0,142.0,4.0,138.0,2.1,2.33,0.2299999999999999,2.215,0.1149999999999999,2.1,2.0,2.0,0.0,2.0,0.0,2.0,2.0,4.0,2.0,3.0,1.0,2.0,10.0,10.0,0.0,10.0,0.0,10.0,0.0,14.0,14.0,7.0,7.0,0.0,16.0,28.0,12.0,22.0,6.0,16.0,0.0,0.0,0.0,0.0,0.0,0.0,2.0,4.0,2.0,3.0,1.0,2.0,0.0,0.0,0.0,0.0,0.0,0.0,0.0,0.0,0.0,0.0,0.0,0.0,2.0,4.0,2.0,3.0,1.0,2.0,28.11,34.7633333333,6.653333333299997,31.43666666665,3.3266666666499987,28.11,0.0,0.464,0.464,0.232,0.232,0.0,0.0,0.0,0.0,0.0,0.0,0.0,152.0,225.0,73.0,188.5,36.5,152.0,1.4357919
ZnIn2Se4,800,Zn1 In2 Se4,30.0,49.0,19.0,37.71428571428572,6.448979591836735,34.0,69.0,89.0,20.0,82.14285714285714,7.836734693877552,89.0,65.38,114.818,49.438,87.26514285714286,15.744489795918373,78.96,429.75,692.68,262.92999999999995,504.0257142857143,53.90122448979592,494.0,12.0,16.0,4.0,14.571428571428571,1.6326530612244898,16.0,4.0,5.0,1.0,4.285714285714286,0.4081632653061224,4.0,120.0,142.0,22.0,126.57142857142856,8.816326530612244,120.0,1.65,2.55,0.8999999999999999,2.2014285714285715,0.3983673469387754,2.55,2.0,2.0,0.0,2.0,0.0,2.0,0.0,4.0,4.0,2.571428571428572,1.6326530612244898,4.0,10.0,10.0,0.0,10.0,0.0,10.0,0.0,0.0,0.0,0.0,0.0,0.0,12.0,16.0,4.0,14.571428571428571,1.6326530612244898,16.0,0.0,0.0,0.0,0.0,0.0,0.0,0.0,5.0,5.0,2.571428571428572,1.3877551020408163,2.0,0.0,0.0,0.0,0.0,0.0,0.0,0.0,0.0,0.0,0.0,0.0,0.0,0.0,5.0,5.0,2.571428571428572,1.3877551020408163,2.0,13.96,25.92,11.96,23.73714285714286,2.7934693877551013,25.92,0.0,0.799,0.799,0.4565714285714286,0.3913469387755102,0.799,0.0,0.0,0.0,0.0,0.0,0.0,14.0,194.0,180.0,75.42857142857143,70.20408163265306,14.0,0.7116526
KMgAs,400,K1 Mg1 As1,12.0,33.0,21.0,21.33333333333333,7.777777777777778,12.0,3.0,84.0,81.0,51.66666666666666,32.44444444444445,3.0,24.305,74.9216,50.6166,46.10830000000001,19.20886666666667,24.305,336.53,1090.0,753.47,783.1766666666666,297.76444444444445,336.53,1.0,15.0,14.0,6.0,6.0,1.0,3.0,4.0,1.0,3.6666666666666665,0.4444444444444445,3.0,119.0,203.0,84.0,154.33333333333334,32.44444444444445,119.0,0.82,2.18,1.3600000000000003,1.4366666666666668,0.4955555555555556,0.82,1.0,2.0,1.0,1.6666666666666667,0.4444444444444444,1.0,0.0,3.0,3.0,1.0,1.3333333333333333,0.0,0.0,10.0,10.0,3.333333333333333,4.444444444444444,0.0,0.0,0.0,0.0,0.0,0.0,0.0,1.0,15.0,14.0,6.0,6.0,1.0,0.0,1.0,1.0,0.3333333333333333,0.4444444444444444,0.0,0.0,3.0,3.0,1.0,1.3333333333333333,0.0,0.0,0.0,0.0,0.0,0.0,0.0,0.0,0.0,0.0,0.0,0.0,0.0,0.0,3.0,3.0,1.3333333333333333,1.111111111111111,0.0,22.175,73.1066666667,50.9316666667,39.39055555556666,22.47740740742222,22.175,0.0,0.0,0.0,0.0,0.0,0.0,0.0,0.0,0.0,0.0,0.0,0.0,166.0,229.0,63.0,196.3333333333333,21.777777777777786,166.0,1.545949
KMgAs,500,K1 Mg1 As1,12.0,33.0,21.0,21.33333333333333,7.777777777777778,12.0,3.0,84.0,81.0,51.66666666666666,32.44444444444445,3.0,24.305,74.9216,50.6166,46.10830000000001,19.20886666666667,24.305,336.53,1090.0,753.47,783.1766666666666,297.76444444444445,336.53,1.0,15.0,14.0,6.0,6.0,1.0,3.0,4.0,1.0,3.6666666666666665,0.4444444444444445,3.0,119.0,203.0,84.0,154.33333333333334,32.44444444444445,119.0,0.82,2.18,1.3600000000000003,1.4366666666666668,0.4955555555555556,0.82,1.0,2.0,1.0,1.6666666666666667,0.4444444444444444,1.0,0.0,3.0,3.0,1.0,1.3333333333333333,0.0,0.0,10.0,10.0,3.333333333333333,4.444444444444444,0.0,0.0,0.0,0.0,0.0,0.0,0.0,1.0,15.0,14.0,6.0,6.0,1.0,0.0,1.0,1.0,0.3333333333333333,0.4444444444444444,0.0,0.0,3.0,3.0,1.0,1.3333333333333333,0.0,0.0,0.0,0.0,0.0,0.0,0.0,0.0,0.0,0.0,0.0,0.0,0.0,0.0,3.0,3.0,1.3333333333333333,1.111111111111111,0.0,22.175,73.1066666667,50.9316666667,39.39055555556666,22.47740740742222,22.175,0.0,0.0,0.0,0.0,0.0,0.0,0.0,0.0,0.0,0.0,0.0,0.0,166.0,229.0,63.0,196.3333333333333,21.777777777777786,166.0,1.4902228
KMgAs,600,K1 Mg1 As1,12.0,33.0,21.0,21.33333333333333,7.777777777777778,12.0,3.0,84.0,81.0,51.66666666666666,32.44444444444445,3.0,24.305,74.9216,50.6166,46.10830000000001,19.20886666666667,24.305,336.53,1090.0,753.47,783.1766666666666,297.76444444444445,336.53,1.0,15.0,14.0,6.0,6.0,1.0,3.0,4.0,1.0,3.6666666666666665,0.4444444444444445,3.0,119.0,203.0,84.0,154.33333333333334,32.44444444444445,119.0,0.82,2.18,1.3600000000000003,1.4366666666666668,0.4955555555555556,0.82,1.0,2.0,1.0,1.6666666666666667,0.4444444444444444,1.0,0.0,3.0,3.0,1.0,1.3333333333333333,0.0,0.0,10.0,10.0,3.333333333333333,4.444444444444444,0.0,0.0,0.0,0.0,0.0,0.0,0.0,1.0,15.0,14.0,6.0,6.0,1.0,0.0,1.0,1.0,0.3333333333333333,0.4444444444444444,0.0,0.0,3.0,3.0,1.0,1.3333333333333333,0.0,0.0,0.0,0.0,0.0,0.0,0.0,0.0,0.0,0.0,0.0,0.0,0.0,0.0,3.0,3.0,1.3333333333333333,1.111111111111111,0.0,22.175,73.1066666667,50.9316666667,39.39055555556666,22.47740740742222,22.175,0.0,0.0,0.0,0.0,0.0,0.0,0.0,0.0,0.0,0.0,0.0,0.0,166.0,229.0,63.0,196.3333333333333,21.777777777777786,166.0,1.4508883
KMgSb,500,K1 Mg1 Sb1,12.0,51.0,39.0,27.33333333333333,15.777777777777777,12.0,3.0,85.0,82.0,52.0,32.666666666666664,3.0,24.305,121.76,97.455,61.7211,40.02593333333333,24.305,336.53,923.0,586.47,721.1033333333334,256.3822222222222,336.53,1.0,15.0,14.0,6.0,6.0,1.0,3.0,5.0,2.0,4.0,0.6666666666666666,3.0,139.0,203.0,64.0,161.0,28.0,139.0,0.82,2.05,1.23,1.393333333333333,0.4377777777777776,0.82,1.0,2.0,1.0,1.6666666666666667,0.4444444444444444,1.0,0.0,3.0,3.0,1.0,1.3333333333333333,0.0,0.0,10.0,10.0,3.333333333333333,4.444444444444444,0.0,0.0,0.0,0.0,0.0,0.0,0.0,1.0,15.0,14.0,6.0,6.0,1.0,0.0,1.0,1.0,0.3333333333333333,0.4444444444444444,0.0,0.0,3.0,3.0,1.0,1.3333333333333333,0.0,0.0,0.0,0.0,0.0,0.0,0.0,0.0,0.0,0.0,0.0,0.0,0.0,0.0,3.0,3.0,1.3333333333333333,1.111111111111111,0.0,22.89,73.1066666667,50.21666666669999,42.5188888889,20.391851851866665,22.89,0.0,0.0,0.0,0.0,0.0,0.0,0.0,0.0,0.0,0.0,0.0,0.0,166.0,229.0,63.0,196.3333333333333,21.777777777777786,166.0,1.1447096
KMgAs,700,K1 Mg1 As1,12.0,33.0,21.0,21.33333333333333,7.777777777777778,12.0,3.0,84.0,81.0,51.66666666666666,32.44444444444445,3.0,24.305,74.9216,50.6166,46.10830000000001,19.20886666666667,24.305,336.53,1090.0,753.47,783.1766666666666,297.76444444444445,336.53,1.0,15.0,14.0,6.0,6.0,1.0,3.0,4.0,1.0,3.6666666666666665,0.4444444444444445,3.0,119.0,203.0,84.0,154.33333333333334,32.44444444444445,119.0,0.82,2.18,1.3600000000000003,1.4366666666666668,0.4955555555555556,0.82,1.0,2.0,1.0,1.6666666666666667,0.4444444444444444,1.0,0.0,3.0,3.0,1.0,1.3333333333333333,0.0,0.0,10.0,10.0,3.333333333333333,4.444444444444444,0.0,0.0,0.0,0.0,0.0,0.0,0.0,1.0,15.0,14.0,6.0,6.0,1.0,0.0,1.0,1.0,0.3333333333333333,0.4444444444444444,0.0,0.0,3.0,3.0,1.0,1.3333333333333333,0.0,0.0,0.0,0.0,0.0,0.0,0.0,0.0,0.0,0.0,0.0,0.0,0.0,0.0,3.0,3.0,1.3333333333333333,1.111111111111111,0.0,22.175,73.1066666667,50.9316666667,39.39055555556666,22.47740740742222,22.175,0.0,0.0,0.0,0.0,0.0,0.0,0.0,0.0,0.0,0.0,0.0,0.0,166.0,229.0,63.0,196.3333333333333,21.777777777777786,166.0,1.4347123
KMgSb,300,K1 Mg1 Sb1,12.0,51.0,39.0,27.33333333333333,15.777777777777777,12.0,3.0,85.0,82.0,52.0,32.666666666666664,3.0,24.305,121.76,97.455,61.7211,40.02593333333333,24.305,336.53,923.0,586.47,721.1033333333334,256.3822222222222,336.53,1.0,15.0,14.0,6.0,6.0,1.0,3.0,5.0,2.0,4.0,0.6666666666666666,3.0,139.0,203.0,64.0,161.0,28.0,139.0,0.82,2.05,1.23,1.393333333333333,0.4377777777777776,0.82,1.0,2.0,1.0,1.6666666666666667,0.4444444444444444,1.0,0.0,3.0,3.0,1.0,1.3333333333333333,0.0,0.0,10.0,10.0,3.333333333333333,4.444444444444444,0.0,0.0,0.0,0.0,0.0,0.0,0.0,1.0,15.0,14.0,6.0,6.0,1.0,0.0,1.0,1.0,0.3333333333333333,0.4444444444444444,0.0,0.0,3.0,3.0,1.0,1.3333333333333333,0.0,0.0,0.0,0.0,0.0,0.0,0.0,0.0,0.0,0.0,0.0,0.0,0.0,0.0,3.0,3.0,1.3333333333333333,1.111111111111111,0.0,22.89,73.1066666667,50.21666666669999,42.5188888889,20.391851851866665,22.89,0.0,0.0,0.0,0.0,0.0,0.0,0.0,0.0,0.0,0.0,0.0,0.0,166.0,229.0,63.0,196.3333333333333,21.777777777777786,166.0,1.412438
KMgSb,400,K1 Mg1 Sb1,12.0,51.0,39.0,27.33333333333333,15.777777777777777,12.0,3.0,85.0,82.0,52.0,32.666666666666664,3.0,24.305,121.76,97.455,61.7211,40.02593333333333,24.305,336.53,923.0,586.47,721.1033333333334,256.3822222222222,336.53,1.0,15.0,14.0,6.0,6.0,1.0,3.0,5.0,2.0,4.0,0.6666666666666666,3.0,139.0,203.0,64.0,161.0,28.0,139.0,0.82,2.05,1.23,1.393333333333333,0.4377777777777776,0.82,1.0,2.0,1.0,1.6666666666666667,0.4444444444444444,1.0,0.0,3.0,3.0,1.0,1.3333333333333333,0.0,0.0,10.0,10.0,3.333333333333333,4.444444444444444,0.0,0.0,0.0,0.0,0.0,0.0,0.0,1.0,15.0,14.0,6.0,6.0,1.0,0.0,1.0,1.0,0.3333333333333333,0.4444444444444444,0.0,0.0,3.0,3.0,1.0,1.3333333333333333,0.0,0.0,0.0,0.0,0.0,0.0,0.0,0.0,0.0,0.0,0.0,0.0,0.0,0.0,3.0,3.0,1.3333333333333333,1.111111111111111,0.0,22.89,73.1066666667,50.21666666669999,42.5188888889,20.391851851866665,22.89,0.0,0.0,0.0,0.0,0.0,0.0,0.0,0.0,0.0,0.0,0.0,0.0,166.0,229.0,63.0,196.3333333333333,21.777777777777786,166.0,1.2160311
BiSbS3,300,Bi1 Sb1 S3,16.0,83.0,67.0,36.4,24.48,16.0,85.0,88.0,3.0,87.0,1.2,88.0,32.065,208.9804,176.9154,85.38708,63.98649600000001,32.065,388.36,903.78,515.42,522.6519999999999,161.15039999999996,388.36,15.0,16.0,1.0,15.6,0.4800000000000001,16.0,3.0,6.0,3.0,4.0,1.2,3.0,105.0,148.0,43.0,120.4,18.48,105.0,2.02,2.58,0.56,2.362,0.2616,2.58,2.0,2.0,0.0,2.0,0.0,2.0,3.0,4.0,1.0,3.6,0.48,4.0,0.0,10.0,10.0,4.0,4.8,0.0,0.0,14.0,14.0,2.8,4.48,0.0,6.0,29.0,23.0,12.4,7.6800000000000015,6.0,0.0,0.0,0.0,0.0,0.0,0.0,2.0,3.0,1.0,2.4,0.48,2.0,0.0,0.0,0.0,0.0,0.0,0.0,0.0,0.0,0.0,0.0,0.0,0.0,2.0,3.0,1.0,2.4,0.48,2.0,25.786875,32.95,7.163125000000004,28.374125000000003,3.104700000000002,25.786875,0.0,2.202,2.202,1.3212,1.05696,2.202,0.0,0.0,0.0,0.0,0.0,0.0,12.0,166.0,154.0,77.6,35.36,70.0,1.0788405
BiSbS4,400,Bi1 Sb1 S4,16.0,83.0,67.0,33.0,22.666666666666668,16.0,85.0,88.0,3.0,87.16666666666667,1.1111111111111096,88.0,32.065,208.9804,176.9154,76.50006666666667,59.24675555555556,32.065,388.36,903.78,515.42,500.27,149.2133333333333,388.36,15.0,16.0,1.0,15.666666666666666,0.4444444444444446,16.0,3.0,6.0,3.0,3.8333333333333335,1.1111111111111112,3.0,105.0,148.0,43.0,117.83333333333331,17.11111111111111,105.0,2.02,2.58,0.56,2.398333333333333,0.2422222222222222,2.58,2.0,2.0,0.0,2.0,0.0,2.0,3.0,4.0,1.0,3.6666666666666665,0.4444444444444445,4.0,0.0,10.0,10.0,3.333333333333333,4.444444444444444,0.0,0.0,14.0,14.0,2.333333333333333,3.888888888888889,0.0,6.0,29.0,23.0,11.333333333333334,7.111111111111111,6.0,0.0,0.0,0.0,0.0,0.0,0.0,2.0,3.0,1.0,2.333333333333333,0.4444444444444445,2.0,0.0,0.0,0.0,0.0,0.0,0.0,0.0,0.0,0.0,0.0,0.0,0.0,2.0,3.0,1.0,2.333333333333333,0.4444444444444445,2.0,25.786875,32.95,7.163125000000004,27.942916666666665,2.874722222222223,25.786875,0.0,2.202,2.202,1.468,0.9786666666666668,2.202,0.0,0.0,0.0,0.0,0.0,0.0,12.0,166.0,154.0,76.33333333333333,29.88888888888889,70.0,0.878506
BiSbS5,500,Bi1 Sb1 S5,16.0,83.0,67.0,30.571428571428573,20.816326530612248,16.0,85.0,88.0,3.0,87.28571428571429,1.0204081632653037,88.0,32.065,208.9804,176.9154,70.15220000000001,54.41028571428571,32.065,388.36,903.78,515.42,484.2828571428572,137.0326530612245,388.36,15.0,16.0,1.0,15.714285714285714,0.4081632653061228,16.0,3.0,6.0,3.0,3.7142857142857135,1.020408163265306,3.0,105.0,148.0,43.0,116.0,15.714285714285714,105.0,2.02,2.58,0.56,2.424285714285714,0.2224489795918369,2.58,2.0,2.0,0.0,2.0,0.0,2.0,3.0,4.0,1.0,3.7142857142857135,0.4081632653061224,4.0,0.0,10.0,10.0,2.857142857142857,4.081632653061225,0.0,0.0,14.0,14.0,2.0,3.4285714285714284,0.0,6.0,29.0,23.0,10.571428571428571,6.530612244897959,6.0,0.0,0.0,0.0,0.0,0.0,0.0,2.0,3.0,1.0,2.2857142857142856,0.4081632653061224,2.0,0.0,0.0,0.0,0.0,0.0,0.0,0.0,0.0,0.0,0.0,0.0,0.0,2.0,3.0,1.0,2.2857142857142856,0.4081632653061224,2.0,25.786875,32.95,7.163125000000004,27.63491071428572,2.640051020408164,25.786875,0.0,2.202,2.202,1.5728571428571427,0.8987755102040816,2.202,0.0,0.0,0.0,0.0,0.0,0.0,12.0,166.0,154.0,75.42857142857143,25.877551020408166,70.0,0.88113844
BiSbS6,600,Bi1 Sb1 S6,16.0,83.0,67.0,28.75,19.125,16.0,85.0,88.0,3.0,87.375,0.9375,88.0,32.065,208.9804,176.9154,65.3913,49.989450000000005,32.065,388.36,903.78,515.42,472.2925,125.89874999999996,388.36,15.0,16.0,1.0,15.75,0.375,16.0,3.0,6.0,3.0,3.625,0.9375,3.0,105.0,148.0,43.0,114.625,14.4375,105.0,2.02,2.58,0.56,2.44375,0.204375,2.58,2.0,2.0,0.0,2.0,0.0,2.0,3.0,4.0,1.0,3.75,0.375,4.0,0.0,10.0,10.0,2.5,3.75,0.0,0.0,14.0,14.0,1.75,3.0625,0.0,6.0,29.0,23.0,10.0,6.0,6.0,0.0,0.0,0.0,0.0,0.0,0.0,2.0,3.0,1.0,2.25,0.375,2.0,0.0,0.0,0.0,0.0,0.0,0.0,0.0,0.0,0.0,0.0,0.0,0.0,2.0,3.0,1.0,2.25,0.375,2.0,25.786875,32.95,7.163125000000004,27.40390625,2.4255468750000007,25.786875,0.0,2.202,2.202,1.6515,0.82575,2.202,0.0,0.0,0.0,0.0,0.0,0.0,12.0,166.0,154.0,74.75,22.8125,70.0,0.91558576
CuGaTe2,400,Cu1 Ga1 Te2,29.0,52.0,23.0,41.0,11.0,52.0,64.0,90.0,26.0,79.5,10.5,90.0,63.546,127.6,64.054,97.11725,30.48275,127.6,302.91,1357.77,1054.86,776.5,290.635,722.66,11.0,16.0,5.0,14.0,2.0,16.0,4.0,5.0,1.0,4.5,0.5,5.0,122.0,138.0,16.0,132.5,5.5,138.0,1.81,2.1,0.29,1.9775,0.1225,2.1,1.0,2.0,1.0,1.75,0.375,2.0,0.0,4.0,4.0,2.25,1.75,4.0,10.0,10.0,0.0,10.0,0.0,10.0,0.0,0.0,0.0,0.0,0.0,0.0,11.0,16.0,5.0,14.0,2.0,16.0,0.0,1.0,1.0,0.25,0.375,0.0,0.0,5.0,5.0,2.25,1.375,2.0,0.0,0.0,0.0,0.0,0.0,0.0,0.0,0.0,0.0,0.0,0.0,0.0,1.0,5.0,4.0,2.5,1.25,2.0,11.07,34.7633333333,23.6933333333,24.86354166665,9.899791666649998,34.7633333333,0.0,0.464,0.464,0.232,0.232,0.464,0.0,0.0,0.0,0.0,0.0,0.0,64.0,225.0,161.0,148.25,42.125,152.0,3.399239
CuGaTe2,550,Cu1 Ga1 Te2,29.0,52.0,23.0,41.0,11.0,52.0,64.0,90.0,26.0,79.5,10.5,90.0,63.546,127.6,64.054,97.11725,30.48275,127.6,302.91,1357.77,1054.86,776.5,290.635,722.66,11.0,16.0,5.0,14.0,2.0,16.0,4.0,5.0,1.0,4.5,0.5,5.0,122.0,138.0,16.0,132.5,5.5,138.0,1.81,2.1,0.29,1.9775,0.1225,2.1,1.0,2.0,1.0,1.75,0.375,2.0,0.0,4.0,4.0,2.25,1.75,4.0,10.0,10.0,0.0,10.0,0.0,10.0,0.0,0.0,0.0,0.0,0.0,0.0,11.0,16.0,5.0,14.0,2.0,16.0,0.0,1.0,1.0,0.25,0.375,0.0,0.0,5.0,5.0,2.25,1.375,2.0,0.0,0.0,0.0,0.0,0.0,0.0,0.0,0.0,0.0,0.0,0.0,0.0,1.0,5.0,4.0,2.5,1.25,2.0,11.07,34.7633333333,23.6933333333,24.86354166665,9.899791666649998,34.7633333333,0.0,0.464,0.464,0.232,0.232,0.464,0.0,0.0,0.0,0.0,0.0,0.0,64.0,225.0,161.0,148.25,42.125,152.0,3.1684952
CuGaTe2,350,Cu1 Ga1 Te2,29.0,52.0,23.0,41.0,11.0,52.0,64.0,90.0,26.0,79.5,10.5,90.0,63.546,127.6,64.054,97.11725,30.48275,127.6,302.91,1357.77,1054.86,776.5,290.635,722.66,11.0,16.0,5.0,14.0,2.0,16.0,4.0,5.0,1.0,4.5,0.5,5.0,122.0,138.0,16.0,132.5,5.5,138.0,1.81,2.1,0.29,1.9775,0.1225,2.1,1.0,2.0,1.0,1.75,0.375,2.0,0.0,4.0,4.0,2.25,1.75,4.0,10.0,10.0,0.0,10.0,0.0,10.0,0.0,0.0,0.0,0.0,0.0,0.0,11.0,16.0,5.0,14.0,2.0,16.0,0.0,1.0,1.0,0.25,0.375,0.0,0.0,5.0,5.0,2.25,1.375,2.0,0.0,0.0,0.0,0.0,0.0,0.0,0.0,0.0,0.0,0.0,0.0,0.0,1.0,5.0,4.0,2.5,1.25,2.0,11.07,34.7633333333,23.6933333333,24.86354166665,9.899791666649998,34.7633333333,0.0,0.464,0.464,0.232,0.232,0.464,0.0,0.0,0.0,0.0,0.0,0.0,64.0,225.0,161.0,148.25,42.125,152.0,3.1950674
CuGaTe2,450,Cu1 Ga1 Te2,29.0,52.0,23.0,41.0,11.0,52.0,64.0,90.0,26.0,79.5,10.5,90.0,63.546,127.6,64.054,97.11725,30.48275,127.6,302.91,1357.77,1054.86,776.5,290.635,722.66,11.0,16.0,5.0,14.0,2.0,16.0,4.0,5.0,1.0,4.5,0.5,5.0,122.0,138.0,16.0,132.5,5.5,138.0,1.81,2.1,0.29,1.9775,0.1225,2.1,1.0,2.0,1.0,1.75,0.375,2.0,0.0,4.0,4.0,2.25,1.75,4.0,10.0,10.0,0.0,10.0,0.0,10.0,0.0,0.0,0.0,0.0,0.0,0.0,11.0,16.0,5.0,14.0,2.0,16.0,0.0,1.0,1.0,0.25,0.375,0.0,0.0,5.0,5.0,2.25,1.375,2.0,0.0,0.0,0.0,0.0,0.0,0.0,0.0,0.0,0.0,0.0,0.0,0.0,1.0,5.0,4.0,2.5,1.25,2.0,11.07,34.7633333333,23.6933333333,24.86354166665,9.899791666649998,34.7633333333,0.0,0.464,0.464,0.232,0.232,0.464,0.0,0.0,0.0,0.0,0.0,0.0,64.0,225.0,161.0,148.25,42.125,152.0,3.399239
CuGa0.99Ti0.01Te2,400,Cu1 Ga0.99 Ti0.01 Te2,22.0,52.0,30.0,40.9775,11.0225,52.0,43.0,90.0,47.0,79.4225,10.5775,90.0,47.867,127.6,79.733,97.06261,30.53739,127.6,302.91,1941.0,1638.09,780.595225,294.38941137500007,722.66,4.0,16.0,12.0,13.9775,2.0225,16.0,4.0,5.0,1.0,4.5,0.5,5.0,122.0,160.0,38.0,132.595,5.542025000000001,138.0,1.54,2.1,0.56,1.976825,0.123175,2.1,1.0,2.0,1.0,1.75,0.375,2.0,0.0,4.0,4.0,2.2475,1.7525,4.0,2.0,10.0,8.0,9.98,0.0398999999999995,10.0,0.0,0.0,0.0,0.0,0.0,0.0,4.0,16.0,12.0,13.9775,2.0225,16.0,0.0,1.0,1.0,0.25,0.375,0.0,0.0,5.0,5.0,2.2375,1.3674375,2.0,0.0,8.0,8.0,0.02,0.0399,0.0,0.0,0.0,0.0,0.0,0.0,0.0,1.0,8.0,7.0,2.5075000000000003,1.2612500000000002,2.0,11.07,34.7633333333,23.6933333333,24.85812291665,9.905210416649997,34.7633333333,0.0,0.464,0.464,0.232,0.232,0.464,0.0,2.25333333333e-05,2.25333333333e-05,5.633333333325e-08,1.1238499999983377e-07,0.0,64.0,225.0,161.0,148.575,41.864625,152.0,3.2201989
CuGa0.99Ti0.01Te2,450,Cu1 Ga0.99 Ti0.01 Te2,22.0,52.0,30.0,40.9775,11.0225,52.0,43.0,90.0,47.0,79.4225,10.5775,90.0,47.867,127.6,79.733,97.06261,30.53739,127.6,302.91,1941.0,1638.09,780.595225,294.38941137500007,722.66,4.0,16.0,12.0,13.9775,2.0225,16.0,4.0,5.0,1.0,4.5,0.5,5.0,122.0,160.0,38.0,132.595,5.542025000000001,138.0,1.54,2.1,0.56,1.976825,0.123175,2.1,1.0,2.0,1.0,1.75,0.375,2.0,0.0,4.0,4.0,2.2475,1.7525,4.0,2.0,10.0,8.0,9.98,0.0398999999999995,10.0,0.0,0.0,0.0,0.0,0.0,0.0,4.0,16.0,12.0,13.9775,2.0225,16.0,0.0,1.0,1.0,0.25,0.375,0.0,0.0,5.0,5.0,2.2375,1.3674375,2.0,0.0,8.0,8.0,0.02,0.0399,0.0,0.0,0.0,0.0,0.0,0.0,0.0,1.0,8.0,7.0,2.5075000000000003,1.2612500000000002,2.0,11.07,34.7633333333,23.6933333333,24.85812291665,9.905210416649997,34.7633333333,0.0,0.464,0.464,0.232,0.232,0.464,0.0,2.25333333333e-05,2.25333333333e-05,5.633333333325e-08,1.1238499999983377e-07,0.0,64.0,225.0,161.0,148.575,41.864625,152.0,3.2201989
BaSnS3,375,Ba1 Sn1 S3,16.0,56.0,40.0,30.8,17.76,16.0,9.0,88.0,79.0,70.6,24.640000000000004,88.0,32.065,137.327,105.262,70.4464,46.05768,32.065,388.36,1000.0,611.64,534.0319999999999,186.38719999999995,388.36,2.0,16.0,14.0,12.8,4.319999999999999,16.0,3.0,6.0,3.0,4.0,1.2,3.0,105.0,215.0,110.0,133.8,34.56,105.0,0.89,2.58,1.69,2.118,0.5544,2.58,2.0,2.0,0.0,2.0,0.0,2.0,0.0,4.0,4.0,2.8,1.44,4.0,0.0,10.0,10.0,2.0,3.2,0.0,0.0,0.0,0.0,0.0,0.0,0.0,2.0,14.0,12.0,6.8,2.88,6.0,0.0,0.0,0.0,0.0,0.0,0.0,0.0,4.0,4.0,2.0,0.8,2.0,0.0,0.0,0.0,0.0,0.0,0.0,0.0,0.0,0.0,0.0,0.0,0.0,0.0,4.0,4.0,2.0,0.8,2.0,25.786875,63.59,37.80312500000001,34.847125,11.49715,25.786875,0.0,2.202,2.202,1.3212,1.05696,2.202,0.0,0.0,0.0,0.0,0.0,0.0,70.0,229.0,159.0,116.0,55.2,70.0,2.0137331
CuGa0.97Ti0.03Te2,650,Cu1 Ga0.97 Ti0.03 Te2,22.0,52.0,30.0,40.9325,11.0675,52.0,43.0,90.0,47.0,79.2675,10.732499999999998,90.0,47.867,127.6,79.733,96.95333,30.64667,127.6,302.91,1941.0,1638.09,788.785675,301.775377375,722.66,4.0,16.0,12.0,13.9325,2.0675,16.0,4.0,5.0,1.0,4.5,0.5,5.0,122.0,160.0,38.0,132.785,5.623225,138.0,1.54,2.1,0.56,1.975475,0.124525,2.1,1.0,2.0,1.0,1.75,0.375,2.0,0.0,4.0,4.0,2.2425,1.7574999999999998,4.0,2.0,10.0,8.0,9.94,0.1191000000000004,10.0,0.0,0.0,0.0,0.0,0.0,0.0,4.0,16.0,12.0,13.9325,2.0675,16.0,0.0,1.0,1.0,0.25,0.375,0.0,0.0,5.0,5.0,2.2125,1.3519375,2.0,0.0,8.0,8.0,0.06,0.1191,0.0,0.0,0.0,0.0,0.0,0.0,0.0,1.0,8.0,7.0,2.5225,1.28375,2.0,11.07,34.7633333333,23.6933333333,24.84728541665,9.916047916649998,34.7633333333,0.0,0.464,0.464,0.232,0.232,0.464,0.0,2.25333333333e-05,2.25333333333e-05,1.6899999999975e-07,3.3546499999950374e-07,0.0,64.0,225.0,161.0,149.225,41.334125,152.0,3.061999
CuGa0.99Ti0.01Te2,500,Cu1 Ga0.99 Ti0.01 Te2,22.0,52.0,30.0,40.9775,11.0225,52.0,43.0,90.0,47.0,79.4225,10.5775,90.0,47.867,127.6,79.733,97.06261,30.53739,127.6,302.91,1941.0,1638.09,780.595225,294.38941137500007,722.66,4.0,16.0,12.0,13.9775,2.0225,16.0,4.0,5.0,1.0,4.5,0.5,5.0,122.0,160.0,38.0,132.595,5.542025000000001,138.0,1.54,2.1,0.56,1.976825,0.123175,2.1,1.0,2.0,1.0,1.75,0.375,2.0,0.0,4.0,4.0,2.2475,1.7525,4.0,2.0,10.0,8.0,9.98,0.0398999999999995,10.0,0.0,0.0,0.0,0.0,0.0,0.0,4.0,16.0,12.0,13.9775,2.0225,16.0,0.0,1.0,1.0,0.25,0.375,0.0,0.0,5.0,5.0,2.2375,1.3674375,2.0,0.0,8.0,8.0,0.02,0.0399,0.0,0.0,0.0,0.0,0.0,0.0,0.0,1.0,8.0,7.0,2.5075000000000003,1.2612500000000002,2.0,11.07,34.7633333333,23.6933333333,24.85812291665,9.905210416649997,34.7633333333,0.0,0.464,0.464,0.232,0.232,0.464,0.0,2.25333333333e-05,2.25333333333e-05,5.633333333325e-08,1.1238499999983377e-07,0.0,64.0,225.0,161.0,148.575,41.864625,152.0,3.1229448
CuGa0.95Ti0.05Te2,400,Cu1 Ga0.95 Ti0.05 Te2,22.0,52.0,30.0,40.8875,11.1125,52.0,43.0,90.0,47.0,79.11250000000001,10.8875,90.0,47.867,127.6,79.733,96.84405,30.75595,127.6,302.91,1941.0,1638.09,796.9761249999999,308.997534375,722.66,4.0,16.0,12.0,13.8875,2.1125,16.0,4.0,5.0,1.0,4.5,0.5,5.0,122.0,160.0,38.0,132.975,5.7006250000000005,138.0,1.54,2.1,0.56,1.974125,0.125875,2.1,1.0,2.0,1.0,1.75,0.375,2.0,0.0,4.0,4.0,2.2375,1.7625,4.0,2.0,10.0,8.0,9.9,0.1974999999999996,10.0,0.0,0.0,0.0,0.0,0.0,0.0,4.0,16.0,12.0,13.8875,2.1125,16.0,0.0,1.0,1.0,0.25,0.375,0.0,0.0,5.0,5.0,2.1875,1.3359375,2.0,0.0,8.0,8.0,0.1,0.1975,0.0,0.0,0.0,0.0,0.0,0.0,0.0,1.0,8.0,7.0,2.5375,1.30625,2.0,11.07,34.7633333333,23.6933333333,24.83644791665,9.926885416649998,34.7633333333,0.0,0.464,0.464,0.232,0.232,0.464,0.0,2.25333333333e-05,2.25333333333e-05,2.8166666666625e-07,5.562916666658437e-07,0.0,64.0,225.0,161.0,149.875,40.790625000000006,152.0,3.4168005
CuGa0.97Ti0.03Te2,600,Cu1 Ga0.97 Ti0.03 Te2,22.0,52.0,30.0,40.9325,11.0675,52.0,43.0,90.0,47.0,79.2675,10.732499999999998,90.0,47.867,127.6,79.733,96.95333,30.64667,127.6,302.91,1941.0,1638.09,788.785675,301.775377375,722.66,4.0,16.0,12.0,13.9325,2.0675,16.0,4.0,5.0,1.0,4.5,0.5,5.0,122.0,160.0,38.0,132.785,5.623225,138.0,1.54,2.1,0.56,1.975475,0.124525,2.1,1.0,2.0,1.0,1.75,0.375,2.0,0.0,4.0,4.0,2.2425,1.7574999999999998,4.0,2.0,10.0,8.0,9.94,0.1191000000000004,10.0,0.0,0.0,0.0,0.0,0.0,0.0,4.0,16.0,12.0,13.9325,2.0675,16.0,0.0,1.0,1.0,0.25,0.375,0.0,0.0,5.0,5.0,2.2125,1.3519375,2.0,0.0,8.0,8.0,0.06,0.1191,0.0,0.0,0.0,0.0,0.0,0.0,0.0,1.0,8.0,7.0,2.5225,1.28375,2.0,11.07,34.7633333333,23.6933333333,24.84728541665,9.916047916649998,34.7633333333,0.0,0.464,0.464,0.232,0.232,0.464,0.0,2.25333333333e-05,2.25333333333e-05,1.6899999999975e-07,3.3546499999950374e-07,0.0,64.0,225.0,161.0,149.225,41.334125,152.0,3.061999
CuGa0.97Ti0.03Te2,500,Cu1 Ga0.97 Ti0.03 Te2,22.0,52.0,30.0,40.9325,11.0675,52.0,43.0,90.0,47.0,79.2675,10.732499999999998,90.0,47.867,127.6,79.733,96.95333,30.64667,127.6,302.91,1941.0,1638.09,788.785675,301.775377375,722.66,4.0,16.0,12.0,13.9325,2.0675,16.0,4.0,5.0,1.0,4.5,0.5,5.0,122.0,160.0,38.0,132.785,5.623225,138.0,1.54,2.1,0.56,1.975475,0.124525,2.1,1.0,2.0,1.0,1.75,0.375,2.0,0.0,4.0,4.0,2.2425,1.7574999999999998,4.0,2.0,10.0,8.0,9.94,0.1191000000000004,10.0,0.0,0.0,0.0,0.0,0.0,0.0,4.0,16.0,12.0,13.9325,2.0675,16.0,0.0,1.0,1.0,0.25,0.375,0.0,0.0,5.0,5.0,2.2125,1.3519375,2.0,0.0,8.0,8.0,0.06,0.1191,0.0,0.0,0.0,0.0,0.0,0.0,0.0,1.0,8.0,7.0,2.5225,1.28375,2.0,11.07,34.7633333333,23.6933333333,24.84728541665,9.916047916649998,34.7633333333,0.0,0.464,0.464,0.232,0.232,0.464,0.0,2.25333333333e-05,2.25333333333e-05,1.6899999999975e-07,3.3546499999950374e-07,0.0,64.0,225.0,161.0,149.225,41.334125,152.0,3.1229448
CuGa0.97Ti0.03Te2,550,Cu1 Ga0.97 Ti0.03 Te2,22.0,52.0,30.0,40.9325,11.0675,52.0,43.0,90.0,47.0,79.2675,10.732499999999998,90.0,47.867,127.6,79.733,96.95333,30.64667,127.6,302.91,1941.0,1638.09,788.785675,301.775377375,722.66,4.0,16.0,12.0,13.9325,2.0675,16.0,4.0,5.0,1.0,4.5,0.5,5.0,122.0,160.0,38.0,132.785,5.623225,138.0,1.54,2.1,0.56,1.975475,0.124525,2.1,1.0,2.0,1.0,1.75,0.375,2.0,0.0,4.0,4.0,2.2425,1.7574999999999998,4.0,2.0,10.0,8.0,9.94,0.1191000000000004,10.0,0.0,0.0,0.0,0.0,0.0,0.0,4.0,16.0,12.0,13.9325,2.0675,16.0,0.0,1.0,1.0,0.25,0.375,0.0,0.0,5.0,5.0,2.2125,1.3519375,2.0,0.0,8.0,8.0,0.06,0.1191,0.0,0.0,0.0,0.0,0.0,0.0,0.0,1.0,8.0,7.0,2.5225,1.28375,2.0,11.07,34.7633333333,23.6933333333,24.84728541665,9.916047916649998,34.7633333333,0.0,0.464,0.464,0.232,0.232,0.464,0.0,2.25333333333e-05,2.25333333333e-05,1.6899999999975e-07,3.3546499999950374e-07,0.0,64.0,225.0,161.0,149.225,41.334125,152.0,3.1229448
CuGa0.95Ti0.05Te2,450,Cu1 Ga0.95 Ti0.05 Te2,22.0,52.0,30.0,40.8875,11.1125,52.0,43.0,90.0,47.0,79.11250000000001,10.8875,90.0,47.867,127.6,79.733,96.84405,30.75595,127.6,302.91,1941.0,1638.09,796.9761249999999,308.997534375,722.66,4.0,16.0,12.0,13.8875,2.1125,16.0,4.0,5.0,1.0,4.5,0.5,5.0,122.0,160.0,38.0,132.975,5.7006250000000005,138.0,1.54,2.1,0.56,1.974125,0.125875,2.1,1.0,2.0,1.0,1.75,0.375,2.0,0.0,4.0,4.0,2.2375,1.7625,4.0,2.0,10.0,8.0,9.9,0.1974999999999996,10.0,0.0,0.0,0.0,0.0,0.0,0.0,4.0,16.0,12.0,13.8875,2.1125,16.0,0.0,1.0,1.0,0.25,0.375,0.0,0.0,5.0,5.0,2.1875,1.3359375,2.0,0.0,8.0,8.0,0.1,0.1975,0.0,0.0,0.0,0.0,0.0,0.0,0.0,1.0,8.0,7.0,2.5375,1.30625,2.0,11.07,34.7633333333,23.6933333333,24.83644791665,9.926885416649998,34.7633333333,0.0,0.464,0.464,0.232,0.232,0.464,0.0,2.25333333333e-05,2.25333333333e-05,2.8166666666625e-07,5.562916666658437e-07,0.0,64.0,225.0,161.0,149.875,40.790625000000006,152.0,3.4168005
CuGa0.95Ti0.05Te2,500,Cu1 Ga0.95 Ti0.05 Te2,22.0,52.0,30.0,40.8875,11.1125,52.0,43.0,90.0,47.0,79.11250000000001,10.8875,90.0,47.867,127.6,79.733,96.84405,30.75595,127.6,302.91,1941.0,1638.09,796.9761249999999,308.997534375,722.66,4.0,16.0,12.0,13.8875,2.1125,16.0,4.0,5.0,1.0,4.5,0.5,5.0,122.0,160.0,38.0,132.975,5.7006250000000005,138.0,1.54,2.1,0.56,1.974125,0.125875,2.1,1.0,2.0,1.0,1.75,0.375,2.0,0.0,4.0,4.0,2.2375,1.7625,4.0,2.0,10.0,8.0,9.9,0.1974999999999996,10.0,0.0,0.0,0.0,0.0,0.0,0.0,4.0,16.0,12.0,13.8875,2.1125,16.0,0.0,1.0,1.0,0.25,0.375,0.0,0.0,5.0,5.0,2.1875,1.3359375,2.0,0.0,8.0,8.0,0.1,0.1975,0.0,0.0,0.0,0.0,0.0,0.0,0.0,1.0,8.0,7.0,2.5375,1.30625,2.0,11.07,34.7633333333,23.6933333333,24.83644791665,9.926885416649998,34.7633333333,0.0,0.464,0.464,0.232,0.232,0.464,0.0,2.25333333333e-05,2.25333333333e-05,2.8166666666625e-07,5.562916666658437e-07,0.0,64.0,225.0,161.0,149.875,40.790625000000006,152.0,3.2959309
BaSnS3,300,Ba1 Sn1 S3,16.0,56.0,40.0,30.8,17.76,16.0,9.0,88.0,79.0,70.6,24.640000000000004,88.0,32.065,137.327,105.262,70.4464,46.05768,32.065,388.36,1000.0,611.64,534.0319999999999,186.38719999999995,388.36,2.0,16.0,14.0,12.8,4.319999999999999,16.0,3.0,6.0,3.0,4.0,1.2,3.0,105.0,215.0,110.0,133.8,34.56,105.0,0.89,2.58,1.69,2.118,0.5544,2.58,2.0,2.0,0.0,2.0,0.0,2.0,0.0,4.0,4.0,2.8,1.44,4.0,0.0,10.0,10.0,2.0,3.2,0.0,0.0,0.0,0.0,0.0,0.0,0.0,2.0,14.0,12.0,6.8,2.88,6.0,0.0,0.0,0.0,0.0,0.0,0.0,0.0,4.0,4.0,2.0,0.8,2.0,0.0,0.0,0.0,0.0,0.0,0.0,0.0,0.0,0.0,0.0,0.0,0.0,0.0,4.0,4.0,2.0,0.8,2.0,25.786875,63.59,37.80312500000001,34.847125,11.49715,25.786875,0.0,2.202,2.202,1.3212,1.05696,2.202,0.0,0.0,0.0,0.0,0.0,0.0,70.0,229.0,159.0,116.0,55.2,70.0,2.0137331
BaSnS3,450,Ba1 Sn1 S3,16.0,56.0,40.0,30.8,17.76,16.0,9.0,88.0,79.0,70.6,24.640000000000004,88.0,32.065,137.327,105.262,70.4464,46.05768,32.065,388.36,1000.0,611.64,534.0319999999999,186.38719999999995,388.36,2.0,16.0,14.0,12.8,4.319999999999999,16.0,3.0,6.0,3.0,4.0,1.2,3.0,105.0,215.0,110.0,133.8,34.56,105.0,0.89,2.58,1.69,2.118,0.5544,2.58,2.0,2.0,0.0,2.0,0.0,2.0,0.0,4.0,4.0,2.8,1.44,4.0,0.0,10.0,10.0,2.0,3.2,0.0,0.0,0.0,0.0,0.0,0.0,0.0,2.0,14.0,12.0,6.8,2.88,6.0,0.0,0.0,0.0,0.0,0.0,0.0,0.0,4.0,4.0,2.0,0.8,2.0,0.0,0.0,0.0,0.0,0.0,0.0,0.0,0.0,0.0,0.0,0.0,0.0,0.0,4.0,4.0,2.0,0.8,2.0,25.786875,63.59,37.80312500000001,34.847125,11.49715,25.786875,0.0,2.202,2.202,1.3212,1.05696,2.202,0.0,0.0,0.0,0.0,0.0,0.0,70.0,229.0,159.0,116.0,55.2,70.0,1.6545899
CuGa0.97Ti0.03Te2,450,Cu1 Ga0.97 Ti0.03 Te2,22.0,52.0,30.0,40.9325,11.0675,52.0,43.0,90.0,47.0,79.2675,10.732499999999998,90.0,47.867,127.6,79.733,96.95333,30.64667,127.6,302.91,1941.0,1638.09,788.785675,301.775377375,722.66,4.0,16.0,12.0,13.9325,2.0675,16.0,4.0,5.0,1.0,4.5,0.5,5.0,122.0,160.0,38.0,132.785,5.623225,138.0,1.54,2.1,0.56,1.975475,0.124525,2.1,1.0,2.0,1.0,1.75,0.375,2.0,0.0,4.0,4.0,2.2425,1.7574999999999998,4.0,2.0,10.0,8.0,9.94,0.1191000000000004,10.0,0.0,0.0,0.0,0.0,0.0,0.0,4.0,16.0,12.0,13.9325,2.0675,16.0,0.0,1.0,1.0,0.25,0.375,0.0,0.0,5.0,5.0,2.2125,1.3519375,2.0,0.0,8.0,8.0,0.06,0.1191,0.0,0.0,0.0,0.0,0.0,0.0,0.0,1.0,8.0,7.0,2.5225,1.28375,2.0,11.07,34.7633333333,23.6933333333,24.84728541665,9.916047916649998,34.7633333333,0.0,0.464,0.464,0.232,0.232,0.464,0.0,2.25333333333e-05,2.25333333333e-05,1.6899999999975e-07,3.3546499999950374e-07,0.0,64.0,225.0,161.0,149.225,41.334125,152.0,3.2201989
BaSnS3,525,Ba1 Sn1 S3,16.0,56.0,40.0,30.8,17.76,16.0,9.0,88.0,79.0,70.6,24.640000000000004,88.0,32.065,137.327,105.262,70.4464,46.05768,32.065,388.36,1000.0,611.64,534.0319999999999,186.38719999999995,388.36,2.0,16.0,14.0,12.8,4.319999999999999,16.0,3.0,6.0,3.0,4.0,1.2,3.0,105.0,215.0,110.0,133.8,34.56,105.0,0.89,2.58,1.69,2.118,0.5544,2.58,2.0,2.0,0.0,2.0,0.0,2.0,0.0,4.0,4.0,2.8,1.44,4.0,0.0,10.0,10.0,2.0,3.2,0.0,0.0,0.0,0.0,0.0,0.0,0.0,2.0,14.0,12.0,6.8,2.88,6.0,0.0,0.0,0.0,0.0,0.0,0.0,0.0,4.0,4.0,2.0,0.8,2.0,0.0,0.0,0.0,0.0,0.0,0.0,0.0,0.0,0.0,0.0,0.0,0.0,0.0,4.0,4.0,2.0,0.8,2.0,25.786875,63.59,37.80312500000001,34.847125,11.49715,25.786875,0.0,2.202,2.202,1.3212,1.05696,2.202,0.0,0.0,0.0,0.0,0.0,0.0,70.0,229.0,159.0,116.0,55.2,70.0,1.5048193
BaSnS3,600,Ba1 Sn1 S3,16.0,56.0,40.0,30.8,17.76,16.0,9.0,88.0,79.0,70.6,24.640000000000004,88.0,32.065,137.327,105.262,70.4464,46.05768,32.065,388.36,1000.0,611.64,534.0319999999999,186.38719999999995,388.36,2.0,16.0,14.0,12.8,4.319999999999999,16.0,3.0,6.0,3.0,4.0,1.2,3.0,105.0,215.0,110.0,133.8,34.56,105.0,0.89,2.58,1.69,2.118,0.5544,2.58,2.0,2.0,0.0,2.0,0.0,2.0,0.0,4.0,4.0,2.8,1.44,4.0,0.0,10.0,10.0,2.0,3.2,0.0,0.0,0.0,0.0,0.0,0.0,0.0,2.0,14.0,12.0,6.8,2.88,6.0,0.0,0.0,0.0,0.0,0.0,0.0,0.0,4.0,4.0,2.0,0.8,2.0,0.0,0.0,0.0,0.0,0.0,0.0,0.0,0.0,0.0,0.0,0.0,0.0,0.0,4.0,4.0,2.0,0.8,2.0,25.786875,63.59,37.80312500000001,34.847125,11.49715,25.786875,0.0,2.202,2.202,1.3212,1.05696,2.202,0.0,0.0,0.0,0.0,0.0,0.0,70.0,229.0,159.0,116.0,55.2,70.0,1.4647686
BaSnS3,675,Ba1 Sn1 S3,16.0,56.0,40.0,30.8,17.76,16.0,9.0,88.0,79.0,70.6,24.640000000000004,88.0,32.065,137.327,105.262,70.4464,46.05768,32.065,388.36,1000.0,611.64,534.0319999999999,186.38719999999995,388.36,2.0,16.0,14.0,12.8,4.319999999999999,16.0,3.0,6.0,3.0,4.0,1.2,3.0,105.0,215.0,110.0,133.8,34.56,105.0,0.89,2.58,1.69,2.118,0.5544,2.58,2.0,2.0,0.0,2.0,0.0,2.0,0.0,4.0,4.0,2.8,1.44,4.0,0.0,10.0,10.0,2.0,3.2,0.0,0.0,0.0,0.0,0.0,0.0,0.0,2.0,14.0,12.0,6.8,2.88,6.0,0.0,0.0,0.0,0.0,0.0,0.0,0.0,4.0,4.0,2.0,0.8,2.0,0.0,0.0,0.0,0.0,0.0,0.0,0.0,0.0,0.0,0.0,0.0,0.0,0.0,4.0,4.0,2.0,0.8,2.0,25.786875,63.59,37.80312500000001,34.847125,11.49715,25.786875,0.0,2.202,2.202,1.3212,1.05696,2.202,0.0,0.0,0.0,0.0,0.0,0.0,70.0,229.0,159.0,116.0,55.2,70.0,1.4647686
SrSnS3,375,Sr1 Sn1 S3,16.0,50.0,34.0,27.2,13.439999999999998,16.0,8.0,88.0,80.0,70.4,24.96,88.0,32.065,118.71,86.645,60.505,34.128,32.065,388.36,1050.0,661.64,544.0319999999999,202.38719999999995,388.36,2.0,16.0,14.0,12.8,4.319999999999999,16.0,3.0,5.0,2.0,3.8,0.96,3.0,105.0,195.0,90.0,129.8,29.76,105.0,0.95,2.58,1.63,2.13,0.54,2.58,2.0,2.0,0.0,2.0,0.0,2.0,0.0,4.0,4.0,2.8,1.44,4.0,0.0,10.0,10.0,2.0,3.2,0.0,0.0,0.0,0.0,0.0,0.0,0.0,2.0,14.0,12.0,6.8,2.88,6.0,0.0,0.0,0.0,0.0,0.0,0.0,0.0,4.0,4.0,2.0,0.8,2.0,0.0,0.0,0.0,0.0,0.0,0.0,0.0,0.0,0.0,0.0,0.0,0.0,0.0,4.0,4.0,2.0,0.8,2.0,25.786875,54.23,28.443125,32.975125,8.625899999999998,25.786875,0.0,2.202,2.202,1.3212,1.05696,2.202,0.0,0.0,0.0,0.0,0.0,0.0,70.0,225.0,155.0,115.2,54.24000000000001,70.0,1.7426603
BaSnS3,750,Ba1 Sn1 S3,16.0,56.0,40.0,30.8,17.76,16.0,9.0,88.0,79.0,70.6,24.640000000000004,88.0,32.065,137.327,105.262,70.4464,46.05768,32.065,388.36,1000.0,611.64,534.0319999999999,186.38719999999995,388.36,2.0,16.0,14.0,12.8,4.319999999999999,16.0,3.0,6.0,3.0,4.0,1.2,3.0,105.0,215.0,110.0,133.8,34.56,105.0,0.89,2.58,1.69,2.118,0.5544,2.58,2.0,2.0,0.0,2.0,0.0,2.0,0.0,4.0,4.0,2.8,1.44,4.0,0.0,10.0,10.0,2.0,3.2,0.0,0.0,0.0,0.0,0.0,0.0,0.0,2.0,14.0,12.0,6.8,2.88,6.0,0.0,0.0,0.0,0.0,0.0,0.0,0.0,4.0,4.0,2.0,0.8,2.0,0.0,0.0,0.0,0.0,0.0,0.0,0.0,0.0,0.0,0.0,0.0,0.0,0.0,4.0,4.0,2.0,0.8,2.0,25.786875,63.59,37.80312500000001,34.847125,11.49715,25.786875,0.0,2.202,2.202,1.3212,1.05696,2.202,0.0,0.0,0.0,0.0,0.0,0.0,70.0,229.0,159.0,116.0,55.2,70.0,1.4485927
SrSnS3,450,Sr1 Sn1 S3,16.0,50.0,34.0,27.2,13.439999999999998,16.0,8.0,88.0,80.0,70.4,24.96,88.0,32.065,118.71,86.645,60.505,34.128,32.065,388.36,1050.0,661.64,544.0319999999999,202.38719999999995,388.36,2.0,16.0,14.0,12.8,4.319999999999999,16.0,3.0,5.0,2.0,3.8,0.96,3.0,105.0,195.0,90.0,129.8,29.76,105.0,0.95,2.58,1.63,2.13,0.54,2.58,2.0,2.0,0.0,2.0,0.0,2.0,0.0,4.0,4.0,2.8,1.44,4.0,0.0,10.0,10.0,2.0,3.2,0.0,0.0,0.0,0.0,0.0,0.0,0.0,2.0,14.0,12.0,6.8,2.88,6.0,0.0,0.0,0.0,0.0,0.0,0.0,0.0,4.0,4.0,2.0,0.8,2.0,0.0,0.0,0.0,0.0,0.0,0.0,0.0,0.0,0.0,0.0,0.0,0.0,0.0,4.0,4.0,2.0,0.8,2.0,25.786875,54.23,28.443125,32.975125,8.625899999999998,25.786875,0.0,2.202,2.202,1.3212,1.05696,2.202,0.0,0.0,0.0,0.0,0.0,0.0,70.0,225.0,155.0,115.2,54.24000000000001,70.0,1.3965503
SrSnS3,525,Sr1 Sn1 S3,16.0,50.0,34.0,27.2,13.439999999999998,16.0,8.0,88.0,80.0,70.4,24.96,88.0,32.065,118.71,86.645,60.505,34.128,32.065,388.36,1050.0,661.64,544.0319999999999,202.38719999999995,388.36,2.0,16.0,14.0,12.8,4.319999999999999,16.0,3.0,5.0,2.0,3.8,0.96,3.0,105.0,195.0,90.0,129.8,29.76,105.0,0.95,2.58,1.63,2.13,0.54,2.58,2.0,2.0,0.0,2.0,0.0,2.0,0.0,4.0,4.0,2.8,1.44,4.0,0.0,10.0,10.0,2.0,3.2,0.0,0.0,0.0,0.0,0.0,0.0,0.0,2.0,14.0,12.0,6.8,2.88,6.0,0.0,0.0,0.0,0.0,0.0,0.0,0.0,4.0,4.0,2.0,0.8,2.0,0.0,0.0,0.0,0.0,0.0,0.0,0.0,0.0,0.0,0.0,0.0,0.0,0.0,4.0,4.0,2.0,0.8,2.0,25.786875,54.23,28.443125,32.975125,8.625899999999998,25.786875,0.0,2.202,2.202,1.3212,1.05696,2.202,0.0,0.0,0.0,0.0,0.0,0.0,70.0,225.0,155.0,115.2,54.24000000000001,70.0,1.2957344
SrSnS3,600,Sr1 Sn1 S3,16.0,50.0,34.0,27.2,13.439999999999998,16.0,8.0,88.0,80.0,70.4,24.96,88.0,32.065,118.71,86.645,60.505,34.128,32.065,388.36,1050.0,661.64,544.0319999999999,202.38719999999995,388.36,2.0,16.0,14.0,12.8,4.319999999999999,16.0,3.0,5.0,2.0,3.8,0.96,3.0,105.0,195.0,90.0,129.8,29.76,105.0,0.95,2.58,1.63,2.13,0.54,2.58,2.0,2.0,0.0,2.0,0.0,2.0,0.0,4.0,4.0,2.8,1.44,4.0,0.0,10.0,10.0,2.0,3.2,0.0,0.0,0.0,0.0,0.0,0.0,0.0,2.0,14.0,12.0,6.8,2.88,6.0,0.0,0.0,0.0,0.0,0.0,0.0,0.0,4.0,4.0,2.0,0.8,2.0,0.0,0.0,0.0,0.0,0.0,0.0,0.0,0.0,0.0,0.0,0.0,0.0,0.0,4.0,4.0,2.0,0.8,2.0,25.786875,54.23,28.443125,32.975125,8.625899999999998,25.786875,0.0,2.202,2.202,1.3212,1.05696,2.202,0.0,0.0,0.0,0.0,0.0,0.0,70.0,225.0,155.0,115.2,54.24000000000001,70.0,1.2556838
SrSnS3,675,Sr1 Sn1 S3,16.0,50.0,34.0,27.2,13.439999999999998,16.0,8.0,88.0,80.0,70.4,24.96,88.0,32.065,118.71,86.645,60.505,34.128,32.065,388.36,1050.0,661.64,544.0319999999999,202.38719999999995,388.36,2.0,16.0,14.0,12.8,4.319999999999999,16.0,3.0,5.0,2.0,3.8,0.96,3.0,105.0,195.0,90.0,129.8,29.76,105.0,0.95,2.58,1.63,2.13,0.54,2.58,2.0,2.0,0.0,2.0,0.0,2.0,0.0,4.0,4.0,2.8,1.44,4.0,0.0,10.0,10.0,2.0,3.2,0.0,0.0,0.0,0.0,0.0,0.0,0.0,2.0,14.0,12.0,6.8,2.88,6.0,0.0,0.0,0.0,0.0,0.0,0.0,0.0,4.0,4.0,2.0,0.8,2.0,0.0,0.0,0.0,0.0,0.0,0.0,0.0,0.0,0.0,0.0,0.0,0.0,0.0,4.0,4.0,2.0,0.8,2.0,25.786875,54.23,28.443125,32.975125,8.625899999999998,25.786875,0.0,2.202,2.202,1.3212,1.05696,2.202,0.0,0.0,0.0,0.0,0.0,0.0,70.0,225.0,155.0,115.2,54.24000000000001,70.0,1.2556838
BaSnS3,900,Ba1 Sn1 S3,16.0,56.0,40.0,30.8,17.76,16.0,9.0,88.0,79.0,70.6,24.640000000000004,88.0,32.065,137.327,105.262,70.4464,46.05768,32.065,388.36,1000.0,611.64,534.0319999999999,186.38719999999995,388.36,2.0,16.0,14.0,12.8,4.319999999999999,16.0,3.0,6.0,3.0,4.0,1.2,3.0,105.0,215.0,110.0,133.8,34.56,105.0,0.89,2.58,1.69,2.118,0.5544,2.58,2.0,2.0,0.0,2.0,0.0,2.0,0.0,4.0,4.0,2.8,1.44,4.0,0.0,10.0,10.0,2.0,3.2,0.0,0.0,0.0,0.0,0.0,0.0,0.0,2.0,14.0,12.0,6.8,2.88,6.0,0.0,0.0,0.0,0.0,0.0,0.0,0.0,4.0,4.0,2.0,0.8,2.0,0.0,0.0,0.0,0.0,0.0,0.0,0.0,0.0,0.0,0.0,0.0,0.0,0.0,4.0,4.0,2.0,0.8,2.0,25.786875,63.59,37.80312500000001,34.847125,11.49715,25.786875,0.0,2.202,2.202,1.3212,1.05696,2.202,0.0,0.0,0.0,0.0,0.0,0.0,70.0,229.0,159.0,116.0,55.2,70.0,1.4349954
SrSnS3,750,Sr1 Sn1 S3,16.0,50.0,34.0,27.2,13.439999999999998,16.0,8.0,88.0,80.0,70.4,24.96,88.0,32.065,118.71,86.645,60.505,34.128,32.065,388.36,1050.0,661.64,544.0319999999999,202.38719999999995,388.36,2.0,16.0,14.0,12.8,4.319999999999999,16.0,3.0,5.0,2.0,3.8,0.96,3.0,105.0,195.0,90.0,129.8,29.76,105.0,0.95,2.58,1.63,2.13,0.54,2.58,2.0,2.0,0.0,2.0,0.0,2.0,0.0,4.0,4.0,2.8,1.44,4.0,0.0,10.0,10.0,2.0,3.2,0.0,0.0,0.0,0.0,0.0,0.0,0.0,2.0,14.0,12.0,6.8,2.88,6.0,0.0,0.0,0.0,0.0,0.0,0.0,0.0,4.0,4.0,2.0,0.8,2.0,0.0,0.0,0.0,0.0,0.0,0.0,0.0,0.0,0.0,0.0,0.0,0.0,0.0,4.0,4.0,2.0,0.8,2.0,25.786875,54.23,28.443125,32.975125,8.625899999999998,25.786875,0.0,2.202,2.202,1.3212,1.05696,2.202,0.0,0.0,0.0,0.0,0.0,0.0,70.0,225.0,155.0,115.2,54.24000000000001,70.0,1.2395078
SrSnS3,825,Sr1 Sn1 S3,16.0,50.0,34.0,27.2,13.439999999999998,16.0,8.0,88.0,80.0,70.4,24.96,88.0,32.065,118.71,86.645,60.505,34.128,32.065,388.36,1050.0,661.64,544.0319999999999,202.38719999999995,388.36,2.0,16.0,14.0,12.8,4.319999999999999,16.0,3.0,5.0,2.0,3.8,0.96,3.0,105.0,195.0,90.0,129.8,29.76,105.0,0.95,2.58,1.63,2.13,0.54,2.58,2.0,2.0,0.0,2.0,0.0,2.0,0.0,4.0,4.0,2.8,1.44,4.0,0.0,10.0,10.0,2.0,3.2,0.0,0.0,0.0,0.0,0.0,0.0,0.0,2.0,14.0,12.0,6.8,2.88,6.0,0.0,0.0,0.0,0.0,0.0,0.0,0.0,4.0,4.0,2.0,0.8,2.0,0.0,0.0,0.0,0.0,0.0,0.0,0.0,0.0,0.0,0.0,0.0,0.0,0.0,4.0,4.0,2.0,0.8,2.0,25.786875,54.23,28.443125,32.975125,8.625899999999998,25.786875,0.0,2.202,2.202,1.3212,1.05696,2.202,0.0,0.0,0.0,0.0,0.0,0.0,70.0,225.0,155.0,115.2,54.24000000000001,70.0,1.2509589
Ga2I2S2,350,Ga2 I2 S2,16.0,53.0,37.0,33.333333333333336,13.111111111111112,16.0,74.0,96.0,22.0,86.0,8.0,74.0,32.065,126.90447,94.83947,76.23082333333333,33.78243111111112,32.065,302.91,388.36,85.44999999999999,359.3733333333333,37.64222222222224,302.91,13.0,17.0,4.0,15.333333333333334,1.5555555555555554,13.0,3.0,5.0,2.0,4.0,0.6666666666666666,3.0,105.0,139.0,34.0,122.0,11.333333333333334,105.0,1.81,2.66,0.8500000000000001,2.35,0.36,1.81,2.0,2.0,0.0,2.0,0.0,2.0,1.0,5.0,4.0,3.333333333333333,1.5555555555555554,1.0,0.0,10.0,10.0,6.666666666666667,4.444444444444444,0.0,0.0,0.0,0.0,0.0,0.0,0.0,6.0,17.0,11.0,12.0,4.0,6.0,0.0,0.0,0.0,0.0,0.0,0.0,1.0,5.0,4.0,2.6666666666666665,1.5555555555555554,1.0,0.0,0.0,0.0,0.0,0.0,0.0,0.0,0.0,0.0,0.0,0.0,0.0,1.0,5.0,4.0,2.6666666666666665,1.5555555555555554,1.0,18.8575,43.015,24.1575,29.219791666666666,9.196805555555557,18.8575,0.0,2.202,2.202,1.088,0.7426666666666666,0.0,0.0,0.0,0.0,0.0,0.0,0.0,64.0,70.0,6.0,66.0,2.6666666666666665,64.0,2.1752512
Ga2I2S2,650,Ga2 I2 S2,16.0,53.0,37.0,33.333333333333336,13.111111111111112,16.0,74.0,96.0,22.0,86.0,8.0,74.0,32.065,126.90447,94.83947,76.23082333333333,33.78243111111112,32.065,302.91,388.36,85.44999999999999,359.3733333333333,37.64222222222224,302.91,13.0,17.0,4.0,15.333333333333334,1.5555555555555554,13.0,3.0,5.0,2.0,4.0,0.6666666666666666,3.0,105.0,139.0,34.0,122.0,11.333333333333334,105.0,1.81,2.66,0.8500000000000001,2.35,0.36,1.81,2.0,2.0,0.0,2.0,0.0,2.0,1.0,5.0,4.0,3.333333333333333,1.5555555555555554,1.0,0.0,10.0,10.0,6.666666666666667,4.444444444444444,0.0,0.0,0.0,0.0,0.0,0.0,0.0,6.0,17.0,11.0,12.0,4.0,6.0,0.0,0.0,0.0,0.0,0.0,0.0,1.0,5.0,4.0,2.6666666666666665,1.5555555555555554,1.0,0.0,0.0,0.0,0.0,0.0,0.0,0.0,0.0,0.0,0.0,0.0,0.0,1.0,5.0,4.0,2.6666666666666665,1.5555555555555554,1.0,18.8575,43.015,24.1575,29.219791666666666,9.196805555555557,18.8575,0.0,2.202,2.202,1.088,0.7426666666666666,0.0,0.0,0.0,0.0,0.0,0.0,0.0,64.0,70.0,6.0,66.0,2.6666666666666665,64.0,1.6827085
Ga2I2S2,700,Ga2 I2 S2,16.0,53.0,37.0,33.333333333333336,13.111111111111112,16.0,74.0,96.0,22.0,86.0,8.0,74.0,32.065,126.90447,94.83947,76.23082333333333,33.78243111111112,32.065,302.91,388.36,85.44999999999999,359.3733333333333,37.64222222222224,302.91,13.0,17.0,4.0,15.333333333333334,1.5555555555555554,13.0,3.0,5.0,2.0,4.0,0.6666666666666666,3.0,105.0,139.0,34.0,122.0,11.333333333333334,105.0,1.81,2.66,0.8500000000000001,2.35,0.36,1.81,2.0,2.0,0.0,2.0,0.0,2.0,1.0,5.0,4.0,3.333333333333333,1.5555555555555554,1.0,0.0,10.0,10.0,6.666666666666667,4.444444444444444,0.0,0.0,0.0,0.0,0.0,0.0,0.0,6.0,17.0,11.0,12.0,4.0,6.0,0.0,0.0,0.0,0.0,0.0,0.0,1.0,5.0,4.0,2.6666666666666665,1.5555555555555554,1.0,0.0,0.0,0.0,0.0,0.0,0.0,0.0,0.0,0.0,0.0,0.0,0.0,1.0,5.0,4.0,2.6666666666666665,1.5555555555555554,1.0,18.8575,43.015,24.1575,29.219791666666666,9.196805555555557,18.8575,0.0,2.202,2.202,1.088,0.7426666666666666,0.0,0.0,0.0,0.0,0.0,0.0,0.0,64.0,70.0,6.0,66.0,2.6666666666666665,64.0,1.4457201
Cu0.99Ga0.99Te1.98Cd0.01Cl0.02,400,Cu0.99 Ga0.99 Te1.98 Cd0.01 Cl0.02,17.0,52.0,35.0,40.89724310776943,11.054880308540776,52.0,64.0,94.0,30.0,79.54887218045113,10.517421372981326,90.0,35.453,127.6,92.147,96.84648621553885,30.60030197046501,127.6,171.6,1357.77,1186.17,773.0110776942355,290.1811193397027,722.66,11.0,17.0,6.0,14.01002506265664,2.0049874058580035,16.0,3.0,5.0,2.0,4.4937343358396,0.5049968279093725,5.0,102.0,144.0,42.0,132.37593984962407,5.640039949497805,138.0,1.69,3.16,1.4700000000000002,1.9827067669172933,0.1282137675014604,2.1,1.0,2.0,1.0,1.7518796992481205,0.3731132342133529,2.0,0.0,5.0,5.0,2.2581453634085213,1.756245249715768,4.0,0.0,10.0,10.0,9.949874686716791,0.0997481171600669,10.0,0.0,0.0,0.0,0.0,0.0,0.0,7.0,16.0,9.0,13.959899749373433,2.024761150997795,16.0,0.0,1.0,1.0,0.2481203007518797,0.3731132342133529,0.0,0.0,5.0,5.0,2.238095238095238,1.3705692803437164,2.0,0.0,0.0,0.0,0.0,0.0,0.0,0.0,0.0,0.0,0.0,0.0,0.0,0.0,5.0,5.0,2.486215538847118,1.2474419130533103,2.0,11.07,34.7633333333,23.6933333333,24.848251879682707,9.840531969003628,34.7633333333,0.0,2.493,2.493,0.2427518796992481,0.2421434789982475,0.464,0.0,0.0,0.0,0.0,0.0,0.0,64.0,225.0,161.0,147.9423558897243,42.49713255570003,152.0,3.4821584
PbBi2Te4,800,Pb1 Bi2 Te4,52.0,83.0,31.0,65.14285714285714,15.020408163265303,52.0,81.0,90.0,9.0,87.57142857142857,2.775510204081633,90.0,127.6,208.9804,81.38040000000001,162.2229714285714,39.56911020408164,127.6,544.4,722.66,178.26,654.2928571428571,78.1338775510204,722.66,14.0,16.0,2.0,15.428571428571429,0.6530612244897959,16.0,5.0,6.0,1.0,5.428571428571429,0.489795918367347,5.0,138.0,148.0,10.0,142.0,4.571428571428571,138.0,2.02,2.33,0.31,2.11,0.0628571428571427,2.1,2.0,2.0,0.0,2.0,0.0,2.0,2.0,4.0,2.0,3.4285714285714284,0.6530612244897959,4.0,10.0,10.0,0.0,10.0,0.0,10.0,0.0,14.0,14.0,6.0,6.857142857142857,0.0,16.0,29.0,13.0,21.428571428571427,6.204081632653062,16.0,0.0,0.0,0.0,0.0,0.0,0.0,2.0,4.0,2.0,2.571428571428572,0.6530612244897959,2.0,0.0,0.0,0.0,0.0,0.0,0.0,0.0,0.0,0.0,0.0,0.0,0.0,2.0,4.0,2.0,2.571428571428572,0.6530612244897959,2.0,28.11,34.7633333333,6.653333333299997,33.294761904742856,1.6783673469224465,34.7633333333,0.0,0.464,0.464,0.2651428571428572,0.227265306122449,0.464,0.0,0.0,0.0,0.0,0.0,0.0,12.0,225.0,213.0,122.42857142857144,63.10204081632653,152.0,1.1008652
Ga2I2S2,750,Ga2 I2 S2,16.0,53.0,37.0,33.333333333333336,13.111111111111112,16.0,74.0,96.0,22.0,86.0,8.0,74.0,32.065,126.90447,94.83947,76.23082333333333,33.78243111111112,32.065,302.91,388.36,85.44999999999999,359.3733333333333,37.64222222222224,302.91,13.0,17.0,4.0,15.333333333333334,1.5555555555555554,13.0,3.0,5.0,2.0,4.0,0.6666666666666666,3.0,105.0,139.0,34.0,122.0,11.333333333333334,105.0,1.81,2.66,0.8500000000000001,2.35,0.36,1.81,2.0,2.0,0.0,2.0,0.0,2.0,1.0,5.0,4.0,3.333333333333333,1.5555555555555554,1.0,0.0,10.0,10.0,6.666666666666667,4.444444444444444,0.0,0.0,0.0,0.0,0.0,0.0,0.0,6.0,17.0,11.0,12.0,4.0,6.0,0.0,0.0,0.0,0.0,0.0,0.0,1.0,5.0,4.0,2.6666666666666665,1.5555555555555554,1.0,0.0,0.0,0.0,0.0,0.0,0.0,0.0,0.0,0.0,0.0,0.0,0.0,1.0,5.0,4.0,2.6666666666666665,1.5555555555555554,1.0,18.8575,43.015,24.1575,29.219791666666666,9.196805555555557,18.8575,0.0,2.202,2.202,1.088,0.7426666666666666,0.0,0.0,0.0,0.0,0.0,0.0,0.0,64.0,70.0,6.0,66.0,2.6666666666666665,64.0,1.4457201
Ga2I2S2,800,Ga2 I2 S2,16.0,53.0,37.0,33.333333333333336,13.111111111111112,16.0,74.0,96.0,22.0,86.0,8.0,74.0,32.065,126.90447,94.83947,76.23082333333333,33.78243111111112,32.065,302.91,388.36,85.44999999999999,359.3733333333333,37.64222222222224,302.91,13.0,17.0,4.0,15.333333333333334,1.5555555555555554,13.0,3.0,5.0,2.0,4.0,0.6666666666666666,3.0,105.0,139.0,34.0,122.0,11.333333333333334,105.0,1.81,2.66,0.8500000000000001,2.35,0.36,1.81,2.0,2.0,0.0,2.0,0.0,2.0,1.0,5.0,4.0,3.333333333333333,1.5555555555555554,1.0,0.0,10.0,10.0,6.666666666666667,4.444444444444444,0.0,0.0,0.0,0.0,0.0,0.0,0.0,6.0,17.0,11.0,12.0,4.0,6.0,0.0,0.0,0.0,0.0,0.0,0.0,1.0,5.0,4.0,2.6666666666666665,1.5555555555555554,1.0,0.0,0.0,0.0,0.0,0.0,0.0,0.0,0.0,0.0,0.0,0.0,0.0,1.0,5.0,4.0,2.6666666666666665,1.5555555555555554,1.0,18.8575,43.015,24.1575,29.219791666666666,9.196805555555557,18.8575,0.0,2.202,2.202,1.088,0.7426666666666666,0.0,0.0,0.0,0.0,0.0,0.0,0.0,64.0,70.0,6.0,66.0,2.6666666666666665,64.0,1.4253826
SnBi2Te4,500,Sn1 Bi2 Te4,50.0,83.0,33.0,60.57142857142857,12.816326530612244,52.0,80.0,90.0,10.0,87.42857142857143,2.9387755102040813,90.0,118.71,208.9804,90.2704,149.58154285714286,33.94220408163266,127.6,505.08,722.66,217.58,640.6457142857142,93.73061224489796,722.66,14.0,16.0,2.0,15.428571428571429,0.6530612244897959,16.0,5.0,6.0,1.0,5.285714285714286,0.4081632653061224,5.0,138.0,148.0,10.0,141.0,4.0,138.0,1.96,2.1,0.1400000000000001,2.0571428571428574,0.0489795918367347,2.1,2.0,2.0,0.0,2.0,0.0,2.0,2.0,4.0,2.0,3.4285714285714284,0.6530612244897959,4.0,10.0,10.0,0.0,10.0,0.0,10.0,0.0,14.0,14.0,4.0,5.714285714285714,0.0,14.0,29.0,15.0,19.428571428571427,5.46938775510204,16.0,0.0,0.0,0.0,0.0,0.0,0.0,2.0,4.0,2.0,2.571428571428572,0.6530612244897959,2.0,0.0,0.0,0.0,0.0,0.0,0.0,0.0,0.0,0.0,0.0,0.0,0.0,2.0,4.0,2.0,2.571428571428572,0.6530612244897959,2.0,32.95,34.7633333333,1.813333333299994,34.03404761902857,0.8334693877387735,34.7633333333,0.0,0.464,0.464,0.2651428571428572,0.227265306122449,0.464,0.0,0.0,0.0,0.0,0.0,0.0,12.0,152.0,140.0,110.42857142857144,56.24489795918368,152.0,0.75307316
PbSb2Te4,300,Pb1 Sb2 Te4,51.0,82.0,31.0,56.0,7.428571428571429,52.0,81.0,90.0,9.0,87.28571428571429,3.1020408163265296,90.0,121.76,207.2,85.43999999999998,137.30285714285714,19.97061224489796,127.6,600.61,903.78,303.17,756.972857142857,83.88979591836731,722.66,14.0,16.0,2.0,15.428571428571429,0.6530612244897959,16.0,5.0,6.0,1.0,5.142857142857143,0.2448979591836737,5.0,138.0,146.0,8.0,139.42857142857142,1.8775510204081545,138.0,2.05,2.33,0.2800000000000002,2.1185714285714288,0.0604081632653062,2.1,2.0,2.0,0.0,2.0,0.0,2.0,2.0,4.0,2.0,3.4285714285714284,0.6530612244897959,4.0,10.0,10.0,0.0,10.0,0.0,10.0,0.0,14.0,14.0,2.0,3.4285714285714284,0.0,15.0,28.0,13.0,17.428571428571427,3.020408163265305,16.0,0.0,0.0,0.0,0.0,0.0,0.0,2.0,4.0,2.0,2.571428571428572,0.6530612244897959,2.0,0.0,0.0,0.0,0.0,0.0,0.0,0.0,0.0,0.0,0.0,0.0,0.0,2.0,4.0,2.0,2.571428571428572,0.6530612244897959,2.0,28.11,34.7633333333,6.653333333299997,32.8976190476,2.1322448979428565,34.7633333333,0.0,0.464,0.464,0.2651428571428572,0.227265306122449,0.464,0.0,0.0,0.0,0.0,0.0,0.0,152.0,225.0,73.0,166.42857142857142,16.734693877551013,152.0,2.3495688
PbSb2Te4,350,Pb1 Sb2 Te4,51.0,82.0,31.0,56.0,7.428571428571429,52.0,81.0,90.0,9.0,87.28571428571429,3.1020408163265296,90.0,121.76,207.2,85.43999999999998,137.30285714285714,19.97061224489796,127.6,600.61,903.78,303.17,756.972857142857,83.88979591836731,722.66,14.0,16.0,2.0,15.428571428571429,0.6530612244897959,16.0,5.0,6.0,1.0,5.142857142857143,0.2448979591836737,5.0,138.0,146.0,8.0,139.42857142857142,1.8775510204081545,138.0,2.05,2.33,0.2800000000000002,2.1185714285714288,0.0604081632653062,2.1,2.0,2.0,0.0,2.0,0.0,2.0,2.0,4.0,2.0,3.4285714285714284,0.6530612244897959,4.0,10.0,10.0,0.0,10.0,0.0,10.0,0.0,14.0,14.0,2.0,3.4285714285714284,0.0,15.0,28.0,13.0,17.428571428571427,3.020408163265305,16.0,0.0,0.0,0.0,0.0,0.0,0.0,2.0,4.0,2.0,2.571428571428572,0.6530612244897959,2.0,0.0,0.0,0.0,0.0,0.0,0.0,0.0,0.0,0.0,0.0,0.0,0.0,2.0,4.0,2.0,2.571428571428572,0.6530612244897959,2.0,28.11,34.7633333333,6.653333333299997,32.8976190476,2.1322448979428565,34.7633333333,0.0,0.464,0.464,0.2651428571428572,0.227265306122449,0.464,0.0,0.0,0.0,0.0,0.0,0.0,152.0,225.0,73.0,166.42857142857142,16.734693877551013,152.0,2.3495688
PbSb2Te4,600,Pb1 Sb2 Te4,51.0,82.0,31.0,56.0,7.428571428571429,52.0,81.0,90.0,9.0,87.28571428571429,3.1020408163265296,90.0,121.76,207.2,85.43999999999998,137.30285714285714,19.97061224489796,127.6,600.61,903.78,303.17,756.972857142857,83.88979591836731,722.66,14.0,16.0,2.0,15.428571428571429,0.6530612244897959,16.0,5.0,6.0,1.0,5.142857142857143,0.2448979591836737,5.0,138.0,146.0,8.0,139.42857142857142,1.8775510204081545,138.0,2.05,2.33,0.2800000000000002,2.1185714285714288,0.0604081632653062,2.1,2.0,2.0,0.0,2.0,0.0,2.0,2.0,4.0,2.0,3.4285714285714284,0.6530612244897959,4.0,10.0,10.0,0.0,10.0,0.0,10.0,0.0,14.0,14.0,2.0,3.4285714285714284,0.0,15.0,28.0,13.0,17.428571428571427,3.020408163265305,16.0,0.0,0.0,0.0,0.0,0.0,0.0,2.0,4.0,2.0,2.571428571428572,0.6530612244897959,2.0,0.0,0.0,0.0,0.0,0.0,0.0,0.0,0.0,0.0,0.0,0.0,0.0,2.0,4.0,2.0,2.571428571428572,0.6530612244897959,2.0,28.11,34.7633333333,6.653333333299997,32.8976190476,2.1322448979428565,34.7633333333,0.0,0.464,0.464,0.2651428571428572,0.227265306122449,0.464,0.0,0.0,0.0,0.0,0.0,0.0,152.0,225.0,73.0,166.42857142857142,16.734693877551013,152.0,1.2128577
PbSb2Te4,650,Pb1 Sb2 Te4,51.0,82.0,31.0,56.0,7.428571428571429,52.0,81.0,90.0,9.0,87.28571428571429,3.1020408163265296,90.0,121.76,207.2,85.43999999999998,137.30285714285714,19.97061224489796,127.6,600.61,903.78,303.17,756.972857142857,83.88979591836731,722.66,14.0,16.0,2.0,15.428571428571429,0.6530612244897959,16.0,5.0,6.0,1.0,5.142857142857143,0.2448979591836737,5.0,138.0,146.0,8.0,139.42857142857142,1.8775510204081545,138.0,2.05,2.33,0.2800000000000002,2.1185714285714288,0.0604081632653062,2.1,2.0,2.0,0.0,2.0,0.0,2.0,2.0,4.0,2.0,3.4285714285714284,0.6530612244897959,4.0,10.0,10.0,0.0,10.0,0.0,10.0,0.0,14.0,14.0,2.0,3.4285714285714284,0.0,15.0,28.0,13.0,17.428571428571427,3.020408163265305,16.0,0.0,0.0,0.0,0.0,0.0,0.0,2.0,4.0,2.0,2.571428571428572,0.6530612244897959,2.0,0.0,0.0,0.0,0.0,0.0,0.0,0.0,0.0,0.0,0.0,0.0,0.0,2.0,4.0,2.0,2.571428571428572,0.6530612244897959,2.0,28.11,34.7633333333,6.653333333299997,32.8976190476,2.1322448979428565,34.7633333333,0.0,0.464,0.464,0.2651428571428572,0.227265306122449,0.464,0.0,0.0,0.0,0.0,0.0,0.0,152.0,225.0,73.0,166.42857142857142,16.734693877551013,152.0,1.2128577
PbSb2Te4,450,Pb1 Sb2 Te4,51.0,82.0,31.0,56.0,7.428571428571429,52.0,81.0,90.0,9.0,87.28571428571429,3.1020408163265296,90.0,121.76,207.2,85.43999999999998,137.30285714285714,19.97061224489796,127.6,600.61,903.78,303.17,756.972857142857,83.88979591836731,722.66,14.0,16.0,2.0,15.428571428571429,0.6530612244897959,16.0,5.0,6.0,1.0,5.142857142857143,0.2448979591836737,5.0,138.0,146.0,8.0,139.42857142857142,1.8775510204081545,138.0,2.05,2.33,0.2800000000000002,2.1185714285714288,0.0604081632653062,2.1,2.0,2.0,0.0,2.0,0.0,2.0,2.0,4.0,2.0,3.4285714285714284,0.6530612244897959,4.0,10.0,10.0,0.0,10.0,0.0,10.0,0.0,14.0,14.0,2.0,3.4285714285714284,0.0,15.0,28.0,13.0,17.428571428571427,3.020408163265305,16.0,0.0,0.0,0.0,0.0,0.0,0.0,2.0,4.0,2.0,2.571428571428572,0.6530612244897959,2.0,0.0,0.0,0.0,0.0,0.0,0.0,0.0,0.0,0.0,0.0,0.0,0.0,2.0,4.0,2.0,2.571428571428572,0.6530612244897959,2.0,28.11,34.7633333333,6.653333333299997,32.8976190476,2.1322448979428565,34.7633333333,0.0,0.464,0.464,0.2651428571428572,0.227265306122449,0.464,0.0,0.0,0.0,0.0,0.0,0.0,152.0,225.0,73.0,166.42857142857142,16.734693877551013,152.0,1.3731648
PbSb2Te4,700,Pb1 Sb2 Te4,51.0,82.0,31.0,56.0,7.428571428571429,52.0,81.0,90.0,9.0,87.28571428571429,3.1020408163265296,90.0,121.76,207.2,85.43999999999998,137.30285714285714,19.97061224489796,127.6,600.61,903.78,303.17,756.972857142857,83.88979591836731,722.66,14.0,16.0,2.0,15.428571428571429,0.6530612244897959,16.0,5.0,6.0,1.0,5.142857142857143,0.2448979591836737,5.0,138.0,146.0,8.0,139.42857142857142,1.8775510204081545,138.0,2.05,2.33,0.2800000000000002,2.1185714285714288,0.0604081632653062,2.1,2.0,2.0,0.0,2.0,0.0,2.0,2.0,4.0,2.0,3.4285714285714284,0.6530612244897959,4.0,10.0,10.0,0.0,10.0,0.0,10.0,0.0,14.0,14.0,2.0,3.4285714285714284,0.0,15.0,28.0,13.0,17.428571428571427,3.020408163265305,16.0,0.0,0.0,0.0,0.0,0.0,0.0,2.0,4.0,2.0,2.571428571428572,0.6530612244897959,2.0,0.0,0.0,0.0,0.0,0.0,0.0,0.0,0.0,0.0,0.0,0.0,0.0,2.0,4.0,2.0,2.571428571428572,0.6530612244897959,2.0,28.11,34.7633333333,6.653333333299997,32.8976190476,2.1322448979428565,34.7633333333,0.0,0.464,0.464,0.2651428571428572,0.227265306122449,0.464,0.0,0.0,0.0,0.0,0.0,0.0,152.0,225.0,73.0,166.42857142857142,16.734693877551013,152.0,1.0873264
PbSb2Te4,750,Pb1 Sb2 Te4,51.0,82.0,31.0,56.0,7.428571428571429,52.0,81.0,90.0,9.0,87.28571428571429,3.1020408163265296,90.0,121.76,207.2,85.43999999999998,137.30285714285714,19.97061224489796,127.6,600.61,903.78,303.17,756.972857142857,83.88979591836731,722.66,14.0,16.0,2.0,15.428571428571429,0.6530612244897959,16.0,5.0,6.0,1.0,5.142857142857143,0.2448979591836737,5.0,138.0,146.0,8.0,139.42857142857142,1.8775510204081545,138.0,2.05,2.33,0.2800000000000002,2.1185714285714288,0.0604081632653062,2.1,2.0,2.0,0.0,2.0,0.0,2.0,2.0,4.0,2.0,3.4285714285714284,0.6530612244897959,4.0,10.0,10.0,0.0,10.0,0.0,10.0,0.0,14.0,14.0,2.0,3.4285714285714284,0.0,15.0,28.0,13.0,17.428571428571427,3.020408163265305,16.0,0.0,0.0,0.0,0.0,0.0,0.0,2.0,4.0,2.0,2.571428571428572,0.6530612244897959,2.0,0.0,0.0,0.0,0.0,0.0,0.0,0.0,0.0,0.0,0.0,0.0,0.0,2.0,4.0,2.0,2.571428571428572,0.6530612244897959,2.0,28.11,34.7633333333,6.653333333299997,32.8976190476,2.1322448979428565,34.7633333333,0.0,0.464,0.464,0.2651428571428572,0.227265306122449,0.464,0.0,0.0,0.0,0.0,0.0,0.0,152.0,225.0,73.0,166.42857142857142,16.734693877551013,152.0,1.0873264
PbSb2Te4,800,Pb1 Sb2 Te4,51.0,82.0,31.0,56.0,7.428571428571429,52.0,81.0,90.0,9.0,87.28571428571429,3.1020408163265296,90.0,121.76,207.2,85.43999999999998,137.30285714285714,19.97061224489796,127.6,600.61,903.78,303.17,756.972857142857,83.88979591836731,722.66,14.0,16.0,2.0,15.428571428571429,0.6530612244897959,16.0,5.0,6.0,1.0,5.142857142857143,0.2448979591836737,5.0,138.0,146.0,8.0,139.42857142857142,1.8775510204081545,138.0,2.05,2.33,0.2800000000000002,2.1185714285714288,0.0604081632653062,2.1,2.0,2.0,0.0,2.0,0.0,2.0,2.0,4.0,2.0,3.4285714285714284,0.6530612244897959,4.0,10.0,10.0,0.0,10.0,0.0,10.0,0.0,14.0,14.0,2.0,3.4285714285714284,0.0,15.0,28.0,13.0,17.428571428571427,3.020408163265305,16.0,0.0,0.0,0.0,0.0,0.0,0.0,2.0,4.0,2.0,2.571428571428572,0.6530612244897959,2.0,0.0,0.0,0.0,0.0,0.0,0.0,0.0,0.0,0.0,0.0,0.0,0.0,2.0,4.0,2.0,2.571428571428572,0.6530612244897959,2.0,28.11,34.7633333333,6.653333333299997,32.8976190476,2.1322448979428565,34.7633333333,0.0,0.464,0.464,0.2651428571428572,0.227265306122449,0.464,0.0,0.0,0.0,0.0,0.0,0.0,152.0,225.0,73.0,166.42857142857142,16.734693877551013,152.0,1.0825421
PbSb2Te4,850,Pb1 Sb2 Te4,51.0,82.0,31.0,56.0,7.428571428571429,52.0,81.0,90.0,9.0,87.28571428571429,3.1020408163265296,90.0,121.76,207.2,85.43999999999998,137.30285714285714,19.97061224489796,127.6,600.61,903.78,303.17,756.972857142857,83.88979591836731,722.66,14.0,16.0,2.0,15.428571428571429,0.6530612244897959,16.0,5.0,6.0,1.0,5.142857142857143,0.2448979591836737,5.0,138.0,146.0,8.0,139.42857142857142,1.8775510204081545,138.0,2.05,2.33,0.2800000000000002,2.1185714285714288,0.0604081632653062,2.1,2.0,2.0,0.0,2.0,0.0,2.0,2.0,4.0,2.0,3.4285714285714284,0.6530612244897959,4.0,10.0,10.0,0.0,10.0,0.0,10.0,0.0,14.0,14.0,2.0,3.4285714285714284,0.0,15.0,28.0,13.0,17.428571428571427,3.020408163265305,16.0,0.0,0.0,0.0,0.0,0.0,0.0,2.0,4.0,2.0,2.571428571428572,0.6530612244897959,2.0,0.0,0.0,0.0,0.0,0.0,0.0,0.0,0.0,0.0,0.0,0.0,0.0,2.0,4.0,2.0,2.571428571428572,0.6530612244897959,2.0,28.11,34.7633333333,6.653333333299997,32.8976190476,2.1322448979428565,34.7633333333,0.0,0.464,0.464,0.2651428571428572,0.227265306122449,0.464,0.0,0.0,0.0,0.0,0.0,0.0,152.0,225.0,73.0,166.42857142857142,16.734693877551013,152.0,1.0825421
PbSb2Te4,900,Pb1 Sb2 Te4,51.0,82.0,31.0,56.0,7.428571428571429,52.0,81.0,90.0,9.0,87.28571428571429,3.1020408163265296,90.0,121.76,207.2,85.43999999999998,137.30285714285714,19.97061224489796,127.6,600.61,903.78,303.17,756.972857142857,83.88979591836731,722.66,14.0,16.0,2.0,15.428571428571429,0.6530612244897959,16.0,5.0,6.0,1.0,5.142857142857143,0.2448979591836737,5.0,138.0,146.0,8.0,139.42857142857142,1.8775510204081545,138.0,2.05,2.33,0.2800000000000002,2.1185714285714288,0.0604081632653062,2.1,2.0,2.0,0.0,2.0,0.0,2.0,2.0,4.0,2.0,3.4285714285714284,0.6530612244897959,4.0,10.0,10.0,0.0,10.0,0.0,10.0,0.0,14.0,14.0,2.0,3.4285714285714284,0.0,15.0,28.0,13.0,17.428571428571427,3.020408163265305,16.0,0.0,0.0,0.0,0.0,0.0,0.0,2.0,4.0,2.0,2.571428571428572,0.6530612244897959,2.0,0.0,0.0,0.0,0.0,0.0,0.0,0.0,0.0,0.0,0.0,0.0,0.0,2.0,4.0,2.0,2.571428571428572,0.6530612244897959,2.0,28.11,34.7633333333,6.653333333299997,32.8976190476,2.1322448979428565,34.7633333333,0.0,0.464,0.464,0.2651428571428572,0.227265306122449,0.464,0.0,0.0,0.0,0.0,0.0,0.0,152.0,225.0,73.0,166.42857142857142,16.734693877551013,152.0,1.0825421
Cu2ZnSnS4,600,Cu2 Zn1 Sn1 S4,16.0,50.0,34.0,25.25,9.25,16.0,64.0,88.0,24.0,78.625,9.71875,88.0,32.065,118.71,86.645,54.93025,22.86525,32.065,388.36,1357.77,969.41,683.3425,339.548125,388.36,11.0,16.0,5.0,14.0,2.0,16.0,3.0,5.0,2.0,3.625,0.625,3.0,105.0,139.0,34.0,118.125,13.125,105.0,1.65,2.58,0.9300000000000002,2.21625,0.3637500000000001,2.58,1.0,2.0,1.0,1.75,0.375,2.0,0.0,4.0,4.0,2.25,1.75,4.0,0.0,10.0,10.0,5.0,5.0,0.0,0.0,0.0,0.0,0.0,0.0,0.0,6.0,14.0,8.0,9.0,3.0,6.0,0.0,1.0,1.0,0.25,0.375,0.0,0.0,4.0,4.0,1.5,1.125,2.0,0.0,0.0,0.0,0.0,0.0,0.0,0.0,0.0,0.0,0.0,0.0,0.0,0.0,4.0,4.0,1.75,0.8125,2.0,11.07,33.285,22.215,21.5665625,7.149921875,25.786875,0.0,2.202,2.202,1.101,1.101,2.202,0.0,0.0,0.0,0.0,0.0,0.0,70.0,225.0,155.0,133.125,63.125,70.0,1.0881273
CuGa0.97Ti0.03Te2,450,Cu1 Ga0.97 Ti0.03 Te2,22.0,52.0,30.0,40.9325,11.0675,52.0,43.0,90.0,47.0,79.2675,10.732499999999998,90.0,47.867,127.6,79.733,96.95333,30.64667,127.6,302.91,1941.0,1638.09,788.785675,301.775377375,722.66,4.0,16.0,12.0,13.9325,2.0675,16.0,4.0,5.0,1.0,4.5,0.5,5.0,122.0,160.0,38.0,132.785,5.623225,138.0,1.54,2.1,0.56,1.975475,0.124525,2.1,1.0,2.0,1.0,1.75,0.375,2.0,0.0,4.0,4.0,2.2425,1.7574999999999998,4.0,2.0,10.0,8.0,9.94,0.1191000000000004,10.0,0.0,0.0,0.0,0.0,0.0,0.0,4.0,16.0,12.0,13.9325,2.0675,16.0,0.0,1.0,1.0,0.25,0.375,0.0,0.0,5.0,5.0,2.2125,1.3519375,2.0,0.0,8.0,8.0,0.06,0.1191,0.0,0.0,0.0,0.0,0.0,0.0,0.0,1.0,8.0,7.0,2.5225,1.28375,2.0,11.07,34.7633333333,23.6933333333,24.84728541665,9.916047916649998,34.7633333333,0.0,0.464,0.464,0.232,0.232,0.464,0.0,2.25333333333e-05,2.25333333333e-05,1.6899999999975e-07,3.3546499999950374e-07,0.0,64.0,225.0,161.0,149.225,41.334125,152.0,3.2201989
PbSb2Te4,950,Pb1 Sb2 Te4,51.0,82.0,31.0,56.0,7.428571428571429,52.0,81.0,90.0,9.0,87.28571428571429,3.1020408163265296,90.0,121.76,207.2,85.43999999999998,137.30285714285714,19.97061224489796,127.6,600.61,903.78,303.17,756.972857142857,83.88979591836731,722.66,14.0,16.0,2.0,15.428571428571429,0.6530612244897959,16.0,5.0,6.0,1.0,5.142857142857143,0.2448979591836737,5.0,138.0,146.0,8.0,139.42857142857142,1.8775510204081545,138.0,2.05,2.33,0.2800000000000002,2.1185714285714288,0.0604081632653062,2.1,2.0,2.0,0.0,2.0,0.0,2.0,2.0,4.0,2.0,3.4285714285714284,0.6530612244897959,4.0,10.0,10.0,0.0,10.0,0.0,10.0,0.0,14.0,14.0,2.0,3.4285714285714284,0.0,15.0,28.0,13.0,17.428571428571427,3.020408163265305,16.0,0.0,0.0,0.0,0.0,0.0,0.0,2.0,4.0,2.0,2.571428571428572,0.6530612244897959,2.0,0.0,0.0,0.0,0.0,0.0,0.0,0.0,0.0,0.0,0.0,0.0,0.0,2.0,4.0,2.0,2.571428571428572,0.6530612244897959,2.0,28.11,34.7633333333,6.653333333299997,32.8976190476,2.1322448979428565,34.7633333333,0.0,0.464,0.464,0.2651428571428572,0.227265306122449,0.464,0.0,0.0,0.0,0.0,0.0,0.0,152.0,225.0,73.0,166.42857142857142,16.734693877551013,152.0,1.0825421
CuGa0.95Ti0.05Te2,700,Cu1 Ga0.95 Ti0.05 Te2,22.0,52.0,30.0,40.8875,11.1125,52.0,43.0,90.0,47.0,79.11250000000001,10.8875,90.0,47.867,127.6,79.733,96.84405,30.75595,127.6,302.91,1941.0,1638.09,796.9761249999999,308.997534375,722.66,4.0,16.0,12.0,13.8875,2.1125,16.0,4.0,5.0,1.0,4.5,0.5,5.0,122.0,160.0,38.0,132.975,5.7006250000000005,138.0,1.54,2.1,0.56,1.974125,0.125875,2.1,1.0,2.0,1.0,1.75,0.375,2.0,0.0,4.0,4.0,2.2375,1.7625,4.0,2.0,10.0,8.0,9.9,0.1974999999999996,10.0,0.0,0.0,0.0,0.0,0.0,0.0,4.0,16.0,12.0,13.8875,2.1125,16.0,0.0,1.0,1.0,0.25,0.375,0.0,0.0,5.0,5.0,2.1875,1.3359375,2.0,0.0,8.0,8.0,0.1,0.1975,0.0,0.0,0.0,0.0,0.0,0.0,0.0,1.0,8.0,7.0,2.5375,1.30625,2.0,11.07,34.7633333333,23.6933333333,24.83644791665,9.926885416649998,34.7633333333,0.0,0.464,0.464,0.232,0.232,0.464,0.0,2.25333333333e-05,2.25333333333e-05,2.8166666666625e-07,5.562916666658437e-07,0.0,64.0,225.0,161.0,149.875,40.790625000000006,152.0,2.6601684
PbSb2Te4,1000,Pb1 Sb2 Te4,51.0,82.0,31.0,56.0,7.428571428571429,52.0,81.0,90.0,9.0,87.28571428571429,3.1020408163265296,90.0,121.76,207.2,85.43999999999998,137.30285714285714,19.97061224489796,127.6,600.61,903.78,303.17,756.972857142857,83.88979591836731,722.66,14.0,16.0,2.0,15.428571428571429,0.6530612244897959,16.0,5.0,6.0,1.0,5.142857142857143,0.2448979591836737,5.0,138.0,146.0,8.0,139.42857142857142,1.8775510204081545,138.0,2.05,2.33,0.2800000000000002,2.1185714285714288,0.0604081632653062,2.1,2.0,2.0,0.0,2.0,0.0,2.0,2.0,4.0,2.0,3.4285714285714284,0.6530612244897959,4.0,10.0,10.0,0.0,10.0,0.0,10.0,0.0,14.0,14.0,2.0,3.4285714285714284,0.0,15.0,28.0,13.0,17.428571428571427,3.020408163265305,16.0,0.0,0.0,0.0,0.0,0.0,0.0,2.0,4.0,2.0,2.571428571428572,0.6530612244897959,2.0,0.0,0.0,0.0,0.0,0.0,0.0,0.0,0.0,0.0,0.0,0.0,0.0,2.0,4.0,2.0,2.571428571428572,0.6530612244897959,2.0,28.11,34.7633333333,6.653333333299997,32.8976190476,2.1322448979428565,34.7633333333,0.0,0.464,0.464,0.2651428571428572,0.227265306122449,0.464,0.0,0.0,0.0,0.0,0.0,0.0,152.0,225.0,73.0,166.42857142857142,16.734693877551013,152.0,1.0908346
PbSb2Te4,1050,Pb1 Sb2 Te4,51.0,82.0,31.0,56.0,7.428571428571429,52.0,81.0,90.0,9.0,87.28571428571429,3.1020408163265296,90.0,121.76,207.2,85.43999999999998,137.30285714285714,19.97061224489796,127.6,600.61,903.78,303.17,756.972857142857,83.88979591836731,722.66,14.0,16.0,2.0,15.428571428571429,0.6530612244897959,16.0,5.0,6.0,1.0,5.142857142857143,0.2448979591836737,5.0,138.0,146.0,8.0,139.42857142857142,1.8775510204081545,138.0,2.05,2.33,0.2800000000000002,2.1185714285714288,0.0604081632653062,2.1,2.0,2.0,0.0,2.0,0.0,2.0,2.0,4.0,2.0,3.4285714285714284,0.6530612244897959,4.0,10.0,10.0,0.0,10.0,0.0,10.0,0.0,14.0,14.0,2.0,3.4285714285714284,0.0,15.0,28.0,13.0,17.428571428571427,3.020408163265305,16.0,0.0,0.0,0.0,0.0,0.0,0.0,2.0,4.0,2.0,2.571428571428572,0.6530612244897959,2.0,0.0,0.0,0.0,0.0,0.0,0.0,0.0,0.0,0.0,0.0,0.0,0.0,2.0,4.0,2.0,2.571428571428572,0.6530612244897959,2.0,28.11,34.7633333333,6.653333333299997,32.8976190476,2.1322448979428565,34.7633333333,0.0,0.464,0.464,0.2651428571428572,0.227265306122449,0.464,0.0,0.0,0.0,0.0,0.0,0.0,152.0,225.0,73.0,166.42857142857142,16.734693877551013,152.0,1.0908346
PbSb2Te4,1100,Pb1 Sb2 Te4,51.0,82.0,31.0,56.0,7.428571428571429,52.0,81.0,90.0,9.0,87.28571428571429,3.1020408163265296,90.0,121.76,207.2,85.43999999999998,137.30285714285714,19.97061224489796,127.6,600.61,903.78,303.17,756.972857142857,83.88979591836731,722.66,14.0,16.0,2.0,15.428571428571429,0.6530612244897959,16.0,5.0,6.0,1.0,5.142857142857143,0.2448979591836737,5.0,138.0,146.0,8.0,139.42857142857142,1.8775510204081545,138.0,2.05,2.33,0.2800000000000002,2.1185714285714288,0.0604081632653062,2.1,2.0,2.0,0.0,2.0,0.0,2.0,2.0,4.0,2.0,3.4285714285714284,0.6530612244897959,4.0,10.0,10.0,0.0,10.0,0.0,10.0,0.0,14.0,14.0,2.0,3.4285714285714284,0.0,15.0,28.0,13.0,17.428571428571427,3.020408163265305,16.0,0.0,0.0,0.0,0.0,0.0,0.0,2.0,4.0,2.0,2.571428571428572,0.6530612244897959,2.0,0.0,0.0,0.0,0.0,0.0,0.0,0.0,0.0,0.0,0.0,0.0,0.0,2.0,4.0,2.0,2.571428571428572,0.6530612244897959,2.0,28.11,34.7633333333,6.653333333299997,32.8976190476,2.1322448979428565,34.7633333333,0.0,0.464,0.464,0.2651428571428572,0.227265306122449,0.464,0.0,0.0,0.0,0.0,0.0,0.0,152.0,225.0,73.0,166.42857142857142,16.734693877551013,152.0,1.0908346
PbSb2Te4,1150,Pb1 Sb2 Te4,51.0,82.0,31.0,56.0,7.428571428571429,52.0,81.0,90.0,9.0,87.28571428571429,3.1020408163265296,90.0,121.76,207.2,85.43999999999998,137.30285714285714,19.97061224489796,127.6,600.61,903.78,303.17,756.972857142857,83.88979591836731,722.66,14.0,16.0,2.0,15.428571428571429,0.6530612244897959,16.0,5.0,6.0,1.0,5.142857142857143,0.2448979591836737,5.0,138.0,146.0,8.0,139.42857142857142,1.8775510204081545,138.0,2.05,2.33,0.2800000000000002,2.1185714285714288,0.0604081632653062,2.1,2.0,2.0,0.0,2.0,0.0,2.0,2.0,4.0,2.0,3.4285714285714284,0.6530612244897959,4.0,10.0,10.0,0.0,10.0,0.0,10.0,0.0,14.0,14.0,2.0,3.4285714285714284,0.0,15.0,28.0,13.0,17.428571428571427,3.020408163265305,16.0,0.0,0.0,0.0,0.0,0.0,0.0,2.0,4.0,2.0,2.571428571428572,0.6530612244897959,2.0,0.0,0.0,0.0,0.0,0.0,0.0,0.0,0.0,0.0,0.0,0.0,0.0,2.0,4.0,2.0,2.571428571428572,0.6530612244897959,2.0,28.11,34.7633333333,6.653333333299997,32.8976190476,2.1322448979428565,34.7633333333,0.0,0.464,0.464,0.2651428571428572,0.227265306122449,0.464,0.0,0.0,0.0,0.0,0.0,0.0,152.0,225.0,73.0,166.42857142857142,16.734693877551013,152.0,1.0908346
PbSb2Te4,1200,Pb1 Sb2 Te4,51.0,82.0,31.0,56.0,7.428571428571429,52.0,81.0,90.0,9.0,87.28571428571429,3.1020408163265296,90.0,121.76,207.2,85.43999999999998,137.30285714285714,19.97061224489796,127.6,600.61,903.78,303.17,756.972857142857,83.88979591836731,722.66,14.0,16.0,2.0,15.428571428571429,0.6530612244897959,16.0,5.0,6.0,1.0,5.142857142857143,0.2448979591836737,5.0,138.0,146.0,8.0,139.42857142857142,1.8775510204081545,138.0,2.05,2.33,0.2800000000000002,2.1185714285714288,0.0604081632653062,2.1,2.0,2.0,0.0,2.0,0.0,2.0,2.0,4.0,2.0,3.4285714285714284,0.6530612244897959,4.0,10.0,10.0,0.0,10.0,0.0,10.0,0.0,14.0,14.0,2.0,3.4285714285714284,0.0,15.0,28.0,13.0,17.428571428571427,3.020408163265305,16.0,0.0,0.0,0.0,0.0,0.0,0.0,2.0,4.0,2.0,2.571428571428572,0.6530612244897959,2.0,0.0,0.0,0.0,0.0,0.0,0.0,0.0,0.0,0.0,0.0,0.0,0.0,2.0,4.0,2.0,2.571428571428572,0.6530612244897959,2.0,28.11,34.7633333333,6.653333333299997,32.8976190476,2.1322448979428565,34.7633333333,0.0,0.464,0.464,0.2651428571428572,0.227265306122449,0.464,0.0,0.0,0.0,0.0,0.0,0.0,152.0,225.0,73.0,166.42857142857142,16.734693877551013,152.0,1.0908346
PbBi2Te4,350,Pb1 Bi2 Te4,52.0,83.0,31.0,65.14285714285714,15.020408163265303,52.0,81.0,90.0,9.0,87.57142857142857,2.775510204081633,90.0,127.6,208.9804,81.38040000000001,162.2229714285714,39.56911020408164,127.6,544.4,722.66,178.26,654.2928571428571,78.1338775510204,722.66,14.0,16.0,2.0,15.428571428571429,0.6530612244897959,16.0,5.0,6.0,1.0,5.428571428571429,0.489795918367347,5.0,138.0,148.0,10.0,142.0,4.571428571428571,138.0,2.02,2.33,0.31,2.11,0.0628571428571427,2.1,2.0,2.0,0.0,2.0,0.0,2.0,2.0,4.0,2.0,3.4285714285714284,0.6530612244897959,4.0,10.0,10.0,0.0,10.0,0.0,10.0,0.0,14.0,14.0,6.0,6.857142857142857,0.0,16.0,29.0,13.0,21.428571428571427,6.204081632653062,16.0,0.0,0.0,0.0,0.0,0.0,0.0,2.0,4.0,2.0,2.571428571428572,0.6530612244897959,2.0,0.0,0.0,0.0,0.0,0.0,0.0,0.0,0.0,0.0,0.0,0.0,0.0,2.0,4.0,2.0,2.571428571428572,0.6530612244897959,2.0,28.11,34.7633333333,6.653333333299997,33.294761904742856,1.6783673469224465,34.7633333333,0.0,0.464,0.464,0.2651428571428572,0.227265306122449,0.464,0.0,0.0,0.0,0.0,0.0,0.0,12.0,225.0,213.0,122.42857142857144,63.10204081632653,152.0,2.5022252
PbBi2Te4,950,Pb1 Bi2 Te4,52.0,83.0,31.0,65.14285714285714,15.020408163265303,52.0,81.0,90.0,9.0,87.57142857142857,2.775510204081633,90.0,127.6,208.9804,81.38040000000001,162.2229714285714,39.56911020408164,127.6,544.4,722.66,178.26,654.2928571428571,78.1338775510204,722.66,14.0,16.0,2.0,15.428571428571429,0.6530612244897959,16.0,5.0,6.0,1.0,5.428571428571429,0.489795918367347,5.0,138.0,148.0,10.0,142.0,4.571428571428571,138.0,2.02,2.33,0.31,2.11,0.0628571428571427,2.1,2.0,2.0,0.0,2.0,0.0,2.0,2.0,4.0,2.0,3.4285714285714284,0.6530612244897959,4.0,10.0,10.0,0.0,10.0,0.0,10.0,0.0,14.0,14.0,6.0,6.857142857142857,0.0,16.0,29.0,13.0,21.428571428571427,6.204081632653062,16.0,0.0,0.0,0.0,0.0,0.0,0.0,2.0,4.0,2.0,2.571428571428572,0.6530612244897959,2.0,0.0,0.0,0.0,0.0,0.0,0.0,0.0,0.0,0.0,0.0,0.0,0.0,2.0,4.0,2.0,2.571428571428572,0.6530612244897959,2.0,28.11,34.7633333333,6.653333333299997,33.294761904742856,1.6783673469224465,34.7633333333,0.0,0.464,0.464,0.2651428571428572,0.227265306122449,0.464,0.0,0.0,0.0,0.0,0.0,0.0,12.0,225.0,213.0,122.42857142857144,63.10204081632653,152.0,1.1008652
PbBi2Te4,1000,Pb1 Bi2 Te4,52.0,83.0,31.0,65.14285714285714,15.020408163265303,52.0,81.0,90.0,9.0,87.57142857142857,2.775510204081633,90.0,127.6,208.9804,81.38040000000001,162.2229714285714,39.56911020408164,127.6,544.4,722.66,178.26,654.2928571428571,78.1338775510204,722.66,14.0,16.0,2.0,15.428571428571429,0.6530612244897959,16.0,5.0,6.0,1.0,5.428571428571429,0.489795918367347,5.0,138.0,148.0,10.0,142.0,4.571428571428571,138.0,2.02,2.33,0.31,2.11,0.0628571428571427,2.1,2.0,2.0,0.0,2.0,0.0,2.0,2.0,4.0,2.0,3.4285714285714284,0.6530612244897959,4.0,10.0,10.0,0.0,10.0,0.0,10.0,0.0,14.0,14.0,6.0,6.857142857142857,0.0,16.0,29.0,13.0,21.428571428571427,6.204081632653062,16.0,0.0,0.0,0.0,0.0,0.0,0.0,2.0,4.0,2.0,2.571428571428572,0.6530612244897959,2.0,0.0,0.0,0.0,0.0,0.0,0.0,0.0,0.0,0.0,0.0,0.0,0.0,2.0,4.0,2.0,2.571428571428572,0.6530612244897959,2.0,28.11,34.7633333333,6.653333333299997,33.294761904742856,1.6783673469224465,34.7633333333,0.0,0.464,0.464,0.2651428571428572,0.227265306122449,0.464,0.0,0.0,0.0,0.0,0.0,0.0,12.0,225.0,213.0,122.42857142857144,63.10204081632653,152.0,1.1091578
PbBi2Te4,1050,Pb1 Bi2 Te4,52.0,83.0,31.0,65.14285714285714,15.020408163265303,52.0,81.0,90.0,9.0,87.57142857142857,2.775510204081633,90.0,127.6,208.9804,81.38040000000001,162.2229714285714,39.56911020408164,127.6,544.4,722.66,178.26,654.2928571428571,78.1338775510204,722.66,14.0,16.0,2.0,15.428571428571429,0.6530612244897959,16.0,5.0,6.0,1.0,5.428571428571429,0.489795918367347,5.0,138.0,148.0,10.0,142.0,4.571428571428571,138.0,2.02,2.33,0.31,2.11,0.0628571428571427,2.1,2.0,2.0,0.0,2.0,0.0,2.0,2.0,4.0,2.0,3.4285714285714284,0.6530612244897959,4.0,10.0,10.0,0.0,10.0,0.0,10.0,0.0,14.0,14.0,6.0,6.857142857142857,0.0,16.0,29.0,13.0,21.428571428571427,6.204081632653062,16.0,0.0,0.0,0.0,0.0,0.0,0.0,2.0,4.0,2.0,2.571428571428572,0.6530612244897959,2.0,0.0,0.0,0.0,0.0,0.0,0.0,0.0,0.0,0.0,0.0,0.0,0.0,2.0,4.0,2.0,2.571428571428572,0.6530612244897959,2.0,28.11,34.7633333333,6.653333333299997,33.294761904742856,1.6783673469224465,34.7633333333,0.0,0.464,0.464,0.2651428571428572,0.227265306122449,0.464,0.0,0.0,0.0,0.0,0.0,0.0,12.0,225.0,213.0,122.42857142857144,63.10204081632653,152.0,1.1091578
PbBi2Te4,1100,Pb1 Bi2 Te4,52.0,83.0,31.0,65.14285714285714,15.020408163265303,52.0,81.0,90.0,9.0,87.57142857142857,2.775510204081633,90.0,127.6,208.9804,81.38040000000001,162.2229714285714,39.56911020408164,127.6,544.4,722.66,178.26,654.2928571428571,78.1338775510204,722.66,14.0,16.0,2.0,15.428571428571429,0.6530612244897959,16.0,5.0,6.0,1.0,5.428571428571429,0.489795918367347,5.0,138.0,148.0,10.0,142.0,4.571428571428571,138.0,2.02,2.33,0.31,2.11,0.0628571428571427,2.1,2.0,2.0,0.0,2.0,0.0,2.0,2.0,4.0,2.0,3.4285714285714284,0.6530612244897959,4.0,10.0,10.0,0.0,10.0,0.0,10.0,0.0,14.0,14.0,6.0,6.857142857142857,0.0,16.0,29.0,13.0,21.428571428571427,6.204081632653062,16.0,0.0,0.0,0.0,0.0,0.0,0.0,2.0,4.0,2.0,2.571428571428572,0.6530612244897959,2.0,0.0,0.0,0.0,0.0,0.0,0.0,0.0,0.0,0.0,0.0,0.0,0.0,2.0,4.0,2.0,2.571428571428572,0.6530612244897959,2.0,28.11,34.7633333333,6.653333333299997,33.294761904742856,1.6783673469224465,34.7633333333,0.0,0.464,0.464,0.2651428571428572,0.227265306122449,0.464,0.0,0.0,0.0,0.0,0.0,0.0,12.0,225.0,213.0,122.42857142857144,63.10204081632653,152.0,1.1091578
PbBi2Te4,1150,Pb1 Bi2 Te4,52.0,83.0,31.0,65.14285714285714,15.020408163265303,52.0,81.0,90.0,9.0,87.57142857142857,2.775510204081633,90.0,127.6,208.9804,81.38040000000001,162.2229714285714,39.56911020408164,127.6,544.4,722.66,178.26,654.2928571428571,78.1338775510204,722.66,14.0,16.0,2.0,15.428571428571429,0.6530612244897959,16.0,5.0,6.0,1.0,5.428571428571429,0.489795918367347,5.0,138.0,148.0,10.0,142.0,4.571428571428571,138.0,2.02,2.33,0.31,2.11,0.0628571428571427,2.1,2.0,2.0,0.0,2.0,0.0,2.0,2.0,4.0,2.0,3.4285714285714284,0.6530612244897959,4.0,10.0,10.0,0.0,10.0,0.0,10.0,0.0,14.0,14.0,6.0,6.857142857142857,0.0,16.0,29.0,13.0,21.428571428571427,6.204081632653062,16.0,0.0,0.0,0.0,0.0,0.0,0.0,2.0,4.0,2.0,2.571428571428572,0.6530612244897959,2.0,0.0,0.0,0.0,0.0,0.0,0.0,0.0,0.0,0.0,0.0,0.0,0.0,2.0,4.0,2.0,2.571428571428572,0.6530612244897959,2.0,28.11,34.7633333333,6.653333333299997,33.294761904742856,1.6783673469224465,34.7633333333,0.0,0.464,0.464,0.2651428571428572,0.227265306122449,0.464,0.0,0.0,0.0,0.0,0.0,0.0,12.0,225.0,213.0,122.42857142857144,63.10204081632653,152.0,1.1091578
PbBi2Te4,1200,Pb1 Bi2 Te4,52.0,83.0,31.0,65.14285714285714,15.020408163265303,52.0,81.0,90.0,9.0,87.57142857142857,2.775510204081633,90.0,127.6,208.9804,81.38040000000001,162.2229714285714,39.56911020408164,127.6,544.4,722.66,178.26,654.2928571428571,78.1338775510204,722.66,14.0,16.0,2.0,15.428571428571429,0.6530612244897959,16.0,5.0,6.0,1.0,5.428571428571429,0.489795918367347,5.0,138.0,148.0,10.0,142.0,4.571428571428571,138.0,2.02,2.33,0.31,2.11,0.0628571428571427,2.1,2.0,2.0,0.0,2.0,0.0,2.0,2.0,4.0,2.0,3.4285714285714284,0.6530612244897959,4.0,10.0,10.0,0.0,10.0,0.0,10.0,0.0,14.0,14.0,6.0,6.857142857142857,0.0,16.0,29.0,13.0,21.428571428571427,6.204081632653062,16.0,0.0,0.0,0.0,0.0,0.0,0.0,2.0,4.0,2.0,2.571428571428572,0.6530612244897959,2.0,0.0,0.0,0.0,0.0,0.0,0.0,0.0,0.0,0.0,0.0,0.0,0.0,2.0,4.0,2.0,2.571428571428572,0.6530612244897959,2.0,28.11,34.7633333333,6.653333333299997,33.294761904742856,1.6783673469224465,34.7633333333,0.0,0.464,0.464,0.2651428571428572,0.227265306122449,0.464,0.0,0.0,0.0,0.0,0.0,0.0,12.0,225.0,213.0,122.42857142857144,63.10204081632653,152.0,1.1091578
Cu2ZnSnS4,300,Cu2 Zn1 Sn1 S4,16.0,50.0,34.0,25.25,9.25,16.0,64.0,88.0,24.0,78.625,9.71875,88.0,32.065,118.71,86.645,54.93025,22.86525,32.065,388.36,1357.77,969.41,683.3425,339.548125,388.36,11.0,16.0,5.0,14.0,2.0,16.0,3.0,5.0,2.0,3.625,0.625,3.0,105.0,139.0,34.0,118.125,13.125,105.0,1.65,2.58,0.9300000000000002,2.21625,0.3637500000000001,2.58,1.0,2.0,1.0,1.75,0.375,2.0,0.0,4.0,4.0,2.25,1.75,4.0,0.0,10.0,10.0,5.0,5.0,0.0,0.0,0.0,0.0,0.0,0.0,0.0,6.0,14.0,8.0,9.0,3.0,6.0,0.0,1.0,1.0,0.25,0.375,0.0,0.0,4.0,4.0,1.5,1.125,2.0,0.0,0.0,0.0,0.0,0.0,0.0,0.0,0.0,0.0,0.0,0.0,0.0,0.0,4.0,4.0,1.75,0.8125,2.0,11.07,33.285,22.215,21.5665625,7.149921875,25.786875,0.0,2.202,2.202,1.101,1.101,2.202,0.0,0.0,0.0,0.0,0.0,0.0,70.0,225.0,155.0,133.125,63.125,70.0,1.8414359
Cu2ZnSnSe4,600,Cu2 Zn1 Sn1 Se4,29.0,50.0,21.0,34.25,3.9375,34.0,64.0,89.0,25.0,79.125,10.09375,89.0,63.546,118.71,55.164,78.37774999999999,10.6653125,78.96,494.0,1357.77,863.77,736.1624999999999,310.80375,494.0,11.0,16.0,5.0,14.0,2.0,16.0,4.0,5.0,1.0,4.125,0.21875,4.0,120.0,139.0,19.0,125.625,6.53125,120.0,1.65,2.55,0.8999999999999999,2.20125,0.3487499999999999,2.55,1.0,2.0,1.0,1.75,0.375,2.0,0.0,4.0,4.0,2.25,1.75,4.0,10.0,10.0,0.0,10.0,0.0,10.0,0.0,0.0,0.0,0.0,0.0,0.0,11.0,16.0,5.0,14.0,2.0,16.0,0.0,1.0,1.0,0.25,0.375,0.0,0.0,4.0,4.0,1.5,1.125,2.0,0.0,0.0,0.0,0.0,0.0,0.0,0.0,0.0,0.0,0.0,0.0,0.0,0.0,4.0,4.0,1.75,0.8125,2.0,11.07,33.285,22.215,21.633125,7.19984375,25.92,0.0,0.799,0.799,0.3995,0.3995,0.799,0.0,0.0,0.0,0.0,0.0,0.0,14.0,225.0,211.0,105.125,91.125,14.0,2.744411
Cu2ZnSnSe4,700,Cu2 Zn1 Sn1 Se4,29.0,50.0,21.0,34.25,3.9375,34.0,64.0,89.0,25.0,79.125,10.09375,89.0,63.546,118.71,55.164,78.37774999999999,10.6653125,78.96,494.0,1357.77,863.77,736.1624999999999,310.80375,494.0,11.0,16.0,5.0,14.0,2.0,16.0,4.0,5.0,1.0,4.125,0.21875,4.0,120.0,139.0,19.0,125.625,6.53125,120.0,1.65,2.55,0.8999999999999999,2.20125,0.3487499999999999,2.55,1.0,2.0,1.0,1.75,0.375,2.0,0.0,4.0,4.0,2.25,1.75,4.0,10.0,10.0,0.0,10.0,0.0,10.0,0.0,0.0,0.0,0.0,0.0,0.0,11.0,16.0,5.0,14.0,2.0,16.0,0.0,1.0,1.0,0.25,0.375,0.0,0.0,4.0,4.0,1.5,1.125,2.0,0.0,0.0,0.0,0.0,0.0,0.0,0.0,0.0,0.0,0.0,0.0,0.0,0.0,4.0,4.0,1.75,0.8125,2.0,11.07,33.285,22.215,21.633125,7.19984375,25.92,0.0,0.799,0.799,0.3995,0.3995,0.799,0.0,0.0,0.0,0.0,0.0,0.0,14.0,225.0,211.0,105.125,91.125,14.0,2.6310434
CuGaTe2CdCl2,650,Cu1 Ga1 Te2 Cd1 Cl2,17.0,52.0,35.0,35.142857142857146,13.306122448979592,17.0,64.0,94.0,30.0,82.28571428571429,11.10204081632653,90.0,35.453,127.6,92.147,81.68371428571429,35.01710204081632,35.453,171.6,1357.77,1186.17,577.6314285714286,310.5097959183673,171.6,11.0,17.0,6.0,14.571428571428571,2.204081632653061,16.0,3.0,5.0,2.0,4.142857142857143,0.7346938775510204,3.0,102.0,144.0,42.0,125.42857142857144,14.36734693877551,102.0,1.69,3.16,1.4700000000000002,2.2742857142857145,0.5061224489795919,2.1,1.0,2.0,1.0,1.8571428571428568,0.2448979591836734,2.0,0.0,5.0,5.0,2.7142857142857144,2.0408163265306123,4.0,0.0,10.0,10.0,7.142857142857143,4.081632653061225,0.0,0.0,0.0,0.0,0.0,0.0,0.0,7.0,16.0,9.0,11.714285714285714,2.897959183673469,7.0,0.0,1.0,1.0,0.1428571428571428,0.2448979591836734,0.0,0.0,5.0,5.0,1.5714285714285714,1.2244897959183674,1.0,0.0,0.0,0.0,0.0,0.0,0.0,0.0,0.0,0.0,0.0,0.0,0.0,0.0,5.0,5.0,1.7142857142857142,1.1020408163265305,1.0,11.07,34.7633333333,23.6933333333,23.992023809514286,6.443877551012243,24.4975,0.0,2.493,2.493,0.8448571428571429,0.9417959183673468,0.464,0.0,0.0,0.0,0.0,0.0,0.0,64.0,225.0,161.0,130.71428571428572,57.18367346938776,64.0,1.4678007
CuGaTe2CdCl2,700,Cu1 Ga1 Te2 Cd1 Cl2,17.0,52.0,35.0,35.142857142857146,13.306122448979592,17.0,64.0,94.0,30.0,82.28571428571429,11.10204081632653,90.0,35.453,127.6,92.147,81.68371428571429,35.01710204081632,35.453,171.6,1357.77,1186.17,577.6314285714286,310.5097959183673,171.6,11.0,17.0,6.0,14.571428571428571,2.204081632653061,16.0,3.0,5.0,2.0,4.142857142857143,0.7346938775510204,3.0,102.0,144.0,42.0,125.42857142857144,14.36734693877551,102.0,1.69,3.16,1.4700000000000002,2.2742857142857145,0.5061224489795919,2.1,1.0,2.0,1.0,1.8571428571428568,0.2448979591836734,2.0,0.0,5.0,5.0,2.7142857142857144,2.0408163265306123,4.0,0.0,10.0,10.0,7.142857142857143,4.081632653061225,0.0,0.0,0.0,0.0,0.0,0.0,0.0,7.0,16.0,9.0,11.714285714285714,2.897959183673469,7.0,0.0,1.0,1.0,0.1428571428571428,0.2448979591836734,0.0,0.0,5.0,5.0,1.5714285714285714,1.2244897959183674,1.0,0.0,0.0,0.0,0.0,0.0,0.0,0.0,0.0,0.0,0.0,0.0,0.0,0.0,5.0,5.0,1.7142857142857142,1.1020408163265305,1.0,11.07,34.7633333333,23.6933333333,23.992023809514286,6.443877551012243,24.4975,0.0,2.493,2.493,0.8448571428571429,0.9417959183673468,0.464,0.0,0.0,0.0,0.0,0.0,0.0,64.0,225.0,161.0,130.71428571428572,57.18367346938776,64.0,1.4516248
CuGaTe2CdCl2,750,Cu1 Ga1 Te2 Cd1 Cl2,17.0,52.0,35.0,35.142857142857146,13.306122448979592,17.0,64.0,94.0,30.0,82.28571428571429,11.10204081632653,90.0,35.453,127.6,92.147,81.68371428571429,35.01710204081632,35.453,171.6,1357.77,1186.17,577.6314285714286,310.5097959183673,171.6,11.0,17.0,6.0,14.571428571428571,2.204081632653061,16.0,3.0,5.0,2.0,4.142857142857143,0.7346938775510204,3.0,102.0,144.0,42.0,125.42857142857144,14.36734693877551,102.0,1.69,3.16,1.4700000000000002,2.2742857142857145,0.5061224489795919,2.1,1.0,2.0,1.0,1.8571428571428568,0.2448979591836734,2.0,0.0,5.0,5.0,2.7142857142857144,2.0408163265306123,4.0,0.0,10.0,10.0,7.142857142857143,4.081632653061225,0.0,0.0,0.0,0.0,0.0,0.0,0.0,7.0,16.0,9.0,11.714285714285714,2.897959183673469,7.0,0.0,1.0,1.0,0.1428571428571428,0.2448979591836734,0.0,0.0,5.0,5.0,1.5714285714285714,1.2244897959183674,1.0,0.0,0.0,0.0,0.0,0.0,0.0,0.0,0.0,0.0,0.0,0.0,0.0,0.0,5.0,5.0,1.7142857142857142,1.1020408163265305,1.0,11.07,34.7633333333,23.6933333333,23.992023809514286,6.443877551012243,24.4975,0.0,2.493,2.493,0.8448571428571429,0.9417959183673468,0.464,0.0,0.0,0.0,0.0,0.0,0.0,64.0,225.0,161.0,130.71428571428572,57.18367346938776,64.0,1.4516248
CuGaTe2CdCl2,800,Cu1 Ga1 Te2 Cd1 Cl2,17.0,52.0,35.0,35.142857142857146,13.306122448979592,17.0,64.0,94.0,30.0,82.28571428571429,11.10204081632653,90.0,35.453,127.6,92.147,81.68371428571429,35.01710204081632,35.453,171.6,1357.77,1186.17,577.6314285714286,310.5097959183673,171.6,11.0,17.0,6.0,14.571428571428571,2.204081632653061,16.0,3.0,5.0,2.0,4.142857142857143,0.7346938775510204,3.0,102.0,144.0,42.0,125.42857142857144,14.36734693877551,102.0,1.69,3.16,1.4700000000000002,2.2742857142857145,0.5061224489795919,2.1,1.0,2.0,1.0,1.8571428571428568,0.2448979591836734,2.0,0.0,5.0,5.0,2.7142857142857144,2.0408163265306123,4.0,0.0,10.0,10.0,7.142857142857143,4.081632653061225,0.0,0.0,0.0,0.0,0.0,0.0,0.0,7.0,16.0,9.0,11.714285714285714,2.897959183673469,7.0,0.0,1.0,1.0,0.1428571428571428,0.2448979591836734,0.0,0.0,5.0,5.0,1.5714285714285714,1.2244897959183674,1.0,0.0,0.0,0.0,0.0,0.0,0.0,0.0,0.0,0.0,0.0,0.0,0.0,0.0,5.0,5.0,1.7142857142857142,1.1020408163265305,1.0,11.07,34.7633333333,23.6933333333,23.992023809514286,6.443877551012243,24.4975,0.0,2.493,2.493,0.8448571428571429,0.9417959183673468,0.464,0.0,0.0,0.0,0.0,0.0,0.0,64.0,225.0,161.0,130.71428571428572,57.18367346938776,64.0,1.5815595
Cu0.99Ga0.99Te1.98Cd0.01Cl0.02,350,Cu0.99 Ga0.99 Te1.98 Cd0.01 Cl0.02,17.0,52.0,35.0,40.89724310776943,11.054880308540776,52.0,64.0,94.0,30.0,79.54887218045113,10.517421372981326,90.0,35.453,127.6,92.147,96.84648621553885,30.60030197046501,127.6,171.6,1357.77,1186.17,773.0110776942355,290.1811193397027,722.66,11.0,17.0,6.0,14.01002506265664,2.0049874058580035,16.0,3.0,5.0,2.0,4.4937343358396,0.5049968279093725,5.0,102.0,144.0,42.0,132.37593984962407,5.640039949497805,138.0,1.69,3.16,1.4700000000000002,1.9827067669172933,0.1282137675014604,2.1,1.0,2.0,1.0,1.7518796992481205,0.3731132342133529,2.0,0.0,5.0,5.0,2.2581453634085213,1.756245249715768,4.0,0.0,10.0,10.0,9.949874686716791,0.0997481171600669,10.0,0.0,0.0,0.0,0.0,0.0,0.0,7.0,16.0,9.0,13.959899749373433,2.024761150997795,16.0,0.0,1.0,1.0,0.2481203007518797,0.3731132342133529,0.0,0.0,5.0,5.0,2.238095238095238,1.3705692803437164,2.0,0.0,0.0,0.0,0.0,0.0,0.0,0.0,0.0,0.0,0.0,0.0,0.0,0.0,5.0,5.0,2.486215538847118,1.2474419130533103,2.0,11.07,34.7633333333,23.6933333333,24.848251879682707,9.840531969003628,34.7633333333,0.0,2.493,2.493,0.2427518796992481,0.2421434789982475,0.464,0.0,0.0,0.0,0.0,0.0,0.0,64.0,225.0,161.0,147.9423558897243,42.49713255570003,152.0,3.427687
CuGaTe2ZnCl2,650,Cu1 Ga1 Te2 Zn1 Cl2,17.0,52.0,35.0,32.57142857142857,11.10204081632653,17.0,64.0,94.0,30.0,82.14285714285714,11.26530612244898,90.0,35.453,127.6,92.147,74.965,30.077142857142857,35.453,171.6,1357.77,1186.17,591.6971428571429,322.5661224489795,171.6,11.0,17.0,6.0,14.571428571428571,2.204081632653061,16.0,3.0,5.0,2.0,4.0,0.5714285714285714,3.0,102.0,138.0,36.0,122.28571428571428,11.755102040816327,102.0,1.65,3.16,1.5100000000000002,2.2685714285714287,0.5093877551020409,2.1,1.0,2.0,1.0,1.8571428571428568,0.2448979591836734,2.0,0.0,5.0,5.0,2.7142857142857144,2.0408163265306123,4.0,0.0,10.0,10.0,7.142857142857143,4.081632653061225,0.0,0.0,0.0,0.0,0.0,0.0,0.0,7.0,16.0,9.0,11.714285714285714,2.897959183673469,7.0,0.0,1.0,1.0,0.1428571428571428,0.2448979591836734,0.0,0.0,5.0,5.0,1.5714285714285714,1.2244897959183674,1.0,0.0,0.0,0.0,0.0,0.0,0.0,0.0,0.0,0.0,0.0,0.0,0.0,0.0,5.0,5.0,1.7142857142857142,1.1020408163265305,1.0,11.07,34.7633333333,23.6933333333,23.201309523800003,7.347551020399998,24.4975,0.0,2.493,2.493,0.8448571428571429,0.9417959183673468,0.464,0.0,0.0,0.0,0.0,0.0,0.0,64.0,225.0,161.0,130.71428571428572,57.18367346938776,64.0,1.6172599
CuGaTe2CdCl2,600,Cu1 Ga1 Te2 Cd1 Cl2,17.0,52.0,35.0,35.142857142857146,13.306122448979592,17.0,64.0,94.0,30.0,82.28571428571429,11.10204081632653,90.0,35.453,127.6,92.147,81.68371428571429,35.01710204081632,35.453,171.6,1357.77,1186.17,577.6314285714286,310.5097959183673,171.6,11.0,17.0,6.0,14.571428571428571,2.204081632653061,16.0,3.0,5.0,2.0,4.142857142857143,0.7346938775510204,3.0,102.0,144.0,42.0,125.42857142857144,14.36734693877551,102.0,1.69,3.16,1.4700000000000002,2.2742857142857145,0.5061224489795919,2.1,1.0,2.0,1.0,1.8571428571428568,0.2448979591836734,2.0,0.0,5.0,5.0,2.7142857142857144,2.0408163265306123,4.0,0.0,10.0,10.0,7.142857142857143,4.081632653061225,0.0,0.0,0.0,0.0,0.0,0.0,0.0,7.0,16.0,9.0,11.714285714285714,2.897959183673469,7.0,0.0,1.0,1.0,0.1428571428571428,0.2448979591836734,0.0,0.0,5.0,5.0,1.5714285714285714,1.2244897959183674,1.0,0.0,0.0,0.0,0.0,0.0,0.0,0.0,0.0,0.0,0.0,0.0,0.0,0.0,5.0,5.0,1.7142857142857142,1.1020408163265305,1.0,11.07,34.7633333333,23.6933333333,23.992023809514286,6.443877551012243,24.4975,0.0,2.493,2.493,0.8448571428571429,0.9417959183673468,0.464,0.0,0.0,0.0,0.0,0.0,0.0,64.0,225.0,161.0,130.71428571428572,57.18367346938776,64.0,1.4678007
CuGaTe2ZnCl2,600,Cu1 Ga1 Te2 Zn1 Cl2,17.0,52.0,35.0,32.57142857142857,11.10204081632653,17.0,64.0,94.0,30.0,82.14285714285714,11.26530612244898,90.0,35.453,127.6,92.147,74.965,30.077142857142857,35.453,171.6,1357.77,1186.17,591.6971428571429,322.5661224489795,171.6,11.0,17.0,6.0,14.571428571428571,2.204081632653061,16.0,3.0,5.0,2.0,4.0,0.5714285714285714,3.0,102.0,138.0,36.0,122.28571428571428,11.755102040816327,102.0,1.65,3.16,1.5100000000000002,2.2685714285714287,0.5093877551020409,2.1,1.0,2.0,1.0,1.8571428571428568,0.2448979591836734,2.0,0.0,5.0,5.0,2.7142857142857144,2.0408163265306123,4.0,0.0,10.0,10.0,7.142857142857143,4.081632653061225,0.0,0.0,0.0,0.0,0.0,0.0,0.0,7.0,16.0,9.0,11.714285714285714,2.897959183673469,7.0,0.0,1.0,1.0,0.1428571428571428,0.2448979591836734,0.0,0.0,5.0,5.0,1.5714285714285714,1.2244897959183674,1.0,0.0,0.0,0.0,0.0,0.0,0.0,0.0,0.0,0.0,0.0,0.0,0.0,0.0,5.0,5.0,1.7142857142857142,1.1020408163265305,1.0,11.07,34.7633333333,23.6933333333,23.201309523800003,7.347551020399998,24.4975,0.0,2.493,2.493,0.8448571428571429,0.9417959183673468,0.464,0.0,0.0,0.0,0.0,0.0,0.0,64.0,225.0,161.0,130.71428571428572,57.18367346938776,64.0,1.6172599
CuGaTe2ZnCl2,700,Cu1 Ga1 Te2 Zn1 Cl2,17.0,52.0,35.0,32.57142857142857,11.10204081632653,17.0,64.0,94.0,30.0,82.14285714285714,11.26530612244898,90.0,35.453,127.6,92.147,74.965,30.077142857142857,35.453,171.6,1357.77,1186.17,591.6971428571429,322.5661224489795,171.6,11.0,17.0,6.0,14.571428571428571,2.204081632653061,16.0,3.0,5.0,2.0,4.0,0.5714285714285714,3.0,102.0,138.0,36.0,122.28571428571428,11.755102040816327,102.0,1.65,3.16,1.5100000000000002,2.2685714285714287,0.5093877551020409,2.1,1.0,2.0,1.0,1.8571428571428568,0.2448979591836734,2.0,0.0,5.0,5.0,2.7142857142857144,2.0408163265306123,4.0,0.0,10.0,10.0,7.142857142857143,4.081632653061225,0.0,0.0,0.0,0.0,0.0,0.0,0.0,7.0,16.0,9.0,11.714285714285714,2.897959183673469,7.0,0.0,1.0,1.0,0.1428571428571428,0.2448979591836734,0.0,0.0,5.0,5.0,1.5714285714285714,1.2244897959183674,1.0,0.0,0.0,0.0,0.0,0.0,0.0,0.0,0.0,0.0,0.0,0.0,0.0,0.0,5.0,5.0,1.7142857142857142,1.1020408163265305,1.0,11.07,34.7633333333,23.6933333333,23.201309523800003,7.347551020399998,24.4975,0.0,2.493,2.493,0.8448571428571429,0.9417959183673468,0.464,0.0,0.0,0.0,0.0,0.0,0.0,64.0,225.0,161.0,130.71428571428572,57.18367346938776,64.0,1.6010839
CuGaTe2ZnCl2,750,Cu1 Ga1 Te2 Zn1 Cl2,17.0,52.0,35.0,32.57142857142857,11.10204081632653,17.0,64.0,94.0,30.0,82.14285714285714,11.26530612244898,90.0,35.453,127.6,92.147,74.965,30.077142857142857,35.453,171.6,1357.77,1186.17,591.6971428571429,322.5661224489795,171.6,11.0,17.0,6.0,14.571428571428571,2.204081632653061,16.0,3.0,5.0,2.0,4.0,0.5714285714285714,3.0,102.0,138.0,36.0,122.28571428571428,11.755102040816327,102.0,1.65,3.16,1.5100000000000002,2.2685714285714287,0.5093877551020409,2.1,1.0,2.0,1.0,1.8571428571428568,0.2448979591836734,2.0,0.0,5.0,5.0,2.7142857142857144,2.0408163265306123,4.0,0.0,10.0,10.0,7.142857142857143,4.081632653061225,0.0,0.0,0.0,0.0,0.0,0.0,0.0,7.0,16.0,9.0,11.714285714285714,2.897959183673469,7.0,0.0,1.0,1.0,0.1428571428571428,0.2448979591836734,0.0,0.0,5.0,5.0,1.5714285714285714,1.2244897959183674,1.0,0.0,0.0,0.0,0.0,0.0,0.0,0.0,0.0,0.0,0.0,0.0,0.0,0.0,5.0,5.0,1.7142857142857142,1.1020408163265305,1.0,11.07,34.7633333333,23.6933333333,23.201309523800003,7.347551020399998,24.4975,0.0,2.493,2.493,0.8448571428571429,0.9417959183673468,0.464,0.0,0.0,0.0,0.0,0.0,0.0,64.0,225.0,161.0,130.71428571428572,57.18367346938776,64.0,1.6010839
NaCuTe,200,Na1 Cu1 Te1,11.0,52.0,41.0,30.666666666666668,14.222222222222223,11.0,2.0,90.0,88.0,52.0,33.333333333333336,2.0,22.98976928,127.6,104.61023072,71.37858976,37.48094016,22.98976928,370.87,1357.77,986.9,817.0999999999999,360.44666666666666,370.87,1.0,16.0,15.0,9.333333333333334,5.5555555555555545,1.0,3.0,5.0,2.0,4.0,0.6666666666666666,3.0,132.0,166.0,34.0,145.33333333333334,13.77777777777778,132.0,0.93,2.1,1.17,1.643333333333333,0.4755555555555555,0.93,1.0,2.0,1.0,1.3333333333333333,0.4444444444444444,1.0,0.0,4.0,4.0,1.3333333333333333,1.777777777777778,0.0,0.0,10.0,10.0,6.666666666666667,4.444444444444444,0.0,0.0,0.0,0.0,0.0,0.0,0.0,1.0,16.0,15.0,9.333333333333334,5.5555555555555545,1.0,0.0,1.0,1.0,0.6666666666666666,0.4444444444444445,0.0,0.0,2.0,2.0,0.6666666666666666,0.888888888888889,0.0,0.0,0.0,0.0,0.0,0.0,0.0,0.0,0.0,0.0,0.0,0.0,0.0,1.0,2.0,1.0,1.3333333333333333,0.4444444444444444,1.0,11.07,34.7633333333,23.6933333333,25.025555555533334,9.303703703688887,11.07,0.0,0.464,0.464,0.1546666666666666,0.2062222222222222,0.0,0.0,0.0,0.0,0.0,0.0,0.0,152.0,229.0,77.0,202.0,33.333333333333336,152.0,1.4527231
NaCuTe,500,Na1 Cu1 Te1,11.0,52.0,41.0,30.666666666666668,14.222222222222223,11.0,2.0,90.0,88.0,52.0,33.333333333333336,2.0,22.98976928,127.6,104.61023072,71.37858976,37.48094016,22.98976928,370.87,1357.77,986.9,817.0999999999999,360.44666666666666,370.87,1.0,16.0,15.0,9.333333333333334,5.5555555555555545,1.0,3.0,5.0,2.0,4.0,0.6666666666666666,3.0,132.0,166.0,34.0,145.33333333333334,13.77777777777778,132.0,0.93,2.1,1.17,1.643333333333333,0.4755555555555555,0.93,1.0,2.0,1.0,1.3333333333333333,0.4444444444444444,1.0,0.0,4.0,4.0,1.3333333333333333,1.777777777777778,0.0,0.0,10.0,10.0,6.666666666666667,4.444444444444444,0.0,0.0,0.0,0.0,0.0,0.0,0.0,1.0,16.0,15.0,9.333333333333334,5.5555555555555545,1.0,0.0,1.0,1.0,0.6666666666666666,0.4444444444444445,0.0,0.0,2.0,2.0,0.6666666666666666,0.888888888888889,0.0,0.0,0.0,0.0,0.0,0.0,0.0,0.0,0.0,0.0,0.0,0.0,0.0,1.0,2.0,1.0,1.3333333333333333,0.4444444444444444,1.0,11.07,34.7633333333,23.6933333333,25.025555555533334,9.303703703688887,11.07,0.0,0.464,0.464,0.1546666666666666,0.2062222222222222,0.0,0.0,0.0,0.0,0.0,0.0,0.0,152.0,229.0,77.0,202.0,33.333333333333336,152.0,1.2058747
NaCuTe,600,Na1 Cu1 Te1,11.0,52.0,41.0,30.666666666666668,14.222222222222223,11.0,2.0,90.0,88.0,52.0,33.333333333333336,2.0,22.98976928,127.6,104.61023072,71.37858976,37.48094016,22.98976928,370.87,1357.77,986.9,817.0999999999999,360.44666666666666,370.87,1.0,16.0,15.0,9.333333333333334,5.5555555555555545,1.0,3.0,5.0,2.0,4.0,0.6666666666666666,3.0,132.0,166.0,34.0,145.33333333333334,13.77777777777778,132.0,0.93,2.1,1.17,1.643333333333333,0.4755555555555555,0.93,1.0,2.0,1.0,1.3333333333333333,0.4444444444444444,1.0,0.0,4.0,4.0,1.3333333333333333,1.777777777777778,0.0,0.0,10.0,10.0,6.666666666666667,4.444444444444444,0.0,0.0,0.0,0.0,0.0,0.0,0.0,1.0,16.0,15.0,9.333333333333334,5.5555555555555545,1.0,0.0,1.0,1.0,0.6666666666666666,0.4444444444444445,0.0,0.0,2.0,2.0,0.6666666666666666,0.888888888888889,0.0,0.0,0.0,0.0,0.0,0.0,0.0,0.0,0.0,0.0,0.0,0.0,0.0,1.0,2.0,1.0,1.3333333333333333,0.4444444444444444,1.0,11.07,34.7633333333,23.6933333333,25.025555555533334,9.303703703688887,11.07,0.0,0.464,0.464,0.1546666666666666,0.2062222222222222,0.0,0.0,0.0,0.0,0.0,0.0,0.0,152.0,229.0,77.0,202.0,33.333333333333336,152.0,1.1436026
KCuTe,500,K1 Cu1 Te1,19.0,52.0,33.0,33.333333333333336,12.444444444444445,19.0,3.0,90.0,87.0,52.333333333333336,32.888888888888886,3.0,39.0983,127.6,88.5017,76.74810000000001,33.901266666666665,39.0983,336.53,1357.77,1021.24,805.6533333333333,368.0777777777778,336.53,1.0,16.0,15.0,9.333333333333334,5.5555555555555545,1.0,4.0,5.0,1.0,4.333333333333333,0.4444444444444443,4.0,132.0,203.0,71.0,157.66666666666666,30.22222222222221,132.0,0.82,2.1,1.2800000000000002,1.606666666666667,0.5244444444444445,0.82,1.0,2.0,1.0,1.3333333333333333,0.4444444444444444,1.0,0.0,4.0,4.0,1.3333333333333333,1.777777777777778,0.0,0.0,10.0,10.0,6.666666666666667,4.444444444444444,0.0,0.0,0.0,0.0,0.0,0.0,0.0,1.0,16.0,15.0,9.333333333333334,5.5555555555555545,1.0,0.0,1.0,1.0,0.6666666666666666,0.4444444444444445,0.0,0.0,2.0,2.0,0.6666666666666666,0.888888888888889,0.0,0.0,0.0,0.0,0.0,0.0,0.0,0.0,0.0,0.0,0.0,0.0,0.0,1.0,2.0,1.0,1.3333333333333333,0.4444444444444444,1.0,11.07,73.1066666667,62.03666666669999,39.64666666666666,22.306666666688887,11.07,0.0,0.464,0.464,0.1546666666666666,0.2062222222222222,0.0,0.0,0.0,0.0,0.0,0.0,0.0,152.0,229.0,77.0,202.0,33.333333333333336,152.0,1.2052228
KCuTe,600,K1 Cu1 Te1,19.0,52.0,33.0,33.333333333333336,12.444444444444445,19.0,3.0,90.0,87.0,52.333333333333336,32.888888888888886,3.0,39.0983,127.6,88.5017,76.74810000000001,33.901266666666665,39.0983,336.53,1357.77,1021.24,805.6533333333333,368.0777777777778,336.53,1.0,16.0,15.0,9.333333333333334,5.5555555555555545,1.0,4.0,5.0,1.0,4.333333333333333,0.4444444444444443,4.0,132.0,203.0,71.0,157.66666666666666,30.22222222222221,132.0,0.82,2.1,1.2800000000000002,1.606666666666667,0.5244444444444445,0.82,1.0,2.0,1.0,1.3333333333333333,0.4444444444444444,1.0,0.0,4.0,4.0,1.3333333333333333,1.777777777777778,0.0,0.0,10.0,10.0,6.666666666666667,4.444444444444444,0.0,0.0,0.0,0.0,0.0,0.0,0.0,1.0,16.0,15.0,9.333333333333334,5.5555555555555545,1.0,0.0,1.0,1.0,0.6666666666666666,0.4444444444444445,0.0,0.0,2.0,2.0,0.6666666666666666,0.888888888888889,0.0,0.0,0.0,0.0,0.0,0.0,0.0,0.0,0.0,0.0,0.0,0.0,0.0,1.0,2.0,1.0,1.3333333333333333,0.4444444444444444,1.0,11.07,73.1066666667,62.03666666669999,39.64666666666666,22.306666666688887,11.07,0.0,0.464,0.464,0.1546666666666666,0.2062222222222222,0.0,0.0,0.0,0.0,0.0,0.0,0.0,152.0,229.0,77.0,202.0,33.333333333333336,152.0,1.1429508
KCuTe,700,K1 Cu1 Te1,19.0,52.0,33.0,33.333333333333336,12.444444444444445,19.0,3.0,90.0,87.0,52.333333333333336,32.888888888888886,3.0,39.0983,127.6,88.5017,76.74810000000001,33.901266666666665,39.0983,336.53,1357.77,1021.24,805.6533333333333,368.0777777777778,336.53,1.0,16.0,15.0,9.333333333333334,5.5555555555555545,1.0,4.0,5.0,1.0,4.333333333333333,0.4444444444444443,4.0,132.0,203.0,71.0,157.66666666666666,30.22222222222221,132.0,0.82,2.1,1.2800000000000002,1.606666666666667,0.5244444444444445,0.82,1.0,2.0,1.0,1.3333333333333333,0.4444444444444444,1.0,0.0,4.0,4.0,1.3333333333333333,1.777777777777778,0.0,0.0,10.0,10.0,6.666666666666667,4.444444444444444,0.0,0.0,0.0,0.0,0.0,0.0,0.0,1.0,16.0,15.0,9.333333333333334,5.5555555555555545,1.0,0.0,1.0,1.0,0.6666666666666666,0.4444444444444445,0.0,0.0,2.0,2.0,0.6666666666666666,0.888888888888889,0.0,0.0,0.0,0.0,0.0,0.0,0.0,0.0,0.0,0.0,0.0,0.0,0.0,1.0,2.0,1.0,1.3333333333333333,0.4444444444444444,1.0,11.07,73.1066666667,62.03666666669999,39.64666666666666,22.306666666688887,11.07,0.0,0.464,0.464,0.1546666666666666,0.2062222222222222,0.0,0.0,0.0,0.0,0.0,0.0,0.0,152.0,229.0,77.0,202.0,33.333333333333336,152.0,1.1267748
RbCuTe,400,Rb1 Cu1 Te1,29.0,52.0,23.0,39.333333333333336,8.444444444444445,29.0,4.0,90.0,86.0,52.66666666666666,32.44444444444445,4.0,63.546,127.6,64.054,92.2046,23.59693333333333,63.546,312.46,1357.77,1045.31,797.63,373.4266666666667,312.46,1.0,16.0,15.0,9.333333333333334,5.5555555555555545,1.0,4.0,5.0,1.0,4.666666666666667,0.4444444444444443,4.0,132.0,220.0,88.0,163.33333333333334,37.77777777777778,132.0,0.82,2.1,1.2800000000000002,1.606666666666667,0.5244444444444445,0.82,1.0,2.0,1.0,1.3333333333333333,0.4444444444444444,1.0,0.0,4.0,4.0,1.3333333333333333,1.777777777777778,0.0,0.0,10.0,10.0,6.666666666666667,4.444444444444444,0.0,0.0,0.0,0.0,0.0,0.0,0.0,1.0,16.0,15.0,9.333333333333334,5.5555555555555545,1.0,0.0,1.0,1.0,0.6666666666666666,0.4444444444444445,0.0,0.0,2.0,2.0,0.6666666666666666,0.888888888888889,0.0,0.0,0.0,0.0,0.0,0.0,0.0,0.0,0.0,0.0,0.0,0.0,0.0,1.0,2.0,1.0,1.3333333333333333,0.4444444444444444,1.0,11.07,90.7225,79.6525,45.51861111109999,30.13592592593333,11.07,0.0,0.464,0.464,0.1546666666666666,0.2062222222222222,0.0,0.0,0.0,0.0,0.0,0.0,0.0,152.0,229.0,77.0,202.0,33.333333333333336,152.0,1.6695851
RbCuTe,500,Rb1 Cu1 Te1,29.0,52.0,23.0,39.333333333333336,8.444444444444445,29.0,4.0,90.0,86.0,52.66666666666666,32.44444444444445,4.0,63.546,127.6,64.054,92.2046,23.59693333333333,63.546,312.46,1357.77,1045.31,797.63,373.4266666666667,312.46,1.0,16.0,15.0,9.333333333333334,5.5555555555555545,1.0,4.0,5.0,1.0,4.666666666666667,0.4444444444444443,4.0,132.0,220.0,88.0,163.33333333333334,37.77777777777778,132.0,0.82,2.1,1.2800000000000002,1.606666666666667,0.5244444444444445,0.82,1.0,2.0,1.0,1.3333333333333333,0.4444444444444444,1.0,0.0,4.0,4.0,1.3333333333333333,1.777777777777778,0.0,0.0,10.0,10.0,6.666666666666667,4.444444444444444,0.0,0.0,0.0,0.0,0.0,0.0,0.0,1.0,16.0,15.0,9.333333333333334,5.5555555555555545,1.0,0.0,1.0,1.0,0.6666666666666666,0.4444444444444445,0.0,0.0,2.0,2.0,0.6666666666666666,0.888888888888889,0.0,0.0,0.0,0.0,0.0,0.0,0.0,0.0,0.0,0.0,0.0,0.0,0.0,1.0,2.0,1.0,1.3333333333333333,0.4444444444444444,1.0,11.07,90.7225,79.6525,45.51861111109999,30.13592592593333,11.07,0.0,0.464,0.464,0.1546666666666666,0.2062222222222222,0.0,0.0,0.0,0.0,0.0,0.0,0.0,152.0,229.0,77.0,202.0,33.333333333333336,152.0,1.3811201
RbCuTe,600,Rb1 Cu1 Te1,29.0,52.0,23.0,39.333333333333336,8.444444444444445,29.0,4.0,90.0,86.0,52.66666666666666,32.44444444444445,4.0,63.546,127.6,64.054,92.2046,23.59693333333333,63.546,312.46,1357.77,1045.31,797.63,373.4266666666667,312.46,1.0,16.0,15.0,9.333333333333334,5.5555555555555545,1.0,4.0,5.0,1.0,4.666666666666667,0.4444444444444443,4.0,132.0,220.0,88.0,163.33333333333334,37.77777777777778,132.0,0.82,2.1,1.2800000000000002,1.606666666666667,0.5244444444444445,0.82,1.0,2.0,1.0,1.3333333333333333,0.4444444444444444,1.0,0.0,4.0,4.0,1.3333333333333333,1.777777777777778,0.0,0.0,10.0,10.0,6.666666666666667,4.444444444444444,0.0,0.0,0.0,0.0,0.0,0.0,0.0,1.0,16.0,15.0,9.333333333333334,5.5555555555555545,1.0,0.0,1.0,1.0,0.6666666666666666,0.4444444444444445,0.0,0.0,2.0,2.0,0.6666666666666666,0.888888888888889,0.0,0.0,0.0,0.0,0.0,0.0,0.0,0.0,0.0,0.0,0.0,0.0,0.0,1.0,2.0,1.0,1.3333333333333333,0.4444444444444444,1.0,11.07,90.7225,79.6525,45.51861111109999,30.13592592593333,11.07,0.0,0.464,0.464,0.1546666666666666,0.2062222222222222,0.0,0.0,0.0,0.0,0.0,0.0,0.0,152.0,229.0,77.0,202.0,33.333333333333336,152.0,1.2768373
